LotFrontage,LotArea,LotShape,LandSlope,OverallQual,OverallCond,YearBuilt,YearRemodAdd,MasVnrArea,ExterQual,ExterCond,BsmtQual,BsmtCond,BsmtExposure,BsmtFinType1,BsmtFinSF1,BsmtFinType2,BsmtFinSF2,BsmtUnfSF,TotalBsmtSF,HeatingQC,CentralAir,1stFlrSF,2ndFlrSF,LowQualFinSF,GrLivArea,BsmtFullBath,BsmtHalfBath,FullBath,HalfBath,BedroomAbvGr,KitchenAbvGr,KitchenQual,TotRmsAbvGrd,Functional,Fireplaces,FireplaceQu,GarageYrBlt,GarageFinish,GarageCars,GarageArea,GarageQual,GarageCond,PavedDrive,WoodDeckSF,OpenPorchSF,EnclosedPorch,3SsnPorch,ScreenPorch,PoolArea,MiscVal,MoSold,YrSold,TotalSF,TotalBaths,HouseAge,RemodAge,HasGarage,HasBsmt,HasFireplace,MSSubClass_120,MSSubClass_150,MSSubClass_160,MSSubClass_180,MSSubClass_190,MSSubClass_20,MSSubClass_30,MSSubClass_40,MSSubClass_45,MSSubClass_50,MSSubClass_60,MSSubClass_70,MSSubClass_75,MSSubClass_80,MSSubClass_85,MSSubClass_90,MSZoning_C (all),MSZoning_FV,MSZoning_RH,MSZoning_RL,MSZoning_RM,Street_Grvl,Street_Pave,LandContour_Bnk,LandContour_HLS,LandContour_Low,LandContour_Lvl,Utilities_AllPub,Utilities_NoSeWa,LotConfig_Corner,LotConfig_CulDSac,LotConfig_FR2,LotConfig_FR3,LotConfig_Inside,Neighborhood_Blmngtn,Neighborhood_Blueste,Neighborhood_BrDale,Neighborhood_BrkSide,Neighborhood_ClearCr,Neighborhood_CollgCr,Neighborhood_Crawfor,Neighborhood_Edwards,Neighborhood_Gilbert,Neighborhood_IDOTRR,Neighborhood_MeadowV,Neighborhood_Mitchel,Neighborhood_NAmes,Neighborhood_NPkVill,Neighborhood_NWAmes,Neighborhood_NoRidge,Neighborhood_NridgHt,Neighborhood_OldTown,Neighborhood_SWISU,Neighborhood_Sawyer,Neighborhood_SawyerW,Neighborhood_Somerst,Neighborhood_StoneBr,Neighborhood_Timber,Neighborhood_Veenker,Condition1_Artery,Condition1_Feedr,Condition1_Norm,Condition1_PosA,Condition1_PosN,Condition1_RRAe,Condition1_RRAn,Condition1_RRNe,Condition1_RRNn,Condition2_Artery,Condition2_Feedr,Condition2_Norm,Condition2_PosA,Condition2_PosN,Condition2_RRAe,Condition2_RRAn,Condition2_RRNn,BldgType_1Fam,BldgType_2fmCon,BldgType_Duplex,BldgType_Twnhs,BldgType_TwnhsE,HouseStyle_1.5Fin,HouseStyle_1.5Unf,HouseStyle_1Story,HouseStyle_2.5Fin,HouseStyle_2.5Unf,HouseStyle_2Story,HouseStyle_SFoyer,HouseStyle_SLvl,RoofStyle_Flat,RoofStyle_Gable,RoofStyle_Gambrel,RoofStyle_Hip,RoofStyle_Mansard,RoofStyle_Shed,RoofMatl_CompShg,RoofMatl_Membran,RoofMatl_Metal,RoofMatl_Roll,RoofMatl_Tar&Grv,RoofMatl_WdShake,RoofMatl_WdShngl,Exterior1st_AsbShng,Exterior1st_AsphShn,Exterior1st_BrkComm,Exterior1st_BrkFace,Exterior1st_CBlock,Exterior1st_CemntBd,Exterior1st_HdBoard,Exterior1st_ImStucc,Exterior1st_MetalSd,Exterior1st_Plywood,Exterior1st_Stone,Exterior1st_Stucco,Exterior1st_VinylSd,Exterior1st_Wd Sdng,Exterior1st_WdShing,Exterior2nd_AsbShng,Exterior2nd_AsphShn,Exterior2nd_Brk Cmn,Exterior2nd_BrkFace,Exterior2nd_CBlock,Exterior2nd_CmentBd,Exterior2nd_HdBoard,Exterior2nd_ImStucc,Exterior2nd_MetalSd,Exterior2nd_Other,Exterior2nd_Plywood,Exterior2nd_Stone,Exterior2nd_Stucco,Exterior2nd_VinylSd,Exterior2nd_Wd Sdng,Exterior2nd_Wd Shng,MasVnrType_BrkCmn,MasVnrType_BrkFace,MasVnrType_None,MasVnrType_Stone,Foundation_BrkTil,Foundation_CBlock,Foundation_PConc,Foundation_Slab,Foundation_Stone,Foundation_Wood,Heating_Floor,Heating_GasA,Heating_GasW,Heating_Grav,Heating_OthW,Heating_Wall,Electrical_FuseA,Electrical_FuseF,Electrical_FuseP,Electrical_Mix,Electrical_SBrkr,GarageType_2Types,GarageType_Attchd,GarageType_Basment,GarageType_BuiltIn,GarageType_CarPort,GarageType_Detchd,GarageType_None,SaleType_COD,SaleType_CWD,SaleType_Con,SaleType_ConLD,SaleType_ConLI,SaleType_ConLw,SaleType_New,SaleType_Oth,SaleType_WD,SaleCondition_Abnorml,SaleCondition_AdjLand,SaleCondition_Alloca,SaleCondition_Family,SaleCondition_Normal,SaleCondition_Partial
4.189654742026425,9.042040056544483,4,3,7,5,2003,2003,5.2832037287379885,4,3,4,3,1,6,6.561030665896573,1,0.0,5.017279836814924,856.0,5,1,6.75343791859778,6.75110146893676,0.0,7.444833273892193,1.0,0.0,2,1,3,1,4,8,8,0,0,2003.0,2,2.0,548.0,3,3,2,0.0,4.127134385045092,0.0,0.0,0.0,0,0.0,2,2008,7.8504931808711405,3.5,5,5,1,1,0,0,0,0,0,0,0,0,0,0,0,1,0,0,0,0,0,0,0,0,1,0,0,1,0,0,0,1,1,0,0,0,0,0,1,0,0,0,0,0,1,0,0,0,0,0,0,0,0,0,0,0,0,0,0,0,0,0,0,0,0,0,1,0,0,0,0,0,0,0,0,1,0,0,0,0,0,1,0,0,0,0,0,0,0,0,0,1,0,0,0,1,0,0,0,0,1,0,0,0,0,0,0,0,0,0,0,0,0,0,0,0,0,0,0,1,0,0,0,0,0,0,0,0,0,0,0,0,0,0,0,1,0,0,0,1,0,0,0,0,1,0,0,0,0,1,0,0,0,0,0,0,0,0,1,0,1,0,0,0,0,0,0,0,0,0,0,0,0,0,1,0,0,0,0,1,0
4.394449154672439,9.169622538697624,4,3,6,8,1976,1976,0.0,3,3,4,3,4,5,6.88653164253051,1,0.0,5.652489180268651,1262.0,5,1,7.141245122350491,0.0,0.0,7.141245122350491,0.0,1.0,2,0,3,1,3,6,8,1,3,1976.0,2,2.0,460.0,3,3,2,5.700443573390687,0.0,0.0,0.0,0.0,0,0.0,5,2007,7.83399634170946,2.5,31,31,1,1,1,0,0,0,0,0,1,0,0,0,0,0,0,0,0,0,0,0,0,0,1,0,0,1,0,0,0,1,1,0,0,0,1,0,0,0,0,0,0,0,0,0,0,0,0,0,0,0,0,0,0,0,0,0,0,0,0,0,0,1,0,1,0,0,0,0,0,0,0,0,0,1,0,0,0,0,0,1,0,0,0,0,0,0,1,0,0,0,0,0,0,1,0,0,0,0,1,0,0,0,0,0,0,0,0,0,0,0,0,0,0,1,0,0,0,0,0,0,0,0,0,0,0,0,0,0,1,0,0,0,0,0,0,0,0,0,1,0,0,1,0,0,0,0,0,1,0,0,0,0,0,0,0,0,1,0,1,0,0,0,0,0,0,0,0,0,0,0,0,0,1,0,0,0,0,1,0
4.23410650459726,9.328212292571072,3,3,7,5,2001,2002,5.093750200806762,4,3,4,3,2,6,6.18826412308259,1,0.0,6.075346031088684,920.0,5,1,6.825460036255307,6.7650389767805414,0.0,7.488293515159428,1.0,0.0,2,1,3,1,4,6,8,1,3,2001.0,2,2.0,608.0,3,3,2,0.0,3.7612001156935624,0.0,0.0,0.0,0,0.0,9,2008,7.903596289614301,3.5,7,6,1,1,1,0,0,0,0,0,0,0,0,0,0,1,0,0,0,0,0,0,0,0,1,0,0,1,0,0,0,1,1,0,0,0,0,0,1,0,0,0,0,0,1,0,0,0,0,0,0,0,0,0,0,0,0,0,0,0,0,0,0,0,0,0,1,0,0,0,0,0,0,0,0,1,0,0,0,0,0,1,0,0,0,0,0,0,0,0,0,1,0,0,0,1,0,0,0,0,1,0,0,0,0,0,0,0,0,0,0,0,0,0,0,0,0,0,0,1,0,0,0,0,0,0,0,0,0,0,0,0,0,0,0,1,0,0,0,1,0,0,0,0,1,0,0,0,0,1,0,0,0,0,0,0,0,0,1,0,1,0,0,0,0,0,0,0,0,0,0,0,0,0,1,0,0,0,0,1,0
4.110873864173311,9.164401140034737,3,3,7,5,1915,1970,0.0,3,3,3,4,1,5,5.37989735354046,1,0.0,6.293419278846481,756.0,4,1,6.8690144506657065,6.6293632534374485,0.0,7.4489161025442,1.0,0.0,1,0,3,1,4,7,8,1,4,1998.0,1,3.0,642.0,3,3,2,0.0,3.58351893845611,5.60947179518496,0.0,0.0,0,0.0,2,2006,7.813591552952433,2.0,91,36,1,1,1,0,0,0,0,0,0,0,0,0,0,0,1,0,0,0,0,0,0,0,1,0,0,1,0,0,0,1,1,0,1,0,0,0,0,0,0,0,0,0,0,1,0,0,0,0,0,0,0,0,0,0,0,0,0,0,0,0,0,0,0,0,1,0,0,0,0,0,0,0,0,1,0,0,0,0,0,1,0,0,0,0,0,0,0,0,0,1,0,0,0,1,0,0,0,0,1,0,0,0,0,0,0,0,0,0,0,0,0,0,0,0,0,0,0,0,1,0,0,0,0,0,0,0,0,0,0,0,0,0,0,0,0,1,0,0,1,0,1,0,0,0,0,0,0,1,0,0,0,0,0,0,0,0,1,0,0,0,0,0,1,0,0,0,0,0,0,0,0,0,1,1,0,0,0,0,0
4.442651256490317,9.565283817736766,3,3,8,5,2000,2000,5.860786223465865,4,3,4,3,3,6,6.486160788944089,1,0.0,6.19644412779452,1145.0,5,1,7.044032897274685,6.960347729101308,0.0,7.695757990554761,1.0,0.0,2,1,4,1,4,9,8,1,3,2000.0,2,3.0,836.0,3,3,2,5.262690188904886,4.442651256490317,0.0,0.0,0.0,0,0.0,12,2008,8.114922974204593,3.5,8,8,1,1,1,0,0,0,0,0,0,0,0,0,0,1,0,0,0,0,0,0,0,0,1,0,0,1,0,0,0,1,1,0,0,0,1,0,0,0,0,0,0,0,0,0,0,0,0,0,0,0,0,0,1,0,0,0,0,0,0,0,0,0,0,0,1,0,0,0,0,0,0,0,0,1,0,0,0,0,0,1,0,0,0,0,0,0,0,0,0,1,0,0,0,1,0,0,0,0,1,0,0,0,0,0,0,0,0,0,0,0,0,0,0,0,0,0,0,1,0,0,0,0,0,0,0,0,0,0,0,0,0,0,0,1,0,0,0,1,0,0,0,0,1,0,0,0,0,1,0,0,0,0,0,0,0,0,1,0,1,0,0,0,0,0,0,0,0,0,0,0,0,0,1,0,0,0,0,1,0
4.454347296253507,9.55506418479516,3,3,5,5,1993,1995,0.0,3,3,4,3,1,6,6.597145701886651,1,0.0,4.174387269895637,796.0,5,1,6.680854678790215,6.340359303727752,0.0,7.217443431696533,1.0,0.0,1,1,1,1,3,5,8,0,0,1993.0,1,2.0,480.0,3,3,2,3.713572066704308,3.4339872044851463,0.0,5.771441123130016,0.0,0,6.55250788703459,10,2009,7.677400430514807,2.5,16,14,1,1,0,0,0,0,0,0,0,0,0,0,1,0,0,0,0,0,0,0,0,0,1,0,0,1,0,0,0,1,1,0,0,0,0,0,1,0,0,0,0,0,0,0,0,0,0,0,1,0,0,0,0,0,0,0,0,0,0,0,0,0,0,0,1,0,0,0,0,0,0,0,0,1,0,0,0,0,0,1,0,0,0,0,1,0,0,0,0,0,0,0,0,1,0,0,0,0,1,0,0,0,0,0,0,0,0,0,0,0,0,0,0,0,0,0,0,1,0,0,0,0,0,0,0,0,0,0,0,0,0,0,0,1,0,0,0,0,1,0,0,0,0,0,0,1,0,1,0,0,0,0,0,0,0,0,1,0,1,0,0,0,0,0,0,0,0,0,0,0,0,0,1,0,0,0,0,1,0
4.330733340286331,9.218804450388312,4,3,8,5,2004,2005,5.231108616854587,4,3,5,3,3,6,7.222566018822171,1,0.0,5.762051382780177,1686.0,5,1,7.43543801981455,0.0,0.0,7.43543801981455,1.0,0.0,2,0,3,1,4,7,8,1,4,2004.0,2,2.0,636.0,3,3,2,5.545177444479562,4.060443010546419,0.0,0.0,0.0,0,0.0,8,2007,8.125926802707886,3.0,3,2,1,1,1,0,0,0,0,0,1,0,0,0,0,0,0,0,0,0,0,0,0,0,1,0,0,1,0,0,0,1,1,0,0,0,0,0,1,0,0,0,0,0,0,0,0,0,0,0,0,0,0,0,0,0,0,0,0,0,1,0,0,0,0,0,1,0,0,0,0,0,0,0,0,1,0,0,0,0,0,1,0,0,0,0,0,0,1,0,0,0,0,0,0,1,0,0,0,0,1,0,0,0,0,0,0,0,0,0,0,0,0,0,0,0,0,0,0,1,0,0,0,0,0,0,0,0,0,0,0,0,0,0,0,1,0,0,0,0,0,1,0,0,1,0,0,0,0,1,0,0,0,0,0,0,0,0,1,0,1,0,0,0,0,0,0,0,0,0,0,0,0,0,1,0,0,0,0,1,0
4.394449154672439,9.247925132303454,3,3,7,6,1973,1973,5.484796933490655,3,3,4,3,2,5,6.756932389247553,4,3.4965075614664802,5.37989735354046,1107.0,5,1,7.010311867307229,6.891625897052253,0.0,7.645397699428633,1.0,0.0,2,1,3,1,3,7,8,2,3,1973.0,2,2.0,484.0,3,3,2,5.4638318050256105,5.3230099791384085,5.43372200355424,0.0,0.0,0,5.860786223465865,11,2009,8.0702808933939,3.5,36,36,1,1,1,0,0,0,0,0,0,0,0,0,0,1,0,0,0,0,0,0,0,0,1,0,0,1,0,0,0,1,1,0,1,0,0,0,0,0,0,0,0,0,0,0,0,0,0,0,0,0,0,1,0,0,0,0,0,0,0,0,0,0,0,0,0,0,1,0,0,0,0,0,0,1,0,0,0,0,0,1,0,0,0,0,0,0,0,0,0,1,0,0,0,1,0,0,0,0,1,0,0,0,0,0,0,0,0,0,0,0,0,1,0,0,0,0,0,0,0,0,0,0,0,0,0,0,1,0,0,0,0,0,0,0,0,0,0,0,0,1,0,1,0,0,0,0,0,1,0,0,0,0,0,0,0,0,1,0,1,0,0,0,0,0,0,0,0,0,0,0,0,0,1,0,0,0,0,1,0
3.9512437185814275,8.71948076085107,4,3,7,5,1931,1950,0.0,3,3,3,3,1,1,0.0,1,0.0,6.859614903654202,952.0,4,1,6.930494765951626,6.6240652277998935,0.0,7.4815557019095165,0.0,0.0,2,0,2,2,3,8,7,2,3,1931.0,1,2.0,468.0,2,3,2,4.51085950651685,0.0,5.327876168789581,0.0,0.0,0,0.0,4,2008,7.910957382845589,2.0,77,58,1,1,1,0,0,0,0,0,0,0,0,0,1,0,0,0,0,0,0,0,0,0,0,1,0,1,0,0,0,1,1,0,0,0,0,0,1,0,0,0,0,0,0,0,0,0,0,0,0,0,0,0,0,0,1,0,0,0,0,0,0,0,1,0,0,0,0,0,0,0,0,0,0,1,0,0,0,0,0,1,0,0,0,0,1,0,0,0,0,0,0,0,0,1,0,0,0,0,1,0,0,0,0,0,0,0,0,0,1,0,0,0,0,0,0,0,0,0,0,0,0,0,0,0,0,0,0,0,0,0,0,0,0,0,0,1,0,0,1,0,1,0,0,0,0,0,0,1,0,0,0,0,0,1,0,0,0,0,0,0,0,0,1,0,0,0,0,0,0,0,0,0,1,1,0,0,0,0,0
3.9318256327243257,8.912069097970134,4,3,5,6,1939,1950,0.0,3,3,3,3,1,6,6.747586526829315,1,0.0,4.948759890378168,991.0,5,1,6.982862751468942,0.0,0.0,6.982862751468942,1.0,0.0,1,0,2,2,3,5,8,2,3,1939.0,2,1.0,205.0,4,3,2,0.0,1.6094379124341003,0.0,0.0,0.0,0,0.0,1,2008,7.634820677745543,2.0,69,58,1,1,1,0,0,0,0,1,0,0,0,0,0,0,0,0,0,0,0,0,0,0,1,0,0,1,0,0,0,1,1,0,1,0,0,0,0,0,0,0,1,0,0,0,0,0,0,0,0,0,0,0,0,0,0,0,0,0,0,0,0,0,1,0,0,0,0,0,0,0,0,1,0,0,0,0,0,0,0,0,1,0,0,0,0,1,0,0,0,0,0,0,0,1,0,0,0,0,1,0,0,0,0,0,0,0,0,0,0,0,0,0,0,1,0,0,0,0,0,0,0,0,0,0,0,0,0,0,1,0,0,0,0,0,0,0,0,0,1,0,1,0,0,0,0,0,0,1,0,0,0,0,0,0,0,0,1,0,1,0,0,0,0,0,0,0,0,0,0,0,0,0,1,0,0,0,0,1,0
4.2626798770413155,9.32375833901174,4,3,5,5,1965,1965,0.0,3,3,3,3,1,3,6.810142450115136,1,0.0,4.90527477843843,1040.0,5,1,6.947937068614969,0.0,0.0,6.947937068614969,1.0,0.0,1,0,3,1,3,5,8,0,0,1965.0,1,1.0,384.0,3,3,2,0.0,0.0,0.0,0.0,0.0,0,0.0,2,2008,7.640603826393634,2.0,43,43,1,1,0,0,0,0,0,0,1,0,0,0,0,0,0,0,0,0,0,0,0,0,1,0,0,1,0,0,0,1,1,0,0,0,0,0,1,0,0,0,0,0,0,0,0,0,0,0,0,0,0,0,0,0,0,0,1,0,0,0,0,0,0,0,1,0,0,0,0,0,0,0,0,1,0,0,0,0,0,1,0,0,0,0,0,0,1,0,0,0,0,0,0,0,0,1,0,0,1,0,0,0,0,0,0,0,0,0,0,0,0,1,0,0,0,0,0,0,0,0,0,0,0,0,0,0,1,0,0,0,0,0,0,0,0,0,0,0,1,0,0,1,0,0,0,0,0,1,0,0,0,0,0,0,0,0,1,0,0,0,0,0,1,0,0,0,0,0,0,0,0,0,1,0,0,0,0,1,0
4.454347296253507,9.386392315756542,3,3,9,5,2005,2006,5.659482215759621,5,3,5,3,1,6,6.906754778648554,1,0.0,5.181783550292085,1175.0,5,1,7.075808863978387,7.04141166379481,0.0,7.751475318021456,1.0,0.0,3,0,4,1,5,11,8,2,4,2005.0,3,3.0,736.0,3,3,2,4.997212273764115,3.091042453358316,0.0,0.0,0.0,0,0.0,7,2006,8.160518247477505,4.0,1,0,1,1,1,0,0,0,0,0,0,0,0,0,0,1,0,0,0,0,0,0,0,0,1,0,0,1,0,0,0,1,1,0,0,0,0,0,1,0,0,0,0,0,0,0,0,0,0,0,0,0,0,0,0,1,0,0,0,0,0,0,0,0,0,0,1,0,0,0,0,0,0,0,0,1,0,0,0,0,0,1,0,0,0,0,0,0,0,0,0,1,0,0,0,0,0,1,0,0,1,0,0,0,0,0,0,0,0,0,0,0,0,0,0,0,0,0,0,0,0,1,0,0,0,0,0,0,0,0,0,0,0,0,0,0,0,1,0,0,0,1,0,0,1,0,0,0,0,1,0,0,0,0,0,0,0,0,1,0,0,0,1,0,0,0,0,0,0,0,0,0,1,0,0,0,0,0,0,0,1
4.276666119016055,9.470317173335742,2,3,5,6,1962,1962,0.0,3,3,3,3,1,5,6.6039438246004725,1,0.0,5.170483995038151,912.0,3,1,6.816735880594968,0.0,0.0,6.816735880594968,1.0,0.0,1,0,2,1,3,4,8,0,0,1962.0,1,1.0,352.0,3,3,2,4.948759890378168,0.0,0.0,0.0,5.176149732573829,0,0.0,9,2008,7.509335266016592,2.0,46,46,1,1,0,0,0,0,0,0,1,0,0,0,0,0,0,0,0,0,0,0,0,0,1,0,0,1,0,0,0,1,1,0,0,0,0,0,1,0,0,0,0,0,0,0,0,0,0,0,0,0,0,0,0,0,0,0,1,0,0,0,0,0,0,0,1,0,0,0,0,0,0,0,0,1,0,0,0,0,0,1,0,0,0,0,0,0,1,0,0,0,0,0,0,0,0,1,0,0,1,0,0,0,0,0,0,0,0,0,0,0,0,1,0,0,0,0,0,0,0,0,0,0,0,0,0,0,0,0,0,0,1,0,0,0,0,0,0,0,1,0,0,1,0,0,0,0,0,1,0,0,0,0,0,0,0,0,1,0,0,0,0,0,1,0,0,0,0,0,0,0,0,0,1,0,0,0,0,1,0
4.5217885770490405,9.273596821611198,3,3,7,5,2006,2007,5.726847747587197,4,3,4,3,3,1,0.0,1,0.0,7.3098814858247865,1494.0,5,1,7.3098814858247865,0.0,0.0,7.3098814858247865,0.0,0.0,2,0,3,1,4,7,8,1,4,2006.0,2,3.0,840.0,3,3,2,5.081404364984463,3.5263605246161616,0.0,0.0,0.0,0,0.0,8,2007,8.002694162283937,2.0,1,0,1,1,1,0,0,0,0,0,1,0,0,0,0,0,0,0,0,0,0,0,0,0,1,0,0,1,0,0,0,1,1,0,0,0,0,0,1,0,0,0,0,0,1,0,0,0,0,0,0,0,0,0,0,0,0,0,0,0,0,0,0,0,0,0,1,0,0,0,0,0,0,0,0,1,0,0,0,0,0,1,0,0,0,0,0,0,1,0,0,0,0,0,0,1,0,0,0,0,1,0,0,0,0,0,0,0,0,0,0,0,0,0,0,0,0,0,0,1,0,0,0,0,0,0,0,0,0,0,0,0,0,0,0,1,0,0,0,0,0,1,0,0,1,0,0,0,0,1,0,0,0,0,0,0,0,0,1,0,1,0,0,0,0,0,0,0,0,0,0,0,1,0,0,0,0,0,0,0,1
4.30406509320417,9.298442820197728,3,3,6,5,1960,1960,5.3612921657094255,3,3,3,3,1,4,6.598509028614515,1,0.0,6.255750041753367,1253.0,3,1,7.134093721192866,0.0,0.0,7.134093721192866,1.0,0.0,1,1,2,1,3,5,8,1,2,1960.0,2,1.0,352.0,3,3,2,0.0,5.365976015021851,5.176149732573829,0.0,0.0,0,0.0,5,2008,7.826842098158293,2.5,48,48,1,1,1,0,0,0,0,0,1,0,0,0,0,0,0,0,0,0,0,0,0,0,1,0,0,1,0,0,0,1,1,0,1,0,0,0,0,0,0,0,0,0,0,0,0,0,0,0,0,1,0,0,0,0,0,0,0,0,0,0,0,0,0,0,1,0,0,0,0,0,0,0,0,1,0,0,0,0,0,1,0,0,0,0,0,0,1,0,0,0,0,0,0,0,0,1,0,0,1,0,0,0,0,0,0,0,0,0,0,0,0,0,0,1,0,0,0,0,0,0,0,0,0,0,0,0,0,0,1,0,0,0,0,0,0,0,0,1,0,0,0,1,0,0,0,0,0,1,0,0,0,0,0,0,0,0,1,0,1,0,0,0,0,0,0,0,0,0,0,0,0,0,1,0,0,0,0,1,0
3.9512437185814275,8.71948076085107,4,3,7,8,1929,2001,0.0,3,3,3,3,1,1,0.0,1,0.0,6.725033642166843,832.0,5,1,6.75110146893676,0.0,0.0,6.75110146893676,0.0,0.0,1,0,2,1,3,5,8,0,0,1991.0,1,2.0,576.0,3,3,2,3.8918202981106265,4.727387818712341,0.0,0.0,0.0,0,0.0,7,2007,7.430707082545968,1.0,78,6,1,1,0,0,0,0,0,0,0,0,0,1,0,0,0,0,0,0,0,0,0,0,0,1,0,1,0,0,0,1,1,0,1,0,0,0,0,0,0,0,1,0,0,0,0,0,0,0,0,0,0,0,0,0,0,0,0,0,0,0,0,0,0,0,1,0,0,0,0,0,0,0,0,1,0,0,0,0,0,1,0,0,0,0,0,1,0,0,0,0,0,0,0,1,0,0,0,0,1,0,0,0,0,0,0,0,0,0,0,0,0,0,0,0,0,0,0,0,1,0,0,0,0,0,0,0,0,0,0,0,0,0,0,0,1,0,0,0,1,0,1,0,0,0,0,0,0,1,0,0,0,0,1,0,0,0,0,0,0,0,0,0,1,0,0,0,0,0,0,0,0,0,1,0,0,0,0,1,0
4.30406509320417,9.32741204356202,3,3,6,7,1970,1970,5.198497031265826,3,3,3,3,1,5,6.361302477572996,1,0.0,6.056784013228625,1004.0,5,1,6.912742820493176,0.0,0.0,6.912742820493176,1.0,0.0,1,0,2,1,3,5,8,1,3,1970.0,3,2.0,480.0,3,3,2,0.0,0.0,0.0,0.0,0.0,0,6.55250788703459,3,2010,7.605392364814935,2.0,40,40,1,1,1,0,0,0,0,0,1,0,0,0,0,0,0,0,0,0,0,0,0,0,1,0,0,1,0,0,0,1,1,0,0,1,0,0,0,0,0,0,0,0,0,0,0,0,0,0,0,1,0,0,0,0,0,0,0,0,0,0,0,0,0,0,1,0,0,0,0,0,0,0,0,1,0,0,0,0,0,1,0,0,0,0,0,0,1,0,0,0,0,0,0,1,0,0,0,0,1,0,0,0,0,0,0,0,0,0,0,0,0,0,0,0,0,0,0,0,1,0,0,0,0,0,0,0,0,0,0,0,0,0,0,0,1,0,0,1,0,0,0,1,0,0,0,0,0,1,0,0,0,0,0,0,0,0,1,0,1,0,0,0,0,0,0,0,0,0,0,0,0,0,1,0,0,0,0,1,0
4.290459441148391,9.286560397887591,4,3,4,5,1967,1967,0.0,3,3,0,0,0,0,0.0,0,0.0,0.0,0.0,3,1,7.167809184316444,0.0,0.0,7.167809184316444,0.0,0.0,2,0,2,2,3,6,8,0,0,1967.0,1,2.0,516.0,3,3,2,0.0,0.0,0.0,0.0,0.0,0,6.2166061010848646,10,2006,7.167809184316444,2.0,39,39,1,0,0,0,0,0,0,0,0,0,0,0,0,0,0,0,0,0,1,0,0,0,1,0,0,1,0,0,0,1,1,0,0,0,0,0,1,0,0,0,0,0,0,0,0,0,0,0,0,0,0,0,0,0,0,0,1,0,0,0,0,0,0,0,1,0,0,0,0,0,0,0,0,1,0,0,0,0,0,0,0,1,0,0,0,0,1,0,0,0,0,0,0,1,0,0,0,0,1,0,0,0,0,0,0,0,0,0,0,0,0,0,0,1,0,0,0,0,0,0,0,0,0,0,0,0,0,0,1,0,0,0,0,0,0,0,0,0,1,0,0,0,0,1,0,0,0,1,0,0,0,0,0,0,0,0,1,0,0,0,0,1,0,0,0,0,0,0,0,0,0,0,1,0,0,0,0,1,0
4.204692619390966,9.524859098381523,4,3,5,5,2004,2004,0.0,3,3,3,3,1,6,6.472346294500901,1,0.0,6.150602768446279,1114.0,5,1,7.016609683894219,0.0,0.0,7.016609683894219,1.0,0.0,1,1,3,1,4,6,8,0,0,2004.0,1,2.0,576.0,3,3,2,0.0,4.634728988229636,0.0,0.0,0.0,0,0.0,6,2008,7.709308333385869,2.5,4,4,1,1,0,0,0,0,0,0,1,0,0,0,0,0,0,0,0,0,0,0,0,0,1,0,0,1,0,0,0,1,1,0,0,0,0,0,1,0,0,0,0,0,0,0,0,0,0,0,0,0,0,0,0,0,0,0,0,1,0,0,0,0,0,0,0,0,0,1,0,0,0,0,0,1,0,0,0,0,0,1,0,0,0,0,0,0,1,0,0,0,0,0,0,1,0,0,0,0,1,0,0,0,0,0,0,0,0,0,0,0,0,0,0,0,0,0,0,1,0,0,0,0,0,0,0,0,0,0,0,0,0,0,0,1,0,0,0,0,1,0,0,0,1,0,0,0,0,1,0,0,0,0,0,0,0,0,1,0,0,0,0,0,1,0,0,0,0,0,0,0,0,0,1,0,0,0,0,1,0
4.2626798770413155,8.93075873555827,4,3,5,6,1958,1965,0.0,3,3,3,3,1,2,6.22455842927536,1,0.0,6.26530121273771,1029.0,3,1,7.200424892944957,0.0,0.0,7.200424892944957,0.0,0.0,1,0,3,1,3,6,7,0,0,1958.0,1,1.0,294.0,3,3,2,0.0,0.0,0.0,0.0,0.0,0,0.0,5,2009,7.7702232041587855,1.0,51,44,1,1,0,0,0,0,0,0,1,0,0,0,0,0,0,0,0,0,0,0,0,0,1,0,0,1,0,0,0,1,1,0,0,0,0,0,1,0,0,0,0,0,0,0,0,0,0,0,0,1,0,0,0,0,0,0,0,0,0,0,0,0,0,0,1,0,0,0,0,0,0,0,0,1,0,0,0,0,0,1,0,0,0,0,0,0,1,0,0,0,0,0,0,0,0,1,0,0,1,0,0,0,0,0,0,0,0,0,1,0,0,0,0,0,0,0,0,0,0,0,0,0,0,0,0,0,0,0,0,0,1,0,0,0,0,0,0,0,1,0,0,1,0,0,0,0,0,1,0,0,0,0,0,0,0,0,1,0,1,0,0,0,0,0,1,0,0,0,0,0,0,0,0,1,0,0,0,0,0
4.624972813284271,9.562123369834488,3,3,8,5,2005,2006,5.942799375126701,4,3,5,3,3,1,0.0,1,0.0,7.055312843339752,1158.0,5,1,7.055312843339752,7.105786129481271,0.0,7.773594467360194,0.0,0.0,3,1,4,1,4,9,8,1,4,2005.0,2,3.0,853.0,3,3,2,5.484796933490655,5.043425116919247,0.0,0.0,0.0,0,0.0,11,2006,8.170468578330674,3.5,1,0,1,1,1,0,0,0,0,0,0,0,0,0,0,1,0,0,0,0,0,0,0,0,1,0,0,1,0,0,0,1,1,0,1,0,0,0,0,0,0,0,0,0,0,0,0,0,0,0,0,0,0,0,0,1,0,0,0,0,0,0,0,0,0,0,1,0,0,0,0,0,0,0,0,1,0,0,0,0,0,1,0,0,0,0,0,0,0,0,0,1,0,0,0,1,0,0,0,0,1,0,0,0,0,0,0,0,0,0,0,0,0,0,0,0,0,0,0,1,0,0,0,0,0,0,0,0,0,0,0,0,0,0,0,1,0,0,0,1,0,0,0,0,1,0,0,0,0,1,0,0,0,0,0,0,0,0,1,0,0,0,1,0,0,0,0,0,0,0,0,0,1,0,0,0,0,0,0,0,1
4.060443010546419,8.915969311373605,4,3,7,7,1930,1950,0.0,3,3,3,3,1,1,0.0,1,0.0,6.45833828334479,637.0,5,1,7.011213987350367,0.0,0.0,7.011213987350367,0.0,0.0,1,0,3,1,4,6,8,1,4,1930.0,1,1.0,280.0,3,3,0,0.0,0.0,5.327876168789581,0.0,0.0,0,0.0,6,2007,7.465082736399547,1.0,77,57,1,1,1,0,0,0,0,0,0,0,0,1,0,0,0,0,0,0,0,0,0,0,0,1,0,1,1,0,0,0,1,0,0,0,0,0,1,0,0,0,0,0,0,0,0,0,1,0,0,0,0,0,0,0,0,0,0,0,0,0,0,0,0,0,1,0,0,0,0,0,0,0,0,1,0,0,0,0,0,1,0,0,0,0,0,1,0,0,0,0,0,0,0,1,0,0,0,0,1,0,0,0,0,0,0,0,0,0,0,0,0,0,0,0,0,0,0,0,1,0,0,0,0,0,0,0,0,0,0,0,0,0,0,0,1,0,0,0,1,0,0,0,1,0,0,0,0,1,0,0,0,0,0,1,0,0,0,0,1,0,0,0,0,0,0,0,0,0,0,0,0,0,1,0,0,0,0,1,0
4.330733340286331,9.184304357425342,4,3,8,5,2002,2002,5.641907070938114,4,3,4,3,1,1,0.0,1,0.0,7.48324441607385,1777.0,5,1,7.493317248862145,0.0,0.0,7.493317248862145,0.0,0.0,2,0,3,1,4,7,8,1,4,2002.0,2,2.0,534.0,3,3,2,5.147494476813453,5.075173815233827,0.0,0.0,0.0,0,0.0,9,2008,8.181160858023409,2.0,6,6,1,1,1,0,0,0,0,0,1,0,0,0,0,0,0,0,0,0,0,0,0,0,1,0,0,1,0,0,0,1,1,0,0,0,0,0,1,0,0,0,0,0,1,0,0,0,0,0,0,0,0,0,0,0,0,0,0,0,0,0,0,0,0,0,1,0,0,0,0,0,0,0,0,1,0,0,0,0,0,1,0,0,0,0,0,0,1,0,0,0,0,0,0,0,0,1,0,0,1,0,0,0,0,0,0,0,0,0,0,0,0,0,0,0,0,0,0,1,0,0,0,0,0,0,0,0,0,0,0,0,0,0,0,1,0,0,0,1,0,0,0,0,1,0,0,0,0,1,0,0,0,0,0,0,0,0,1,0,1,0,0,0,0,0,0,0,0,0,0,0,0,0,1,0,0,0,0,1,0
3.8066624897703196,8.348774539791274,4,3,5,7,1976,1976,0.0,3,3,4,3,1,6,6.734591659972948,1,0.0,5.303304908059076,1040.0,3,1,6.966967138613983,0.0,0.0,6.966967138613983,1.0,0.0,1,0,3,1,3,6,8,1,3,1976.0,1,2.0,572.0,3,3,2,4.61512051684126,4.709530201312334,0.0,0.0,0.0,0,0.0,6,2007,7.650168700845001,2.0,31,31,1,1,1,1,0,0,0,0,0,0,0,0,0,0,0,0,0,0,0,0,0,0,0,1,0,1,0,0,0,1,1,0,0,0,0,0,1,0,0,0,0,0,0,0,0,0,0,1,0,0,0,0,0,0,0,0,0,0,0,0,0,0,0,0,1,0,0,0,0,0,0,0,0,1,0,0,0,0,0,0,0,0,0,1,0,0,1,0,0,0,0,0,0,1,0,0,0,0,1,0,0,0,0,0,0,0,0,0,0,0,1,0,0,0,0,0,0,0,0,0,0,0,0,0,0,1,0,0,0,0,0,0,0,0,0,0,0,0,1,0,0,0,1,0,0,0,0,1,0,0,0,0,0,0,0,0,1,0,1,0,0,0,0,0,0,0,0,0,0,0,0,0,1,0,0,0,0,1,0
4.276666119016055,9.017604776833355,3,3,5,8,1968,2001,0.0,3,4,3,3,2,3,5.241747015059643,5,6.505784060128229,5.3230099791384085,1060.0,5,1,6.966967138613983,0.0,0.0,6.966967138613983,1.0,0.0,1,0,3,1,4,6,8,1,3,1968.0,1,1.0,270.0,3,3,2,6.008813185442595,4.51085950651685,0.0,0.0,0.0,0,0.0,5,2010,7.659642954564682,2.0,42,9,1,1,1,0,0,0,0,0,1,0,0,0,0,0,0,0,0,0,0,0,0,0,1,0,0,1,0,0,0,1,1,0,0,0,0,0,1,0,0,0,0,0,0,0,0,0,0,0,0,0,0,0,0,0,0,0,1,0,0,0,0,0,0,0,1,0,0,0,0,0,0,0,0,1,0,0,0,0,0,1,0,0,0,0,0,0,1,0,0,0,0,0,0,1,0,0,0,0,1,0,0,0,0,0,0,0,0,0,0,0,0,0,0,0,1,0,0,0,0,0,0,0,0,0,0,0,0,0,0,0,1,0,0,0,0,0,0,0,1,0,0,1,0,0,0,0,0,1,0,0,0,0,0,0,0,0,1,0,1,0,0,0,0,0,0,0,0,0,0,0,0,0,1,0,0,0,0,1,0
4.709530201312334,9.56317796268366,4,3,8,5,2007,2007,6.46302945692067,4,3,4,3,1,1,0.0,1,0.0,7.356918242356021,1566.0,5,1,7.3783837129967145,0.0,0.0,7.3783837129967145,0.0,0.0,2,0,3,1,4,7,8,1,4,2007.0,2,3.0,890.0,3,3,2,0.0,4.04305126783455,0.0,0.0,0.0,0,0.0,7,2009,8.06054004653864,2.0,2,2,1,1,1,0,0,0,0,0,1,0,0,0,0,0,0,0,0,0,0,0,0,0,1,0,0,1,0,0,0,1,1,0,1,0,0,0,0,0,0,0,0,0,0,0,0,0,0,0,0,0,0,0,0,1,0,0,0,0,0,0,0,0,0,0,1,0,0,0,0,0,0,0,0,1,0,0,0,0,0,1,0,0,0,0,0,0,1,0,0,0,0,0,0,1,0,0,0,0,1,0,0,0,0,0,0,0,0,0,0,0,0,0,0,0,0,0,0,1,0,0,0,0,0,0,0,0,0,0,0,0,0,0,0,1,0,0,0,0,0,1,0,0,1,0,0,0,0,1,0,0,0,0,0,0,0,0,1,0,1,0,0,0,0,0,0,0,0,0,0,0,0,0,1,0,0,0,0,1,0
4.110873864173311,8.881975184248867,4,3,5,7,1951,2000,0.0,3,3,3,3,2,4,5.459585514144159,3,6.18826412308259,5.198497031265826,900.0,3,1,6.803505257608338,0.0,0.0,6.803505257608338,0.0,1.0,1,0,3,1,4,5,8,0,0,2005.0,1,2.0,576.0,3,3,2,5.407171771460119,3.4965075614664802,0.0,0.0,0.0,0,0.0,5,2010,7.496097345175956,1.5,59,10,1,1,0,0,0,0,0,0,1,0,0,0,0,0,0,0,0,0,0,0,0,0,1,0,0,1,0,0,0,1,1,0,1,0,0,0,0,0,0,0,0,0,0,0,0,0,0,0,0,1,0,0,0,0,0,0,0,0,0,0,0,0,0,0,1,0,0,0,0,0,0,0,0,1,0,0,0,0,0,1,0,0,0,0,0,0,1,0,0,0,0,0,0,1,0,0,0,0,1,0,0,0,0,0,0,0,0,0,0,0,0,0,0,0,0,0,0,0,1,0,0,0,0,0,0,0,0,0,0,0,0,0,0,0,1,0,0,0,1,0,0,1,0,0,0,0,0,1,0,0,0,0,0,0,0,0,1,0,0,0,0,0,1,0,0,0,0,0,0,0,0,0,1,0,0,0,0,1,0
4.59511985013459,9.348274558065496,4,3,8,5,2007,2008,5.303304908059076,4,3,5,3,1,6,7.105786129481271,1,0.0,6.18826412308259,1704.0,5,1,7.4413203897176174,0.0,0.0,7.4413203897176174,1.0,0.0,2,0,3,1,4,7,8,1,4,2008.0,2,3.0,772.0,3,3,2,0.0,3.9318256327243257,0.0,0.0,0.0,0,0.0,5,2010,8.134174272137903,3.0,3,2,1,1,1,0,0,0,0,0,1,0,0,0,0,0,0,0,0,0,0,0,0,0,1,0,0,1,0,0,0,1,1,0,0,0,0,0,1,0,0,0,0,0,0,0,0,0,0,0,0,0,0,0,0,1,0,0,0,0,0,0,0,0,0,0,1,0,0,0,0,0,0,0,0,1,0,0,0,0,0,1,0,0,0,0,0,0,1,0,0,0,0,0,0,1,0,0,0,0,1,0,0,0,0,0,0,0,0,0,0,0,0,0,0,0,0,0,0,1,0,0,0,0,0,0,0,0,0,0,0,0,0,0,0,1,0,0,0,0,0,1,0,0,1,0,0,0,0,1,0,0,0,0,0,0,0,0,1,0,1,0,0,0,0,0,0,0,0,0,0,0,0,0,1,0,0,0,0,1,0
3.871201010907891,9.700269170029188,3,3,5,6,1957,1997,0.0,3,3,3,3,4,4,7.15305163493748,1,0.0,5.337538079701318,1484.0,3,1,7.3783837129967145,0.0,0.0,7.3783837129967145,1.0,0.0,1,0,2,1,3,6,8,2,4,1957.0,2,1.0,319.0,3,3,2,5.666426688112432,5.556828061699537,0.0,0.0,0.0,0,0.0,12,2006,8.034306936339489,2.0,49,9,1,1,1,0,0,0,0,0,1,0,0,0,0,0,0,0,0,0,0,0,0,0,1,0,0,1,0,0,0,1,1,0,0,1,0,0,0,0,0,0,0,0,0,0,0,0,0,0,0,1,0,0,0,0,0,0,0,0,0,0,0,0,0,0,1,0,0,0,0,0,0,0,0,1,0,0,0,0,0,1,0,0,0,0,0,0,1,0,0,0,0,0,0,1,0,0,0,0,1,0,0,0,0,0,0,0,0,0,0,0,0,0,0,1,0,0,0,0,0,0,0,0,0,0,0,0,0,0,1,0,0,0,0,0,0,0,0,0,1,0,0,1,0,0,0,0,0,1,0,0,0,0,0,0,0,0,1,0,1,0,0,0,0,0,0,0,0,0,0,0,0,0,1,0,0,0,0,1,0
4.110873864173311,8.752265313595721,3,3,4,6,1927,1950,0.0,3,3,3,3,1,1,0.0,1,0.0,6.255750041753367,520.0,2,0,6.255750041753367,0.0,0.0,6.255750041753367,0.0,0.0,1,0,1,1,2,4,8,0,0,1920.0,1,1.0,240.0,2,3,2,3.912023005428146,0.0,4.477336814478207,0.0,0.0,0,0.0,5,2008,6.947937068614969,1.0,81,58,1,1,0,0,0,0,0,0,0,1,0,0,0,0,0,0,0,0,0,0,0,0,0,1,0,1,0,0,0,1,1,0,0,0,0,0,1,0,0,0,1,0,0,0,0,0,0,0,0,0,0,0,0,0,0,0,0,0,0,0,0,0,0,1,0,0,0,0,0,0,0,0,0,0,0,0,0,0,1,1,0,0,0,0,0,0,1,0,0,0,0,0,0,1,0,0,0,0,1,0,0,0,0,0,0,0,0,0,0,0,0,0,0,1,0,0,0,0,0,0,0,0,0,0,0,0,0,0,1,0,0,0,0,0,0,0,0,0,1,0,1,0,0,0,0,0,0,1,0,0,0,0,0,0,0,0,1,0,0,0,0,0,1,0,0,0,0,0,0,0,0,0,1,0,0,0,0,1,0
3.9318256327243257,9.04793908261736,4,3,4,4,1920,1950,0.0,3,2,3,3,1,1,0.0,1,0.0,6.476972362889683,649.0,3,0,6.476972362889683,6.505784060128229,0.0,7.183870715062453,0.0,0.0,1,0,3,1,3,6,8,0,0,1920.0,1,1.0,250.0,3,2,0,0.0,4.007333185232471,5.153291594497779,0.0,0.0,0,0.0,7,2008,7.584264818389059,1.0,88,58,1,1,0,0,0,0,0,0,0,0,0,0,0,0,1,0,0,0,0,1,0,0,0,0,0,1,0,0,0,1,1,0,0,0,0,0,1,0,0,0,0,0,0,0,0,0,1,0,0,0,0,0,0,0,0,0,0,0,0,0,0,0,0,1,0,0,0,0,0,0,0,0,0,1,0,0,0,0,0,1,0,0,0,0,0,0,0,0,0,1,0,0,0,0,1,0,0,0,1,0,0,0,0,0,0,0,0,0,1,0,0,0,0,0,0,0,0,0,0,0,0,0,0,1,0,0,0,0,0,0,0,0,0,0,0,0,0,0,1,0,1,0,0,0,0,0,0,1,0,0,0,0,0,0,0,0,1,0,0,0,0,0,1,0,0,0,0,0,0,0,0,0,1,0,0,0,0,1,0
4.276666119016055,9.053101595549691,3,3,5,6,1966,2006,0.0,3,3,3,3,1,1,0.0,1,0.0,7.113956109566034,1228.0,4,1,7.113956109566034,0.0,0.0,7.113956109566034,0.0,0.0,1,1,3,1,4,6,8,0,0,1966.0,1,1.0,271.0,3,3,2,0.0,4.189654742026425,0.0,0.0,0.0,0,0.0,6,2008,7.806696372521179,1.5,42,2,1,1,0,0,0,0,0,0,1,0,0,0,0,0,0,0,0,0,0,0,0,0,1,0,0,1,0,0,0,1,1,0,0,1,0,0,0,0,0,0,0,0,0,0,0,0,0,0,0,0,0,0,0,0,0,0,1,0,0,0,0,0,0,0,1,0,0,0,0,0,0,0,0,1,0,0,0,0,0,1,0,0,0,0,0,0,1,0,0,0,0,0,0,1,0,0,0,0,1,0,0,0,0,0,0,0,0,0,0,0,0,1,0,0,0,0,0,0,0,0,0,0,0,0,0,0,1,0,0,0,0,0,0,0,0,0,0,0,1,0,0,1,0,0,0,0,0,1,0,0,0,0,0,0,0,0,1,0,1,0,0,0,0,0,0,0,0,0,0,0,0,0,1,0,0,0,0,1,0
4.454347296253507,9.3101857069459,4,3,8,5,2007,2007,0.0,4,3,5,3,3,1,0.0,1,0.0,7.118826249062078,1234.0,5,1,7.118826249062078,0.0,0.0,7.118826249062078,0.0,0.0,2,0,3,1,4,7,8,0,0,2007.0,2,2.0,484.0,3,3,2,0.0,3.4339872044851463,0.0,0.0,0.0,0,0.0,1,2008,7.81156848934518,2.0,1,1,1,1,0,0,0,0,0,0,1,0,0,0,0,0,0,0,0,0,0,0,0,0,1,0,0,1,0,0,0,1,1,0,1,0,0,0,0,0,0,0,0,0,1,0,0,0,0,0,0,0,0,0,0,0,0,0,0,0,0,0,0,0,0,0,1,0,0,0,0,0,0,0,0,1,0,0,0,0,0,1,0,0,0,0,0,0,1,0,0,0,0,0,0,1,0,0,0,0,1,0,0,0,0,0,0,0,0,0,0,0,0,0,0,0,0,0,0,1,0,0,0,0,0,0,0,0,0,0,0,0,0,0,0,1,0,0,0,0,1,0,0,0,1,0,0,0,0,1,0,0,0,0,0,0,0,0,1,0,1,0,0,0,0,0,0,0,0,0,0,0,0,0,1,0,0,0,0,1,0
4.2626798770413155,9.26416545867109,3,3,5,5,1959,1959,0.0,3,3,3,3,1,3,6.926577033222725,1,0.0,5.942799375126701,1398.0,4,1,7.438971592395862,0.0,0.0,7.438971592395862,0.0,1.0,1,1,4,1,4,6,8,1,4,1959.0,2,2.0,447.0,3,3,2,0.0,3.6635616461296463,0.0,0.0,0.0,0,0.0,4,2010,8.038834757787749,2.0,51,51,1,1,1,0,0,0,0,0,1,0,0,0,0,0,0,0,0,0,0,0,0,0,1,0,0,1,0,0,0,1,1,0,0,0,0,0,1,0,0,0,0,0,0,0,0,0,0,0,0,1,0,0,0,0,0,0,0,0,0,0,0,0,0,0,1,0,0,0,0,0,0,0,0,1,0,0,0,0,0,1,0,0,0,0,0,0,1,0,0,0,0,0,0,0,0,1,0,0,1,0,0,0,0,0,0,0,0,0,1,0,0,0,0,0,0,0,0,0,0,0,0,0,0,1,0,0,0,0,0,0,0,0,0,0,0,0,0,0,1,0,0,1,0,0,0,0,0,1,0,0,0,0,0,0,0,0,1,0,1,0,0,0,0,0,0,0,0,0,0,0,0,0,1,0,0,0,0,1,0
4.110873864173311,8.897545598709327,4,3,9,5,2005,2005,5.5093883366279774,5,3,5,3,1,6,7.050989447068045,1,0.0,6.013715156042802,1561.0,5,1,7.3537223303996315,0.0,0.0,7.3537223303996315,1.0,0.0,2,0,2,1,5,6,8,1,4,2005.0,3,2.0,556.0,3,3,2,5.318119993844216,3.871201010907891,0.0,0.0,0.0,0,0.0,8,2007,8.046549357283078,3.0,2,2,1,1,1,1,0,0,0,0,0,0,0,0,0,0,0,0,0,0,0,0,0,0,1,0,0,1,0,0,0,1,1,0,0,0,0,0,1,0,0,0,0,0,0,0,0,0,0,0,0,0,0,0,0,1,0,0,0,0,0,0,0,0,0,0,1,0,0,0,0,0,0,0,0,1,0,0,0,0,0,0,0,0,0,1,0,0,1,0,0,0,0,0,0,0,0,1,0,0,1,0,0,0,0,0,0,0,0,0,0,0,0,0,0,1,0,0,0,0,0,0,0,0,0,0,0,0,0,0,1,0,0,0,0,0,0,0,0,1,0,0,0,0,1,0,0,0,0,1,0,0,0,0,0,0,0,0,1,0,1,0,0,0,0,0,0,0,0,0,0,0,0,0,1,0,0,0,0,1,0
4.6913478822291435,9.504426892100957,4,3,8,5,2004,2005,4.890349128221754,4,3,5,3,3,1,0.0,1,0.0,7.0192966537150445,1117.0,5,1,7.0326242610280065,7.186144304522325,0.0,7.8050670442584895,0.0,0.0,3,1,4,1,4,9,8,1,4,2004.0,3,3.0,691.0,3,3,2,4.736198448394496,3.4965075614664802,0.0,0.0,0.0,0,0.0,9,2006,8.180320874773685,3.5,2,1,1,1,1,0,0,0,0,0,0,0,0,0,0,1,0,0,0,0,0,0,0,0,1,0,0,1,0,0,0,1,1,0,0,0,0,0,1,0,0,0,0,0,0,0,0,0,0,0,0,0,0,0,0,1,0,0,0,0,0,0,0,0,0,0,1,0,0,0,0,0,0,0,0,1,0,0,0,0,0,1,0,0,0,0,0,0,0,0,0,1,0,0,0,1,0,0,0,0,1,0,0,0,0,0,0,0,0,0,0,0,0,0,0,0,0,0,0,1,0,0,0,0,0,0,0,0,0,0,0,0,0,0,0,1,0,0,0,0,0,1,0,0,1,0,0,0,0,1,0,0,0,0,0,0,0,0,1,0,0,0,1,0,0,0,0,0,0,0,0,0,0,0,1,0,0,0,0,1,0
4.727387818712341,9.292841593487926,4,3,5,5,1994,1995,0.0,3,3,4,3,1,1,0.0,1,0.0,7.001245622069476,1097.0,5,1,7.001245622069476,0.0,0.0,7.001245622069476,0.0,0.0,1,1,3,1,3,6,8,0,0,1995.0,1,2.0,672.0,3,3,2,5.973809611869261,4.174387269895637,0.0,0.0,0.0,0,0.0,6,2009,7.693937325509272,1.5,15,14,1,1,0,0,0,0,0,0,1,0,0,0,0,0,0,0,0,0,0,0,0,0,1,0,0,1,0,0,0,1,1,0,1,0,0,0,0,0,0,0,0,0,1,0,0,0,0,0,0,0,0,0,0,0,0,0,0,0,0,0,0,0,0,0,1,0,0,0,0,0,0,0,0,1,0,0,0,0,0,1,0,0,0,0,0,0,1,0,0,0,0,0,0,1,0,0,0,0,1,0,0,0,0,0,0,0,0,0,0,0,0,0,0,0,0,0,0,1,0,0,0,0,0,0,0,0,0,0,0,0,0,0,0,1,0,0,0,0,1,0,0,0,1,0,0,0,0,1,0,0,0,0,0,0,0,0,1,0,1,0,0,0,0,0,0,0,0,0,0,0,0,0,1,0,0,0,0,1,0
4.31748811353631,9.051696278536586,4,3,5,6,1954,1990,6.478509642208569,3,3,3,3,1,3,7.101675971619444,1,0.0,4.442651256490317,1297.0,4,1,7.168579897264035,0.0,0.0,7.168579897264035,0.0,1.0,1,0,3,1,3,5,8,1,3,1954.0,3,2.0,498.0,3,3,2,0.0,0.0,0.0,0.0,0.0,0,0.0,10,2009,7.861341795599989,1.5,55,19,1,1,1,0,0,0,0,0,1,0,0,0,0,0,0,0,0,0,0,0,0,0,1,0,0,1,0,0,0,1,1,0,0,0,0,0,1,0,0,0,0,0,0,0,0,0,0,0,0,1,0,0,0,0,0,0,0,0,0,0,0,0,0,0,1,0,0,0,0,0,0,0,0,1,0,0,0,0,0,1,0,0,0,0,0,0,1,0,0,0,0,0,0,0,0,1,0,0,1,0,0,0,0,0,0,0,0,0,0,0,0,0,0,0,0,0,0,0,1,0,0,0,0,0,0,0,0,0,0,0,0,0,0,0,1,0,0,1,0,0,0,1,0,0,0,0,0,1,0,0,0,0,0,0,0,0,1,0,1,0,0,0,0,0,0,0,0,0,0,0,0,0,1,0,0,0,0,1,0
4.23410650459726,8.977525200965243,4,3,5,7,1953,2007,0.0,3,4,3,3,1,6,6.595780513961311,1,0.0,5.7899601708972535,1057.0,3,1,6.964135612418245,0.0,0.0,6.964135612418245,1.0,0.0,1,0,3,1,4,5,8,0,0,1953.0,1,1.0,246.0,3,3,2,0.0,3.970291913552122,0.0,0.0,0.0,0,0.0,1,2010,7.656810091480378,2.0,57,3,1,1,0,0,0,0,0,0,1,0,0,0,0,0,0,0,0,0,0,0,0,0,1,0,0,1,0,0,0,1,1,0,0,0,0,0,1,0,0,0,0,0,0,0,0,0,0,0,0,1,0,0,0,0,0,0,0,0,0,0,0,0,0,0,1,0,0,0,0,0,0,0,0,1,0,0,0,0,0,1,0,0,0,0,0,0,1,0,0,0,0,0,0,1,0,0,0,0,1,0,0,0,0,0,0,0,0,0,0,0,0,0,0,0,0,0,0,1,0,0,0,0,0,0,0,0,0,0,0,0,0,0,0,1,0,0,0,0,1,0,0,1,0,0,0,0,0,1,0,0,0,0,0,0,0,0,1,0,0,0,0,0,1,0,0,0,0,0,0,0,0,0,1,1,0,0,0,0,0
4.189654742026425,8.706324840138741,4,3,4,5,1955,1955,0.0,3,3,0,0,0,0,0.0,0,0.0,0.0,0.0,3,0,7.050122520269059,0.0,0.0,7.050122520269059,0.0,0.0,2,0,2,2,2,6,8,0,0,0.0,0,0.0,0.0,0,0,0,0.0,0.0,0.0,0.0,0.0,0,0.0,6,2008,7.050122520269059,2.0,53,53,0,0,0,0,0,0,0,0,0,0,0,0,0,0,0,0,0,0,1,0,0,0,1,0,0,1,0,0,0,1,1,0,0,0,0,0,1,0,0,0,0,0,0,0,1,0,0,0,0,0,0,0,0,0,0,0,0,0,0,0,0,0,0,0,1,0,0,0,0,0,0,0,0,1,0,0,0,0,0,0,0,1,0,0,0,0,1,0,0,0,0,0,0,1,0,0,0,0,1,0,0,0,0,0,0,1,0,0,0,0,0,0,0,0,0,0,0,0,0,0,0,0,0,0,0,0,0,0,0,0,1,0,0,0,0,0,0,0,1,0,0,0,1,0,0,0,0,1,0,0,0,0,0,0,1,0,0,0,0,0,0,0,0,1,0,0,0,0,0,0,0,0,1,0,1,0,0,0,0
4.442651256490317,9.066354521447801,4,3,6,5,1965,1965,4.624972813284271,3,3,3,3,1,3,6.467698726104354,1,0.0,6.100318952020064,1088.0,5,1,7.1891677384203225,0.0,0.0,7.1891677384203225,0.0,0.0,2,0,3,1,3,6,8,1,3,1965.0,2,2.0,440.0,3,3,2,0.0,4.9344739331306915,0.0,0.0,0.0,0,0.0,12,2006,7.7886260656250315,2.0,41,41,1,1,1,0,0,0,0,0,1,0,0,0,0,0,0,0,0,0,0,0,0,0,1,0,0,1,0,0,0,1,1,0,0,0,0,0,1,0,0,0,0,0,0,0,0,0,0,0,0,1,0,0,0,0,0,0,0,0,0,0,0,0,0,0,1,0,0,0,0,0,0,0,0,1,0,0,0,0,0,1,0,0,0,0,0,0,1,0,0,0,0,0,0,1,0,0,0,0,1,0,0,0,0,0,0,0,0,0,0,0,0,0,0,0,0,0,0,0,1,0,0,0,0,0,0,0,0,0,0,0,0,0,0,0,1,0,0,1,0,0,0,1,0,0,0,0,0,1,0,0,0,0,0,0,0,0,1,0,1,0,0,0,0,0,0,0,0,0,0,0,0,0,1,1,0,0,0,0,0
4.7535901911063645,9.735423867488873,4,3,5,6,1959,1959,0.0,3,4,3,3,4,4,6.875232087276577,1,0.0,5.950642552587727,1350.0,4,1,7.192182058713246,0.0,0.0,7.192182058713246,0.0,1.0,1,1,2,1,3,5,8,2,4,1959.0,2,1.0,308.0,3,3,1,0.0,4.653960350157523,0.0,0.0,0.0,0,0.0,7,2007,7.893198869544609,2.0,48,48,1,1,1,0,0,0,0,0,1,0,0,0,0,0,0,0,0,0,0,0,0,0,1,0,0,1,0,0,0,1,1,0,0,0,0,0,1,0,0,0,0,0,0,0,0,0,0,0,0,0,0,0,0,0,0,0,0,0,0,0,1,0,0,0,1,0,0,0,0,0,0,0,0,1,0,0,0,0,0,1,0,0,0,0,0,0,1,0,0,0,0,0,0,1,0,0,0,0,1,0,0,0,0,0,0,0,0,0,0,0,0,0,0,0,0,0,0,1,0,0,0,0,0,0,0,0,0,0,0,0,0,0,0,1,0,0,0,0,1,0,0,1,0,0,0,0,0,1,0,0,0,0,0,0,0,0,1,0,1,0,0,0,0,0,0,0,0,0,0,0,0,0,1,0,0,0,0,1,0
4.212127597878484,9.1248914101437,3,3,5,7,1983,1983,0.0,3,3,4,3,3,5,6.617402977974478,2,4.543294782270004,0.0,840.0,4,1,6.785587645007929,0.0,0.0,6.785587645007929,1.0,0.0,1,0,2,1,4,5,8,0,0,1983.0,2,2.0,504.0,3,4,2,5.484796933490655,0.0,0.0,0.0,0.0,0,0.0,12,2007,7.45298232946546,2.0,24,24,1,1,0,0,0,0,0,0,0,0,0,0,0,0,0,0,0,1,0,0,0,0,1,0,0,1,0,0,0,1,1,0,0,1,0,0,0,0,0,0,0,0,0,0,0,0,0,0,0,0,0,0,0,0,0,0,0,1,0,0,0,0,0,0,1,0,0,0,0,0,0,0,0,1,0,0,0,0,0,1,0,0,0,0,0,0,0,0,0,0,1,0,0,1,0,0,0,0,1,0,0,0,0,0,0,0,0,0,0,0,0,1,0,0,0,0,0,0,0,0,0,0,0,0,0,0,1,0,0,0,0,0,0,0,0,0,0,0,1,0,0,1,0,0,0,0,0,1,0,0,0,0,0,0,0,0,1,0,1,0,0,0,0,0,0,0,0,0,0,0,0,0,1,0,0,0,0,1,0
4.2626798770413155,9.127067452782361,3,3,5,6,1975,1980,0.0,3,3,4,3,3,2,5.638354669333745,4,6.198478716492308,5.123963979403259,938.0,3,1,6.844815479208263,0.0,0.0,6.844815479208263,1.0,0.0,1,0,3,1,3,5,8,0,0,1977.0,1,1.0,308.0,3,3,2,4.983606621708336,0.0,0.0,0.0,0.0,0,0.0,7,2008,7.537430036586509,2.0,33,28,1,1,0,0,0,0,0,0,1,0,0,0,0,0,0,0,0,0,0,0,0,0,1,0,0,1,0,0,0,1,1,0,0,1,0,0,0,0,0,0,0,0,1,0,0,0,0,0,0,0,0,0,0,0,0,0,0,0,0,0,0,0,0,0,1,0,0,0,0,0,0,0,0,1,0,0,0,0,0,1,0,0,0,0,0,0,1,0,0,0,0,0,0,0,0,1,0,0,1,0,0,0,0,0,0,0,0,0,0,0,0,0,0,0,0,0,0,1,0,0,0,0,0,0,0,0,0,0,0,0,0,0,0,1,0,0,0,0,1,0,0,1,0,0,0,0,0,1,0,0,0,0,0,0,0,0,1,0,0,0,0,0,1,0,0,0,0,0,0,0,0,0,1,0,0,0,0,1,0
4.2626798770413155,8.980423936374544,4,3,5,6,1959,1959,0.0,3,3,3,3,1,5,5.19295685089021,4,6.2285110035911835,6.144185634125646,1150.0,5,1,7.048386408721883,0.0,0.0,7.048386408721883,1.0,0.0,1,0,3,1,3,6,8,0,0,1959.0,2,1.0,300.0,3,3,2,0.0,0.0,0.0,0.0,0.0,0,0.0,5,2006,7.741099090035366,2.0,47,47,1,1,0,0,0,0,0,0,1,0,0,0,0,0,0,0,0,0,0,0,0,0,1,0,0,1,0,0,0,1,1,0,0,0,0,0,1,0,0,0,0,0,0,0,0,0,0,0,0,1,0,0,0,0,0,0,0,0,0,0,0,0,0,0,1,0,0,0,0,0,0,0,0,1,0,0,0,0,0,1,0,0,0,0,0,0,1,0,0,0,0,0,0,1,0,0,0,0,1,0,0,0,0,0,0,0,0,0,1,0,0,0,0,0,0,0,0,0,0,0,0,0,0,0,0,0,0,0,0,0,0,0,0,0,1,0,0,0,1,0,0,1,0,0,0,0,0,1,0,0,0,0,1,0,0,0,0,0,1,0,0,0,0,0,0,0,0,0,0,0,0,0,1,0,0,0,0,1,0
4.127134385045092,8.943636705909594,4,3,9,5,2005,2005,6.023447592961033,5,3,5,3,1,6,6.124683390894205,1,0.0,7.167809184316444,1752.0,5,1,7.469083884921234,0.0,0.0,7.469083884921234,1.0,0.0,2,0,2,1,5,6,8,1,4,2005.0,2,2.0,576.0,3,3,2,5.2832037287379885,4.418840607796598,0.0,0.0,0.0,0,0.0,2,2010,8.16194579946869,3.0,5,5,1,1,1,1,0,0,0,0,0,0,0,0,0,0,0,0,0,0,0,0,0,0,1,0,0,1,0,0,0,1,1,0,0,0,0,0,1,0,0,0,0,0,0,0,0,0,0,0,0,0,0,0,0,1,0,0,0,0,0,0,0,0,0,0,1,0,0,0,0,0,0,0,0,1,0,0,0,0,0,0,0,0,0,1,0,0,1,0,0,0,0,0,0,0,0,1,0,0,1,0,0,0,0,0,0,0,0,0,0,0,0,0,0,1,0,0,0,0,0,0,0,0,0,0,0,0,0,0,1,0,0,0,0,0,0,0,0,1,0,0,0,0,1,0,0,0,0,1,0,0,0,0,0,0,0,0,1,0,1,0,0,0,0,0,0,0,0,0,0,0,0,0,1,0,0,0,0,1,0
3.8918202981106265,9.458995712459116,3,3,7,5,2003,2003,0.0,4,3,5,3,1,6,7.20934025660291,1,0.0,4.430816798843313,1434.0,5,1,7.325807502595773,6.448889394146858,0.0,7.673223121121708,1.0,0.0,1,1,1,1,4,6,8,1,5,2003.0,2,2.0,670.0,3,3,2,5.1298987149230735,3.784189633918261,0.0,0.0,5.293304824724492,0,0.0,8,2009,8.18423477409482,2.5,6,6,1,1,1,0,0,0,0,0,0,0,0,0,1,0,0,0,0,0,0,0,0,0,1,0,0,1,0,0,0,1,1,0,0,1,0,0,0,0,0,0,0,0,0,0,0,0,0,0,1,0,0,0,0,0,0,0,0,0,0,0,0,0,0,0,1,0,0,0,0,0,0,0,0,1,0,0,0,0,0,1,0,0,0,0,1,0,0,0,0,0,0,0,0,1,0,0,0,0,1,0,0,0,0,0,0,0,0,0,0,0,0,0,0,0,0,0,0,1,0,0,0,0,0,0,0,0,0,0,0,0,0,0,0,1,0,0,0,0,1,0,0,0,1,0,0,0,0,1,0,0,0,0,0,0,0,0,1,0,1,0,0,0,0,0,0,0,0,0,0,0,0,0,1,1,0,0,0,0,0
4.442651256490317,9.314430080500564,4,3,8,5,2006,2006,0.0,4,3,4,3,3,6,3.2188758248682006,1,0.0,7.398174092970465,1656.0,5,1,7.4127640174265625,0.0,0.0,7.4127640174265625,0.0,0.0,2,0,3,1,4,7,8,0,0,2006.0,2,3.0,826.0,3,3,2,0.0,4.990432586778736,0.0,0.0,0.0,0,0.0,7,2007,8.105609402299896,2.0,1,1,1,1,0,0,0,0,0,0,1,0,0,0,0,0,0,0,0,0,0,0,1,0,0,0,0,1,0,0,0,1,1,0,0,0,0,0,1,0,0,0,0,0,0,0,0,0,0,0,0,0,0,0,0,0,0,0,0,0,1,0,0,0,0,0,1,0,0,0,0,0,0,0,0,1,0,0,0,0,0,1,0,0,0,0,0,0,1,0,0,0,0,0,0,1,0,0,0,0,1,0,0,0,0,0,0,0,0,0,0,0,0,0,0,0,0,0,0,1,0,0,0,0,0,0,0,0,0,0,0,0,0,0,0,1,0,0,0,0,1,0,0,0,1,0,0,0,0,1,0,0,0,0,0,0,0,0,1,0,1,0,0,0,0,0,0,0,0,0,0,0,0,0,1,0,0,0,0,1,0
3.5263605246161616,8.402231172946555,4,3,4,5,1920,2008,0.0,3,3,3,3,1,1,0.0,1,0.0,6.602587892189336,736.0,4,1,6.602587892189336,6.57507584059962,0.0,7.2813856635702825,0.0,0.0,2,0,2,3,3,8,8,0,0,0.0,0,0.0,0.0,0,0,0,0.0,0.0,4.634728988229636,0.0,0.0,0,0.0,6,2009,7.691200097522863,2.0,89,1,0,1,0,0,0,0,0,1,0,0,0,0,0,0,0,0,0,0,0,0,0,0,0,1,0,1,0,0,0,1,1,0,0,0,0,0,1,0,0,0,0,0,0,0,0,0,0,0,0,0,0,0,0,0,1,0,0,0,0,0,0,0,0,0,1,0,0,0,0,0,0,0,0,1,0,0,0,0,0,0,1,0,0,0,0,0,0,0,0,1,0,0,0,1,0,0,0,0,1,0,0,0,0,0,0,0,0,0,0,0,0,0,0,1,0,0,0,0,0,0,0,0,0,0,0,0,0,0,1,0,0,0,0,0,0,0,0,0,1,0,1,0,0,0,0,0,0,1,0,0,0,0,0,0,0,0,1,0,0,0,0,0,0,1,0,0,0,0,0,0,1,0,0,0,0,0,0,0,1
4.204692619390966,8.954544488386723,4,3,5,7,1966,1966,0.0,3,3,3,3,1,4,6.638567789166521,1,0.0,5.262690188904886,955.0,5,1,6.862757913051401,0.0,0.0,6.862757913051401,1.0,0.0,1,0,3,1,3,6,8,0,0,1966.0,1,1.0,386.0,3,3,2,0.0,0.0,0.0,0.0,0.0,0,0.0,1,2007,7.555381944240273,2.0,41,41,1,1,0,0,0,0,0,0,1,0,0,0,0,0,0,0,0,0,0,0,0,0,1,0,0,1,0,0,0,1,1,0,0,0,0,0,1,0,0,0,0,0,0,0,0,0,0,0,0,0,0,0,0,0,0,0,1,0,0,0,0,0,0,0,1,0,0,0,0,0,0,0,0,1,0,0,0,0,0,1,0,0,0,0,0,0,1,0,0,0,0,0,0,1,0,0,0,0,1,0,0,0,0,0,0,0,0,0,0,0,0,1,0,0,0,0,0,0,0,0,0,0,0,0,0,0,1,0,0,0,0,0,0,0,0,0,0,0,1,0,0,1,0,0,0,0,0,1,0,0,0,0,0,0,0,0,1,0,1,0,0,0,0,0,0,0,0,0,0,0,0,0,1,0,0,0,0,1,0
4.189654742026425,9.537483513308878,2,3,6,6,1997,1997,0.0,3,3,4,3,3,6,5.209486152841421,1,0.0,6.418364935936212,794.0,4,1,6.678342114654332,6.517671272912275,0.0,7.293697720601438,0.0,1.0,2,0,3,1,3,6,8,0,0,1997.0,3,2.0,388.0,3,3,2,0.0,4.330733340286331,0.0,0.0,0.0,0,0.0,7,2007,7.725330037917135,2.5,10,10,1,1,0,0,0,0,0,0,0,0,0,0,0,1,0,0,0,0,0,0,0,0,1,0,0,1,0,0,0,1,1,0,1,0,0,0,0,0,0,0,0,0,0,0,0,1,0,0,0,0,0,0,0,0,0,0,0,0,0,0,0,0,0,0,1,0,0,0,0,0,0,0,0,1,0,0,0,0,0,1,0,0,0,0,0,0,0,0,0,1,0,0,0,1,0,0,0,0,1,0,0,0,0,0,0,0,0,0,0,0,0,0,0,0,0,0,0,1,0,0,0,0,0,0,0,0,0,0,0,0,0,0,0,1,0,0,0,0,1,0,0,0,1,0,0,0,0,1,0,0,0,0,0,0,0,0,1,0,1,0,0,0,0,0,0,0,0,0,0,0,0,0,1,0,0,0,0,1,0
3.970291913552122,8.738895704934043,4,3,6,6,1934,1950,0.0,3,3,3,3,1,1,0.0,1,0.0,6.705639094860003,816.0,3,1,6.705639094860003,0.0,5.8888779583328805,7.0707241072602764,0.0,0.0,1,0,3,1,3,6,8,1,4,1985.0,1,2.0,528.0,3,3,2,4.727387818712341,0.0,0.0,0.0,0.0,0,5.993961427306569,9,2006,7.398174092970465,1.0,72,56,1,1,1,0,0,0,0,0,0,0,0,0,1,0,0,0,0,0,0,0,0,0,0,1,0,1,0,0,0,1,1,0,0,0,0,0,1,0,0,0,1,0,0,0,0,0,0,0,0,0,0,0,0,0,0,0,0,0,0,0,0,0,0,0,1,0,0,0,0,0,0,0,0,1,0,0,0,0,0,1,0,0,0,0,1,0,0,0,0,0,0,0,0,1,0,0,0,0,1,0,0,0,0,0,0,0,0,0,0,0,0,0,0,0,0,0,0,0,1,0,0,0,0,0,0,0,0,0,0,0,0,0,0,0,1,0,0,0,1,0,0,0,1,0,0,0,0,1,0,0,0,0,0,0,0,0,1,0,0,0,0,0,1,0,0,0,0,0,0,0,0,0,1,0,0,0,0,1,0
4.709530201312334,9.044639916198465,2,2,5,5,1963,1963,0.0,2,3,4,3,4,2,4.653960350157523,6,6.569481420414296,0.0,816.0,3,0,6.705639094860003,0.0,0.0,6.705639094860003,1.0,0.0,1,0,2,1,3,5,8,0,0,1963.0,1,2.0,516.0,3,3,2,4.672828834461906,0.0,0.0,0.0,0.0,0,0.0,5,2010,7.398174092970465,2.0,47,47,1,1,0,0,0,0,0,0,0,0,0,0,0,0,0,0,0,0,1,0,0,0,0,1,1,0,1,0,0,0,1,0,1,0,0,0,0,0,0,0,0,0,0,0,0,0,1,0,0,0,0,0,0,0,0,0,0,0,0,0,0,0,0,0,0,0,0,0,0,0,1,0,0,1,0,0,0,0,0,0,0,1,0,0,0,0,1,0,0,0,0,0,0,1,0,0,0,0,1,0,0,0,0,0,0,0,0,0,0,0,0,0,0,0,0,0,0,0,1,0,0,0,0,0,0,0,0,0,0,0,0,0,0,0,1,0,0,0,1,0,0,1,0,0,0,0,0,1,0,0,0,0,0,0,0,0,1,0,0,0,0,1,0,0,0,0,0,0,0,0,0,0,1,0,0,0,0,1,0
4.23410650459726,10.825203541055348,3,3,9,5,1981,1987,0.0,4,3,5,3,4,6,7.501634457883413,1,0.0,3.4965075614664802,1842.0,4,1,7.519149957669823,0.0,0.0,7.519149957669823,2.0,0.0,0,1,0,1,4,5,8,1,4,1981.0,3,3.0,894.0,3,3,2,6.754604099487962,4.290459441148391,0.0,0.0,0.0,0,0.0,11,2006,8.212025804623437,2.5,25,19,1,1,1,0,0,0,0,0,1,0,0,0,0,0,0,0,0,0,0,0,0,0,1,0,0,1,0,0,1,0,1,0,0,0,0,0,1,0,0,0,0,0,0,0,0,0,0,0,0,0,0,0,0,0,0,0,0,0,0,0,0,1,0,0,1,0,0,0,0,0,0,0,0,1,0,0,0,0,0,1,0,0,0,0,0,0,1,0,0,0,0,0,0,1,0,0,0,0,0,0,0,0,0,0,1,0,0,0,0,0,0,0,0,0,0,0,0,0,0,1,0,0,0,0,0,0,0,0,0,0,0,0,0,0,0,1,0,0,1,0,0,1,0,0,0,0,0,1,0,0,0,0,0,0,0,0,1,0,1,0,0,0,0,0,0,0,0,0,0,0,0,0,1,0,0,0,0,1,0
4.110873864173311,8.872767529910936,4,2,5,5,1955,1955,0.0,3,3,3,3,1,5,5.953243334287785,1,0.0,0.0,384.0,3,1,7.215975002651466,0.0,0.0,7.215975002651466,0.0,0.0,1,0,3,1,3,6,7,1,3,1962.0,1,2.0,572.0,3,3,2,0.0,3.9318256327243257,0.0,0.0,0.0,0,0.0,2,2007,7.4645098346365275,1.0,52,52,1,1,1,0,0,0,0,0,0,0,0,0,0,0,0,0,1,0,0,0,0,0,1,0,0,1,1,0,0,0,1,0,0,0,0,0,1,0,0,0,0,0,0,0,0,0,0,0,0,1,0,0,0,0,0,0,0,0,0,0,0,0,0,0,1,0,0,0,0,0,0,0,0,1,0,0,0,0,0,1,0,0,0,0,0,0,0,0,0,0,0,1,0,1,0,0,0,0,1,0,0,0,0,0,0,0,0,0,0,0,0,0,0,1,0,0,0,0,0,0,0,0,0,0,0,0,0,0,1,0,0,0,0,0,0,0,0,0,1,0,0,1,0,0,0,0,0,1,0,0,0,0,0,0,0,0,1,0,0,0,0,0,1,0,0,0,0,0,0,0,0,0,1,0,0,0,0,1,0
4.61512051684126,9.227787285579904,3,3,6,5,1964,1964,5.60947179518496,3,3,3,3,1,4,6.19644412779452,1,0.0,6.841615476477592,1425.0,4,1,7.262628600974241,0.0,0.0,7.262628600974241,0.0,0.0,2,0,3,1,3,7,8,1,4,1964.0,2,2.0,576.0,3,3,2,0.0,0.0,0.0,6.0112671744041615,0.0,0,0.0,7,2008,7.955425088912672,2.0,44,44,1,1,1,0,0,0,0,0,1,0,0,0,0,0,0,0,0,0,0,0,0,0,1,0,0,1,0,0,0,1,1,0,0,0,0,0,1,0,0,0,0,0,0,0,0,0,0,0,0,1,0,0,0,0,0,0,0,0,0,0,0,0,0,0,1,0,0,0,0,0,0,0,0,1,0,0,0,0,0,1,0,0,0,0,0,0,1,0,0,0,0,0,0,1,0,0,0,0,1,0,0,0,0,0,0,0,0,0,0,0,0,1,0,0,0,0,0,0,0,0,0,0,0,0,0,0,0,0,0,0,1,0,0,0,0,0,0,1,0,0,0,1,0,0,0,0,0,1,0,0,0,0,0,0,0,0,1,0,1,0,0,0,0,0,0,0,0,0,0,0,0,0,1,0,0,0,0,1,0
3.2188758248682006,7.880804344674901,4,3,8,5,1999,2000,6.124683390894205,4,3,4,3,1,6,6.476972362889683,1,0.0,5.7745515455444085,970.0,5,1,6.891625897052253,6.6293632534374485,0.0,7.461640392208575,1.0,0.0,2,1,3,1,4,7,8,0,0,1999.0,3,2.0,480.0,3,3,2,4.7535901911063645,0.0,0.0,0.0,0.0,0,0.0,8,2009,7.904703913873747,3.5,10,9,1,1,0,0,0,1,0,0,0,0,0,0,0,0,0,0,0,0,0,0,1,0,0,0,0,1,0,0,0,1,1,0,0,0,0,0,1,0,0,0,0,0,0,0,0,0,0,0,0,0,0,0,0,0,0,0,0,0,1,0,0,0,0,0,1,0,0,0,0,0,0,0,0,1,0,0,0,0,0,0,0,0,1,0,0,0,0,0,0,1,0,0,0,1,0,0,0,0,1,0,0,0,0,0,0,0,0,0,0,0,0,0,0,1,0,0,0,0,0,0,0,0,0,0,0,0,0,0,1,0,0,0,0,0,0,0,0,1,0,0,0,0,1,0,0,0,0,1,0,0,0,0,0,0,0,0,1,0,1,0,0,0,0,0,0,0,0,0,0,0,0,0,1,1,0,0,0,0,0
4.499809670330265,9.362718052397065,3,3,7,5,2004,2004,0.0,4,3,4,3,1,1,0.0,1,0.0,6.7580945044277305,860.0,5,1,6.7580945044277305,6.7580945044277305,0.0,7.450660796211539,0.0,0.0,2,1,3,1,4,7,8,0,0,2004.0,2,2.0,565.0,3,3,2,0.0,4.2626798770413155,0.0,0.0,0.0,0,0.0,8,2006,7.855932199718614,2.5,2,2,1,1,0,0,0,0,0,0,0,0,0,0,0,1,0,0,0,0,0,0,0,0,1,0,0,1,0,0,0,1,1,0,1,0,0,0,0,0,0,0,0,0,1,0,0,0,0,0,0,0,0,0,0,0,0,0,0,0,0,0,0,0,0,0,1,0,0,0,0,0,0,0,0,1,0,0,0,0,0,1,0,0,0,0,0,0,0,0,0,1,0,0,0,1,0,0,0,0,1,0,0,0,0,0,0,0,0,0,0,0,0,0,0,0,0,0,0,1,0,0,0,0,0,0,0,0,0,0,0,0,0,0,0,1,0,0,0,0,1,0,0,0,1,0,0,0,0,1,0,0,0,0,0,0,0,0,1,0,1,0,0,0,0,0,0,0,0,0,0,0,0,0,1,0,0,0,0,1,0
4.204692619390966,9.52390946537981,2,3,10,5,2006,2006,6.939253946041508,5,3,5,3,4,1,0.0,1,0.0,7.252053951852814,1410.0,5,1,7.2633296174768365,7.326465613840322,0.0,7.988203597022576,0.0,0.0,3,1,3,1,4,10,8,1,4,2006.0,3,3.0,641.0,3,3,2,5.262690188904886,0.0,3.6375861597263857,0.0,0.0,0,0.0,10,2006,8.37930948405285,3.5,0,0,1,1,1,0,0,0,0,0,0,0,0,0,0,1,0,0,0,0,0,0,0,0,1,0,0,1,0,1,0,0,1,0,0,1,0,0,0,0,0,0,0,0,0,0,0,0,0,0,0,0,0,0,0,0,0,0,0,0,0,1,0,0,0,0,1,0,0,0,0,0,0,0,0,1,0,0,0,0,0,1,0,0,0,0,0,0,0,0,0,1,0,0,0,0,0,1,0,0,1,0,0,0,0,0,0,0,0,0,0,0,0,0,0,0,0,0,0,1,0,0,0,0,0,0,0,0,0,0,0,0,0,0,0,1,0,0,0,1,0,0,0,0,1,0,0,0,0,1,0,0,0,0,0,0,0,0,1,0,0,0,1,0,0,0,0,0,0,0,0,0,1,0,0,0,0,0,0,0,1
4.110873864173311,8.881975184248867,4,3,5,7,1972,1972,0.0,3,3,3,3,3,5,6.450470422144176,1,0.0,5.003946305945459,780.0,5,1,6.660575149839686,0.0,0.0,6.660575149839686,0.0,0.0,1,0,2,1,3,4,8,0,0,1973.0,1,1.0,352.0,3,3,2,5.2832037287379885,0.0,0.0,0.0,0.0,0,0.0,1,2008,7.353081920515432,1.0,36,36,1,1,0,0,0,0,0,0,1,0,0,0,0,0,0,0,0,0,0,0,0,0,1,0,0,1,1,0,0,0,1,0,0,0,0,0,1,0,0,0,0,0,1,0,0,0,0,0,0,0,0,0,0,0,0,0,0,0,0,0,0,0,0,0,1,0,0,0,0,0,0,0,0,1,0,0,0,0,0,1,0,0,0,0,0,0,1,0,0,0,0,0,0,1,0,0,0,0,1,0,0,0,0,0,0,0,0,0,0,0,0,1,0,0,0,0,0,0,0,0,0,0,0,0,0,0,1,0,0,0,0,0,0,0,0,0,0,0,1,0,0,1,0,0,0,0,0,1,0,0,0,0,0,0,0,0,1,0,0,0,0,0,1,0,0,0,0,0,0,0,0,0,1,0,0,0,0,1,0
4.1588830833596715,9.47830431356186,4,3,6,5,2004,2004,0.0,3,3,4,3,1,5,6.848005274576363,1,0.0,5.384495062789089,1158.0,5,1,7.055312843339752,0.0,0.0,7.055312843339752,1.0,0.0,1,1,3,1,4,5,8,0,0,2006.0,1,2.0,576.0,3,3,2,0.0,3.9318256327243257,0.0,0.0,0.0,0,0.0,5,2006,7.748028524432376,2.5,2,2,1,1,0,0,0,0,0,0,1,0,0,0,0,0,0,0,0,0,0,0,0,0,1,0,0,1,0,0,0,1,1,0,0,0,0,0,1,0,0,0,0,0,0,0,0,0,0,0,0,0,0,0,0,0,0,0,0,1,0,0,0,0,0,0,0,0,0,1,0,0,0,0,0,1,0,0,0,0,0,1,0,0,0,0,0,0,1,0,0,0,0,0,0,1,0,0,0,0,1,0,0,0,0,0,0,0,0,0,0,0,0,0,0,0,0,0,0,1,0,0,0,0,0,0,0,0,0,0,0,0,0,0,0,1,0,0,0,0,1,0,0,0,1,0,0,0,0,1,0,0,0,0,0,0,0,0,1,0,0,0,0,0,1,0,0,0,0,0,0,0,1,0,0,0,0,0,0,0,1
4.110873864173311,8.881975184248867,4,3,5,7,1920,1996,0.0,3,3,3,2,1,1,0.0,1,0.0,6.274762021241939,530.0,3,0,6.366470447731438,6.274762021241939,0.0,7.013915474810528,0.0,0.0,1,0,3,1,2,6,8,0,0,1935.0,1,1.0,288.0,3,3,0,0.0,0.0,4.976733742420574,0.0,0.0,0,0.0,3,2007,7.403670290012373,1.0,87,11,1,1,0,0,0,0,0,0,0,0,0,0,0,0,0,1,0,0,0,0,0,0,0,1,0,1,0,0,0,1,1,0,0,0,0,0,1,0,0,0,0,0,0,0,0,0,1,0,0,0,0,0,0,0,0,0,0,0,0,0,0,0,0,0,1,0,0,0,0,0,0,0,0,1,0,0,0,0,0,1,0,0,0,0,0,0,0,0,1,0,0,0,0,1,0,0,0,0,1,0,0,0,0,0,0,0,0,0,0,0,0,0,0,1,0,0,0,0,0,0,0,0,0,0,0,0,0,0,1,0,0,0,0,0,0,0,0,0,1,0,1,0,0,0,0,0,0,1,0,0,0,0,0,0,0,0,1,0,0,0,0,0,1,0,0,0,0,0,0,0,0,0,1,0,0,0,0,1,0
3.8066624897703196,8.770749549138642,3,3,8,5,2006,2006,5.187385805840755,4,3,4,4,2,6,3.2188758248682006,1,0.0,7.205635176410364,1370.0,5,1,7.223295679562314,0.0,0.0,7.223295679562314,0.0,0.0,2,0,2,1,4,6,8,1,4,2006.0,2,2.0,484.0,3,3,2,4.795790545596741,3.912023005428146,0.0,0.0,0.0,0,0.0,10,2007,7.916078096302786,2.0,1,1,1,1,1,1,0,0,0,0,0,0,0,0,0,0,0,0,0,0,0,0,0,0,1,0,0,1,0,0,0,1,1,0,0,0,0,0,1,0,0,0,0,0,0,0,0,0,0,0,0,0,0,0,0,1,0,0,0,0,0,0,0,0,0,0,1,0,0,0,0,0,0,0,0,1,0,0,0,0,0,0,0,0,0,1,0,0,1,0,0,0,0,0,0,1,0,0,0,0,1,0,0,0,0,0,0,0,0,0,0,0,0,0,0,0,0,0,0,1,0,0,0,0,0,0,0,0,0,0,0,0,0,0,0,1,0,0,0,0,0,1,0,0,1,0,0,0,0,1,0,0,0,0,0,0,0,0,1,0,1,0,0,0,0,0,0,0,0,0,0,0,0,0,1,0,0,0,0,1,0
3.9318256327243257,9.239996256883693,3,3,7,6,1921,1950,0.0,3,3,3,3,1,1,0.0,1,0.0,6.3578422665081,576.0,4,1,6.805722553416985,6.695798917058491,0.0,7.444833273892193,0.0,0.0,2,0,3,1,3,9,8,0,0,1990.0,1,2.0,480.0,3,3,2,2.5649493574615367,2.4849066497880004,4.174387269895637,0.0,0.0,0,0.0,4,2010,7.734996194022781,2.0,89,60,1,1,0,0,0,0,0,0,0,0,0,0,0,0,1,0,0,0,0,0,0,0,0,1,0,1,1,0,0,0,1,0,0,0,0,0,1,0,0,0,0,0,0,0,0,0,0,0,0,0,0,0,0,0,1,0,0,0,0,0,0,0,0,0,0,0,0,0,1,0,0,0,1,0,0,0,0,0,0,1,0,0,0,0,0,0,0,0,0,1,0,0,0,1,0,0,0,0,1,0,0,0,0,0,0,0,0,0,0,0,0,0,0,0,0,0,1,0,0,0,0,0,0,0,0,0,0,0,0,0,0,0,1,0,0,0,0,0,1,0,1,0,0,0,0,0,0,1,0,0,0,0,0,0,0,0,1,0,0,0,0,0,1,0,0,0,0,0,0,0,0,0,1,0,0,0,0,1,0
4.2626798770413155,9.145908511816794,4,3,7,5,1997,1998,6.352629396319567,3,3,4,3,1,6,6.606650186198215,1,0.0,5.765191102784844,1057.0,5,1,6.964135612418245,6.885509670034818,0.0,7.618251097876695,1.0,0.0,2,1,3,1,4,8,8,0,0,1998.0,2,2.0,645.0,3,3,2,6.3578422665081,3.6109179126442243,0.0,0.0,0.0,0,0.0,2,2009,8.036573409707312,3.5,12,11,1,1,0,0,0,0,0,0,0,0,0,0,0,1,0,0,0,0,0,0,0,0,1,0,0,1,0,0,0,1,1,0,0,0,0,0,1,0,0,0,0,0,1,0,0,0,0,0,0,0,0,0,0,0,0,0,0,0,0,0,0,0,0,0,1,0,0,0,0,0,0,0,0,1,0,0,0,0,0,1,0,0,0,0,0,0,0,0,0,1,0,0,0,1,0,0,0,0,1,0,0,0,0,0,0,0,0,0,0,0,0,0,0,0,0,0,0,1,0,0,0,0,0,0,0,0,0,0,0,0,0,0,0,1,0,0,0,1,0,0,0,0,1,0,0,0,0,1,0,0,0,0,0,0,0,0,1,0,1,0,0,0,0,0,0,0,0,0,0,0,0,0,1,0,0,0,0,1,0
4.343805421853684,9.16868469670735,4,3,8,5,2004,2005,5.84354441703136,4,3,5,3,3,1,0.0,1,0.0,7.042286171939743,1143.0,5,1,7.042286171939743,7.193685818395112,0.0,7.813591552952433,0.0,0.0,2,1,4,1,4,9,8,1,4,2004.0,2,3.0,852.0,3,3,2,5.262690188904886,5.0238805208462765,0.0,0.0,0.0,0,0.0,10,2007,8.193400231952097,2.5,3,2,1,1,1,0,0,0,0,0,0,0,0,0,0,1,0,0,0,0,0,0,0,0,1,0,0,1,0,0,0,1,1,0,0,0,0,0,1,0,0,0,0,0,0,0,0,0,0,0,0,0,0,0,0,1,0,0,0,0,0,0,0,0,0,0,1,0,0,0,0,0,0,0,0,1,0,0,0,0,0,1,0,0,0,0,0,0,0,0,0,1,0,0,0,1,0,0,0,0,1,0,0,0,0,0,0,0,0,0,0,0,0,0,0,0,0,0,0,1,0,0,0,0,0,0,0,0,0,0,0,0,0,0,0,1,0,0,0,1,0,0,0,0,1,0,0,0,0,1,0,0,0,0,0,0,0,0,1,0,0,0,1,0,0,0,0,0,0,0,0,0,0,0,1,0,0,0,0,1,0
4.30406509320417,9.898525260706313,4,3,7,5,1970,1989,5.662960480135946,3,3,4,3,4,6,6.816735880594968,1,0.0,6.943122422819428,1947.0,3,1,7.699842407396986,0.0,0.0,7.699842407396986,1.0,0.0,2,0,3,1,3,7,7,1,4,1970.0,2,2.0,576.0,3,3,2,5.71042701737487,0.0,0.0,0.0,0.0,0,0.0,7,2010,8.332067707289548,3.0,40,21,1,1,1,0,0,0,0,0,1,0,0,0,0,0,0,0,0,0,0,0,0,0,1,0,0,1,0,0,0,1,1,0,0,0,0,0,1,0,0,0,0,0,0,0,0,0,0,0,0,1,0,0,0,0,0,0,0,0,0,0,0,0,0,0,0,1,0,0,0,0,0,0,0,1,0,0,0,0,0,1,0,0,0,0,0,0,1,0,0,0,0,0,0,1,0,0,0,0,1,0,0,0,0,0,0,0,0,0,0,0,0,0,0,0,1,0,0,0,0,0,0,0,0,0,0,0,0,0,0,0,1,0,0,0,0,0,0,1,0,0,0,1,0,0,0,0,0,1,0,0,0,0,0,0,0,0,1,0,1,0,0,0,0,0,0,0,0,0,0,0,0,0,1,0,0,0,0,1,0
4.290459441148391,9.274816391160547,3,3,7,5,2003,2003,5.123963979403259,4,3,4,3,3,6,6.921658184151129,1,0.0,6.089044875446846,1453.0,5,1,7.299797366758161,0.0,0.0,7.299797366758161,1.0,0.0,2,0,3,1,4,7,8,0,0,2003.0,2,2.0,558.0,3,3,2,4.976733742420574,3.4011973816621555,0.0,0.0,0.0,0,0.0,6,2007,7.983781068977451,3.0,4,4,1,1,0,0,0,0,0,0,1,0,0,0,0,0,0,0,0,0,0,0,0,0,1,0,0,1,0,0,0,1,1,0,0,0,0,0,1,0,0,0,0,0,1,0,0,0,0,0,0,0,0,0,0,0,0,0,0,0,0,0,0,0,0,0,1,0,0,0,0,0,0,0,0,1,0,0,0,0,0,1,0,0,0,0,0,0,1,0,0,0,0,0,0,1,0,0,0,0,1,0,0,0,0,0,0,0,0,0,0,0,0,0,0,0,0,0,0,1,0,0,0,0,0,0,0,0,0,0,0,0,0,0,0,1,0,0,0,1,0,0,0,0,1,0,0,0,0,1,0,0,0,0,0,0,0,0,1,0,1,0,0,0,0,0,0,0,0,0,0,0,0,0,1,0,0,0,0,1,0
3.871201010907891,8.435766192720509,4,3,4,6,1945,1950,0.0,3,4,3,3,1,1,0.0,1,0.0,6.617402977974478,747.0,3,1,6.617402977974478,0.0,0.0,6.617402977974478,0.0,0.0,1,0,2,1,3,4,8,0,0,1945.0,1,1.0,220.0,3,3,2,0.0,0.0,0.0,0.0,0.0,0,0.0,6,2010,7.3098814858247865,1.0,65,60,1,1,0,0,0,0,0,0,0,1,0,0,0,0,0,0,0,0,0,0,0,0,0,1,0,1,0,0,0,1,1,0,1,0,0,0,0,0,0,0,0,0,0,0,0,0,0,0,0,0,0,0,0,0,1,0,0,0,0,0,0,0,1,0,0,0,0,0,0,0,0,0,0,1,0,0,0,0,0,1,0,0,0,0,0,0,1,0,0,0,0,0,0,1,0,0,0,0,1,0,0,0,0,0,0,0,0,0,0,0,0,0,0,1,0,0,0,0,0,0,0,0,0,0,0,0,0,0,1,0,0,0,0,0,0,0,0,0,1,0,0,1,0,0,0,0,0,1,0,0,0,0,0,0,0,0,1,0,1,0,0,0,0,0,0,0,0,0,0,0,0,0,1,0,0,0,0,1,0
4.406719247264253,9.654641503869545,4,3,7,4,1953,1953,0.0,4,3,3,3,1,4,6.403574197934815,1,0.0,6.553933404025811,1304.0,3,1,7.173958319756794,6.891625897052253,0.0,7.7354333524996886,0.0,0.0,2,0,3,1,3,7,8,1,3,1953.0,3,2.0,667.0,3,3,2,0.0,3.091042453358316,4.74493212836325,0.0,0.0,0,0.0,7,2006,8.18646442942209,2.0,53,53,1,1,1,0,0,0,0,0,0,0,0,0,1,0,0,0,0,0,0,0,0,0,1,0,0,1,0,0,0,1,1,0,1,0,0,0,0,0,0,0,0,1,0,0,0,0,0,0,0,0,0,0,0,0,0,0,0,0,0,0,0,0,0,0,1,0,0,0,0,0,0,0,0,1,0,0,0,0,0,1,0,0,0,0,1,0,0,0,0,0,0,0,0,1,0,0,0,0,1,0,0,0,0,0,0,0,0,0,1,0,0,0,0,0,0,0,0,0,0,0,1,0,0,0,0,0,0,0,0,0,0,0,0,0,0,0,0,0,1,0,0,1,0,0,0,0,0,0,1,0,0,0,0,0,0,0,1,0,1,0,0,0,0,0,0,0,0,0,0,0,0,0,1,0,0,0,0,1,0
4.564348191467836,9.521641310026597,3,3,7,6,1973,1973,7.017506142941256,3,4,4,3,4,5,7.53955882930103,1,0.0,5.840641657373398,2223.0,5,1,7.707062655370473,0.0,0.0,7.707062655370473,1.0,0.0,2,0,3,1,3,8,8,2,4,1973.0,3,2.0,516.0,3,3,2,5.707110264748875,0.0,0.0,0.0,0.0,0,0.0,2,2007,8.399984990510696,3.0,34,34,1,1,1,0,0,0,0,0,1,0,0,0,0,0,0,0,0,0,0,0,0,0,1,0,0,1,0,0,0,1,1,0,0,0,0,0,1,0,0,0,0,0,0,0,0,0,0,0,0,1,0,0,0,0,0,0,0,0,0,0,0,0,0,0,1,0,0,0,0,0,0,0,0,1,0,0,0,0,0,1,0,0,0,0,0,0,1,0,0,0,0,0,0,1,0,0,0,0,1,0,0,0,0,0,0,0,0,0,0,0,0,0,0,0,1,0,0,0,0,0,0,0,0,0,0,0,0,0,0,0,1,0,0,0,0,0,0,1,0,0,0,1,0,0,0,0,0,1,0,0,0,0,0,0,0,0,1,0,1,0,0,0,0,0,0,0,0,0,0,0,0,0,1,0,0,0,0,1,0
4.248495242049359,8.935903526274423,4,3,4,6,1982,2006,0.0,3,3,3,3,1,5,6.338594078203183,1,0.0,5.638354669333745,845.0,3,1,6.740519359606223,0.0,0.0,6.740519359606223,1.0,0.0,1,0,2,1,3,4,8,0,0,1987.0,1,2.0,360.0,3,3,2,0.0,0.0,0.0,0.0,0.0,0,0.0,6,2007,7.43307534889858,2.0,25,1,1,1,0,0,0,0,0,0,1,0,0,0,0,0,0,0,0,0,0,0,0,0,1,0,0,1,0,0,0,1,1,0,1,0,0,0,0,0,0,0,0,0,0,0,0,0,0,0,1,0,0,0,0,0,0,0,0,0,0,0,0,0,0,0,1,0,0,0,0,0,0,0,0,1,0,0,0,0,0,1,0,0,0,0,0,0,1,0,0,0,0,0,0,1,0,0,0,0,1,0,0,0,0,0,0,0,0,0,0,0,0,1,0,0,0,0,0,0,0,0,0,0,0,0,0,0,0,0,0,0,1,0,0,0,0,0,0,0,1,0,0,1,0,0,0,0,0,1,0,0,0,0,0,0,0,0,1,0,0,0,0,0,1,0,0,0,0,0,0,0,0,0,1,0,0,0,0,1,0
4.31748811353631,9.224440496354964,3,3,7,5,1998,1998,3.713572066704308,3,3,4,3,1,1,0.0,1,0.0,6.725033642166843,832.0,4,1,6.786716950605081,6.726233402358747,0.0,7.449498005382849,0.0,0.0,2,1,3,1,3,7,8,1,3,1998.0,3,2.0,427.0,3,3,2,0.0,4.553876891600541,0.0,0.0,5.676753802268282,0,0.0,12,2009,7.844240718141811,2.5,11,11,1,1,1,0,0,0,0,0,0,0,0,0,0,1,0,0,0,0,0,0,0,0,1,0,0,1,0,0,0,1,1,0,1,0,0,0,0,0,0,0,0,0,0,0,0,1,0,0,0,0,0,0,0,0,0,0,0,0,0,0,0,0,0,0,1,0,0,0,0,0,0,0,0,1,0,0,0,0,0,1,0,0,0,0,0,0,0,0,0,1,0,0,0,1,0,0,0,0,1,0,0,0,0,0,0,0,0,0,0,0,0,0,0,0,0,0,0,1,0,0,0,0,0,0,0,0,0,0,0,0,0,0,0,1,0,0,0,1,0,0,0,0,1,0,0,0,0,1,0,0,0,0,0,0,0,0,1,0,1,0,0,0,0,0,0,0,0,0,0,0,0,0,1,0,0,0,0,1,0
4.454347296253507,9.23024103368252,4,3,5,7,1954,2003,4.653960350157523,3,3,3,3,1,5,5.771441123130016,4,5.8944028342648505,6.003887067106539,1086.0,4,1,6.99117688712121,0.0,0.0,6.99117688712121,1.0,0.0,1,0,3,1,3,6,8,0,0,1989.0,1,2.0,490.0,3,3,2,0.0,0.0,0.0,0.0,0.0,0,0.0,5,2010,7.6838639802564295,2.0,56,7,1,1,0,0,0,0,0,0,1,0,0,0,0,0,0,0,0,0,0,0,0,0,1,0,0,1,0,0,0,1,1,0,0,0,0,0,1,0,0,0,0,0,0,0,0,0,0,0,0,1,0,0,0,0,0,0,0,0,0,0,0,0,0,0,1,0,0,0,0,0,0,0,0,1,0,0,0,0,0,1,0,0,0,0,0,0,1,0,0,0,0,0,0,1,0,0,0,0,1,0,0,0,0,0,0,0,0,0,0,0,0,0,0,0,0,0,0,0,1,0,0,0,0,0,0,0,0,0,0,0,0,0,0,0,1,0,0,1,0,0,0,1,0,0,0,0,0,1,0,0,0,0,0,0,0,0,1,0,1,0,0,0,0,0,0,0,0,0,0,0,0,0,1,0,0,0,0,1,0
4.110873864173311,8.66406026722579,4,3,3,6,1915,1950,0.0,4,4,2,3,1,1,0.0,1,0.0,6.734591659972948,840.0,4,0,6.734591659972948,6.641182169740591,0.0,7.381501894506707,0.0,0.0,2,0,3,2,3,8,8,0,0,1915.0,1,1.0,379.0,3,3,2,0.0,0.0,5.313205979041787,0.0,0.0,0,0.0,5,2010,7.802209316247118,2.0,95,60,1,1,0,0,0,0,0,0,0,0,0,0,1,0,0,0,0,0,0,0,0,0,0,1,0,1,0,0,0,1,1,0,1,0,0,0,0,0,0,0,0,0,0,0,0,0,0,0,0,0,0,0,0,0,1,0,0,0,0,0,0,0,0,0,1,0,0,0,0,0,0,0,0,1,0,0,0,0,0,1,0,0,0,0,0,0,0,0,0,1,0,0,0,0,1,0,0,0,1,0,0,0,0,0,0,0,0,0,0,0,0,0,0,0,0,0,0,1,0,0,0,0,0,0,0,0,0,0,0,0,0,0,0,1,0,0,0,0,1,0,0,1,0,0,0,0,0,1,0,0,0,0,0,0,0,0,1,0,0,0,0,0,1,0,0,0,0,0,0,0,0,0,1,0,0,0,0,1,0
3.091042453358316,7.3758821482150125,4,3,4,5,1973,1973,0.0,3,3,4,3,4,6,6.137727054086234,1,0.0,0.0,462.0,3,1,6.267200548541362,6.137727054086234,0.0,6.8966943316227125,1.0,0.0,1,0,2,1,3,5,8,0,0,1973.0,1,1.0,297.0,3,3,2,4.795790545596741,4.624972813284271,0.0,0.0,0.0,0,0.0,11,2009,7.280008252884188,2.0,36,36,1,1,0,0,0,0,1,0,0,0,0,0,0,0,0,0,0,0,0,0,0,0,0,1,0,1,0,0,0,1,1,0,0,0,0,0,1,0,0,0,0,0,0,0,0,0,0,1,0,0,0,0,0,0,0,0,0,0,0,0,0,0,0,0,1,0,0,0,0,0,0,0,0,1,0,0,0,0,0,0,0,0,1,0,0,0,0,0,0,0,0,1,0,1,0,0,0,0,1,0,0,0,0,0,0,0,0,0,0,0,1,0,0,0,0,0,0,0,0,0,0,0,0,0,0,1,0,0,0,0,0,0,0,0,0,0,0,0,1,0,0,1,0,0,0,0,0,1,0,0,0,0,0,0,0,0,1,0,0,0,1,0,0,0,0,0,0,0,0,0,0,0,1,0,0,0,0,1,0
4.30406509320417,9.04499391938819,3,3,4,7,1956,1956,0.0,3,3,3,3,1,5,5.43372200355424,1,0.0,6.586171654854675,952.0,5,1,6.859614903654202,0.0,0.0,6.859614903654202,0.0,0.0,1,0,2,1,3,4,8,0,0,1956.0,1,1.0,283.0,3,3,2,0.0,0.0,0.0,0.0,0.0,0,0.0,4,2008,7.552237287560802,1.0,52,52,1,1,0,0,0,0,0,0,1,0,0,0,0,0,0,0,0,0,0,0,0,0,1,0,0,1,0,0,0,1,1,0,0,0,0,0,1,0,0,0,0,0,0,0,0,0,0,0,0,1,0,0,0,0,0,0,0,0,0,0,0,0,0,0,1,0,0,0,0,0,0,0,0,1,0,0,0,0,0,1,0,0,0,0,0,0,1,0,0,0,0,0,0,1,0,0,0,0,1,0,0,0,0,0,0,0,0,0,0,0,0,0,0,0,0,0,0,1,0,0,0,0,0,0,0,0,0,0,0,0,0,0,0,1,0,0,0,0,1,0,0,1,0,0,0,0,0,1,0,0,0,0,1,0,0,0,0,0,0,0,0,0,1,0,0,0,0,0,0,0,0,0,1,0,0,0,0,1,0
3.9318256327243257,9.063694791634697,4,3,5,5,1948,2001,0.0,3,3,3,3,1,4,5.820082930352362,6,3.7376696182833684,5.69035945432406,672.0,3,1,6.9782137426306985,5.365976015021851,0.0,7.1592919047975645,1.0,0.0,1,0,2,1,3,6,7,0,0,1948.0,1,1.0,240.0,3,3,2,0.0,0.0,0.0,0.0,0.0,0,0.0,1,2008,7.579678823090456,2.0,60,7,1,1,0,0,0,0,0,0,0,0,0,0,1,0,0,0,0,0,0,0,0,0,0,1,0,1,0,0,0,1,1,0,0,0,0,0,1,0,0,0,1,0,0,0,0,0,0,0,0,0,0,0,0,0,0,0,0,0,0,0,0,0,0,0,1,0,0,0,0,0,0,0,0,1,0,0,0,0,0,1,0,0,0,0,1,0,0,0,0,0,0,0,0,1,0,0,0,0,1,0,0,0,0,0,0,0,0,0,0,0,0,0,0,0,0,0,0,0,1,0,0,0,0,0,0,0,0,0,0,0,0,0,0,0,1,0,0,0,1,0,0,1,0,0,0,0,0,1,0,0,0,0,0,0,0,0,1,0,0,0,0,0,1,0,0,0,0,0,0,0,0,0,1,0,0,0,0,1,0
4.290459441148391,9.285355075781629,4,3,4,5,1968,1968,0.0,3,3,3,3,1,1,0.0,1,0.0,7.478169694159785,1768.0,3,0,7.478169694159785,0.0,0.0,7.478169694159785,0.0,0.0,2,0,4,2,3,8,8,0,0,0.0,0,0.0,0.0,0,0,2,0.0,0.0,0.0,0.0,0.0,0,0.0,4,2010,8.17103418920548,2.0,42,42,0,1,0,0,0,0,0,0,0,0,0,0,0,0,0,0,0,0,1,0,0,0,1,0,0,1,0,0,0,1,1,0,0,0,0,0,1,0,0,0,0,0,0,0,0,0,0,0,0,0,0,0,0,0,0,0,1,0,0,0,0,0,0,0,1,0,0,0,0,0,0,0,0,1,0,0,0,0,0,0,0,1,0,0,0,0,1,0,0,0,0,0,0,0,0,1,0,0,1,0,0,0,0,0,0,0,0,0,0,0,0,1,0,0,0,0,0,0,0,0,0,0,0,0,0,0,1,0,0,0,0,0,0,0,0,0,0,0,1,0,0,1,0,0,0,0,0,1,0,0,0,0,0,0,0,0,1,0,0,0,0,0,0,1,0,0,0,0,0,0,0,0,1,0,0,0,0,1,0
4.110873864173311,9.25349564229011,4,3,5,6,1910,1981,0.0,3,3,3,3,1,1,0.0,1,0.0,6.089044875446846,440.0,4,1,6.52649485957079,6.3080984415095305,0.0,7.115582126184454,0.0,0.0,1,1,2,1,3,5,8,0,0,1966.0,1,2.0,440.0,3,3,2,4.31748811353631,0.0,4.859812404361672,0.0,0.0,0,0.0,5,2009,7.421177528595393,1.5,99,28,1,1,0,0,0,0,0,0,0,0,0,0,1,0,0,0,0,0,0,0,0,0,0,1,0,1,0,0,0,1,1,0,1,0,0,0,0,0,0,0,0,0,0,0,0,0,0,0,0,0,0,0,0,0,1,0,0,0,0,0,0,0,0,0,1,0,0,0,0,0,0,0,0,1,0,0,0,0,0,1,0,0,0,0,0,0,0,0,0,1,0,0,0,1,0,0,0,0,1,0,0,0,0,0,0,0,0,0,0,0,0,0,0,0,0,0,0,0,1,0,0,0,0,0,0,0,0,0,0,0,0,0,0,0,1,0,0,0,1,0,0,0,1,0,0,0,0,1,0,0,0,0,0,0,0,0,1,0,0,0,0,0,1,0,0,0,0,0,0,0,0,0,1,0,0,0,0,1,0
4.61512051684126,9.472781556562168,4,3,6,6,1968,1968,6.3578422665081,3,4,4,3,1,3,6.1070228877422545,1,0.0,6.1070228877422545,896.0,3,1,7.075808863978387,6.8679744089702925,0.0,7.669961995473577,0.0,0.0,2,1,4,1,4,8,8,1,4,1968.0,3,1.0,509.0,3,3,2,0.0,4.290459441148391,0.0,0.0,5.53338948872752,0,0.0,6,2009,8.019283792916793,2.5,41,41,1,1,1,0,0,0,0,0,0,0,0,0,0,1,0,0,0,0,0,0,0,0,1,0,0,1,0,0,0,1,1,0,1,0,0,0,0,0,0,0,0,0,0,0,0,0,0,0,0,1,0,0,0,0,0,0,0,0,0,0,0,0,0,0,1,0,0,0,0,0,0,0,0,1,0,0,0,0,0,1,0,0,0,0,0,0,0,0,0,1,0,0,0,1,0,0,0,0,1,0,0,0,0,0,0,0,0,0,0,0,0,0,0,0,0,0,0,1,0,0,0,0,0,0,0,0,0,0,0,0,0,0,0,1,0,0,0,1,0,0,0,1,0,0,0,0,0,1,0,0,0,0,0,0,0,0,1,0,1,0,0,0,0,0,0,0,0,0,0,0,0,0,1,0,0,0,0,1,0
3.4965075614664802,8.412054873292933,4,3,6,5,1998,1998,6.095824562432225,3,4,5,4,1,6,7.091742115095153,1,0.0,3.6109179126442243,1237.0,5,1,7.198931240688173,0.0,0.0,7.198931240688173,1.0,0.0,2,0,2,1,3,5,8,0,0,1998.0,3,2.0,405.0,3,3,2,0.0,5.298317366548036,0.0,0.0,0.0,0,0.0,3,2006,7.853604813097837,3.0,8,8,1,1,0,1,0,0,0,0,0,0,0,0,0,0,0,0,0,0,0,0,0,0,0,1,0,1,0,0,0,1,1,0,0,0,1,0,0,0,0,0,0,0,0,0,0,0,0,0,1,0,0,0,0,0,0,0,0,0,0,0,0,0,0,0,1,0,0,0,0,0,0,0,0,1,0,0,0,0,0,0,0,0,0,1,0,0,1,0,0,0,0,0,0,0,0,1,0,0,1,0,0,0,0,0,0,0,0,0,0,0,0,0,0,0,0,0,0,1,0,0,0,0,0,0,0,0,0,0,0,0,0,0,0,1,0,0,0,1,0,0,0,0,1,0,0,0,0,1,0,0,0,0,0,0,0,0,1,0,1,0,0,0,0,0,0,0,0,0,0,0,0,0,1,0,0,0,0,1,0
4.3694478524670215,9.230829038403499,4,3,8,5,2007,2007,6.150602768446279,3,3,4,3,1,6,3.5263605246161616,1,0.0,7.333676395657684,1563.0,5,1,7.355001921105257,0.0,0.0,7.355001921105257,0.0,0.0,2,0,3,1,4,6,8,1,4,2007.0,2,3.0,758.0,3,3,2,4.976733742420574,4.605170185988092,0.0,0.0,0.0,0,0.0,10,2008,8.047829357457841,2.0,1,1,1,1,1,0,0,0,0,0,1,0,0,0,0,0,0,0,0,0,0,0,0,0,1,0,0,1,0,0,0,1,1,0,0,0,0,0,1,0,0,0,0,0,0,0,0,0,0,0,0,0,0,0,0,0,0,0,0,0,1,0,0,0,0,0,1,0,0,0,0,0,0,0,0,1,0,0,0,0,0,1,0,0,0,0,0,0,1,0,0,0,0,0,0,1,0,0,0,0,1,0,0,0,0,0,0,0,0,0,0,0,0,0,0,0,0,0,0,1,0,0,0,0,0,0,0,0,0,0,0,0,0,0,0,1,0,0,0,0,0,1,0,0,1,0,0,0,0,1,0,0,0,0,0,0,0,0,1,0,1,0,0,0,0,0,0,0,0,0,0,0,0,0,1,0,0,0,0,1,0
4.394449154672439,9.09301972939964,3,3,5,5,1960,1960,4.204692619390966,3,3,3,3,1,1,0.0,1,0.0,6.97166860472579,1065.0,4,1,6.97166860472579,0.0,0.0,6.97166860472579,0.0,0.0,1,1,3,1,3,6,8,0,0,1974.0,1,2.0,461.0,3,3,2,4.31748811353631,0.0,0.0,0.0,0.0,0,0.0,7,2007,7.664346632098617,1.5,47,47,1,1,0,0,0,0,0,0,1,0,0,0,0,0,0,0,0,0,0,0,0,0,1,0,0,1,0,0,0,1,1,0,0,0,0,0,1,0,0,0,0,0,0,0,0,0,0,0,0,1,0,0,0,0,0,0,0,0,0,0,0,0,0,0,1,0,0,0,0,0,0,0,0,1,0,0,0,0,0,1,0,0,0,0,0,0,1,0,0,0,0,0,0,1,0,0,0,0,1,0,0,0,0,0,0,0,0,0,0,0,0,0,0,1,0,0,0,0,0,0,0,0,0,0,0,0,0,0,1,0,0,0,0,0,0,0,1,0,0,0,0,1,0,0,0,0,0,1,0,0,0,0,0,0,0,0,1,0,0,0,0,0,1,0,1,0,0,0,0,0,0,0,0,0,0,0,0,1,0
4.189654742026425,9.051461866908694,3,3,7,5,1995,1996,3.1354942159291497,3,3,4,3,1,1,0.0,1,0.0,5.953243334287785,384.0,4,1,6.690842277418564,6.508769136971682,0.0,7.29641326877392,0.0,0.0,2,1,3,1,3,7,8,1,3,1995.0,3,2.0,400.0,3,3,2,4.795790545596741,4.290459441148391,0.0,0.0,0.0,0,6.55250788703459,5,2009,7.527793987721444,2.5,14,13,1,1,1,0,0,0,0,0,0,0,0,0,0,0,0,0,1,0,0,0,0,0,1,0,0,1,0,0,0,1,1,0,0,0,0,0,1,0,0,0,0,0,0,0,0,1,0,0,0,0,0,0,0,0,0,0,0,0,0,0,0,0,0,0,1,0,0,0,0,0,0,0,0,1,0,0,0,0,0,1,0,0,0,0,0,0,0,0,0,0,0,1,0,1,0,0,0,0,1,0,0,0,0,0,0,0,0,0,0,0,0,1,0,0,0,0,0,0,0,0,0,0,0,0,0,0,1,0,0,0,0,0,0,0,0,0,0,1,0,0,0,0,1,0,0,0,0,1,0,0,0,0,0,0,0,0,1,0,0,0,1,0,0,0,0,0,0,0,0,0,0,0,1,0,0,0,0,1,0
4.804021044733257,9.684086987500752,4,3,8,5,1991,1992,5.652489180268651,4,3,4,3,1,1,0.0,1,0.0,7.161622002939187,1288.0,5,1,7.171656822768514,7.018401799069201,0.0,7.790696031174738,0.0,0.0,2,1,4,1,4,9,8,1,3,1991.0,1,2.0,462.0,3,3,2,4.852030263919617,4.418840607796598,0.0,0.0,0.0,0,0.0,4,2006,8.217708406845306,2.5,15,14,1,1,1,0,0,0,0,0,0,0,0,0,0,1,0,0,0,0,0,0,0,0,1,0,0,1,0,0,0,1,1,0,1,0,0,0,0,0,0,0,0,0,0,0,0,0,0,0,0,0,0,0,1,0,0,0,0,0,0,0,0,0,0,0,1,0,0,0,0,0,0,0,0,1,0,0,0,0,0,1,0,0,0,0,0,0,0,0,0,1,0,0,0,0,0,1,0,0,1,0,0,0,0,0,0,0,0,0,0,0,0,1,0,0,0,0,0,0,0,0,0,0,0,0,0,0,1,0,0,0,0,0,0,0,0,0,0,1,0,0,0,1,0,0,0,0,0,1,0,0,0,0,0,0,0,0,1,0,1,0,0,0,0,0,0,0,0,0,0,0,0,0,1,0,0,0,0,1,0
4.812184355372417,9.385301574363845,2,3,6,5,2005,2005,0.0,4,3,4,3,3,1,0.0,1,0.0,6.529418838262226,684.0,5,1,6.529418838262226,6.776506992372183,0.0,7.353081920515432,0.0,0.0,2,1,3,1,4,6,8,1,4,2005.0,3,2.0,400.0,3,3,2,4.61512051684126,3.6635616461296463,0.0,0.0,0.0,0,0.0,3,2009,7.716460800176355,2.5,4,4,1,1,1,0,0,0,0,0,0,0,0,0,0,1,0,0,0,0,0,0,0,0,1,0,0,1,0,0,0,1,1,0,0,0,0,0,1,0,0,0,0,0,0,0,0,1,0,0,0,0,0,0,0,0,0,0,0,0,0,0,0,0,0,0,1,0,0,0,0,0,0,0,0,1,0,0,0,0,0,1,0,0,0,0,0,0,0,0,0,1,0,0,0,1,0,0,0,0,1,0,0,0,0,0,0,0,0,0,0,0,0,0,0,0,0,0,0,1,0,0,0,0,0,0,0,0,0,0,0,0,0,0,0,1,0,0,0,0,1,0,0,0,1,0,0,0,0,1,0,0,0,0,0,0,0,0,1,0,0,0,1,0,0,0,0,0,0,0,0,0,0,0,1,0,0,0,0,1,0
3.713572066704308,8.281977058867758,4,3,6,5,2009,2009,4.343805421853684,4,3,4,3,3,1,0.0,1,0.0,6.418364935936212,612.0,5,1,6.418364935936212,6.418364935936212,0.0,7.110696122978827,0.0,0.0,2,1,2,1,4,4,8,0,0,2009.0,2,2.0,528.0,3,3,2,0.0,5.459585514144159,0.0,0.0,0.0,0,0.0,6,2009,7.515889085215125,2.5,0,0,1,1,0,0,0,1,0,0,0,0,0,0,0,0,0,0,0,0,0,0,1,0,0,0,0,1,0,0,0,1,1,0,1,0,0,0,0,0,0,0,0,0,0,0,0,0,0,0,0,0,0,0,0,0,0,0,0,0,1,0,0,0,0,0,1,0,0,0,0,0,0,0,0,1,0,0,0,0,0,0,0,0,0,1,0,0,0,0,0,1,0,0,0,1,0,0,0,0,1,0,0,0,0,0,0,0,0,0,0,0,0,0,0,0,0,0,0,1,0,0,0,0,0,0,0,0,0,0,0,0,0,0,0,1,0,0,0,0,0,1,0,0,1,0,0,0,0,1,0,0,0,0,0,0,0,0,1,0,0,0,0,0,1,0,0,0,0,0,0,0,1,0,0,0,0,0,0,0,1
4.663439094112067,9.044403844431551,3,3,3,2,1915,1982,0.0,2,2,3,2,1,1,0.0,1,0.0,6.921658184151129,1013.0,3,0,6.921658184151129,0.0,6.2422232654551655,7.3310603052186325,0.0,0.0,1,0,2,1,2,6,8,0,0,0.0,0,0.0,0.0,0,0,0,0.0,0.0,5.056245805348308,0.0,0.0,0,0.0,10,2009,7.614312146452,1.0,94,27,0,1,0,0,0,0,0,0,0,0,0,0,1,0,0,0,0,0,0,1,0,0,0,0,0,1,0,0,0,1,1,0,1,0,0,0,0,0,0,0,0,0,0,0,0,0,1,0,0,0,0,0,0,0,0,0,0,0,0,0,0,0,0,1,0,0,0,0,0,0,0,0,1,0,0,0,0,0,0,1,0,0,0,0,1,0,0,0,0,0,0,0,0,0,0,1,0,0,1,0,0,0,0,0,0,0,0,0,0,0,0,0,0,0,1,0,0,0,0,0,0,0,0,0,0,0,0,0,0,0,1,0,0,0,0,0,0,0,1,0,0,1,0,0,0,0,0,1,0,0,0,0,0,0,0,0,1,0,0,0,0,0,0,1,0,0,0,1,0,0,0,0,0,1,0,0,0,0,0
4.110873864173311,8.996032669324372,4,3,4,5,1994,1995,0.0,3,3,4,3,1,6,6.3784261836515865,1,0.0,5.998936561946683,990.0,5,1,6.898714534329988,0.0,0.0,6.898714534329988,1.0,0.0,1,0,3,1,3,5,8,0,0,0.0,0,0.0,0.0,0,0,2,0.0,0.0,0.0,0.0,0.0,0,0.0,8,2007,7.591357046698551,2.0,13,12,0,1,0,0,0,0,0,0,1,0,0,0,0,0,0,0,0,0,0,0,0,0,1,0,0,1,0,0,0,1,1,0,0,0,0,0,1,0,0,0,0,0,1,0,0,0,0,0,0,0,0,0,0,0,0,0,0,0,0,0,0,0,0,0,1,0,0,0,0,0,0,0,0,1,0,0,0,0,0,1,0,0,0,0,0,0,1,0,0,0,0,0,0,1,0,0,0,0,1,0,0,0,0,0,0,0,0,0,0,0,0,0,0,0,0,0,0,1,0,0,0,0,0,0,0,0,0,0,0,0,0,0,0,1,0,0,0,0,1,0,0,0,1,0,0,0,0,1,0,0,0,0,0,0,0,0,1,0,0,0,0,0,0,1,0,0,0,0,0,0,0,0,1,0,0,0,0,1,0
4.110873864173311,8.881975184248867,4,3,4,5,1950,1950,0.0,3,3,0,0,0,0,0.0,0,0.0,0.0,0.0,3,1,6.947937068614969,0.0,0.0,6.947937068614969,0.0,0.0,1,0,2,1,3,4,8,0,0,1950.0,1,2.0,420.0,3,3,2,0.0,3.4011973816621555,0.0,0.0,0.0,0,0.0,7,2006,6.947937068614969,1.0,56,56,1,0,0,0,0,0,0,0,1,0,0,0,0,0,0,0,0,0,0,0,0,0,1,0,0,1,0,0,0,1,1,0,0,0,0,0,1,0,0,0,0,0,0,0,0,0,0,0,0,1,0,0,0,0,0,0,0,0,0,0,0,0,0,0,1,0,0,0,0,0,0,0,0,1,0,0,0,0,0,1,0,0,0,0,0,0,1,0,0,0,0,0,0,1,0,0,0,0,1,0,0,0,0,0,0,0,0,0,1,0,0,0,0,0,0,0,0,0,0,0,0,0,0,0,0,0,0,0,0,0,0,0,0,0,1,0,0,0,1,0,0,0,0,1,0,0,0,1,0,0,0,0,1,0,0,0,0,0,0,0,0,0,1,0,0,0,0,0,0,0,0,0,1,0,0,0,0,1,0
4.454347296253507,9.04793908261736,4,3,5,3,1961,1961,5.318119993844216,3,3,3,3,1,3,6.398594934535208,1,0.0,6.455198563340122,1235.0,3,1,7.119635638017636,0.0,0.0,7.119635638017636,0.0,0.0,1,0,2,1,3,6,8,0,0,1961.0,1,2.0,480.0,3,3,2,0.0,0.0,0.0,0.0,0.0,0,0.0,12,2006,7.81237820598861,1.0,45,45,1,1,0,0,0,0,0,0,1,0,0,0,0,0,0,0,0,0,0,0,0,0,1,0,0,1,0,0,0,1,1,0,0,0,0,0,1,0,0,0,0,0,0,0,0,0,0,0,0,1,0,0,0,0,0,0,0,0,0,0,0,0,0,0,1,0,0,0,0,0,0,0,0,1,0,0,0,0,0,1,0,0,0,0,0,0,1,0,0,0,0,0,0,0,0,1,0,0,1,0,0,0,0,0,0,0,0,0,0,0,0,1,0,0,0,0,0,0,0,0,0,0,0,0,0,0,1,0,0,0,0,0,0,0,0,0,1,0,0,0,0,1,0,0,0,0,0,1,0,0,0,0,0,0,0,0,1,0,1,0,0,0,0,0,0,0,0,0,0,0,0,0,1,1,0,0,0,0,0
4.394449154672439,9.500095294588894,3,3,5,7,1921,2006,0.0,3,4,4,3,1,5,6.570882962339584,1,0.0,5.099866427824199,876.0,5,1,6.872128101338986,0.0,0.0,6.872128101338986,1.0,0.0,1,0,2,1,3,5,8,0,0,1921.0,1,2.0,432.0,3,3,2,0.0,0.0,3.8066624897703196,0.0,0.0,0,0.0,8,2009,7.518064181233078,2.0,88,3,1,1,0,0,0,0,0,0,0,1,0,0,0,0,0,0,0,0,0,0,0,0,1,0,0,1,0,1,0,0,1,0,0,0,0,0,1,0,0,0,0,0,0,1,0,0,0,0,0,0,0,0,0,0,0,0,0,0,0,0,0,0,0,0,1,0,0,0,0,0,0,0,0,1,0,0,0,0,0,1,0,0,0,0,0,0,1,0,0,0,0,0,0,1,0,0,0,0,1,0,0,0,0,0,0,0,0,0,0,0,0,0,0,0,0,0,0,0,1,0,0,0,0,0,0,0,0,0,0,0,0,0,0,0,1,0,0,0,1,0,1,0,0,0,0,0,0,1,0,0,0,0,0,0,0,0,1,0,0,0,0,0,1,0,0,0,0,0,0,0,0,0,1,0,0,0,0,1,0
4.110873864173311,8.881975184248867,4,3,6,6,1910,1998,0.0,3,3,3,2,2,3,6.953684210870537,1,0.0,5.1298987149230735,1214.0,5,0,7.13966033596492,6.939253946041508,0.0,7.73718007783463,0.0,1.0,2,0,4,2,3,9,8,1,4,1900.0,1,2.0,506.0,3,3,2,0.0,0.0,0.0,0.0,4.605170185988092,0,0.0,11,2007,8.16223106548118,2.5,97,9,1,1,1,0,0,0,0,1,0,0,0,0,0,0,0,0,0,0,0,1,0,0,0,0,0,1,0,0,0,1,1,0,1,0,0,0,0,0,0,0,0,0,0,0,0,0,0,0,0,0,0,0,0,0,1,0,0,0,0,0,0,0,0,0,1,0,0,0,0,0,0,0,0,1,0,0,0,0,0,0,1,0,0,0,0,0,0,0,1,0,0,0,0,0,0,1,0,0,1,0,0,0,0,0,0,0,0,0,0,0,0,0,0,1,0,0,0,0,0,0,0,0,0,0,0,0,0,0,1,0,0,0,0,0,0,0,0,0,1,0,1,0,0,0,0,0,0,0,1,0,0,0,0,0,0,0,1,0,0,0,0,0,1,0,0,0,0,0,0,0,0,0,1,0,0,0,0,1,0
4.248495242049359,9.141847375530883,3,3,6,5,1997,1997,0.0,3,4,4,3,1,6,6.47543271670409,1,0.0,5.176149732573829,824.0,5,1,6.80903930604298,6.782192056006791,0.0,7.488293515159428,1.0,0.0,2,1,3,1,4,7,8,0,0,1997.0,2,2.0,684.0,3,3,2,0.0,5.093750200806762,0.0,0.0,0.0,0,0.0,5,2007,7.8674885686991285,3.5,10,10,1,1,0,0,0,0,0,0,0,0,0,0,0,1,0,0,0,0,0,0,0,0,1,0,0,1,0,0,0,1,1,0,0,0,0,0,1,0,0,0,0,0,1,0,0,0,0,0,0,0,0,0,0,0,0,0,0,0,0,0,0,0,0,0,1,0,0,0,0,0,0,0,0,1,0,0,0,0,0,1,0,0,0,0,0,0,0,0,0,1,0,0,0,1,0,0,0,0,1,0,0,0,0,0,0,0,0,0,0,0,0,0,0,0,0,0,0,1,0,0,0,0,0,0,0,0,0,0,0,0,0,0,0,1,0,0,0,0,1,0,0,0,1,0,0,0,0,1,0,0,0,0,0,0,0,0,1,0,1,0,0,0,0,0,0,0,0,0,0,0,0,0,1,0,0,0,0,1,0
4.189654742026425,9.186662244621605,2,3,6,8,1993,1993,4.23410650459726,5,4,4,4,1,5,5.739792912179234,1,0.0,5.916202062607435,680.0,4,1,6.523562306149512,6.673297967767654,0.0,7.293697720601438,0.0,0.0,2,1,3,1,3,6,8,1,3,1993.0,3,2.0,420.0,3,3,2,5.4510384535657,4.1588830833596715,0.0,0.0,0.0,0,6.175867270105761,4,2009,7.67368812926773,2.5,16,16,1,1,1,0,0,0,0,0,0,0,0,0,0,1,0,0,0,0,0,0,0,0,1,0,0,1,0,0,0,1,1,0,1,0,0,0,0,0,0,0,0,0,0,0,0,1,0,0,0,0,0,0,0,0,0,0,0,0,0,0,0,0,0,0,1,0,0,0,0,0,0,0,0,1,0,0,0,0,0,1,0,0,0,0,0,0,0,0,0,1,0,0,0,1,0,0,0,0,1,0,0,0,0,0,0,0,0,0,0,0,0,0,0,0,0,0,0,1,0,0,0,0,0,0,0,0,0,0,0,0,0,0,0,1,0,0,0,1,0,0,0,0,1,0,0,0,0,1,0,0,0,0,0,0,0,0,1,0,0,0,1,0,0,0,0,0,0,0,0,0,0,0,1,0,0,0,0,1,0
4.3694478524670215,9.236495329453033,3,3,7,5,1999,1999,5.214935757608986,4,3,4,3,3,5,7.0587581525186645,1,0.0,6.056784013228625,1588.0,5,1,7.370860166536716,0.0,0.0,7.370860166536716,0.0,0.0,2,0,3,1,4,6,8,0,0,1999.0,2,2.0,472.0,3,3,2,5.0689042022202315,3.4011973816621555,0.0,0.0,0.0,0,0.0,8,2006,8.063692634269517,2.0,7,7,1,1,0,0,0,0,0,0,1,0,0,0,0,0,0,0,0,0,0,0,0,0,1,0,0,1,0,0,0,1,1,0,0,0,0,0,1,0,0,0,0,0,1,0,0,0,0,0,0,0,0,0,0,0,0,0,0,0,0,0,0,0,0,0,1,0,0,0,0,0,0,0,0,1,0,0,0,0,0,1,0,0,0,0,0,0,1,0,0,0,0,0,0,1,0,0,0,0,1,0,0,0,0,0,0,0,0,0,0,0,0,0,0,0,0,0,0,1,0,0,0,0,0,0,0,0,0,0,0,0,0,0,0,1,0,0,0,1,0,0,0,0,1,0,0,0,0,1,0,0,0,0,0,0,0,0,1,0,1,0,0,0,0,0,0,0,0,0,0,0,0,0,1,0,0,0,0,1,0
4.30406509320417,9.298534382712099,4,3,4,5,1965,1965,3.8918202981106265,3,3,3,3,1,3,6.255750041753367,1,0.0,6.089044875446846,960.0,3,1,6.8679744089702925,0.0,0.0,6.8679744089702925,1.0,0.0,1,0,3,1,3,6,8,0,0,1965.0,3,1.0,432.0,3,3,1,4.795790545596741,0.0,0.0,0.0,0.0,0,0.0,5,2007,7.560601162768557,2.0,42,42,1,1,0,0,0,0,0,0,1,0,0,0,0,0,0,0,0,0,0,0,0,0,1,0,0,1,0,1,0,0,1,0,0,0,0,0,1,0,0,0,0,0,0,0,1,0,0,0,0,0,0,0,0,0,0,0,0,0,0,0,0,0,0,0,1,0,0,0,0,0,0,0,0,1,0,0,0,0,0,1,0,0,0,0,0,0,1,0,0,0,0,0,0,0,0,1,0,0,1,0,0,0,0,0,0,0,0,0,0,0,0,1,0,0,0,0,0,0,0,0,0,0,0,0,0,0,1,0,0,0,0,0,0,0,0,0,0,1,0,0,0,1,0,0,0,0,0,1,0,0,0,0,0,1,0,0,0,0,1,0,0,0,0,0,0,0,0,0,0,0,0,0,1,0,0,0,0,1,0
4.454347296253507,9.271059107010888,4,3,5,5,1920,1950,0.0,3,3,3,3,1,5,4.6913478822291435,1,0.0,5.860786223465865,458.0,2,0,6.728628613084702,0.0,0.0,6.728628613084702,0.0,0.0,1,0,2,1,3,5,8,0,0,1920.0,1,1.0,366.0,2,3,2,0.0,0.0,4.356708826689592,0.0,0.0,0,5.993961427306569,5,2010,7.165493475060845,1.0,90,60,1,1,0,0,0,0,0,0,0,1,0,0,0,0,0,0,0,0,0,0,0,0,1,0,0,1,0,0,0,1,1,0,1,0,0,0,0,0,0,0,0,0,0,0,1,0,0,0,0,0,0,0,0,0,0,0,0,0,0,0,0,0,0,0,1,0,0,0,0,0,0,0,0,1,0,0,0,0,0,1,0,0,0,0,0,0,1,0,0,0,0,0,0,1,0,0,0,0,1,0,0,0,0,0,0,0,0,0,0,0,0,0,0,0,0,0,0,0,1,0,0,0,0,0,0,0,0,0,0,0,0,0,0,0,1,0,0,0,1,0,1,0,0,0,0,0,0,1,0,0,0,0,0,0,0,0,1,0,0,1,0,0,0,0,1,0,0,0,0,0,0,0,0,1,0,0,0,0,0
4.356708826689592,9.140025198061156,3,3,4,5,1959,1959,0.0,3,3,3,3,1,5,6.345636360828596,1,0.0,5.945420608606575,950.0,2,1,7.111512116496157,0.0,0.0,7.111512116496157,1.0,0.0,1,1,3,1,3,6,8,0,0,0.0,0,0.0,0.0,0,0,2,5.8664680569332965,0.0,0.0,0.0,0.0,0,5.993961427306569,1,2010,7.685243607975833,2.5,51,51,0,1,0,0,0,0,0,0,1,0,0,0,0,0,0,0,0,0,0,0,0,0,1,0,0,1,0,0,0,1,1,0,0,0,0,0,1,0,0,0,0,0,0,0,0,0,0,0,0,1,0,0,0,0,0,0,0,0,0,0,0,0,0,0,1,0,0,0,0,0,0,0,0,1,0,0,0,0,0,1,0,0,0,0,0,0,1,0,0,0,0,0,0,1,0,0,0,0,1,0,0,0,0,0,0,0,0,0,0,0,0,0,0,0,1,0,0,0,0,0,0,0,0,0,0,0,0,0,0,0,1,0,0,0,0,0,0,0,1,0,0,1,0,0,0,0,0,1,0,0,0,0,0,0,0,0,1,0,0,0,0,0,0,1,0,0,0,0,0,0,0,0,1,0,0,0,0,1,0
4.394449154672439,9.268986567408916,3,3,6,7,1977,2001,3.367295829986474,3,3,3,3,2,5,7.0909098220799835,1,0.0,6.018593214496234,1610.0,4,1,7.384610383176974,0.0,0.0,7.384610383176974,1.0,0.0,2,0,3,1,4,6,8,2,3,1977.0,2,2.0,480.0,3,3,2,5.1298987149230735,4.23410650459726,0.0,0.0,0.0,0,0.0,2,2010,8.0774471493312,3.0,33,9,1,1,1,0,0,0,0,0,1,0,0,0,0,0,0,0,0,0,0,0,0,0,1,0,0,1,0,0,0,1,1,0,0,0,0,0,1,0,0,0,0,0,0,0,0,0,0,0,0,0,0,1,0,0,0,0,0,0,0,0,0,0,0,0,1,0,0,0,0,0,0,0,0,1,0,0,0,0,0,1,0,0,0,0,0,0,1,0,0,0,0,0,0,1,0,0,0,0,1,0,0,0,0,0,0,0,0,0,0,0,0,0,0,0,1,0,0,0,0,0,0,0,0,0,0,0,0,0,0,0,1,0,0,0,0,0,0,1,0,0,0,0,1,0,0,0,0,1,0,0,0,0,0,0,0,0,1,0,1,0,0,0,0,0,0,0,0,0,0,0,0,0,1,0,0,0,0,1,0
4.356708826689592,9.127719343287845,4,3,6,5,1985,1985,5.820082930352362,4,3,4,3,1,1,0.0,1,0.0,6.60934924316738,741.0,3,1,6.885509670034818,6.628041376179533,0.0,7.457609289715606,0.0,0.0,2,1,3,1,4,7,8,1,3,1985.0,3,2.0,476.0,3,3,2,5.262690188904886,3.8501476017100584,0.0,0.0,0.0,0,0.0,6,2010,7.813591552952433,2.5,25,25,1,1,1,0,0,0,0,0,0,0,0,0,0,1,0,0,0,0,0,0,0,0,1,0,0,1,0,0,0,1,1,0,0,0,0,0,1,0,0,0,0,0,0,0,0,0,0,0,0,0,0,0,0,0,0,0,0,1,0,0,0,0,0,0,1,0,0,0,0,0,0,0,0,1,0,0,0,0,0,1,0,0,0,0,0,0,0,0,0,1,0,0,0,1,0,0,0,0,1,0,0,0,0,0,0,0,0,0,0,0,0,1,0,0,0,0,0,0,0,0,0,0,0,0,0,0,1,0,0,0,0,0,0,0,0,0,0,1,0,0,0,1,0,0,0,0,0,1,0,0,0,0,0,0,0,0,1,0,1,0,0,0,0,0,0,0,0,0,0,0,0,0,1,0,0,0,0,1,0
4.174387269895637,8.856376036730422,4,3,5,5,1979,1979,0.0,3,2,0,0,0,0,0.0,0,0.0,0.0,0.0,3,1,7.336936913707618,0.0,0.0,7.336936913707618,0.0,0.0,2,0,4,2,3,8,8,0,0,1979.0,1,2.0,410.0,3,3,2,0.0,0.0,0.0,0.0,0.0,0,0.0,6,2009,7.336936913707618,2.0,30,30,1,0,0,0,0,0,0,0,0,0,0,0,0,0,0,0,0,0,1,0,0,0,1,0,0,1,1,0,0,0,1,0,0,0,0,0,1,0,0,0,0,0,0,0,0,0,0,0,0,0,0,0,0,0,0,0,0,1,0,0,0,0,0,0,1,0,0,0,0,0,0,0,0,1,0,0,0,0,0,0,0,1,0,0,0,0,1,0,0,0,0,0,0,1,0,0,0,0,1,0,0,0,0,0,0,0,0,0,0,0,0,1,0,0,0,0,0,0,0,0,0,0,0,0,0,0,1,0,0,0,0,0,0,0,0,0,0,0,1,0,0,0,0,1,0,0,0,1,0,0,0,0,0,0,0,0,1,0,1,0,0,0,0,0,0,0,0,0,0,0,0,0,1,0,0,1,0,0,0
4.553876891600541,9.249849505070895,3,3,7,5,2009,2009,0.0,3,3,4,3,1,1,0.0,1,0.0,7.112327444710911,1226.0,5,1,7.112327444710911,0.0,0.0,7.112327444710911,0.0,0.0,2,0,3,1,4,6,8,0,0,2009.0,2,3.0,740.0,3,3,2,0.0,3.6109179126442243,0.0,0.0,0.0,0,0.0,5,2010,7.8050670442584895,2.0,1,1,1,1,0,0,0,0,0,0,1,0,0,0,0,0,0,0,0,0,0,0,0,0,1,0,0,1,0,0,0,1,1,0,1,0,0,0,0,0,0,0,0,0,1,0,0,0,0,0,0,0,0,0,0,0,0,0,0,0,0,0,0,0,0,0,1,0,0,0,0,0,0,0,0,1,0,0,0,0,0,1,0,0,0,0,0,0,1,0,0,0,0,0,0,1,0,0,0,0,1,0,0,0,0,0,0,0,0,0,0,0,0,0,0,0,0,0,0,1,0,0,0,0,0,0,0,0,0,0,0,0,0,0,0,1,0,0,0,0,1,0,0,0,1,0,0,0,0,1,0,0,0,0,0,0,0,0,1,0,1,0,0,0,0,0,0,0,0,0,0,0,0,0,1,0,0,0,0,1,0
4.110873864173311,8.95660873889395,4,3,7,4,1931,1950,6.398594934535208,3,2,3,3,1,2,5.41610040220442,1,0.0,6.705639094860003,1040.0,5,1,7.112327444710911,6.385194398997726,0.0,7.506042178518122,0.0,0.0,1,1,4,1,3,7,8,2,3,1951.0,1,1.0,240.0,3,3,2,0.0,0.0,0.0,0.0,5.220355825078324,0,0.0,6,2007,7.958227192322312,1.5,76,57,1,1,1,0,0,0,0,0,0,0,0,0,1,0,0,0,0,0,0,0,0,0,0,1,0,1,0,0,0,1,1,0,1,0,0,0,0,0,0,0,0,0,0,0,0,0,1,0,0,0,0,0,0,0,0,0,0,0,0,0,0,0,0,0,1,0,0,0,0,0,0,0,0,1,0,0,0,0,0,1,0,0,0,0,1,0,0,0,0,0,0,0,0,1,0,0,0,0,1,0,0,0,0,0,0,0,0,0,0,0,0,0,0,0,0,0,1,0,0,0,0,0,0,0,0,0,0,0,0,0,0,0,1,0,0,0,0,1,0,0,0,0,1,0,0,0,0,1,0,0,0,0,0,1,0,0,0,0,0,0,0,0,1,0,0,0,0,0,0,0,0,0,1,0,0,0,0,1,0
4.330733340286331,9.145908511816794,4,3,8,5,2003,2004,6.645090969505644,4,3,5,3,1,1,0.0,1,0.0,6.960347729101308,1053.0,5,1,6.960347729101308,6.84587987526405,0.0,7.597396320212795,0.0,0.0,2,1,3,1,4,9,8,1,4,2003.0,2,2.0,648.0,3,3,2,4.948759890378168,3.828641396489095,0.0,0.0,0.0,0,0.0,8,2008,8.021584533455107,2.5,5,4,1,1,1,0,0,0,0,0,0,0,0,0,0,1,0,0,0,0,0,0,1,0,0,0,0,1,0,0,0,1,1,0,0,0,0,0,1,0,0,0,0,0,0,0,0,0,0,0,0,0,0,0,0,0,0,0,0,0,1,0,0,0,0,0,1,0,0,0,0,0,0,0,0,1,0,0,0,0,0,1,0,0,0,0,0,0,0,0,0,1,0,0,0,0,0,1,0,0,1,0,0,0,0,0,0,0,0,0,0,0,0,0,0,0,0,0,0,1,0,0,0,0,0,0,0,0,0,0,0,0,0,0,0,1,0,0,0,1,0,0,0,0,1,0,0,0,0,1,0,0,0,0,0,0,0,0,1,0,1,0,0,0,0,0,0,0,0,0,0,0,0,0,1,0,0,0,0,1,0
4.110873864173311,9.287394001418473,4,3,4,7,1885,1995,0.0,3,3,2,3,1,1,0.0,1,0.0,6.464588303689961,641.0,4,1,6.954638864880987,0.0,0.0,6.954638864880987,0.0,0.0,1,0,2,1,3,6,8,0,0,1954.0,1,1.0,273.0,2,2,0,0.0,0.0,0.0,0.0,0.0,0,6.111467339502679,8,2007,7.4318919168078,1.0,122,12,1,1,0,0,0,0,0,0,0,1,0,0,0,0,0,0,0,0,0,0,0,0,0,1,0,1,0,0,0,1,1,0,0,0,0,0,1,0,0,0,0,0,0,0,0,0,0,0,0,0,0,0,0,0,1,0,0,0,0,0,0,0,0,0,1,0,0,0,0,0,0,0,0,1,0,0,0,0,0,1,0,0,0,0,0,0,1,0,0,0,0,0,0,0,0,0,1,0,1,0,0,0,0,0,0,0,0,0,0,0,0,0,0,0,0,0,0,1,0,0,0,0,0,0,0,0,0,0,0,0,0,0,0,1,0,0,0,0,1,0,1,0,0,0,0,0,0,1,0,0,0,0,0,0,0,0,1,0,0,0,0,0,1,0,0,0,0,0,0,0,0,0,1,0,0,0,0,1,0
3.9318256327243257,8.699681400989514,4,3,5,5,1948,1950,0.0,3,3,3,3,1,5,4.653960350157523,4,5.135798437050262,6.248042874508429,789.0,5,1,6.672032945461067,0.0,0.0,6.672032945461067,0.0,0.0,1,0,2,1,3,5,8,0,0,1948.0,1,1.0,250.0,3,3,2,0.0,0.0,0.0,0.0,0.0,0,0.0,4,2008,7.364547014255642,1.0,60,58,1,1,0,0,0,0,0,0,1,0,0,0,0,0,0,0,0,0,0,0,0,0,0,1,0,1,0,0,0,1,1,0,0,0,0,0,1,0,0,0,0,0,0,0,0,0,0,0,0,0,0,0,0,0,1,0,0,0,0,0,0,0,0,0,1,0,0,0,0,0,0,0,0,1,0,0,0,0,0,1,0,0,0,0,0,0,1,0,0,0,0,0,0,1,0,0,0,0,1,0,0,0,0,0,0,0,0,0,0,0,0,0,0,0,0,0,0,1,0,0,0,0,0,0,0,0,0,0,0,0,0,0,0,1,0,0,0,0,1,0,0,1,0,0,0,0,0,1,0,0,0,0,0,0,0,0,1,0,0,0,0,0,1,0,0,0,0,0,0,0,0,0,1,0,0,0,0,0,1
4.454347296253507,9.04793908261736,4,3,5,7,1919,2005,0.0,3,3,3,3,1,1,0.0,1,0.0,6.677083461247136,793.0,3,0,6.905753276311464,6.255750041753367,0.0,7.325148957955575,0.0,0.0,2,0,3,1,2,7,8,0,0,0.0,0,0.0,0.0,0,0,0,0.0,0.0,4.976733742420574,0.0,0.0,0,0.0,8,2007,7.745435610274381,2.0,88,2,0,1,0,0,0,0,0,0,0,0,0,0,1,0,0,0,0,0,0,0,0,0,0,1,0,1,0,0,0,1,1,0,1,0,0,0,0,0,0,0,0,0,0,0,0,0,1,0,0,0,0,0,0,0,0,0,0,0,0,0,0,0,1,0,0,0,0,0,0,0,0,0,0,1,0,0,0,0,0,1,0,0,0,0,1,0,0,0,0,0,0,0,0,1,0,0,0,0,1,0,0,0,0,0,0,0,0,0,0,0,1,0,0,0,0,0,0,0,0,0,0,0,0,0,0,1,0,0,0,0,0,0,0,0,0,0,0,0,1,0,0,1,0,0,0,0,0,0,1,0,0,0,0,1,0,0,0,0,0,0,0,0,0,1,0,0,0,0,0,0,0,0,1,0,0,0,0,1,0
4.663439094112067,9.371778717853713,3,3,6,6,1977,1977,6.175867270105761,3,3,4,3,1,4,6.559615237493242,1,0.0,7.038783541388542,1844.0,5,1,7.520234556474628,0.0,0.0,7.520234556474628,0.0,0.0,2,0,3,1,3,7,8,1,3,1977.0,2,2.0,546.0,3,3,2,0.0,4.812184355372417,0.0,0.0,0.0,0,0.0,1,2010,8.213110697596676,2.0,33,33,1,1,1,0,0,0,0,0,1,0,0,0,0,0,0,0,0,0,0,0,0,0,1,0,0,1,0,0,0,1,1,0,0,0,0,0,1,0,0,0,0,0,0,0,0,0,0,0,0,0,0,1,0,0,0,0,0,0,0,0,0,0,0,0,1,0,0,0,0,0,0,0,0,1,0,0,0,0,0,1,0,0,0,0,0,0,1,0,0,0,0,0,0,0,0,1,0,0,1,0,0,0,0,0,0,0,0,0,0,0,0,0,0,0,1,0,0,0,0,0,0,0,0,0,0,0,0,0,0,0,1,0,0,0,0,0,0,1,0,0,0,1,0,0,0,0,0,1,0,0,0,0,0,0,0,0,1,0,1,0,0,0,0,0,1,0,0,0,0,0,0,0,0,0,0,0,0,1,0
4.330733340286331,9.161780181360806,4,3,6,4,1954,1972,0.0,3,3,3,2,1,3,6.09807428216624,1,0.0,6.311734809152915,994.0,4,1,7.104144092987527,6.461468176353717,0.0,7.526178913346146,0.0,0.0,2,0,4,1,3,7,8,0,0,1954.0,1,1.0,325.0,3,3,2,5.209486152841421,0.0,0.0,0.0,0.0,0,0.0,10,2006,7.955074273262696,2.0,52,34,1,1,0,0,0,0,0,0,0,0,0,0,1,0,0,0,0,0,0,0,0,0,1,0,0,1,0,0,0,1,1,0,0,0,0,0,1,0,0,0,0,0,0,0,1,0,0,0,0,0,0,0,0,0,0,0,0,0,0,0,0,0,0,0,1,0,0,0,0,0,0,0,0,1,0,0,0,0,0,1,0,0,0,0,1,0,0,0,0,0,0,0,0,1,0,0,0,0,1,0,0,0,0,0,0,0,0,0,0,0,0,0,0,0,0,0,0,0,1,0,0,0,0,0,0,0,0,0,0,0,0,0,0,0,1,0,0,0,1,0,0,1,0,0,0,0,0,1,0,0,0,0,0,0,0,0,1,0,1,0,0,0,0,0,0,0,0,0,0,0,0,0,1,0,0,0,0,1,0
4.189654742026425,8.955577146281511,3,3,7,5,2000,2000,0.0,3,3,4,3,1,6,5.5254529391317835,1,0.0,4.90527477843843,384.0,5,1,6.652863029353347,6.48768401848461,0.0,7.266128779556451,0.0,0.0,2,1,3,1,3,7,8,1,3,2000.0,3,2.0,400.0,3,3,2,5.198497031265826,0.0,0.0,0.0,0.0,0,0.0,4,2010,7.503840746698951,2.5,10,10,1,1,1,0,0,0,0,0,0,0,0,0,0,0,0,0,1,0,0,0,0,0,1,0,0,1,0,0,0,1,1,0,0,0,0,0,1,0,0,0,0,0,0,0,0,1,0,0,0,0,0,0,0,0,0,0,0,0,0,0,0,0,0,0,1,0,0,0,0,0,0,0,0,1,0,0,0,0,0,1,0,0,0,0,0,0,0,0,0,0,0,1,0,1,0,0,0,0,1,0,0,0,0,0,0,0,0,0,0,0,0,0,0,0,0,0,0,1,0,0,0,0,0,0,0,0,0,0,0,0,0,0,0,1,0,0,0,0,1,0,0,0,1,0,0,0,0,1,0,0,0,0,0,0,0,0,1,0,0,0,1,0,0,0,0,0,0,0,0,0,0,0,1,0,0,0,0,1,0
4.356708826689592,9.20693457884135,4,3,7,5,2007,2007,5.3981627015177525,4,3,5,3,3,6,6.892641641172089,1,0.0,5.638354669333745,1264.0,5,1,7.1569563646156364,7.254884810077338,0.0,7.89989532313973,1.0,0.0,2,1,4,1,5,10,8,1,4,2007.0,3,3.0,792.0,3,3,2,4.795790545596741,5.220355825078324,0.0,0.0,5.1298987149230735,0,0.0,10,2007,8.284251797621916,3.5,0,0,1,1,1,0,0,0,0,0,0,0,0,0,0,1,0,0,0,0,0,0,0,0,1,0,0,1,0,0,0,1,1,0,0,0,0,0,1,0,0,0,0,0,1,0,0,0,0,0,0,0,0,0,0,0,0,0,0,0,0,0,0,0,0,0,1,0,0,0,0,0,0,0,0,1,0,0,0,0,0,1,0,0,0,0,0,0,0,0,0,1,0,0,0,1,0,0,0,0,1,0,0,0,0,0,0,0,0,0,0,0,0,0,0,0,0,0,0,1,0,0,0,0,0,0,0,0,0,0,0,0,0,0,0,1,0,0,0,0,0,1,0,0,1,0,0,0,0,1,0,0,0,0,0,0,0,0,1,0,0,0,1,0,0,0,0,0,0,0,0,0,1,0,0,0,0,0,0,0,1
4.31748811353631,9.952325334619427,4,3,6,5,1953,1953,5.220355825078324,3,4,4,3,2,5,3.58351893845611,3,6.76849321164863,6.80903930604298,1809.0,3,1,7.723120092266331,0.0,0.0,7.723120092266331,1.0,0.0,2,0,3,1,4,7,8,2,4,1953.0,1,2.0,450.0,3,3,2,5.117993812416755,4.795790545596741,5.262690188904886,0.0,0.0,0,0.0,10,2007,8.31115254800169,3.0,54,54,1,1,1,0,0,0,0,0,1,0,0,0,0,0,0,0,0,0,0,0,0,0,1,0,0,1,1,0,0,0,1,0,1,0,0,0,0,0,0,0,0,0,0,1,0,0,0,0,0,0,0,0,0,0,0,0,0,0,0,0,0,0,0,0,1,0,0,0,0,0,0,0,0,1,0,0,0,0,0,1,0,0,0,0,0,0,1,0,0,0,0,0,0,0,0,1,0,0,1,0,0,0,0,0,0,0,0,0,0,0,0,0,0,0,0,0,0,0,1,0,0,0,0,0,0,0,0,0,0,0,0,0,0,0,1,0,0,1,0,0,0,1,0,0,0,0,0,1,0,0,0,0,0,0,0,0,1,0,0,1,0,0,0,0,1,0,0,0,0,0,0,0,0,1,0,0,0,0,0
4.127134385045092,8.890135107818843,3,2,6,8,1945,2002,0.0,3,3,3,3,1,5,6.652863029353347,2,5.017279836814924,4.653960350157523,1028.0,5,1,7.270312886079025,6.785587645007929,0.0,7.749753406274437,1.0,0.0,2,1,3,1,4,9,8,1,3,1945.0,1,1.0,180.0,3,3,2,5.41610040220442,0.0,0.0,0.0,0.0,0,0.0,7,2007,8.116417072794205,3.5,62,5,1,1,1,0,0,0,0,0,0,0,0,0,0,0,1,0,0,0,0,0,0,0,1,0,0,1,0,0,0,1,1,0,0,0,0,0,1,0,0,0,0,0,0,1,0,0,0,0,0,0,0,0,0,0,0,0,0,0,0,0,0,0,0,0,1,0,0,0,0,0,0,0,0,1,0,0,0,0,0,1,0,0,0,0,0,0,0,0,0,1,0,0,0,0,1,0,0,0,1,0,0,0,0,0,0,0,0,0,0,0,0,0,0,0,0,0,0,0,1,0,0,0,0,0,0,0,0,0,0,0,0,0,0,0,1,0,0,0,1,0,0,1,0,0,0,0,0,1,0,0,0,0,0,0,0,0,1,0,0,0,0,0,1,0,0,0,0,0,0,0,0,0,1,0,0,0,0,1,0
3.5553480614894135,8.080546965824498,4,3,6,5,1999,1999,7.029972911706386,3,3,4,3,1,6,6.040254711277414,1,0.0,5.739792912179234,729.0,4,1,6.593044534142437,6.593044534142437,0.0,7.285506548522785,0.0,0.0,2,1,2,1,3,5,8,1,2,1999.0,1,2.0,440.0,3,3,2,0.0,3.4965075614664802,0.0,0.0,0.0,0,0.0,6,2007,7.690743163541872,2.5,8,8,1,1,1,0,0,1,0,0,0,0,0,0,0,0,0,0,0,0,0,0,1,0,0,0,0,1,0,0,0,1,1,0,1,0,0,0,0,0,0,0,0,0,0,0,0,0,0,0,0,0,0,0,0,0,0,0,0,0,1,0,0,0,0,0,1,0,0,0,0,0,0,0,0,1,0,0,0,0,0,0,0,0,0,1,0,0,0,0,0,1,0,0,0,1,0,0,0,0,1,0,0,0,0,0,0,0,0,0,0,0,0,0,0,1,0,0,0,0,0,0,0,0,0,0,0,0,0,0,1,0,0,0,0,0,0,0,0,1,0,0,0,0,1,0,0,0,0,1,0,0,0,0,0,0,0,0,1,0,0,0,0,0,1,0,0,0,0,0,0,0,0,0,1,0,0,0,0,1,0
4.276666119016055,9.360224821513475,4,3,5,5,1962,1962,4.762173934797756,3,3,3,3,1,2,5.14166355650266,4,6.508769136971682,5.53338948872752,1092.0,3,1,6.996681488176539,0.0,0.0,6.996681488176539,0.0,1.0,1,0,3,1,3,6,8,1,1,1962.0,1,1.0,288.0,3,3,2,0.0,3.044522437723423,4.976733742420574,0.0,0.0,0,0.0,9,2009,7.68937110752969,1.5,47,47,1,1,1,0,0,0,0,0,1,0,0,0,0,0,0,0,0,0,0,0,0,0,1,0,0,1,0,0,0,1,1,0,0,0,0,0,1,0,0,0,0,0,0,0,0,0,0,0,0,0,0,0,0,0,0,0,1,0,0,0,0,0,0,0,1,0,0,0,0,0,0,0,0,1,0,0,0,0,0,1,0,0,0,0,0,0,1,0,0,0,0,0,0,1,0,0,0,0,1,0,0,0,0,0,0,0,0,0,0,0,0,0,0,0,0,0,0,0,1,0,0,0,0,0,0,0,0,0,0,0,0,0,0,0,1,0,0,1,0,0,0,1,0,0,0,0,0,1,0,0,0,0,0,0,0,0,1,0,1,0,0,0,0,0,0,0,0,0,0,0,0,0,1,0,0,0,0,1,0
4.31748811353631,9.052164937010307,4,3,5,5,2006,2007,0.0,3,3,4,3,1,1,0.0,1,0.0,7.026426808699636,1125.0,4,1,7.026426808699636,0.0,0.0,7.026426808699636,0.0,0.0,1,1,2,1,3,5,8,0,0,2007.0,1,2.0,430.0,3,3,2,4.394449154672439,4.174387269895637,0.0,0.0,0.0,0,0.0,4,2007,7.719129840906732,1.5,1,0,1,1,0,0,0,0,0,0,1,0,0,0,0,0,0,0,0,0,0,0,0,0,1,0,0,1,0,0,0,1,1,0,1,0,0,0,0,0,0,0,0,0,0,0,1,0,0,0,0,0,0,0,0,0,0,0,0,0,0,0,0,0,0,0,1,0,0,0,0,0,0,0,0,1,0,0,0,0,0,1,0,0,0,0,0,0,1,0,0,0,0,0,0,1,0,0,0,0,1,0,0,0,0,0,0,0,0,0,0,0,0,0,0,0,0,0,0,1,0,0,0,0,0,0,0,0,0,0,0,0,0,0,0,1,0,0,0,0,1,0,0,0,1,0,0,0,0,1,0,0,0,0,0,0,0,0,1,0,1,0,0,0,0,0,0,0,0,0,0,0,1,0,0,0,0,0,0,0,1
4.51085950651685,9.423595190540022,4,3,7,5,1990,1990,0.0,3,3,4,3,2,6,7.293697720601438,1,0.0,5.318119993844216,1673.0,4,1,7.438383530044307,7.329093736246592,0.0,8.078067881815437,1.0,0.0,3,0,5,1,4,11,8,2,3,1990.0,1,3.0,594.0,3,3,2,5.908082938168931,0.0,0.0,0.0,0.0,0,0.0,5,2010,8.496173824192162,4.0,20,20,1,1,1,0,0,0,0,0,0,0,0,0,0,1,0,0,0,0,0,0,0,0,1,0,0,1,0,0,0,1,1,0,1,0,0,0,0,0,0,0,0,0,0,0,0,0,0,0,0,0,0,0,0,0,0,0,0,1,0,0,0,0,0,0,1,0,0,0,0,0,0,0,0,1,0,0,0,0,0,1,0,0,0,0,0,0,0,0,0,1,0,0,0,0,0,1,0,0,1,0,0,0,0,0,0,0,0,0,0,0,0,0,0,0,1,0,0,0,0,0,0,0,0,0,0,0,0,0,0,0,1,0,0,0,0,0,0,0,1,0,0,0,1,0,0,0,0,1,0,0,0,0,0,0,0,0,1,0,1,0,0,0,0,0,0,0,0,0,0,0,0,0,1,0,0,0,0,1,0
4.189654742026425,9.043340831280013,4,3,6,5,2005,2006,0.0,4,3,4,3,1,1,0.0,1,0.0,6.591673732008658,728.0,5,1,6.591673732008658,6.591673732008658,0.0,7.284134806195205,0.0,0.0,2,1,3,1,4,8,8,1,4,2005.0,3,2.0,390.0,3,3,2,0.0,3.2188758248682006,0.0,0.0,0.0,0,0.0,7,2006,7.68937110752969,2.5,1,0,1,1,1,0,0,0,0,0,0,0,0,0,0,1,0,0,0,0,0,0,0,0,1,0,0,1,0,0,0,1,1,0,0,0,0,0,1,0,0,0,0,0,1,0,0,0,0,0,0,0,0,0,0,0,0,0,0,0,0,0,0,0,0,0,1,0,0,0,0,0,0,0,0,1,0,0,0,0,0,1,0,0,0,0,0,0,0,0,0,1,0,0,0,1,0,0,0,0,1,0,0,0,0,0,0,0,0,0,0,0,0,0,0,0,0,0,0,1,0,0,0,0,0,0,0,0,0,0,0,0,0,0,0,1,0,0,0,0,1,0,0,0,1,0,0,0,0,1,0,0,0,0,0,0,0,0,1,0,1,0,0,0,0,0,0,0,0,0,0,0,1,0,0,0,0,0,0,0,1
4.394449154672439,9.973666387157374,3,1,6,5,1969,1969,0.0,3,3,3,3,4,5,6.844815479208263,1,0.0,0.0,938.0,5,1,6.8966943316227125,0.0,0.0,6.8966943316227125,1.0,0.0,1,0,1,1,3,4,8,2,3,1969.0,1,2.0,540.0,3,3,2,0.0,4.875197323201151,0.0,4.875197323201151,0.0,0,0.0,10,2006,7.563719668414366,2.0,37,37,1,1,1,0,0,0,0,0,0,0,0,0,0,0,0,0,1,0,0,0,0,0,1,0,0,1,0,0,1,0,1,0,0,1,0,0,0,0,0,0,0,1,0,0,0,0,0,0,0,0,0,0,0,0,0,0,0,0,0,0,0,0,0,0,1,0,0,0,0,0,0,0,0,1,0,0,0,0,0,1,0,0,0,0,0,0,0,0,0,0,0,1,1,0,0,0,0,0,0,0,1,0,0,0,0,0,0,0,0,0,0,0,0,0,1,0,0,0,0,0,0,0,0,0,0,0,0,0,0,0,1,0,0,0,0,0,0,0,1,0,0,1,0,0,0,0,0,1,0,0,0,0,0,0,0,0,1,0,1,0,0,0,0,0,0,0,0,0,0,0,0,0,1,0,0,0,0,1,0
3.9318256327243257,8.709630081951286,4,3,4,5,1939,1950,0.0,3,3,3,3,1,1,0.0,1,0.0,6.597145701886651,732.0,4,1,6.650279048587422,5.863631175598097,0.0,7.024649030453636,0.0,0.0,1,0,3,1,3,4,8,0,0,1979.0,1,1.0,264.0,3,3,1,0.0,0.0,4.948759890378168,0.0,0.0,0,0.0,6,2007,7.526178913346146,1.0,68,57,1,1,0,0,0,0,0,0,0,0,0,0,1,0,0,0,0,0,0,0,0,0,0,1,0,1,0,0,0,1,1,0,0,0,0,0,1,0,0,0,0,0,0,0,0,0,1,0,0,0,0,0,0,0,0,0,0,0,0,0,0,0,0,0,1,0,0,0,0,0,0,0,0,1,0,0,0,0,0,1,0,0,0,0,1,0,0,0,0,0,0,0,0,1,0,0,0,0,1,0,0,0,0,0,0,1,0,0,0,0,0,0,0,0,0,0,0,0,0,0,1,0,0,0,0,0,0,0,0,0,0,0,0,0,0,0,0,0,1,0,0,0,1,0,0,0,0,1,0,0,0,0,0,0,0,0,1,0,0,0,0,0,1,0,0,0,0,0,0,0,0,0,1,0,0,0,0,1,0
4.330733340286331,9.155356063643422,4,3,6,7,1958,1958,4.912654885736052,3,4,3,3,1,4,6.3473892096560105,1,0.0,6.236369590203704,1080.0,4,1,6.985641817639208,0.0,0.0,6.985641817639208,0.0,0.0,1,0,3,1,3,5,8,0,0,1958.0,1,1.0,288.0,3,3,2,0.0,0.0,0.0,0.0,4.875197323201151,0,0.0,6,2008,7.6783263565068856,1.0,50,50,1,1,0,0,0,0,0,0,1,0,0,0,0,0,0,0,0,0,0,0,0,0,1,0,0,1,0,0,0,1,1,0,1,0,0,0,0,0,0,0,0,0,0,0,0,0,0,0,0,1,0,0,0,0,0,0,0,0,0,0,0,0,0,0,1,0,0,0,0,0,0,0,0,1,0,0,0,0,0,1,0,0,0,0,0,0,1,0,0,0,0,0,0,0,0,1,0,0,1,0,0,0,0,0,0,0,0,0,0,0,0,0,0,1,0,0,0,0,0,0,0,0,0,0,0,0,0,0,1,0,0,0,0,0,0,0,0,1,0,0,0,1,0,0,0,0,0,1,0,0,0,0,0,0,0,0,1,0,1,0,0,0,0,0,0,0,0,0,0,0,0,0,1,0,0,0,0,1,0
4.02535169073515,8.973731569708402,4,3,6,5,1993,1993,0.0,4,3,4,3,1,6,5.707110264748875,1,0.0,6.802394763324311,1199.0,5,1,7.090076835776092,0.0,0.0,7.090076835776092,0.0,0.0,2,0,2,1,4,5,8,0,0,1993.0,2,2.0,530.0,3,3,2,0.0,4.1588830833596715,0.0,0.0,0.0,0,0.0,3,2008,7.782807262839695,2.0,15,15,1,1,0,1,0,0,0,0,0,0,0,0,0,0,0,0,0,0,0,0,0,0,1,0,0,1,0,0,0,1,1,0,0,0,0,0,1,0,0,0,0,0,0,0,0,0,0,0,0,0,0,0,0,0,0,0,0,1,0,0,0,0,0,0,1,0,0,0,0,0,0,0,0,1,0,0,0,0,0,0,0,0,0,1,0,0,1,0,0,0,0,0,0,1,0,0,0,0,1,0,0,0,0,0,0,0,0,0,0,0,0,0,0,0,1,0,0,0,0,0,0,0,0,0,0,0,0,0,0,0,1,0,0,0,0,0,0,0,1,0,0,0,1,0,0,0,0,1,0,0,0,0,0,0,0,0,1,0,1,0,0,0,0,0,0,0,0,0,0,0,0,0,1,0,0,0,0,1,0
3.8918202981106265,9.743553514619803,3,3,6,5,1979,1998,0.0,3,4,4,2,1,1,0.0,1,0.0,7.217443431696533,1362.0,3,1,7.369600720526409,0.0,0.0,7.369600720526409,0.0,0.0,2,0,3,1,3,7,8,1,3,1979.0,1,2.0,435.0,3,3,2,5.262690188904886,0.0,0.0,0.0,0.0,0,0.0,1,2009,7.989221408815276,2.0,30,11,1,1,1,0,0,0,0,0,1,0,0,0,0,0,0,0,0,0,0,0,0,0,1,0,0,1,0,0,0,1,1,0,0,1,0,0,0,0,0,0,0,0,0,0,0,0,0,0,0,0,0,1,0,0,0,0,0,0,0,0,0,0,0,0,1,0,0,0,0,0,0,0,0,1,0,0,0,0,0,1,0,0,0,0,0,0,1,0,0,0,0,0,0,1,0,0,0,0,1,0,0,0,0,0,0,0,0,0,0,0,0,1,0,0,0,0,0,0,0,0,0,0,0,0,0,0,1,0,0,0,0,0,0,0,0,0,0,0,1,0,0,1,0,0,0,0,0,1,0,0,0,0,0,0,0,0,1,0,1,0,0,0,0,0,0,0,0,0,0,0,0,0,1,0,0,0,0,1,0
4.110873864173311,8.821879862683842,4,3,6,8,1935,1982,0.0,3,2,3,3,3,6,6.19644412779452,1,0.0,3.4339872044851463,520.0,4,0,6.255750041753367,0.0,5.459585514144159,6.626717749249025,1.0,0.0,1,0,2,1,3,5,8,0,0,0.0,0,0.0,0.0,0,0,0,3.9889840465642745,0.0,0.0,0.0,0.0,0,0.0,6,2006,6.947937068614969,2.0,71,24,0,1,0,0,0,0,0,1,0,0,0,0,0,0,0,0,0,0,0,0,0,0,0,1,0,1,0,0,0,1,1,0,0,0,0,0,1,0,0,0,0,0,0,0,0,0,1,0,0,0,0,0,0,0,0,0,0,0,0,0,0,0,0,0,1,0,0,0,0,0,0,0,0,1,0,0,0,0,0,0,1,0,0,0,1,0,0,0,0,0,0,0,0,1,0,0,0,0,1,0,0,0,0,0,0,0,0,0,0,0,0,0,0,0,0,0,0,0,1,0,0,0,0,0,0,0,0,0,0,0,0,0,0,0,1,0,0,0,1,0,0,1,0,0,0,0,0,1,0,0,0,0,0,0,0,0,1,0,0,0,0,0,0,1,0,0,0,0,0,0,0,0,1,0,0,0,0,1,0
3.2188758248682006,8.502891406705377,3,3,6,5,1976,1976,0.0,3,3,4,3,1,5,4.795790545596741,1,0.0,6.8658910748834385,1078.0,3,1,6.8658910748834385,0.0,0.0,6.8658910748834385,0.0,0.0,2,0,2,1,3,5,8,1,3,1977.0,2,2.0,440.0,3,3,2,0.0,5.327876168789581,0.0,0.0,0.0,0,0.0,2,2007,7.619233416226805,2.0,31,31,1,1,1,1,0,0,0,0,0,0,0,0,0,0,0,0,0,0,0,0,0,0,1,0,0,1,0,0,0,1,1,0,0,0,0,0,1,0,0,0,0,0,0,0,0,0,0,0,0,0,1,0,0,0,0,0,0,0,0,0,0,0,0,0,1,0,0,0,0,0,0,0,0,1,0,0,0,0,0,0,0,0,0,1,0,0,1,0,0,0,0,0,0,1,0,0,0,0,1,0,0,0,0,0,0,0,0,0,0,0,0,0,0,0,1,0,0,0,0,0,0,0,0,0,0,0,0,0,0,0,1,0,0,0,0,0,0,0,1,0,0,1,0,0,0,0,0,1,0,0,0,0,0,0,0,0,1,0,1,0,0,0,0,0,0,0,0,0,0,0,0,0,1,0,0,0,0,1,0
4.02535169073515,8.386856689688234,3,3,5,7,1930,1950,0.0,3,4,3,3,1,2,4.762173934797756,1,0.0,6.322565239927284,672.0,5,1,6.734591659972948,0.0,0.0,6.734591659972948,0.0,0.0,1,0,3,1,3,5,8,1,3,0.0,0,0.0,0.0,0,0,0,0.0,0.0,0.0,0.0,0.0,0,0.0,6,2007,7.321849713788356,1.0,77,57,0,1,1,0,0,0,0,0,0,0,0,1,0,0,0,0,0,0,0,0,0,0,0,1,0,1,1,0,0,0,1,0,0,0,0,0,1,0,0,0,0,0,0,0,0,0,0,0,0,0,0,0,0,0,1,0,0,0,0,0,0,0,0,1,0,0,0,0,0,0,0,0,0,1,0,0,0,0,0,1,0,0,0,0,0,1,0,0,0,0,0,0,0,1,0,0,0,0,1,0,0,0,0,0,0,0,0,0,0,0,0,0,0,0,0,0,0,0,0,1,0,0,0,0,0,0,0,0,0,0,0,0,0,0,1,0,0,0,1,0,1,0,0,0,0,0,0,1,0,0,0,0,0,0,0,0,1,0,0,0,0,0,0,1,0,0,0,0,0,0,0,0,1,0,0,0,0,1,0
4.248495242049359,8.934718614016768,4,3,6,5,1966,1966,5.58724865840025,3,3,3,3,1,4,6.240275845170769,1,0.0,5.003946305945459,660.0,3,1,6.493753839851686,6.535241271013659,0.0,7.207118856207756,0.0,0.0,1,1,3,1,3,6,8,1,2,1966.0,2,2.0,453.0,3,3,2,5.241747015059643,4.6913478822291435,0.0,0.0,0.0,0,0.0,7,2006,7.605392364814935,1.5,40,40,1,1,1,0,0,0,0,0,0,0,0,0,0,1,0,0,0,0,0,0,0,0,1,0,0,1,0,0,0,1,1,0,0,0,0,0,1,0,0,0,0,0,0,0,0,0,0,0,0,1,0,0,0,0,0,0,0,0,0,0,0,0,0,0,0,0,1,0,0,0,0,0,0,1,0,0,0,0,0,1,0,0,0,0,0,0,0,0,0,1,0,0,0,1,0,0,0,0,1,0,0,0,0,0,0,0,0,0,0,0,0,0,0,0,0,0,0,1,0,0,0,0,0,0,0,0,0,0,0,0,0,0,0,1,0,0,0,1,0,0,0,1,0,0,0,0,0,1,0,0,0,0,0,0,0,0,1,0,1,0,0,0,0,0,0,0,0,0,0,0,0,0,1,0,0,0,0,1,0
4.248495242049359,9.102086786535928,4,3,5,7,1958,1991,4.454347296253507,3,3,3,3,1,3,6.342121418721152,4,3.367295829986474,6.025865973825314,1008.0,3,1,6.960347729101308,0.0,0.0,6.960347729101308,0.0,1.0,1,1,3,1,5,6,8,0,0,1998.0,2,2.0,750.0,3,3,2,0.0,4.394449154672439,0.0,5.198497031265826,0.0,0,0.0,7,2006,7.631431664576906,2.0,48,15,1,1,0,0,0,0,0,0,1,0,0,0,0,0,0,0,0,0,0,0,0,0,1,0,0,1,0,0,0,1,1,0,0,0,0,0,1,0,0,0,0,0,0,0,0,0,0,0,0,1,0,0,0,0,0,0,0,0,0,0,0,0,0,0,1,0,0,0,0,0,0,0,0,1,0,0,0,0,0,1,0,0,0,0,0,0,1,0,0,0,0,0,0,1,0,0,0,0,1,0,0,0,0,0,0,0,0,0,0,0,0,0,0,0,1,0,0,0,0,0,0,0,0,0,0,0,0,0,0,0,1,0,0,0,0,0,0,1,0,0,0,1,0,0,0,0,0,1,0,0,0,0,1,0,0,0,0,1,0,0,0,0,0,0,0,0,0,0,0,0,0,0,1,1,0,0,0,0,0
4.48863636973214,9.561067663645012,4,3,7,6,1966,1966,5.736572297479192,3,3,3,3,1,3,6.100318952020064,1,0.0,6.173786103901937,924.0,5,1,7.104144092987527,6.848005274576363,0.0,7.67693714581808,0.0,0.0,2,1,4,1,4,8,8,2,4,1966.0,3,2.0,487.0,3,3,2,4.663439094112067,4.204692619390966,0.0,0.0,0.0,0,0.0,5,2006,8.033334015880062,2.5,40,40,1,1,1,0,0,0,0,0,0,0,0,0,0,1,0,0,0,0,0,0,0,0,1,0,0,1,0,0,0,1,1,0,1,0,0,0,0,0,0,0,0,0,0,0,0,0,0,0,0,1,0,0,0,0,0,0,0,0,0,0,0,0,0,0,1,0,0,0,0,0,0,0,0,1,0,0,0,0,0,1,0,0,0,0,0,0,0,0,0,1,0,0,0,1,0,0,0,0,1,0,0,0,0,0,0,0,0,0,0,0,0,0,0,1,0,0,0,0,0,0,0,0,0,0,0,0,0,0,1,0,0,0,0,0,0,0,0,1,0,0,0,1,0,0,0,0,0,1,0,0,0,0,0,0,0,0,1,0,1,0,0,0,0,0,0,0,0,0,0,0,0,0,1,0,0,0,0,1,0
4.189654742026425,9.411238314343073,3,3,6,5,2000,2000,3.713572066704308,4,3,4,3,1,6,6.54534966033442,1,0.0,5.697093486505405,992.0,5,1,6.930494765951626,6.940222469119639,0.0,7.628031126930335,1.0,0.0,2,1,3,1,4,7,8,1,3,2000.0,2,2.0,390.0,3,3,2,3.2188758248682006,3.8918202981106265,0.0,0.0,0.0,0,0.0,7,2009,8.021912778985708,3.5,9,9,1,1,1,0,0,0,0,0,0,0,0,0,0,1,0,0,0,0,0,0,0,0,1,0,0,1,0,0,0,1,1,0,1,0,0,0,0,0,0,0,0,0,0,0,0,1,0,0,0,0,0,0,0,0,0,0,0,0,0,0,0,0,0,0,1,0,0,0,0,0,0,0,0,1,0,0,0,0,0,1,0,0,0,0,0,0,0,0,0,1,0,0,0,1,0,0,0,0,1,0,0,0,0,0,0,0,0,0,0,0,0,0,0,0,0,0,0,1,0,0,0,0,0,0,0,0,0,0,0,0,0,0,0,1,0,0,0,1,0,0,0,0,1,0,0,0,0,1,0,0,0,0,0,0,0,0,1,0,0,0,1,0,0,0,0,0,0,0,0,0,0,0,1,0,0,0,0,1,0
4.330733340286331,8.907747686788648,4,3,5,6,1959,2002,0.0,3,3,3,3,1,3,6.0063531596017325,1,0.0,6.490723534502507,1063.0,4,1,7.191429330036379,0.0,0.0,7.191429330036379,1.0,0.0,1,0,3,1,4,7,8,0,0,1974.0,1,2.0,624.0,3,3,2,0.0,0.0,0.0,0.0,0.0,0,0.0,7,2007,7.779466967458324,2.0,48,5,1,1,0,0,0,0,0,0,1,0,0,0,0,0,0,0,0,0,0,0,0,0,1,0,0,1,0,0,0,1,1,0,1,0,0,0,0,0,0,0,0,0,0,0,0,0,0,0,0,1,0,0,0,0,0,0,0,0,0,0,0,0,0,0,1,0,0,0,0,0,0,0,0,1,0,0,0,0,0,1,0,0,0,0,0,0,1,0,0,0,0,0,0,1,0,0,0,0,1,0,0,0,0,0,0,0,0,0,0,0,0,0,0,1,0,0,0,0,0,0,0,0,0,0,0,0,0,0,1,0,0,0,0,0,0,0,0,0,1,0,0,1,0,0,0,0,0,1,0,0,0,0,0,0,0,0,1,0,0,0,0,0,1,0,0,0,0,0,0,0,0,0,1,0,0,0,0,1,0
4.454347296253507,8.832587702434553,3,3,8,5,2001,2002,4.919980925828125,4,3,5,3,1,6,6.913737350659685,1,0.0,5.572154032177765,1267.0,5,1,7.167809184316444,0.0,0.0,7.167809184316444,1.0,0.0,2,0,2,1,4,6,8,0,0,2001.0,3,2.0,471.0,3,3,2,5.262690188904886,3.258096538021482,0.0,0.0,0.0,0,0.0,6,2009,7.849323818040561,3.0,8,7,1,1,0,0,0,0,0,0,1,0,0,0,0,0,0,0,0,0,0,0,0,0,1,0,0,1,0,0,0,1,1,0,0,0,0,0,1,0,0,0,0,0,0,0,0,0,0,0,0,0,0,0,0,0,0,0,0,0,0,0,1,0,0,0,1,0,0,0,0,0,0,0,0,1,0,0,0,0,0,1,0,0,0,0,0,0,1,0,0,0,0,0,0,1,0,0,0,0,1,0,0,0,0,0,0,0,0,0,0,0,0,0,0,0,0,0,0,1,0,0,0,0,0,0,0,0,0,0,0,0,0,0,0,1,0,0,0,1,0,0,0,0,1,0,0,0,0,1,0,0,0,0,0,0,0,0,1,0,1,0,0,0,0,0,0,0,0,0,0,0,0,0,1,0,0,0,0,1,0
4.3694478524670215,9.243388226022383,3,3,5,6,1968,1993,0.0,3,3,3,3,1,3,6.3473892096560105,1,0.0,6.79346613258001,1461.0,4,1,7.451241684987676,0.0,0.0,7.451241684987676,0.0,0.0,2,1,3,1,3,7,7,1,3,1968.0,2,2.0,440.0,3,3,2,0.0,4.574710978503383,5.198497031265826,0.0,0.0,0,0.0,7,2006,8.065579427282092,2.5,38,13,1,1,1,0,0,0,0,0,1,0,0,0,0,0,0,0,0,0,0,0,0,0,1,0,0,1,0,0,0,1,1,0,0,0,0,0,1,0,0,0,0,0,0,0,0,0,0,0,0,0,0,0,0,0,0,0,1,0,0,0,0,0,0,0,1,0,0,0,0,0,0,0,0,1,0,0,0,0,0,1,0,0,0,0,0,0,1,0,0,0,0,0,0,1,0,0,0,0,1,0,0,0,0,0,0,0,0,0,0,0,0,0,0,0,1,0,0,0,0,0,0,0,0,0,0,0,0,0,0,0,1,0,0,0,0,0,0,0,1,0,0,1,0,0,0,0,0,1,0,0,0,0,0,0,0,0,1,0,1,0,0,0,0,0,0,0,0,0,0,0,0,0,1,0,0,0,0,1,0
4.394449154672439,9.249657234353133,4,3,7,6,1970,1970,5.666426688112432,3,3,3,3,1,1,0.0,1,0.0,7.173958319756794,1304.0,4,1,7.428333194190806,0.0,0.0,7.428333194190806,0.0,0.0,2,0,3,1,3,7,8,1,4,1970.0,1,2.0,530.0,3,3,2,4.59511985013459,0.0,0.0,0.0,0.0,0,0.0,5,2008,8.00202481821611,2.0,38,38,1,1,1,0,0,0,0,0,1,0,0,0,0,0,0,0,0,0,0,0,0,0,1,0,0,1,0,0,0,1,1,0,0,0,0,0,1,0,0,0,0,0,0,0,0,0,0,0,0,0,0,1,0,0,0,0,0,0,0,0,0,0,0,0,1,0,0,0,0,0,0,0,0,1,0,0,0,0,0,1,0,0,0,0,0,0,1,0,0,0,0,0,0,0,0,1,0,0,1,0,0,0,0,0,0,0,0,0,0,0,0,0,0,0,1,0,0,0,0,0,0,0,0,0,0,0,0,0,0,0,1,0,0,0,0,0,0,1,0,0,0,0,1,0,0,0,0,1,0,0,0,0,0,0,0,0,1,0,1,0,0,0,0,0,0,0,0,0,0,0,0,0,1,0,0,0,0,1,0
4.30406509320417,9.245321340871428,3,3,5,5,1967,1967,5.2832037287379885,3,3,3,3,1,4,6.54534966033442,1,0.0,6.253828811575473,1214.0,3,1,7.102499355774649,0.0,0.0,7.102499355774649,0.0,0.0,2,0,3,1,3,5,8,1,2,1967.0,2,1.0,318.0,3,3,2,0.0,4.718498871295094,0.0,0.0,0.0,0,0.0,7,2007,7.795234929002173,2.0,40,40,1,1,1,0,0,0,0,0,1,0,0,0,0,0,0,0,0,0,0,0,0,0,1,0,0,1,0,0,0,1,1,0,1,0,0,0,0,0,0,0,0,0,0,0,0,0,0,0,0,1,0,0,0,0,0,0,0,0,0,0,0,0,0,0,1,0,0,0,0,0,0,0,0,1,0,0,0,0,0,1,0,0,0,0,0,0,1,0,0,0,0,0,0,1,0,0,0,0,1,0,0,0,0,0,0,0,0,0,0,0,0,0,0,1,0,0,0,0,0,0,0,0,0,0,0,0,0,0,1,0,0,0,0,0,0,0,0,1,0,0,0,1,0,0,0,0,0,1,0,0,0,0,0,0,0,0,1,0,1,0,0,0,0,0,0,0,0,0,0,0,0,0,1,0,0,0,0,1,0
4.418840607796598,9.312084355859467,4,3,7,5,1988,1989,4.2626798770413155,3,3,3,3,1,1,0.0,1,0.0,7.553810852008231,1907.0,4,1,7.580699752224563,0.0,0.0,7.580699752224563,0.0,0.0,3,0,5,2,3,9,8,0,0,1989.0,1,3.0,766.0,3,3,2,0.0,0.0,0.0,0.0,0.0,0,0.0,7,2006,8.260234291607297,3.0,18,17,1,1,0,0,0,0,0,0,0,0,0,0,0,0,0,0,0,0,1,0,0,0,1,0,0,1,0,0,0,1,1,0,0,0,0,0,1,0,0,0,0,0,0,0,0,0,0,0,1,0,0,0,0,0,0,0,0,0,0,0,0,0,0,0,1,0,0,0,0,0,0,0,0,1,0,0,0,0,0,0,0,1,0,0,0,0,1,0,0,0,0,0,0,1,0,0,0,0,1,0,0,0,0,0,0,0,0,0,0,0,0,0,0,0,0,0,0,1,0,0,0,0,0,0,0,0,0,0,0,0,0,0,0,1,0,0,0,1,0,0,0,1,0,0,0,0,0,1,0,0,0,0,0,0,0,0,1,1,0,0,0,0,0,0,0,0,0,0,0,0,0,0,1,0,0,0,1,0,0
4.30406509320417,9.112396727646056,3,3,8,5,1999,2000,5.771441123130016,4,3,4,3,2,6,6.505784060128229,1,0.0,5.820082930352362,1004.0,5,1,6.912742820493176,6.744059186311348,0.0,7.52456122628536,0.0,0.0,2,1,3,1,4,7,8,2,3,1999.0,3,3.0,660.0,3,3,2,5.41610040220442,4.672828834461906,0.0,0.0,0.0,0,0.0,12,2008,7.957527402230773,2.5,9,8,1,1,1,0,0,0,0,0,0,0,0,0,0,1,0,0,0,0,0,0,0,0,1,0,0,1,0,0,0,1,1,0,0,0,0,0,1,0,0,0,0,0,1,0,0,0,0,0,0,0,0,0,0,0,0,0,0,0,0,0,0,0,0,0,1,0,0,0,0,0,0,0,0,1,0,0,0,0,0,1,0,0,0,0,0,0,0,0,0,1,0,0,0,1,0,0,0,0,1,0,0,0,0,0,0,0,0,0,0,0,0,0,0,0,0,0,0,1,0,0,0,0,0,0,0,0,0,0,0,0,0,0,0,1,0,0,0,1,0,0,0,0,1,0,0,0,0,1,0,0,0,0,0,0,0,0,1,0,1,0,0,0,0,0,0,0,0,0,0,0,0,0,1,0,0,0,0,1,0
4.189654742026425,9.64387450001194,3,3,6,5,1997,1997,0.0,3,3,4,3,1,6,6.71174039505618,1,0.0,4.68213122712422,928.0,5,1,6.834108738813838,6.729824070489475,0.0,7.475905969367397,1.0,0.0,2,1,3,1,4,7,8,0,0,1997.0,2,2.0,470.0,3,3,2,5.6240175061873385,4.605170185988092,0.0,0.0,0.0,0,0.0,8,2009,7.898411092811599,3.5,12,12,1,1,0,0,0,0,0,0,0,0,0,0,0,1,0,0,0,0,0,0,0,0,1,0,0,1,0,0,0,1,1,0,0,0,0,0,1,0,0,0,0,0,1,0,0,0,0,0,0,0,0,0,0,0,0,0,0,0,0,0,0,0,0,0,1,0,0,0,0,0,0,0,0,1,0,0,0,0,0,1,0,0,0,0,0,0,0,0,0,1,0,0,0,1,0,0,0,0,1,0,0,0,0,0,0,0,0,0,0,0,0,0,0,0,0,0,0,1,0,0,0,0,0,0,0,0,0,0,0,0,0,0,0,1,0,0,0,0,1,0,0,0,1,0,0,0,0,1,0,0,0,0,0,0,0,0,1,0,1,0,0,0,0,0,0,0,0,0,0,0,0,0,1,0,0,0,0,1,0
4.2626798770413155,9.259225769705994,4,3,4,5,1971,1971,0.0,3,3,3,3,1,5,6.07073772800249,1,0.0,6.07073772800249,864.0,3,1,6.762729506931879,0.0,0.0,6.762729506931879,0.0,0.0,1,0,3,1,3,5,8,1,1,0.0,0,0.0,0.0,0,0,2,0.0,0.0,0.0,0.0,0.0,0,0.0,4,2010,7.455298485683291,1.0,39,39,0,1,1,0,0,0,0,0,1,0,0,0,0,0,0,0,0,0,0,0,0,0,1,0,0,1,0,0,0,1,1,0,0,0,1,0,0,0,0,0,0,0,0,0,0,0,0,0,0,1,0,0,0,0,0,0,0,0,0,0,0,0,0,0,1,0,0,0,0,0,0,0,0,1,0,0,0,0,0,1,0,0,0,0,0,0,1,0,0,0,0,0,0,1,0,0,0,0,1,0,0,0,0,0,0,0,0,0,0,0,0,1,0,0,0,0,0,0,0,0,0,0,0,0,0,0,1,0,0,0,0,0,0,0,0,0,0,0,1,0,0,1,0,0,0,0,0,1,0,0,0,0,0,0,0,0,1,0,0,0,0,0,0,1,0,0,0,0,1,0,0,0,0,0,0,0,0,1,0
4.3694478524670215,9.362718052397065,4,3,7,5,2005,2005,0.0,4,3,4,3,3,6,7.170888478512505,1,0.0,6.075346031088684,1734.0,5,1,7.45876269238096,0.0,0.0,7.45876269238096,1.0,0.0,2,0,3,1,4,7,8,0,0,2005.0,3,2.0,660.0,3,3,2,5.081404364984463,3.2188758248682006,0.0,0.0,0.0,0,0.0,1,2006,8.15162164696975,3.0,1,1,1,1,0,0,0,0,0,0,1,0,0,0,0,0,0,0,0,0,0,0,0,0,1,0,0,1,0,0,0,1,1,0,0,0,0,0,1,0,0,0,0,0,1,0,0,0,0,0,0,0,0,0,0,0,0,0,0,0,0,0,0,0,0,0,1,0,0,0,0,0,0,0,0,1,0,0,0,0,0,1,0,0,0,0,0,0,1,0,0,0,0,0,0,1,0,0,0,0,1,0,0,0,0,0,0,0,0,0,0,0,0,0,0,0,0,0,0,1,0,0,0,0,0,0,0,0,0,0,0,0,0,0,0,1,0,0,0,0,1,0,0,0,1,0,0,0,0,1,0,0,0,0,0,0,0,0,1,0,1,0,0,0,0,0,0,0,0,0,0,0,0,0,1,0,0,0,0,1,0
4.276666119016055,9.050288983827956,4,3,5,4,1952,1952,0.0,3,2,3,3,1,3,6.230481447578482,1,0.0,6.0014148779611505,910.0,2,1,6.814542897259958,6.16541785423142,0.0,7.234177179749849,0.0,0.0,2,0,4,1,3,6,8,0,0,2000.0,1,2.0,720.0,3,3,2,0.0,0.0,0.0,0.0,0.0,0,0.0,6,2010,7.738923757439457,2.0,58,58,1,1,0,0,0,0,0,0,0,0,0,0,1,0,0,0,0,0,0,0,0,0,1,0,0,1,0,0,0,1,1,0,1,0,0,0,0,0,0,0,0,0,0,0,0,0,0,0,0,1,0,0,0,0,0,0,0,0,0,0,0,0,1,0,0,0,0,0,0,0,0,0,0,1,0,0,0,0,0,1,0,0,0,0,1,0,0,0,0,0,0,0,0,1,0,0,0,0,1,0,0,0,0,0,0,0,0,0,1,0,0,0,0,0,0,0,0,0,0,0,0,0,0,0,0,0,0,0,0,0,0,0,0,0,1,0,0,0,1,0,0,1,0,0,0,0,0,1,0,0,0,0,0,0,0,0,1,0,0,0,0,0,1,0,0,0,0,0,0,0,0,0,1,0,0,0,0,1,0
4.3694478524670215,9.243388226022383,3,3,7,5,1999,1999,5.214935757608986,4,3,4,3,4,6,6.522092798170152,1,0.0,6.699500340161678,1490.0,5,1,7.31455283232408,0.0,0.0,7.31455283232408,1.0,0.0,2,0,3,1,4,6,8,0,0,1999.0,2,2.0,577.0,3,3,2,4.976733742420574,3.4011973816621555,0.0,0.0,0.0,0,0.0,6,2009,8.003697339094368,3.0,10,10,1,1,0,0,0,0,0,0,1,0,0,0,0,0,0,0,0,0,0,0,0,0,1,0,0,1,0,0,0,1,1,0,0,0,0,0,1,0,0,0,0,0,1,0,0,0,0,0,0,0,0,0,0,0,0,0,0,0,0,0,0,0,0,0,1,0,0,0,0,0,0,0,0,1,0,0,0,0,0,1,0,0,0,0,0,0,1,0,0,0,0,0,0,1,0,0,0,0,1,0,0,0,0,0,0,0,0,0,0,0,0,0,0,0,0,0,0,1,0,0,0,0,0,0,0,0,0,0,0,0,0,0,0,1,0,0,0,1,0,0,0,0,1,0,0,0,0,1,0,0,0,0,0,0,0,0,1,0,1,0,0,0,0,0,0,0,0,0,0,0,0,0,1,0,0,0,0,1,0
4.2626798770413155,9.116139576577355,4,3,5,5,1963,1963,5.820082930352362,3,3,3,3,1,3,7.195187320178709,1,0.0,5.983936280687191,1728.0,3,1,7.455298485683291,0.0,0.0,7.455298485683291,1.0,0.0,2,0,6,2,3,10,8,0,0,1963.0,1,2.0,504.0,3,3,2,0.0,0.0,0.0,0.0,0.0,0,0.0,11,2006,8.148156439921625,3.0,43,43,1,1,0,0,0,0,0,0,0,0,0,0,0,0,0,0,0,0,1,0,0,0,0,1,0,1,0,0,0,1,1,0,0,0,0,0,1,0,0,0,0,0,0,0,0,0,0,0,0,0,0,0,0,0,0,0,1,0,0,0,0,0,0,0,0,0,0,1,0,0,0,0,0,1,0,0,0,0,0,0,0,1,0,0,0,0,1,0,0,0,0,0,0,1,0,0,0,0,1,0,0,0,0,0,0,0,0,0,0,0,0,1,0,0,0,0,0,0,0,0,0,0,0,0,0,0,1,0,0,0,0,0,0,0,0,0,0,1,0,0,0,1,0,0,0,0,0,1,0,0,0,0,0,0,0,0,1,0,0,0,0,0,1,0,0,0,0,0,1,0,0,0,0,1,0,0,0,0,0
3.2188758248682006,7.833203948641057,4,3,6,5,2004,2006,3.9318256327243257,4,3,4,3,1,1,0.0,1,0.0,6.878326468291325,970.0,5,1,6.878326468291325,6.606650186198215,0.0,7.444248649496705,0.0,0.0,2,0,3,1,4,7,4,0,0,2004.0,1,2.0,380.0,3,3,2,0.0,3.713572066704308,0.0,0.0,0.0,0,0.0,4,2006,7.893572073504902,2.0,2,0,1,1,0,0,0,1,0,0,0,0,0,0,0,0,0,0,0,0,0,0,0,0,0,1,0,1,0,0,0,1,1,0,0,0,0,0,1,0,0,0,0,0,0,0,1,0,0,0,0,0,0,0,0,0,0,0,0,0,0,0,0,0,0,0,1,0,0,0,0,0,0,0,0,1,0,0,0,0,0,0,0,0,1,0,0,0,0,0,0,1,0,0,0,1,0,0,0,0,1,0,0,0,0,0,0,0,0,0,0,0,0,0,0,0,0,0,0,1,0,0,0,0,0,0,0,0,0,0,0,0,0,0,0,1,0,0,0,0,0,1,0,0,1,0,0,0,0,1,0,0,0,0,0,0,0,0,1,0,0,0,0,0,1,0,0,0,0,0,0,0,0,0,1,0,0,0,0,1,0
3.9512437185814275,8.71948076085107,4,3,5,7,1931,1993,0.0,3,3,3,3,1,4,5.3471075307174685,1,0.0,6.2285110035911835,715.0,3,1,6.775366090936392,0.0,0.0,6.775366090936392,1.0,0.0,1,0,2,1,3,5,8,0,0,1931.0,1,1.0,180.0,2,3,2,3.8918202981106265,0.0,0.0,0.0,0.0,0,0.0,11,2009,7.372118028337787,2.0,78,16,1,1,0,0,0,0,0,0,0,1,0,0,0,0,0,0,0,0,0,0,0,0,0,1,0,1,0,0,0,1,1,0,1,0,0,0,0,0,0,0,1,0,0,0,0,0,0,0,0,0,0,0,0,0,0,0,0,0,0,0,0,0,0,0,1,0,0,0,0,0,0,0,0,1,0,0,0,0,0,1,0,0,0,0,0,0,1,0,0,0,0,0,0,1,0,0,0,0,1,0,0,0,0,0,0,0,0,0,0,0,0,0,0,0,0,0,0,0,1,0,0,0,0,0,0,0,0,0,0,0,0,0,0,0,1,0,0,0,1,0,1,0,0,0,0,0,0,1,0,0,0,0,1,0,0,0,0,0,0,0,0,0,1,0,0,0,0,0,0,0,0,0,1,0,0,0,0,1,0
4.189654742026425,9.159678457173955,3,3,7,5,2001,2001,5.198497031265826,4,3,4,3,1,1,0.0,1,0.0,6.785587645007929,884.0,5,1,6.785587645007929,7.049254841255837,0.0,7.618742377670413,0.0,0.0,2,1,3,1,4,8,8,1,4,2001.0,3,2.0,434.0,3,3,2,4.976733742420574,3.8918202981106265,0.0,0.0,0.0,0,0.0,5,2010,7.979338895262328,2.5,9,9,1,1,1,0,0,0,0,0,0,0,0,0,0,1,0,0,0,0,0,0,0,0,1,0,0,1,0,0,0,1,1,0,0,1,0,0,0,0,0,0,0,0,0,0,0,1,0,0,0,0,0,0,0,0,0,0,0,0,0,0,0,0,0,0,1,0,0,0,0,0,0,0,0,1,0,0,0,0,0,1,0,0,0,0,0,0,0,0,0,1,0,0,0,1,0,0,0,0,1,0,0,0,0,0,0,0,0,0,0,0,0,0,0,0,0,0,0,1,0,0,0,0,0,0,0,0,0,0,0,0,0,0,0,1,0,0,0,1,0,0,0,0,1,0,0,0,0,1,0,0,0,0,0,0,0,0,1,0,0,0,1,0,0,0,0,0,0,0,0,0,0,0,1,0,0,0,0,1,0
4.1588830833596715,8.922791623969637,4,3,7,5,2004,2005,4.795790545596741,3,3,4,3,1,6,6.523562306149512,1,0.0,5.993961427306569,1080.0,5,1,6.985641817639208,0.0,0.0,6.985641817639208,1.0,0.0,1,0,3,1,4,6,8,0,0,0.0,0,0.0,0.0,0,0,2,0.0,0.0,0.0,0.0,0.0,0,0.0,4,2008,7.6783263565068856,2.0,4,3,0,1,0,0,0,0,0,0,1,0,0,0,0,0,0,0,0,0,0,0,0,0,1,0,0,1,0,0,0,1,1,0,0,0,0,0,1,0,0,0,0,0,0,0,0,0,0,0,0,0,0,0,0,0,0,0,0,1,0,0,0,0,0,0,1,0,0,0,0,0,0,0,0,1,0,0,0,0,0,1,0,0,0,0,0,0,1,0,0,0,0,0,0,1,0,0,0,0,1,0,0,0,0,0,0,0,0,0,0,0,0,0,0,0,0,0,0,1,0,0,0,0,0,0,0,0,0,0,0,0,0,0,0,1,0,0,0,1,0,0,0,0,1,0,0,0,0,1,0,0,0,0,0,0,0,0,1,0,0,0,0,0,0,1,0,0,0,0,0,0,0,0,1,0,0,0,0,1,0
3.970291913552122,8.738895704934043,4,3,5,4,1936,1950,0.0,3,3,4,3,1,1,0.0,1,0.0,6.799055862058796,896.0,4,1,6.799055862058796,6.1070228877422545,0.0,7.20414929203594,0.0,0.0,1,0,3,1,3,7,8,0,0,1936.0,1,1.0,240.0,2,3,2,5.303304908059076,4.74493212836325,0.0,0.0,0.0,0,0.0,4,2006,7.714677473800927,1.0,70,56,1,1,0,0,0,0,0,0,0,0,0,0,1,0,0,0,0,0,0,0,0,0,0,1,0,1,0,0,0,1,1,0,0,0,0,0,1,0,0,0,1,0,0,0,0,0,0,0,0,0,0,0,0,0,0,0,0,0,0,0,0,0,0,0,1,0,0,0,0,0,0,0,0,1,0,0,0,0,0,1,0,0,0,0,1,0,0,0,0,0,0,0,0,1,0,0,0,0,1,0,0,0,0,0,0,0,0,0,0,0,0,0,0,1,0,0,0,0,0,0,0,0,0,0,0,0,0,0,1,0,0,0,0,0,0,0,0,0,1,0,1,0,0,0,0,0,0,1,0,0,0,0,1,0,0,0,0,0,0,0,0,0,1,0,0,0,0,0,0,0,0,0,1,0,0,0,0,1,0
4.795790545596741,9.24541789858888,4,3,5,6,1975,1975,0.0,3,3,3,3,3,4,6.57507584059962,1,0.0,5.537334267018537,969.0,3,1,6.877296071497429,0.0,0.0,6.877296071497429,0.0,0.0,1,1,3,1,3,5,8,0,0,1975.0,1,2.0,440.0,3,3,2,0.0,0.0,0.0,0.0,0.0,0,0.0,1,2007,7.569927655242652,1.5,32,32,1,1,0,0,0,0,0,0,1,0,0,0,0,0,0,0,0,0,0,0,0,0,1,0,0,1,0,0,0,1,1,0,1,0,0,0,0,0,0,0,0,0,1,0,0,0,0,0,0,0,0,0,0,0,0,0,0,0,0,0,0,0,0,0,1,0,0,0,0,0,0,0,0,1,0,0,0,0,0,1,0,0,0,0,0,0,1,0,0,0,0,0,0,1,0,0,0,0,1,0,0,0,0,0,0,0,0,0,0,0,0,1,0,0,0,0,0,0,0,0,0,0,0,0,0,0,1,0,0,0,0,0,0,0,0,0,0,0,1,0,0,1,0,0,0,0,0,1,0,0,0,0,0,0,0,0,1,0,1,0,0,0,0,0,0,0,0,0,0,0,0,0,1,0,0,0,0,1,0
4.68213122712422,9.539068413863964,4,3,8,5,2007,2008,6.07993319509559,4,3,5,3,4,6,7.244941546337007,1,0.0,5.739792912179234,1710.0,5,1,7.444833273892193,0.0,0.0,7.444833273892193,1.0,0.0,2,0,2,1,4,6,8,1,4,2007.0,2,3.0,866.0,3,3,2,0.0,4.634728988229636,0.0,0.0,0.0,0,0.0,1,2008,8.137688184977605,3.0,1,0,1,1,1,0,0,0,0,0,1,0,0,0,0,0,0,0,0,0,0,0,0,0,1,0,0,1,0,0,0,1,1,0,0,0,0,0,1,0,0,0,0,0,0,0,0,0,0,0,0,0,0,0,0,1,0,0,0,0,0,0,0,0,0,0,1,0,0,0,0,0,0,0,0,1,0,0,0,0,0,1,0,0,0,0,0,0,1,0,0,0,0,0,0,0,0,1,0,0,1,0,0,0,0,0,0,0,0,0,0,0,0,0,0,0,0,0,0,1,0,0,0,0,0,0,0,0,0,0,0,0,0,0,0,1,0,0,0,0,0,1,0,0,1,0,0,0,0,1,0,0,0,0,0,0,0,0,1,0,1,0,0,0,0,0,0,0,0,0,0,0,1,0,0,0,0,0,0,0,1
4.394449154672439,9.602652693506046,3,3,6,5,1971,1971,5.53338948872752,3,3,3,3,1,3,6.0330862217988015,1,0.0,6.016157159698354,825.0,4,1,7.001245622069476,6.799055862058796,0.0,7.597897950521784,0.0,0.0,2,1,4,1,3,8,8,1,4,1971.0,2,2.0,495.0,3,3,2,0.0,4.204692619390966,0.0,0.0,0.0,0,0.0,6,2006,7.9441374911141125,2.5,35,35,1,1,1,0,0,0,0,0,0,0,0,0,0,1,0,0,0,0,0,0,0,0,1,0,0,1,0,0,0,1,1,0,0,1,0,0,0,0,0,0,0,0,0,0,0,0,0,0,0,0,0,1,0,0,0,0,0,0,0,0,0,0,0,0,1,0,0,0,0,0,0,0,0,1,0,0,0,0,0,1,0,0,0,0,0,0,0,0,0,1,0,0,0,1,0,0,0,0,1,0,0,0,0,0,0,0,0,0,0,0,0,1,0,0,0,0,0,0,0,0,0,0,0,0,0,0,1,0,0,0,0,0,0,0,0,0,0,1,0,0,0,1,0,0,0,0,0,1,0,0,0,0,0,0,0,0,1,0,1,0,0,0,0,0,0,0,0,0,0,0,0,0,1,0,0,0,0,1,0
4.394449154672439,9.510519035757246,4,3,6,7,1960,1975,0.0,3,3,4,3,4,4,6.063785208687608,5,6.985641817639208,4.543294782270004,1602.0,4,1,7.133295954896068,0.0,0.0,7.133295954896068,1.0,0.0,1,0,1,1,3,4,8,1,4,1960.0,2,2.0,564.0,3,3,2,6.016157159698354,0.0,0.0,0.0,0.0,0,0.0,3,2008,7.956827122090111,2.0,48,33,1,1,1,0,0,0,0,0,1,0,0,0,0,0,0,0,0,0,0,0,0,0,1,0,0,1,0,0,0,1,1,0,0,0,0,0,1,0,0,0,0,1,0,0,0,0,0,0,0,0,0,0,0,0,0,0,0,0,0,0,0,0,0,0,1,0,0,0,0,0,0,0,0,1,0,0,0,0,0,1,0,0,0,0,0,0,1,0,0,0,0,0,1,0,0,0,0,0,1,0,0,0,0,0,0,0,0,0,1,0,0,0,0,0,0,0,0,0,0,0,0,0,0,0,0,0,0,0,0,0,1,0,0,0,0,0,0,0,1,0,0,1,0,0,0,0,0,1,0,0,0,0,0,0,0,0,1,0,1,0,0,0,0,0,0,0,0,0,0,0,0,0,1,0,0,0,0,1,0
4.442651256490317,9.33617975681533,4,3,6,5,1923,1950,0.0,3,3,3,3,1,1,0.0,1,0.0,7.0909098220799835,1200.0,3,1,7.0909098220799835,0.0,0.0,7.0909098220799835,0.0,0.0,1,0,4,1,3,7,8,0,0,1923.0,1,1.0,312.0,2,2,2,0.0,0.0,5.43372200355424,0.0,0.0,0,0.0,3,2006,7.783640596221253,1.0,83,56,1,1,0,0,0,0,0,0,0,1,0,0,0,0,0,0,0,0,0,0,0,0,0,1,0,1,0,0,0,1,1,0,1,0,0,0,0,0,0,0,0,0,0,0,0,0,0,0,0,0,0,0,0,0,1,0,0,0,0,0,0,0,0,0,1,0,0,0,0,0,0,0,0,1,0,0,0,0,0,1,0,0,0,0,0,0,1,0,0,0,0,0,0,1,0,0,0,0,1,0,0,0,0,0,0,0,0,0,0,0,0,0,0,0,0,0,0,0,1,0,0,0,0,0,0,0,0,0,0,0,0,0,0,0,1,0,0,0,1,0,1,0,0,0,0,0,0,1,0,0,0,0,1,0,0,0,0,0,0,0,0,0,1,0,0,0,0,0,0,0,0,0,1,0,0,0,1,0,0
4.110873864173311,9.169622538697624,4,3,6,5,1924,1950,0.0,3,3,3,3,1,1,0.0,1,0.0,6.35088571671474,572.0,2,0,6.35088571671474,6.263398262591624,0.0,7.00033446027523,0.0,0.0,1,0,2,1,3,5,8,0,0,0.0,0,0.0,0.0,0,0,0,0.0,2.1972245773362196,4.859812404361672,0.0,0.0,0,0.0,4,2008,7.419979923661835,1.0,84,58,0,1,0,0,0,0,0,0,0,0,0,0,1,0,0,0,0,0,0,0,0,0,1,0,0,1,0,0,0,1,1,0,1,0,0,0,0,0,0,0,0,0,0,0,1,0,0,0,0,0,0,0,0,0,0,0,0,0,0,0,0,0,1,0,0,0,0,0,0,0,0,0,0,1,0,0,0,0,0,1,0,0,0,0,1,0,0,0,0,0,0,0,0,1,0,0,0,0,1,0,0,0,0,0,0,0,0,0,0,0,0,0,0,0,0,0,0,0,1,0,0,0,0,0,0,0,0,0,0,0,0,0,0,0,1,0,0,0,1,0,1,0,0,0,0,0,0,0,0,1,0,0,0,1,0,0,0,0,0,0,0,0,0,1,0,0,0,0,0,0,0,0,1,0,0,0,0,1,0
4.110873864173311,8.881975184248867,4,3,5,7,1950,1950,0.0,3,3,0,0,0,0,0.0,0,0.0,0.0,0.0,3,1,6.947937068614969,0.0,0.0,6.947937068614969,0.0,0.0,1,0,2,1,3,5,8,0,0,1950.0,1,2.0,625.0,3,3,2,0.0,0.0,0.0,0.0,0.0,0,0.0,6,2006,6.947937068614969,1.0,56,56,1,0,0,0,0,0,0,0,1,0,0,0,0,0,0,0,0,0,0,0,0,0,1,0,0,1,0,0,0,1,1,0,0,0,0,0,1,0,0,0,0,0,0,0,0,0,0,0,0,1,0,0,0,0,0,0,0,0,0,0,0,0,0,0,1,0,0,0,0,0,0,0,0,1,0,0,0,0,0,1,0,0,0,0,0,0,1,0,0,0,0,0,0,0,0,1,0,0,1,0,0,0,0,0,0,0,0,0,0,0,0,0,0,0,0,0,0,0,1,0,0,0,0,0,0,0,0,0,0,0,0,0,0,0,1,0,0,0,1,0,0,1,0,0,0,0,0,1,0,0,0,0,0,1,0,0,0,0,0,0,0,0,1,0,0,0,0,0,0,0,0,0,1,0,0,0,0,1,0
4.532599493153256,9.392995206560258,4,3,8,5,2009,2010,4.442651256490317,4,3,5,3,1,1,0.0,1,0.0,6.652863029353347,774.0,5,1,6.652863029353347,7.085901464365611,0.0,7.585281078639126,0.0,0.0,2,1,4,1,5,8,8,1,4,2009.0,3,3.0,680.0,3,3,2,0.0,4.330733340286331,0.0,0.0,0.0,0,0.0,5,2010,7.916807490937603,2.5,1,0,1,1,1,0,0,0,0,0,0,0,0,0,0,1,0,0,0,0,0,0,0,0,1,0,0,1,0,0,0,1,1,0,1,0,0,0,0,0,0,0,0,0,0,0,0,0,0,0,0,0,0,0,0,0,0,0,0,0,0,0,1,0,0,0,1,0,0,0,0,0,0,0,0,1,0,0,0,0,0,1,0,0,0,0,0,0,0,0,0,1,0,0,0,1,0,0,0,0,1,0,0,0,0,0,0,0,0,0,0,0,0,0,0,0,0,0,0,1,0,0,0,0,0,0,0,0,0,0,0,0,0,0,0,1,0,0,0,1,0,0,0,0,1,0,0,0,0,1,0,0,0,0,0,0,0,0,1,0,0,0,1,0,0,0,0,0,0,0,0,0,1,0,0,0,0,0,0,0,1
4.61512051684126,9.437714959818209,4,3,7,5,2004,2005,0.0,4,3,4,3,1,6,5.407171771460119,1,0.0,6.646390514847729,991.0,5,1,6.899723107284872,6.863803391452954,0.0,7.5745584842024805,0.0,0.0,2,1,3,1,4,8,8,1,4,2004.0,2,2.0,678.0,3,3,2,0.0,4.919980925828125,0.0,0.0,0.0,0,0.0,5,2010,7.985824666418917,2.5,6,5,1,1,1,0,0,0,0,0,0,0,0,0,0,1,0,0,0,0,0,0,1,0,0,0,0,1,0,0,0,1,1,0,1,0,0,0,0,0,0,0,0,0,0,0,0,0,0,0,0,0,0,0,0,0,0,0,0,0,1,0,0,0,0,0,1,0,0,0,0,0,0,0,0,1,0,0,0,0,0,1,0,0,0,0,0,0,0,0,0,1,0,0,0,1,0,0,0,0,1,0,0,0,0,0,0,0,0,0,0,0,0,0,0,0,0,0,0,1,0,0,0,0,0,0,0,0,0,0,0,0,0,0,0,1,0,0,0,0,1,0,0,0,1,0,0,0,0,1,0,0,0,0,0,0,0,0,1,0,1,0,0,0,0,0,0,0,0,0,0,0,0,0,1,0,0,0,0,1,0
4.90527477843843,9.87194528452625,3,3,7,5,2005,2006,6.124683390894205,4,3,4,3,2,6,4.060443010546419,1,0.0,7.197435354096591,1392.0,5,1,7.239214973779806,6.976348070447749,0.0,7.809135398120538,1.0,0.0,2,1,4,1,4,9,8,1,4,2006.0,2,2.0,576.0,3,3,2,5.480638923341991,4.890349128221754,0.0,5.1298987149230735,0.0,0,0.0,3,2006,8.25712628599743,3.5,1,0,1,1,1,0,0,0,0,0,0,0,0,0,0,1,0,0,0,0,0,0,0,0,1,0,0,1,0,1,0,0,1,0,1,0,0,0,0,0,0,0,0,0,0,0,0,1,0,0,0,0,0,0,0,0,0,0,0,0,0,0,0,0,0,0,1,0,0,0,0,0,0,0,0,1,0,0,0,0,0,1,0,0,0,0,0,0,0,0,0,1,0,0,0,1,0,0,0,0,1,0,0,0,0,0,0,0,0,0,0,0,0,0,0,0,0,0,0,1,0,0,0,0,0,0,0,0,0,0,0,0,0,0,0,1,0,0,0,1,0,0,0,0,1,0,0,0,0,1,0,0,0,0,0,0,0,0,1,0,1,0,0,0,0,0,0,0,0,0,0,0,1,0,0,0,0,0,0,0,1
4.23410650459726,9.316590491818841,3,3,6,6,1984,1984,0.0,3,3,4,3,1,4,6.493753839851686,1,0.0,6.35088571671474,1232.0,3,1,7.117205503164344,0.0,0.0,7.117205503164344,0.0,0.0,2,0,3,1,3,6,8,0,0,1984.0,1,2.0,516.0,3,3,2,0.0,0.0,0.0,0.0,0.0,0,0.0,6,2008,7.80994708647679,2.0,24,24,1,1,0,0,0,0,0,0,1,0,0,0,0,0,0,0,0,0,0,0,0,0,1,0,0,1,0,0,0,1,1,0,0,1,0,0,0,0,0,0,0,0,0,0,0,0,0,0,0,0,0,0,0,0,0,0,0,0,0,0,0,1,0,0,1,0,0,0,0,0,0,0,0,1,0,0,0,0,0,1,0,0,0,0,0,0,1,0,0,0,0,0,0,1,0,0,0,0,1,0,0,0,0,0,0,0,0,0,0,0,0,0,0,0,1,0,0,0,0,0,0,0,0,0,0,0,0,0,0,0,1,0,0,0,0,0,0,0,1,0,0,0,1,0,0,0,0,1,0,0,0,0,0,0,0,0,1,0,1,0,0,0,0,0,0,0,0,0,0,0,0,0,1,0,0,0,0,1,0
4.709530201312334,9.524347869595513,3,3,9,5,2003,2004,6.499787040655854,4,3,5,3,3,6,6.92461239604856,1,0.0,6.322565239927284,1572.0,5,1,7.360739903058278,7.00033446027523,0.0,7.889459149404524,1.0,0.0,2,1,3,1,5,10,8,2,4,2003.0,3,3.0,726.0,3,3,2,5.993961427306569,0.0,0.0,0.0,0.0,0,0.0,3,2008,8.352554369474591,3.5,5,4,1,1,1,0,0,0,0,0,0,0,0,0,0,1,0,0,0,0,0,0,0,0,1,0,0,1,0,0,0,1,1,0,0,0,0,0,1,0,0,0,0,0,0,0,0,0,0,0,0,0,0,0,0,1,0,0,0,0,0,0,0,0,0,0,1,0,0,0,0,0,0,0,0,1,0,0,0,0,0,1,0,0,0,0,0,0,0,0,0,1,0,0,0,1,0,0,0,0,1,0,0,0,0,0,0,0,0,0,0,0,0,0,0,0,0,0,0,1,0,0,0,0,0,0,0,0,0,0,0,0,0,0,0,1,0,0,0,1,0,0,0,0,1,0,0,0,0,1,0,0,0,0,0,0,0,0,1,0,0,0,1,0,0,0,0,0,0,0,0,0,0,0,1,0,0,0,0,1,0
4.564348191467836,9.407796816354407,4,3,7,5,2005,2005,5.424950017481403,4,3,4,3,2,4,7.091742115095153,1,0.0,5.831882477283517,1541.0,5,1,7.340835554123275,0.0,0.0,7.340835554123275,0.0,0.0,2,0,3,1,4,7,8,1,4,2005.0,2,2.0,532.0,3,3,2,0.0,4.2626798770413155,0.0,0.0,0.0,0,0.0,5,2010,8.03365842788615,2.0,5,5,1,1,1,0,0,0,0,0,1,0,0,0,0,0,0,0,0,0,0,0,0,0,1,0,0,1,0,0,0,1,1,0,1,0,0,0,0,0,0,0,0,0,0,0,0,0,0,0,0,0,0,0,0,1,0,0,0,0,0,0,0,0,0,0,1,0,0,0,0,0,0,0,0,1,0,0,0,0,0,1,0,0,0,0,0,0,1,0,0,0,0,0,0,1,0,0,0,0,1,0,0,0,0,0,0,0,0,0,0,0,0,0,0,0,0,0,0,1,0,0,0,0,0,0,0,0,0,0,0,0,0,0,0,1,0,0,0,1,0,0,0,0,1,0,0,0,0,1,0,0,0,0,0,0,0,0,1,0,1,0,0,0,0,0,0,0,0,0,0,0,1,0,0,0,0,0,0,0,1
4.02535169073515,8.612685172875459,4,3,4,6,1956,1956,0.0,3,3,3,3,1,1,0.0,1,0.0,6.78332520060396,882.0,5,1,6.78332520060396,0.0,0.0,6.78332520060396,0.0,0.0,1,0,1,1,3,4,8,0,0,0.0,0,0.0,0.0,0,0,2,0.0,0.0,0.0,0.0,0.0,0,0.0,4,2007,7.475905969367397,1.0,51,51,0,1,0,0,0,0,0,0,0,0,0,1,0,0,0,0,0,0,0,0,0,0,1,0,0,1,0,0,0,1,1,0,0,0,0,0,1,0,0,0,0,0,0,0,0,0,0,0,0,0,0,0,0,0,1,0,0,0,0,0,0,0,0,0,1,0,0,0,0,0,0,0,0,1,0,0,0,0,0,1,0,0,0,0,0,1,0,0,0,0,0,0,0,1,0,0,0,0,1,0,0,0,0,0,0,0,0,0,0,0,0,0,0,1,0,0,0,0,0,0,0,0,0,0,0,0,0,0,1,0,0,0,0,0,0,0,0,0,1,0,0,1,0,0,0,0,0,1,0,0,0,0,0,0,0,0,1,0,0,0,0,0,0,1,0,0,0,0,0,0,0,0,1,0,0,0,0,1,0
3.713572066704308,8.594339400592892,4,3,6,7,1926,2004,0.0,3,4,3,3,2,2,5.916202062607435,1,0.0,6.659293919683638,1149.0,4,1,7.047517221357296,6.148468295917647,0.0,7.388327859577107,0.0,0.0,2,0,3,1,4,5,8,0,0,1926.0,1,1.0,216.0,3,3,2,0.0,0.0,5.214935757608986,0.0,0.0,0,0.0,10,2007,7.925157512224703,2.0,81,3,1,1,0,0,0,0,0,0,0,0,1,0,0,0,0,0,0,0,0,0,0,0,0,1,0,1,0,0,0,1,1,0,1,0,0,0,0,0,0,0,0,0,0,0,0,0,0,0,0,0,0,0,0,0,1,0,0,0,0,0,0,0,0,0,1,0,0,0,0,0,0,0,0,1,0,0,0,0,0,1,0,0,0,0,0,0,1,0,0,0,0,0,0,1,0,0,0,0,1,0,0,0,0,0,0,0,0,0,0,0,0,0,0,1,0,0,0,0,0,0,0,0,0,0,0,0,0,0,1,0,0,0,0,0,0,0,0,0,1,0,1,0,0,0,0,0,0,1,0,0,0,0,1,0,0,0,0,0,0,0,0,0,1,0,0,0,0,0,0,0,0,0,1,0,0,0,0,1,0
4.143134726391533,9.220983532074662,4,3,5,7,1940,1999,0.0,3,4,3,3,1,5,5.863631175598097,3,5.204006687076795,4.727387818712341,644.0,4,1,6.695798917058491,6.306275286948016,0.0,7.212294468500341,1.0,0.0,2,0,4,2,3,6,8,0,0,0.0,0,0.0,0.0,0,0,2,4.948759890378168,0.0,0.0,0.0,0.0,0,0.0,9,2008,7.600902459542082,3.0,68,9,0,1,0,0,0,0,0,1,0,0,0,0,0,0,0,0,0,0,0,0,0,0,1,0,0,1,0,0,0,1,1,0,0,0,0,0,1,0,0,0,0,0,0,0,1,0,0,0,0,0,0,0,0,0,0,0,0,0,0,0,0,0,0,0,1,0,0,0,0,0,0,0,0,1,0,0,0,0,0,0,1,0,0,0,1,0,0,0,0,0,0,0,0,1,0,0,0,0,1,0,0,0,0,0,0,0,0,0,0,0,0,0,0,0,0,0,0,0,1,0,0,0,0,0,0,0,0,0,0,0,0,0,0,0,1,0,0,0,1,0,1,0,0,0,0,0,0,1,0,0,0,0,0,0,0,0,1,0,0,0,0,0,0,1,0,0,0,0,0,0,0,0,1,0,0,0,0,1,0
4.394449154672439,9.278839788400875,3,3,5,5,1955,1993,0.0,4,3,3,3,1,2,5.940171252720432,4,6.645090969505644,6.154858094016418,1617.0,5,1,7.532623618788788,0.0,0.0,7.532623618788788,1.0,0.0,1,0,2,1,3,7,8,3,4,1955.0,3,1.0,303.0,3,3,2,6.1675164908883415,0.0,0.0,0.0,4.962844630259907,0,0.0,11,2009,8.156223323194624,2.0,54,16,1,1,1,0,0,0,0,0,1,0,0,0,0,0,0,0,0,0,0,0,0,0,1,0,0,1,0,0,0,1,1,0,0,0,0,0,1,0,0,0,0,1,0,0,0,0,0,0,0,0,0,0,0,0,0,0,0,0,0,0,0,0,0,0,1,0,0,0,0,0,0,0,0,1,0,0,0,0,0,1,0,0,0,0,0,0,1,0,0,0,0,0,0,0,0,1,0,0,1,0,0,0,0,0,0,0,0,0,0,0,0,0,0,0,0,0,0,0,1,0,0,0,0,0,0,0,0,0,0,0,0,0,0,0,1,0,0,0,1,0,0,1,0,0,0,0,0,1,0,0,0,0,1,0,0,0,0,0,1,0,0,0,0,0,1,0,0,0,0,0,0,0,0,0,0,0,0,1,0
4.465908118654584,9.265112607823163,4,3,8,5,2007,2007,5.707110264748875,4,3,5,3,1,6,7.161622002939187,1,0.0,5.68697535633982,1582.0,5,1,7.384610383176974,6.313548046277095,0.0,7.6787889981991535,1.0,0.0,1,1,3,1,5,8,8,1,4,2007.0,3,3.0,789.0,3,3,2,5.187385805840755,4.795790545596741,0.0,0.0,0.0,0,0.0,11,2007,8.227909837597483,2.5,0,0,1,1,1,0,0,0,0,0,0,0,0,0,0,1,0,0,0,0,0,0,0,0,1,0,0,1,0,0,0,1,1,0,0,0,0,0,1,0,0,0,0,0,0,0,0,0,0,0,0,0,0,0,0,1,0,0,0,0,0,0,0,0,0,0,1,0,0,0,0,0,0,0,0,1,0,0,0,0,0,1,0,0,0,0,0,0,0,0,0,1,0,0,0,1,0,0,0,0,1,0,0,0,0,0,0,0,0,0,0,0,0,0,0,0,0,0,0,1,0,0,0,0,0,0,0,0,0,0,0,0,0,0,0,1,0,0,0,0,0,1,0,0,1,0,0,0,0,1,0,0,0,0,0,0,0,0,1,0,1,0,0,0,0,0,0,0,0,0,0,0,1,0,0,0,0,0,0,0,1
4.143134726391533,9.0173622349937,3,3,7,5,2004,2004,0.0,4,3,4,3,1,1,0.0,1,0.0,6.734591659972948,840.0,5,1,6.734591659972948,6.78105762593618,0.0,7.450660796211539,0.0,0.0,2,1,3,1,4,7,8,1,4,2004.0,3,2.0,440.0,3,3,2,4.61512051684126,3.8918202981106265,0.0,0.0,0.0,0,0.0,5,2007,7.848153086199526,2.5,3,3,1,1,1,0,0,0,0,0,0,0,0,0,0,1,0,0,0,0,0,0,0,0,1,0,0,1,0,0,0,1,1,0,0,0,0,0,1,0,0,0,0,0,0,0,0,1,0,0,0,0,0,0,0,0,0,0,0,0,0,0,0,0,0,0,1,0,0,0,0,0,0,0,0,1,0,0,0,0,0,1,0,0,0,0,0,0,0,0,0,1,0,0,0,1,0,0,0,0,1,0,0,0,0,0,0,0,0,0,0,0,0,0,0,0,0,0,0,1,0,0,0,0,0,0,0,0,0,0,0,0,0,0,0,1,0,0,0,0,1,0,0,0,1,0,0,0,0,1,0,0,0,0,0,0,0,0,1,0,1,0,0,0,0,0,0,0,0,0,0,0,0,0,1,0,0,0,0,1,0
4.454347296253507,9.72136597574484,3,3,8,6,1981,1981,6.483107351457199,4,3,4,3,1,1,0.0,1,0.0,7.430707082545968,1686.0,3,1,7.443078374348516,0.0,0.0,7.443078374348516,0.0,0.0,2,1,2,1,3,6,8,1,3,1981.0,2,2.0,511.0,3,3,2,6.354370040797351,4.174387269895637,0.0,0.0,0.0,0,0.0,1,2006,8.129764445794171,2.5,25,25,1,1,1,0,0,0,0,0,1,0,0,0,0,0,0,0,0,0,0,0,0,0,1,0,0,1,0,0,0,1,1,0,1,0,0,0,0,0,0,0,0,0,0,0,0,0,0,0,0,0,0,0,0,0,0,0,0,0,0,0,1,0,0,0,1,0,0,0,0,0,0,0,0,1,0,0,0,0,0,1,0,0,0,0,0,0,1,0,0,0,0,0,0,0,0,1,0,0,0,0,0,0,0,1,0,0,0,0,0,0,0,0,0,0,1,0,0,0,0,0,0,0,0,0,0,0,0,0,0,0,1,0,0,0,0,0,0,1,0,0,0,1,0,0,0,0,0,1,0,0,0,0,0,0,0,0,1,0,1,0,0,0,0,0,0,0,0,0,0,0,0,0,1,0,0,0,0,1,0
4.110873864173311,9.422139821589736,3,3,5,6,1941,1950,0.0,3,3,3,3,1,3,5.8888779583328805,1,0.0,5.8888779583328805,720.0,3,1,6.75110146893676,0.0,6.270988431858299,7.232010331664759,0.0,0.0,1,1,2,1,3,7,8,0,0,1991.0,1,2.0,660.0,3,3,2,5.472270673671475,0.0,0.0,0.0,0.0,0,0.0,5,2007,7.362010551259734,1.5,66,57,1,1,0,0,0,0,0,0,0,0,0,0,1,0,0,0,0,0,0,0,0,0,0,1,0,1,0,0,0,1,1,0,0,0,0,0,1,0,0,0,0,0,0,0,0,0,0,0,0,0,0,0,0,0,1,0,0,0,0,0,0,0,0,1,0,0,0,0,0,0,0,0,0,1,0,0,0,0,0,1,0,0,0,0,1,0,0,0,0,0,0,0,0,1,0,0,0,0,1,0,0,0,0,0,0,0,0,0,0,0,0,0,0,1,0,0,0,0,0,0,0,0,0,0,0,0,0,0,1,0,0,0,0,0,0,0,0,0,1,0,0,1,0,0,0,0,0,1,0,0,0,0,0,0,0,0,1,0,0,0,0,0,1,0,0,0,0,0,0,0,0,0,1,0,0,0,0,1,0
4.955827057601261,10.366309203003638,3,3,6,5,1960,1960,4.727387818712341,3,3,3,4,4,4,6.461468176353717,1,0.0,6.091309882077698,1080.0,2,1,7.4127640174265625,0.0,0.0,7.4127640174265625,1.0,0.0,1,0,3,1,3,7,8,2,4,1960.0,3,2.0,528.0,3,3,1,5.351858133476067,4.143134726391533,0.0,0.0,0.0,0,0.0,5,2010,7.914617709040679,2.0,50,50,1,1,1,0,0,0,0,0,1,0,0,0,0,0,0,0,0,0,0,0,0,0,1,0,0,1,0,0,0,1,1,0,1,0,0,0,0,0,0,0,0,0,0,0,0,0,0,0,0,1,0,0,0,0,0,0,0,0,0,0,0,0,0,0,1,0,0,0,0,0,0,0,0,1,0,0,0,0,0,1,0,0,0,0,0,0,1,0,0,0,0,0,0,0,0,1,0,0,1,0,0,0,0,0,0,0,0,0,1,0,0,0,0,0,0,0,0,0,0,0,0,0,0,0,0,0,0,0,0,0,1,0,0,0,0,0,0,0,0,1,0,1,0,0,0,0,0,1,0,0,0,0,0,0,0,0,1,0,1,0,0,0,0,0,0,0,0,0,0,0,0,0,1,0,0,0,0,1,0
3.8066624897703196,8.576781982827894,3,3,7,7,1987,1987,0.0,4,4,4,4,1,6,6.206575926724928,3,5.375278407684165,5.872117789475416,1064.0,4,1,6.970730078143525,6.556778356158042,0.0,7.477604243197589,1.0,0.0,2,0,2,1,4,5,8,1,3,1987.0,2,2.0,504.0,4,3,2,6.091309882077698,3.58351893845611,0.0,0.0,0.0,0,0.0,6,2006,7.94873845481361,3.0,19,19,1,1,1,0,0,1,0,0,0,0,0,0,0,0,0,0,0,0,0,0,0,0,1,0,0,1,0,0,0,1,1,0,0,0,0,0,1,0,0,0,0,0,0,0,0,0,0,0,0,0,0,0,0,0,0,0,0,0,0,1,0,0,0,0,1,0,0,0,0,0,0,0,0,1,0,0,0,0,0,0,0,0,0,1,0,0,0,0,0,1,0,0,0,1,0,0,0,0,1,0,0,0,0,0,0,0,0,0,0,0,0,1,0,0,0,0,0,0,0,0,0,0,0,0,0,0,1,0,0,0,0,0,0,0,0,0,0,0,1,0,0,0,1,0,0,0,0,1,0,0,0,0,0,0,0,0,1,0,1,0,0,0,0,0,0,0,0,0,0,0,0,0,1,0,0,0,0,1,0
4.394449154672439,9.2299469016151,3,3,6,5,1961,1961,6.198478716492308,3,3,3,3,1,5,5.666426688112432,3,5.926926025970411,6.55250788703459,1362.0,3,1,7.217443431696533,0.0,0.0,7.217443431696533,1.0,0.0,1,1,3,1,3,6,8,1,3,1961.0,1,2.0,504.0,3,3,2,0.0,3.044522437723423,0.0,0.0,0.0,0,0.0,6,2008,7.9102237070973445,2.5,47,47,1,1,1,0,0,0,0,0,1,0,0,0,0,0,0,0,0,0,0,0,0,0,1,0,0,1,0,0,0,1,1,0,0,0,0,0,1,0,0,0,0,0,0,0,0,0,0,0,0,1,0,0,0,0,0,0,0,0,0,0,0,0,0,0,1,0,0,0,0,0,0,0,0,1,0,0,0,0,0,1,0,0,0,0,0,0,1,0,0,0,0,0,0,1,0,0,0,0,1,0,0,0,0,0,0,0,0,0,0,0,0,0,0,0,0,0,0,0,0,1,0,0,0,0,0,0,0,0,0,0,0,0,0,0,0,1,1,0,0,0,0,1,0,0,0,0,0,1,0,0,0,0,0,0,0,0,1,0,1,0,0,0,0,0,1,0,0,0,0,0,0,0,0,0,0,0,0,1,0
3.871201010907891,9.426821780416843,3,3,6,5,1986,1986,4.890349128221754,3,3,4,2,1,5,7.243512974665482,2,5.342334251964811,0.0,1606.0,3,1,7.409741954080923,0.0,0.0,7.409741954080923,1.0,0.0,2,0,3,1,3,7,6,1,3,1986.0,3,2.0,616.0,3,3,2,5.262690188904886,0.0,0.0,0.0,0.0,0,0.0,11,2008,8.08886878916199,3.0,22,22,1,1,1,0,0,0,0,0,1,0,0,0,0,0,0,0,0,0,0,0,0,0,1,0,0,1,0,0,0,1,1,0,0,0,0,0,1,0,0,0,0,0,0,0,0,0,0,0,0,0,0,0,0,0,0,0,0,0,0,0,1,0,0,0,1,0,0,0,0,0,0,0,0,1,0,0,0,0,0,1,0,0,0,0,0,0,1,0,0,0,0,0,0,1,0,0,0,0,1,0,0,0,0,0,0,0,0,0,0,0,0,0,0,0,0,0,0,1,0,0,0,0,0,0,0,0,0,0,0,0,1,0,0,0,0,0,0,0,0,1,0,1,0,0,0,0,0,1,0,0,0,0,0,0,0,0,1,0,1,0,0,0,0,0,0,0,0,0,0,0,0,0,1,0,0,0,0,1,0
4.442651256490317,9.442721128642875,4,3,6,7,1950,2001,0.0,3,3,3,4,3,5,6.169610732491456,1,0.0,6.587550014824796,1202.0,3,1,7.677400430514807,0.0,0.0,7.677400430514807,1.0,0.0,2,0,4,1,4,7,8,1,4,1950.0,1,2.0,576.0,3,3,2,0.0,3.4011973816621555,3.6888794541139363,0.0,0.0,0,0.0,6,2007,8.119993827725105,3.0,57,6,1,1,1,0,0,0,0,0,1,0,0,0,0,0,0,0,0,0,0,0,0,0,1,0,0,1,0,0,0,1,1,0,1,0,0,0,0,0,0,0,0,0,0,0,1,0,0,0,0,0,0,0,0,0,0,0,0,0,0,0,0,0,0,0,1,0,0,0,0,0,0,0,0,1,0,0,0,0,0,1,0,0,0,0,0,0,1,0,0,0,0,0,0,1,0,0,0,0,1,0,0,0,0,0,0,0,0,0,0,0,0,0,0,0,0,0,0,0,0,1,0,0,0,0,0,0,0,0,0,0,0,0,0,0,0,1,0,0,1,0,0,1,0,0,0,0,0,1,0,0,0,0,0,0,0,0,1,0,1,0,0,0,0,0,0,0,0,0,0,0,0,0,1,0,0,0,0,1,0
4.584967478670572,9.21333588095598,3,3,6,5,1988,1989,5.594711379601839,4,3,4,3,1,6,6.723832440821209,1,0.0,5.771441123130016,1151.0,3,1,7.060476365999801,6.799055862058796,0.0,7.630946580890459,0.0,1.0,2,1,4,1,3,8,8,1,3,1988.0,1,2.0,521.0,3,3,2,0.0,5.43372200355424,0.0,0.0,5.262690188904886,0,0.0,9,2007,8.074649075066652,3.0,19,18,1,1,1,0,0,0,0,0,0,0,0,0,0,1,0,0,0,0,0,0,0,0,1,0,0,1,0,0,0,1,1,0,1,0,0,0,0,0,0,0,0,1,0,0,0,0,0,0,0,0,0,0,0,0,0,0,0,0,0,0,0,0,0,0,1,0,0,0,0,0,0,0,0,1,0,0,0,0,0,1,0,0,0,0,0,0,0,0,0,1,0,0,0,1,0,0,0,0,1,0,0,0,0,0,0,0,0,0,0,0,0,0,0,0,1,0,0,0,0,0,0,0,0,0,0,0,0,0,0,0,1,0,0,0,0,0,0,1,0,0,0,0,1,0,0,0,0,1,0,0,0,0,0,0,0,0,1,0,1,0,0,0,0,0,0,0,0,0,0,0,0,0,1,0,0,0,0,1,0
4.276666119016055,9.521568058002977,4,3,5,5,1958,1958,0.0,4,4,3,3,1,5,4.060443010546419,4,6.091309882077698,6.318968113746434,1052.0,5,1,7.133295954896068,6.505784060128229,0.0,7.560601162768557,1.0,0.0,2,0,4,1,4,8,8,1,4,1958.0,1,2.0,451.0,3,3,2,0.0,0.0,0.0,0.0,0.0,0,0.0,7,2006,7.997326822998097,3.0,48,48,1,1,1,0,0,0,0,0,0,0,0,0,1,0,0,0,0,0,0,0,0,0,1,0,0,1,0,0,0,1,1,0,0,0,0,0,1,0,0,0,0,0,0,0,0,0,0,0,0,0,0,0,0,0,0,0,1,0,0,0,0,0,0,0,1,0,0,0,0,0,0,0,0,1,0,0,0,0,0,1,0,0,0,0,1,0,0,0,0,0,0,0,0,1,0,0,0,0,1,0,0,0,0,0,0,0,0,0,0,0,0,0,0,1,0,0,0,0,0,0,0,0,0,0,0,0,0,0,1,0,0,0,0,0,0,0,0,0,1,0,0,1,0,0,0,0,0,1,0,0,0,0,0,0,0,0,1,0,1,0,0,0,0,0,0,0,0,0,0,0,0,0,1,0,0,0,0,1,0
4.1588830833596715,9.765603845172741,3,3,9,5,2008,2009,6.618738983517219,5,3,5,3,1,6,7.552237287560802,1,0.0,5.746203190540153,2216.0,5,1,7.711996507047669,0.0,0.0,7.711996507047669,1.0,0.0,2,0,1,1,5,9,8,1,4,2009.0,3,3.0,1166.0,3,3,2,0.0,4.110873864173311,0.0,0.0,0.0,0,0.0,7,2009,8.400884069015854,3.0,1,0,1,1,1,0,0,0,0,0,1,0,0,0,0,0,0,0,0,0,0,0,0,0,1,0,0,1,0,0,0,1,1,0,0,1,0,0,0,0,0,0,0,0,0,0,0,0,0,0,0,0,0,0,0,0,0,0,0,0,0,1,0,0,0,0,1,0,0,0,0,0,0,0,0,1,0,0,0,0,0,1,0,0,0,0,0,0,1,0,0,0,0,0,0,0,0,1,0,0,1,0,0,0,0,0,0,0,0,0,0,0,0,0,0,0,0,0,0,1,0,0,0,0,0,0,0,0,0,0,0,0,0,0,0,1,0,0,0,0,0,1,0,0,1,0,0,0,0,1,0,0,0,0,0,0,0,0,1,0,1,0,0,0,0,0,0,0,0,0,0,0,1,0,0,0,0,0,0,0,1
4.110873864173311,9.050288983827956,4,3,5,6,1923,2006,0.0,4,3,3,3,1,1,0.0,1,0.0,6.876264611890766,968.0,3,1,6.876264611890766,0.0,0.0,6.876264611890766,0.0,0.0,1,0,2,1,3,5,8,0,0,1935.0,1,2.0,480.0,2,3,0,0.0,0.0,5.220355825078324,0.0,0.0,0,0.0,7,2007,7.5688956634069955,1.0,84,1,1,1,0,0,0,0,0,0,0,1,0,0,0,0,0,0,0,0,0,0,0,0,0,1,0,1,0,0,0,1,1,0,0,0,0,0,1,0,0,0,0,0,0,0,0,0,0,0,0,0,0,0,0,0,1,0,0,0,0,0,0,0,0,0,1,0,0,0,0,0,0,0,0,1,0,0,0,0,0,1,0,0,0,0,0,0,1,0,0,0,0,0,0,1,0,0,0,0,1,0,0,0,0,0,0,0,0,0,0,0,0,0,0,0,0,0,0,0,1,0,0,0,0,0,0,0,0,0,0,0,0,0,0,0,1,0,0,0,1,0,0,1,0,0,0,0,0,1,0,0,0,0,0,0,0,0,1,0,0,0,0,0,1,0,0,0,0,0,0,0,0,0,1,0,0,0,0,1,0
4.310799125385514,7.658227526161352,4,3,6,5,2000,2000,6.124683390894205,4,3,4,3,1,6,6.07993319509559,1,0.0,5.771441123130016,756.0,5,1,6.646390514847729,6.6293632534374485,0.0,7.330405211844402,0.0,0.0,2,1,3,1,4,5,8,1,3,2000.0,1,2.0,440.0,3,3,2,0.0,0.0,0.0,0.0,0.0,0,0.0,6,2007,7.732807530422021,2.5,7,7,1,1,1,0,0,1,0,0,0,0,0,0,0,0,0,0,0,0,0,0,1,0,0,0,0,1,0,0,0,1,1,0,0,0,0,0,1,0,0,0,0,0,0,0,0,0,0,0,0,0,0,0,0,0,0,0,0,0,1,0,0,0,0,0,1,0,0,0,0,0,0,0,0,1,0,0,0,0,0,0,0,0,1,0,0,0,0,0,0,1,0,0,0,1,0,0,0,0,1,0,0,0,0,0,0,0,0,0,0,0,0,0,0,1,0,0,0,0,0,0,0,0,0,0,0,0,0,0,1,0,0,0,0,0,0,0,0,1,0,0,0,0,1,0,0,0,0,1,0,0,0,0,0,0,0,0,1,0,0,0,0,0,1,0,0,0,0,0,0,0,0,0,1,0,0,0,0,1,0
4.007333185232471,8.934455109403913,4,3,7,6,1920,1950,0.0,3,3,2,3,1,2,5.8664680569332965,1,0.0,6.091309882077698,793.0,4,1,6.804614520062624,6.804614520062624,0.0,7.497207223203318,0.0,0.0,1,1,4,1,3,9,8,1,4,1920.0,1,1.0,216.0,2,3,2,0.0,0.0,3.713572066704308,0.0,0.0,0,0.0,7,2006,7.86172707782398,1.5,86,56,1,1,1,0,0,0,0,0,0,0,0,0,0,0,1,0,0,0,0,0,0,0,1,0,0,1,0,0,0,1,1,0,0,0,0,0,1,0,0,0,0,0,0,1,0,0,0,0,0,0,0,0,0,0,0,0,0,0,0,0,0,0,0,0,1,0,0,0,0,0,0,0,0,1,0,0,0,0,0,1,0,0,0,0,0,0,0,0,0,1,0,0,0,1,0,0,0,0,1,0,0,0,0,0,0,0,0,0,0,0,0,0,0,0,0,0,1,0,0,0,0,0,0,0,0,0,0,0,0,0,0,0,1,0,0,0,0,0,1,0,1,0,0,0,0,0,0,1,0,0,0,0,0,0,0,0,1,0,0,0,0,0,1,0,0,0,0,0,0,0,0,0,1,0,0,0,0,1,0
4.110873864173311,9.11173476822206,4,3,5,6,1957,2006,4.59511985013459,3,3,0,0,0,0,0.0,0,0.0,0.0,0.0,5,1,7.201170883281678,0.0,0.0,7.201170883281678,0.0,0.0,1,0,3,1,3,7,8,1,4,1957.0,2,1.0,252.0,3,3,2,4.762173934797756,0.0,0.0,5.198497031265826,0.0,0,0.0,6,2007,7.201170883281678,1.0,50,1,1,0,1,0,0,0,0,0,1,0,0,0,0,0,0,0,0,0,0,0,0,0,1,0,0,1,0,0,0,1,1,0,0,0,0,0,1,0,0,0,0,0,0,0,1,0,0,0,0,0,0,0,0,0,0,0,0,0,0,0,0,0,1,0,0,0,0,0,0,0,0,0,0,1,0,0,0,0,0,1,0,0,0,0,0,0,1,0,0,0,0,0,0,0,0,1,0,0,1,0,0,0,0,0,0,0,0,0,0,0,0,0,0,0,0,0,0,0,1,0,0,0,0,0,0,0,0,0,0,0,0,0,0,0,1,0,0,1,0,0,0,0,1,0,0,0,0,1,0,0,0,0,0,0,0,0,1,0,1,0,0,0,0,0,0,0,0,0,0,0,0,0,1,0,0,0,0,1,0
4.1588830833596715,9.343734255146714,4,3,7,5,2003,2003,0.0,3,3,4,3,1,1,0.0,1,0.0,7.217443431696533,1362.0,5,1,7.217443431696533,6.580639137284949,0.0,7.641564441260972,0.0,0.0,2,1,3,1,4,6,5,0,0,2003.0,1,2.0,484.0,3,3,0,5.638354669333745,5.476463551931511,0.0,0.0,0.0,0,0.0,6,2008,8.144679183447758,2.5,5,5,1,1,0,0,0,0,0,0,0,0,0,0,1,0,0,0,0,0,0,0,0,0,0,1,0,1,0,0,0,1,1,0,0,0,0,0,1,0,0,0,0,0,0,0,0,0,0,0,0,0,0,0,0,0,1,0,0,0,0,0,0,0,0,0,1,0,0,0,0,0,0,0,0,1,0,0,0,0,0,1,0,0,0,0,1,0,0,0,0,0,0,0,0,1,0,0,0,0,1,0,0,0,0,0,0,0,0,0,0,0,0,0,0,0,0,0,0,1,0,0,0,0,0,0,0,0,0,0,0,0,0,0,0,1,0,0,0,0,1,0,0,0,1,0,0,0,0,1,0,0,0,0,0,0,0,0,1,0,0,0,0,0,1,0,0,0,0,0,0,0,0,0,1,0,0,0,0,1,0
4.532599493153256,8.914491710191342,3,3,5,8,1908,1991,0.0,3,3,2,3,1,1,0.0,1,0.0,6.22455842927536,504.0,4,1,6.842683282238422,5.75890177387728,0.0,7.133295954896068,0.0,0.0,1,0,3,1,3,5,8,0,0,1986.0,1,2.0,576.0,3,3,2,4.653960350157523,0.0,0.0,0.0,0.0,0,0.0,6,2006,7.471363088187097,1.0,98,15,1,1,0,0,0,0,0,0,0,0,0,0,1,0,0,0,0,0,0,0,0,0,1,0,0,1,0,0,0,1,1,0,0,0,0,0,1,0,0,0,1,0,0,0,0,0,0,0,0,0,0,0,0,0,0,0,0,0,0,0,0,0,0,0,0,0,0,0,1,0,0,0,1,0,0,0,0,0,0,1,0,0,0,0,1,0,0,0,0,0,0,0,0,1,0,0,0,0,1,0,0,0,0,0,0,1,0,0,0,0,0,0,0,0,0,0,0,0,0,0,0,0,0,0,0,0,0,0,0,0,1,0,0,0,0,0,0,0,1,0,0,0,1,0,0,0,0,1,0,0,0,0,0,0,0,0,1,0,1,0,0,0,0,0,0,0,0,0,0,0,0,0,1,0,0,0,0,1,0
4.51085950651685,10.041116787524166,2,3,10,9,1892,1993,0.0,4,4,3,3,2,1,0.0,1,0.0,7.010311867307229,1107.0,5,1,7.325807502595773,7.325807502595773,6.35088571671474,8.19118600464279,0.0,0.0,2,1,4,1,5,12,8,2,3,1993.0,1,3.0,840.0,5,3,2,0.0,5.564520407322694,0.0,0.0,6.018593214496234,0,0.0,6,2006,8.329416783939319,2.5,114,13,1,1,1,0,0,0,0,0,0,0,0,0,0,0,0,1,0,0,0,0,0,0,0,1,0,1,0,0,0,1,1,0,0,0,0,0,1,0,0,0,0,0,0,0,0,0,0,0,0,0,0,0,0,0,1,0,0,0,0,0,0,0,1,0,0,0,0,0,0,0,0,0,0,1,0,0,0,0,0,1,0,0,0,0,0,0,0,1,0,0,0,0,0,1,0,0,0,0,0,0,0,0,0,0,1,0,0,0,0,0,0,0,0,0,0,0,0,0,1,0,0,0,0,0,0,0,0,0,0,0,0,0,0,0,1,0,0,0,1,0,1,0,0,0,0,0,0,1,0,0,0,0,0,0,0,0,1,0,0,0,0,0,1,0,0,0,0,0,0,0,0,0,1,0,0,0,0,1,0
4.30406509320417,9.205126804923296,3,3,7,5,1990,1991,0.0,3,3,4,3,3,6,6.416732282512326,1,0.0,6.359573868672378,1188.0,5,1,7.1049654482698426,0.0,0.0,7.1049654482698426,1.0,0.0,2,0,3,1,4,6,8,0,0,1990.0,1,2.0,497.0,3,3,2,5.1298987149230735,3.332204510175204,0.0,0.0,0.0,0,0.0,6,2009,7.785720896534624,3.0,19,18,1,1,0,0,0,0,0,0,0,0,0,0,0,0,0,0,1,0,0,0,0,0,1,0,0,1,0,0,0,1,1,0,0,1,0,0,0,0,0,0,0,0,0,0,0,0,0,0,1,0,0,0,0,0,0,0,0,0,0,0,0,0,0,0,1,0,0,0,0,0,0,0,0,1,0,0,0,0,0,1,0,0,0,0,0,0,0,0,0,0,0,1,0,1,0,0,0,0,1,0,0,0,0,0,0,0,0,0,0,0,0,1,0,0,0,0,0,0,0,0,0,0,0,0,0,0,1,0,0,0,0,0,0,0,0,0,0,0,1,0,0,0,1,0,0,0,0,1,0,0,0,0,0,0,0,0,1,0,1,0,0,0,0,0,0,0,0,0,0,0,0,0,1,0,0,0,0,1,0
4.110873864173311,9.250618218474752,4,3,5,7,1916,1987,0.0,3,3,2,3,1,1,0.0,1,0.0,6.493753839851686,660.0,5,1,6.695798917058491,6.558197802812269,4.976733742420574,7.4127640174265625,0.0,0.0,2,1,3,1,3,8,6,0,0,1916.0,1,1.0,180.0,2,2,0,0.0,0.0,0.0,4.948759890378168,0.0,0,0.0,8,2009,7.6838639802564295,2.5,93,22,1,1,0,0,0,0,0,0,0,0,0,0,1,0,0,0,0,0,0,0,0,0,1,0,0,1,0,0,0,1,1,0,0,0,0,0,1,0,0,0,0,0,0,0,0,0,0,0,0,0,0,0,0,0,1,0,0,0,0,0,0,0,0,0,1,0,0,0,0,0,0,0,0,1,0,0,0,0,0,1,0,0,0,0,1,0,0,0,0,0,0,0,0,1,0,0,0,0,1,0,0,0,0,0,0,0,0,0,0,0,0,1,0,0,0,0,0,0,0,0,0,0,0,0,0,0,1,0,0,0,0,0,0,0,0,0,0,0,1,0,0,1,0,0,0,0,0,1,0,0,0,0,0,0,0,0,1,0,0,0,0,0,1,0,0,0,0,0,0,0,0,0,1,0,0,0,0,1,0
4.174387269895637,8.856376036730422,4,3,5,5,1979,1979,5.62040086571715,3,3,4,3,3,6,6.99117688712121,1,0.0,0.0,1086.0,3,1,7.110696122978827,0.0,0.0,7.110696122978827,2.0,0.0,0,2,2,2,3,6,8,2,3,1979.0,1,2.0,528.0,3,3,2,4.795790545596741,0.0,0.0,0.0,0.0,0,0.0,6,2009,7.745435610274381,3.0,30,30,1,1,1,0,0,0,0,0,0,0,0,0,0,0,0,0,0,0,1,0,0,0,1,0,0,1,1,0,0,0,1,0,0,0,0,0,1,0,0,0,0,0,0,0,0,0,0,0,0,0,0,0,0,0,0,0,0,1,0,0,0,0,0,1,0,0,0,0,0,0,0,0,0,1,0,0,0,0,0,0,0,1,0,0,0,0,0,0,0,0,1,0,0,1,0,0,0,0,1,0,0,0,0,0,0,0,0,0,0,0,0,0,0,0,1,0,0,0,0,0,0,0,0,0,0,0,0,0,0,0,1,0,0,0,0,0,0,0,0,1,0,1,0,0,0,0,0,1,0,0,0,0,0,0,0,0,1,0,0,0,0,0,1,0,0,0,0,0,0,0,0,0,1,0,0,1,0,0,0
3.7376696182833684,8.501876487304344,4,3,8,5,2001,2002,0.0,4,3,5,3,3,6,7.050989447068045,1,0.0,6.089044875446846,1593.0,5,1,7.374001859350161,0.0,0.0,7.374001859350161,1.0,0.0,1,1,0,1,5,5,8,1,4,2001.0,3,2.0,682.0,3,3,2,0.0,4.795790545596741,0.0,0.0,5.41610040220442,0,0.0,8,2008,8.066835314417336,2.5,7,6,1,1,1,1,0,0,0,0,0,0,0,0,0,0,0,0,0,0,0,0,0,0,1,0,0,1,0,0,0,1,1,0,0,0,0,0,1,0,0,0,0,0,0,0,0,0,0,0,0,0,0,0,0,0,0,0,0,0,0,1,0,0,0,0,1,0,0,0,0,0,0,0,0,1,0,0,0,0,0,0,0,0,0,1,0,0,1,0,0,0,0,0,0,1,0,0,0,0,1,0,0,0,0,0,0,0,0,0,0,0,1,0,0,0,0,0,0,0,0,0,0,0,0,0,0,1,0,0,0,0,0,0,0,0,0,0,0,0,1,0,0,0,1,0,0,0,0,1,0,0,0,0,0,0,0,0,1,0,1,0,0,0,0,0,0,0,0,0,0,0,0,0,1,0,0,0,0,1,0
4.2626798770413155,9.265869681768663,4,2,8,8,1932,1994,0.0,4,3,4,4,1,3,5.697093486505405,1,0.0,6.322565239927284,853.0,3,1,7.346010209913293,7.072421900537371,0.0,7.911324018963353,0.0,0.0,2,1,3,1,4,10,4,2,3,1932.0,1,2.0,440.0,3,3,2,0.0,4.31748811353631,0.0,0.0,0.0,0,0.0,12,2007,8.183397369998433,2.5,75,13,1,1,1,0,0,0,0,0,0,0,0,0,0,0,1,0,0,0,0,0,0,0,1,0,0,1,1,0,0,0,1,0,0,0,0,0,1,0,0,0,0,0,0,1,0,0,0,0,0,0,0,0,0,0,0,0,0,0,0,0,0,0,0,0,1,0,0,0,0,0,0,0,0,1,0,0,0,0,0,1,0,0,0,0,0,0,0,0,0,1,0,0,0,0,0,1,0,0,1,0,0,0,0,0,0,0,0,0,1,0,0,0,0,0,0,0,0,0,0,0,0,0,0,1,0,0,0,0,0,0,0,0,0,0,0,0,0,0,1,0,0,1,0,0,0,0,0,1,0,0,0,0,0,0,0,0,1,0,0,0,0,0,1,0,0,0,0,0,0,0,0,0,1,0,0,0,0,1,0
4.30406509320417,8.91905180393029,3,3,7,9,1972,2004,4.9344739331306915,3,3,3,3,1,5,6.440946540632921,1,0.0,4.605170185988092,725.0,4,1,6.587550014824796,6.626717749249025,0.0,7.299797366758161,1.0,0.0,1,1,4,1,4,7,8,0,0,1972.0,3,2.0,484.0,3,3,2,0.0,3.4965075614664802,0.0,0.0,0.0,0,0.0,6,2007,7.6984827878809465,2.5,35,3,1,1,0,0,0,0,0,0,0,0,0,0,0,1,0,0,0,0,0,0,0,0,1,0,0,1,0,0,0,1,1,0,0,1,0,0,0,0,0,0,0,0,0,0,0,0,0,0,0,1,0,0,0,0,0,0,0,0,0,0,0,0,0,0,1,0,0,0,0,0,0,0,0,1,0,0,0,0,0,1,0,0,0,0,0,0,0,0,0,1,0,0,0,1,0,0,0,0,1,0,0,0,0,0,0,0,0,0,0,0,0,1,0,0,0,0,0,0,0,0,0,0,0,0,0,0,1,0,0,0,0,0,0,0,0,0,0,1,0,0,0,1,0,0,0,0,0,1,0,0,0,0,0,0,0,0,1,0,1,0,0,0,0,0,0,0,0,0,0,0,0,0,1,0,0,0,0,1,0
4.23410650459726,9.106977858981029,3,3,7,5,1999,1999,0.0,4,3,4,3,3,6,6.329720905522696,1,0.0,6.77078942390898,1431.0,5,1,7.266827347520591,0.0,0.0,7.266827347520591,1.0,0.0,2,0,3,1,4,6,8,0,0,1999.0,3,2.0,666.0,3,3,2,0.0,3.58351893845611,0.0,0.0,0.0,0,0.0,9,2009,7.959625305098115,3.0,10,10,1,1,0,0,0,0,0,0,1,0,0,0,0,0,0,0,0,0,0,0,0,0,1,0,0,1,0,0,0,1,1,0,0,0,0,0,1,0,0,0,0,0,1,0,0,0,0,0,0,0,0,0,0,0,0,0,0,0,0,0,0,0,0,0,1,0,0,0,0,0,0,0,0,1,0,0,0,0,0,1,0,0,0,0,0,0,1,0,0,0,0,0,0,1,0,0,0,0,1,0,0,0,0,0,0,0,0,0,0,0,0,0,0,0,0,0,0,1,0,0,0,0,0,0,0,0,0,0,0,0,0,0,0,1,0,0,0,0,1,0,0,0,1,0,0,0,0,1,0,0,0,0,0,0,0,0,1,0,1,0,0,0,0,0,0,0,0,0,0,0,0,0,1,0,0,0,0,1,0
3.2188758248682006,7.833203948641057,4,3,7,5,2004,2004,3.9318256327243257,4,3,4,3,1,1,0.0,1,0.0,6.878326468291325,970.0,5,1,6.878326468291325,6.606650186198215,0.0,7.444248649496705,0.0,0.0,2,0,3,1,4,7,4,0,0,2004.0,1,2.0,380.0,3,3,2,0.0,3.713572066704308,0.0,0.0,0.0,0,0.0,5,2006,7.893572073504902,2.0,2,2,1,1,0,0,0,1,0,0,0,0,0,0,0,0,0,0,0,0,0,0,0,0,0,1,0,1,0,0,0,1,1,0,0,0,0,0,1,0,0,0,0,0,0,0,1,0,0,0,0,0,0,0,0,0,0,0,0,0,0,0,0,0,0,0,1,0,0,0,0,0,0,0,0,1,0,0,0,0,0,0,0,0,1,0,0,0,0,0,0,1,0,0,0,1,0,0,0,0,1,0,0,0,0,0,0,0,0,0,0,0,0,0,0,0,0,0,0,1,0,0,0,0,0,0,0,0,0,0,0,0,0,0,0,1,0,0,0,0,0,1,0,0,1,0,0,0,0,1,0,0,0,0,0,0,0,0,1,0,0,0,0,0,1,0,0,0,0,0,0,0,0,0,1,0,0,0,0,1,0
4.110873864173311,8.879193928110318,3,3,5,7,1972,1972,0.0,3,3,3,3,3,5,5.968707559985366,1,0.0,6.163314804034641,864.0,3,1,6.762729506931879,0.0,0.0,6.762729506931879,0.0,0.0,1,0,3,1,3,5,8,0,0,1989.0,1,1.0,352.0,3,3,2,0.0,0.0,0.0,0.0,0.0,0,0.0,5,2008,7.455298485683291,1.0,36,36,1,1,0,0,0,0,0,0,1,0,0,0,0,0,0,0,0,0,0,0,0,0,1,0,0,1,0,0,0,1,1,0,0,0,0,0,1,0,0,0,0,0,1,0,0,0,0,0,0,0,0,0,0,0,0,0,0,0,0,0,0,0,0,0,1,0,0,0,0,0,0,0,0,1,0,0,0,0,0,1,0,0,0,0,0,0,1,0,0,0,0,0,0,0,0,1,0,0,1,0,0,0,0,0,0,0,0,0,0,0,0,1,0,0,0,0,0,0,0,0,0,0,0,0,0,0,1,0,0,0,0,0,0,0,0,0,0,0,1,0,0,1,0,0,0,0,0,1,0,0,0,0,0,0,0,0,1,0,0,0,0,0,1,0,0,0,0,0,0,0,0,0,1,0,0,0,0,1,0
3.2188758248682006,7.732369222284388,4,3,6,6,1976,1976,0.0,3,3,4,3,1,5,6.340359303727752,1,0.0,5.66988092298052,855.0,3,1,6.752270376141742,6.400257445308821,0.0,7.284134806195205,0.0,0.0,2,1,3,1,3,7,8,1,3,1976.0,1,2.0,440.0,3,3,2,4.477336814478207,0.0,0.0,0.0,0.0,0,0.0,7,2009,7.7458682297922685,2.5,33,33,1,1,1,0,0,1,0,0,0,0,0,0,0,0,0,0,0,0,0,0,0,0,1,0,0,1,0,0,0,1,1,0,0,0,1,0,0,0,0,0,0,0,0,0,0,0,0,0,0,0,1,0,0,0,0,0,0,0,0,0,0,0,0,0,1,0,0,0,0,0,0,0,0,1,0,0,0,0,0,0,0,0,1,0,0,0,0,0,0,1,0,0,0,1,0,0,0,0,1,0,0,0,0,0,0,0,0,0,0,0,0,0,0,0,1,0,0,0,0,0,0,0,1,0,0,0,0,0,0,0,0,0,0,0,0,0,0,0,1,0,0,1,0,0,0,0,0,1,0,0,0,0,0,0,0,0,1,0,1,0,0,0,0,0,0,0,0,0,0,0,0,0,1,0,0,0,0,1,0
4.382026634673881,9.150271845510064,4,3,7,5,2007,2007,5.327876168789581,5,3,5,3,1,6,7.027314514039777,1,0.0,6.398594934535208,1726.0,5,1,7.454141078146678,0.0,0.0,7.454141078146678,1.0,0.0,2,0,3,1,5,8,8,1,4,2007.0,3,3.0,786.0,3,3,2,5.147494476813453,4.9344739331306915,0.0,0.0,5.58724865840025,0,0.0,9,2007,8.146998697389993,3.0,0,0,1,1,1,0,0,0,0,0,1,0,0,0,0,0,0,0,0,0,0,0,0,0,1,0,0,1,0,0,0,1,1,0,0,0,0,0,1,0,0,0,0,0,0,0,0,0,0,0,0,0,0,0,0,0,0,0,0,0,1,0,0,0,0,0,1,0,0,0,0,0,0,0,0,1,0,0,0,0,0,1,0,0,0,0,0,0,1,0,0,0,0,0,0,0,0,1,0,0,1,0,0,0,0,0,0,0,0,0,0,0,1,0,0,0,0,0,0,0,0,0,0,0,0,0,0,1,0,0,0,0,0,0,0,0,0,0,0,0,0,1,0,0,1,0,0,0,0,1,0,0,0,0,0,0,0,0,1,0,1,0,0,0,0,0,0,0,0,0,0,0,1,0,0,0,0,0,0,0,1
5.1647859739235145,10.143291544743445,4,3,8,4,1918,1990,0.0,4,4,3,3,1,6,6.9440872082295275,2,5.220355825078324,4.948759890378168,1360.0,4,1,7.215975002651466,7.215975002651466,5.973809611869261,8.043342170441608,1.0,1.0,2,0,4,1,4,8,8,1,5,1918.0,1,2.0,795.0,3,3,2,0.0,2.833213344056216,6.315358001522335,0.0,0.0,512,0.0,3,2006,8.314097335405807,3.5,88,16,1,1,1,0,0,0,0,0,0,0,0,0,0,0,0,1,0,0,0,0,0,0,1,0,0,1,0,0,0,1,1,0,1,0,0,0,0,0,0,0,0,0,0,0,0,0,0,0,0,1,0,0,0,0,0,0,0,0,0,0,0,0,1,0,0,0,0,0,0,0,0,0,0,1,0,0,0,0,0,1,0,0,0,0,0,0,0,0,0,1,0,0,0,1,0,0,0,0,1,0,0,0,0,0,0,0,0,0,0,0,0,0,0,0,0,0,1,0,0,0,0,0,0,0,0,0,0,0,0,0,0,0,1,0,0,0,0,0,1,0,0,0,1,0,0,0,0,1,0,0,0,0,0,0,0,0,1,0,0,0,0,0,1,0,0,0,0,0,0,0,0,0,1,1,0,0,0,0,0
4.532599493153256,8.616314282284044,4,3,6,6,1912,1950,0.0,3,3,3,3,1,1,0.0,1,0.0,6.628041376179533,755.0,5,1,6.835184586147301,6.835184586147301,5.918893854273146,7.709756864454165,0.0,0.0,1,0,5,1,3,8,8,0,0,0.0,0,0.0,0.0,0,0,2,0.0,5.293304824724492,3.4339872044851463,0.0,0.0,0,0.0,7,2009,7.868636894184167,1.0,97,59,0,1,0,0,0,0,0,0,0,0,0,0,0,0,0,1,0,0,0,0,0,0,0,1,0,1,0,0,0,1,1,0,1,0,0,0,0,0,0,0,0,0,0,0,0,0,0,0,0,0,0,0,0,0,1,0,0,0,0,0,0,0,0,0,1,0,0,0,0,0,0,0,0,1,0,0,0,0,0,1,0,0,0,0,0,0,0,1,0,0,0,0,0,1,0,0,0,0,1,0,0,0,0,0,0,0,0,0,0,0,0,0,0,0,0,0,0,0,1,0,0,0,0,0,0,0,0,0,0,0,0,0,0,0,1,0,0,0,1,0,0,1,0,0,0,0,0,1,0,0,0,0,0,0,0,0,1,0,0,0,0,0,0,1,0,0,0,0,0,0,0,0,1,1,0,0,0,0,0
4.343805421853684,9.16868469670735,4,3,8,5,2004,2005,5.572154032177765,4,3,5,3,3,6,6.9930151229329605,1,0.0,6.439350371100098,1713.0,5,1,7.446585099157725,0.0,0.0,7.446585099157725,1.0,0.0,2,0,3,1,5,7,8,1,4,2004.0,3,3.0,856.0,3,3,2,0.0,3.295836866004329,0.0,0.0,5.14166355650266,0,0.0,1,2009,8.139440521874608,3.0,5,4,1,1,1,0,0,0,0,0,1,0,0,0,0,0,0,0,0,0,0,0,0,0,1,0,0,1,0,0,0,1,1,0,0,0,0,0,1,0,0,0,0,0,0,0,0,0,0,0,0,0,0,0,0,1,0,0,0,0,0,0,0,0,0,0,1,0,0,0,0,0,0,0,0,1,0,0,0,0,0,1,0,0,0,0,0,0,1,0,0,0,0,0,0,0,0,1,0,0,1,0,0,0,0,0,0,0,0,0,0,0,0,0,0,0,0,0,0,1,0,0,0,0,0,0,0,0,0,0,0,0,0,0,0,1,0,0,0,1,0,0,0,0,1,0,0,0,0,1,0,0,0,0,0,0,0,0,1,0,1,0,0,0,0,0,0,0,0,0,0,0,0,0,1,0,0,0,0,1,0
4.394449154672439,9.053335623166017,4,3,4,5,2003,2004,0.0,3,3,4,3,1,1,0.0,1,0.0,7.022868086082641,1121.0,5,1,7.022868086082641,0.0,0.0,7.022868086082641,0.0,0.0,2,0,2,1,3,5,8,0,0,2003.0,2,2.0,440.0,3,3,2,4.890349128221754,4.174387269895637,0.0,0.0,0.0,0,0.0,3,2010,7.715569534520208,2.0,7,6,1,1,0,0,0,0,0,0,1,0,0,0,0,0,0,0,0,0,0,0,0,0,0,1,0,1,0,0,0,1,1,0,1,0,0,0,0,0,0,0,0,0,0,0,1,0,0,0,0,0,0,0,0,0,0,0,0,0,0,0,0,0,0,0,1,0,0,0,0,0,0,0,0,1,0,0,0,0,0,1,0,0,0,0,0,0,1,0,0,0,0,0,0,1,0,0,0,0,1,0,0,0,0,0,0,0,0,0,0,0,0,0,0,0,0,0,0,1,0,0,0,0,0,0,0,0,0,0,0,0,0,0,0,1,0,0,0,0,1,0,0,0,1,0,0,0,0,1,0,0,0,0,0,0,0,0,1,0,1,0,0,0,0,0,0,0,0,0,0,0,0,0,1,0,0,0,0,1,0
4.330733340286331,9.222861652529854,4,3,6,6,1977,1977,0.0,3,3,3,3,1,5,6.464588303689961,2,5.634789603169249,5.6240175061873385,1196.0,3,1,7.154615356913663,0.0,0.0,7.154615356913663,0.0,1.0,2,0,3,1,3,6,8,2,2,1980.0,1,2.0,473.0,3,3,2,5.476463551931511,4.430816798843313,0.0,0.0,0.0,0,0.0,2,2008,7.814399633804487,2.5,31,31,1,1,1,0,0,0,0,0,1,0,0,0,0,0,0,0,0,0,0,0,0,0,1,0,0,1,0,0,0,1,1,0,0,0,0,0,1,0,0,0,0,0,0,0,0,0,0,0,1,0,0,0,0,0,0,0,0,0,0,0,0,0,0,0,1,0,0,0,0,0,0,0,0,1,0,0,0,0,0,1,0,0,0,0,0,0,1,0,0,0,0,0,0,1,0,0,0,0,1,0,0,0,0,0,0,0,0,0,0,0,0,0,0,0,1,0,0,0,0,0,0,0,0,0,0,0,0,0,0,0,1,0,0,0,0,0,0,0,1,0,0,1,0,0,0,0,0,1,0,0,0,0,0,0,0,0,1,0,0,0,0,0,1,0,0,0,0,0,0,0,0,0,1,0,0,0,0,1,0
3.9318256327243257,8.853808274977197,4,3,6,6,1924,1950,0.0,3,4,2,3,1,2,6.42648845745769,1,0.0,0.0,617.0,4,1,6.763884908562435,6.100318952020064,0.0,7.1785454837637,0.0,0.0,2,0,2,1,3,6,7,0,0,1924.0,1,1.0,398.0,3,3,2,0.0,0.0,4.844187086458591,0.0,0.0,0,0.0,5,2006,7.564238475170491,2.0,82,56,1,1,0,0,0,0,0,0,0,0,0,0,1,0,0,0,0,0,0,0,0,0,1,0,0,1,0,0,0,1,1,0,1,0,0,0,0,0,0,0,0,0,0,0,0,0,0,0,0,0,0,0,0,0,1,0,0,0,0,0,0,0,1,0,0,0,0,0,0,0,0,0,0,1,0,0,0,0,0,1,0,0,0,0,1,0,0,0,0,0,0,0,0,1,0,0,0,0,1,0,0,0,0,0,0,0,0,0,0,0,0,0,0,1,0,0,0,0,0,0,0,0,0,0,0,0,0,0,1,0,0,0,0,0,0,0,0,0,1,0,1,0,0,0,0,0,0,1,0,0,0,0,0,0,0,0,1,0,1,0,0,0,0,0,1,0,0,0,0,0,0,0,0,0,0,0,0,1,0
4.2626798770413155,8.398184404834035,4,3,6,5,2004,2004,5.327876168789581,4,3,4,3,3,6,6.4967749901858625,1,0.0,5.231108616854587,848.0,5,1,6.744059186311348,0.0,0.0,6.744059186311348,1.0,0.0,1,0,1,1,4,3,8,1,4,2004.0,2,2.0,420.0,3,3,2,5.0106352940962555,0.0,0.0,0.0,0.0,0,0.0,1,2008,7.436617265234227,2.0,4,4,1,1,1,1,0,0,0,0,0,0,0,0,0,0,0,0,0,0,0,0,0,0,0,1,0,1,0,0,0,1,1,0,0,0,0,0,1,0,0,0,0,0,1,0,0,0,0,0,0,0,0,0,0,0,0,0,0,0,0,0,0,0,0,0,1,0,0,0,0,0,0,0,0,1,0,0,0,0,0,0,0,0,0,1,0,0,1,0,0,0,0,0,0,1,0,0,0,0,1,0,0,0,0,0,0,0,0,0,0,0,0,0,0,0,0,0,0,1,0,0,0,0,0,0,0,0,0,0,0,0,0,0,0,1,0,0,0,1,0,0,0,0,1,0,0,0,0,1,0,0,0,0,0,0,0,0,1,0,1,0,0,0,0,0,0,0,0,0,0,0,0,0,1,0,0,0,0,1,0
3.9318256327243257,8.160803920954665,4,3,5,7,1947,1950,0.0,3,3,3,3,1,2,5.746203190540153,1,0.0,6.013715156042802,720.0,3,1,6.580639137284949,6.336825731146441,0.0,7.158513997329321,0.0,0.0,1,1,2,1,3,5,8,0,0,1948.0,1,1.0,240.0,3,3,2,0.0,3.58351893845611,0.0,0.0,0.0,0,0.0,4,2009,7.60339933974067,1.5,62,59,1,1,0,0,0,0,0,0,0,0,0,0,1,0,0,0,0,0,0,0,0,0,0,1,0,1,0,0,0,1,1,0,0,0,0,0,1,0,0,0,0,0,0,0,0,0,0,0,0,0,0,0,0,0,1,0,0,0,0,0,0,0,0,0,1,0,0,0,0,0,0,0,0,1,0,0,0,0,0,1,0,0,0,0,1,0,0,0,0,0,0,0,0,1,0,0,0,0,1,0,0,0,0,0,0,1,0,0,0,0,0,0,0,0,0,0,0,0,0,0,1,0,0,0,0,0,0,0,0,0,0,0,0,0,0,0,0,0,1,0,0,1,0,0,0,0,0,1,0,0,0,0,0,0,0,0,1,0,0,0,0,0,1,0,0,0,0,0,0,0,0,0,1,0,0,0,0,1,0
4.605170185988092,9.380251908693456,4,3,7,5,1990,1990,0.0,3,3,4,3,1,1,0.0,1,0.0,7.261927092702751,1424.0,5,1,7.274479558773871,0.0,0.0,7.274479558773871,0.0,0.0,2,0,3,1,3,5,8,0,0,1990.0,2,2.0,500.0,3,3,2,0.0,3.5553480614894135,0.0,6.2324480165505225,0.0,0,0.0,5,2009,7.96102146588337,2.0,19,19,1,1,0,0,0,0,0,0,1,0,0,0,0,0,0,0,0,0,0,0,0,0,1,0,0,1,0,0,0,1,1,0,1,0,0,0,0,0,0,0,0,0,0,0,0,1,0,0,0,0,0,0,0,0,0,0,0,0,0,0,0,0,0,0,1,0,0,0,0,0,0,0,0,1,0,0,0,0,0,1,0,0,0,0,0,0,1,0,0,0,0,0,0,1,0,0,0,0,1,0,0,0,0,0,0,0,0,0,0,0,0,1,0,0,0,0,0,0,0,0,0,0,0,0,0,0,1,0,0,0,0,0,0,0,0,0,0,0,1,0,0,0,1,0,0,0,0,1,0,0,0,0,0,0,0,0,1,0,1,0,0,0,0,0,0,0,0,0,0,0,0,0,1,0,0,0,0,1,0
3.713572066704308,9.523251498473739,3,3,5,5,1962,1962,0.0,3,4,3,3,1,1,0.0,1,0.0,7.039660349862076,1140.0,3,1,7.436617265234227,0.0,0.0,7.436617265234227,0.0,0.0,1,1,3,1,3,8,6,1,3,1962.0,2,1.0,349.0,3,3,2,0.0,3.4339872044851463,0.0,0.0,0.0,0,0.0,3,2007,7.950502434808851,1.5,45,45,1,1,1,0,0,0,0,0,1,0,0,0,0,0,0,0,0,0,0,0,0,0,1,0,0,1,0,0,0,1,1,0,0,1,0,0,0,0,0,0,0,0,0,0,0,0,0,0,0,0,0,0,0,0,0,0,1,0,0,0,0,0,0,0,0,0,0,1,0,0,0,0,0,1,0,0,0,0,0,1,0,0,0,0,0,0,1,0,0,0,0,0,0,1,0,0,0,0,1,0,0,0,0,0,0,0,0,0,0,0,0,1,0,0,0,0,0,0,0,0,0,0,0,0,0,0,1,0,0,0,0,0,0,0,0,0,0,0,1,0,0,1,0,0,0,0,0,1,0,0,0,0,0,0,0,0,1,0,1,0,0,0,0,0,0,0,0,0,0,0,0,0,1,0,0,0,0,1,0
4.30406509320417,9.433003808053515,3,3,4,5,1960,1960,0.0,3,3,3,3,1,5,6.040254711277414,3,5.726847747587197,5.929589143389895,1100.0,3,1,7.00397413672268,0.0,0.0,7.00397413672268,1.0,0.0,1,0,3,1,3,6,8,1,1,1960.0,2,1.0,312.0,3,3,2,5.87493073085203,0.0,0.0,0.0,0.0,0,0.0,4,2008,7.696667081526462,2.0,48,48,1,1,1,0,0,0,0,0,1,0,0,0,0,0,0,0,0,0,0,0,0,0,1,0,0,1,0,0,0,1,1,0,0,0,0,0,1,0,0,0,0,0,0,0,0,0,0,0,0,1,0,0,0,0,0,0,0,0,0,0,0,0,0,0,1,0,0,0,0,0,0,0,0,1,0,0,0,0,0,1,0,0,0,0,0,0,1,0,0,0,0,0,0,1,0,0,0,0,1,0,0,0,0,0,0,0,0,0,0,0,0,0,0,0,0,0,0,0,1,0,0,0,0,0,0,0,0,0,0,0,0,0,0,0,1,0,0,0,1,0,0,0,1,0,0,0,0,1,0,0,0,0,0,0,0,0,1,0,1,0,0,0,0,0,0,0,0,0,0,0,0,0,1,0,0,0,0,1,0
4.212127597878484,9.57254997141339,3,2,7,5,1988,1989,4.859812404361672,4,3,4,3,4,6,6.97166860472579,1,0.0,4.532599493153256,1157.0,5,1,7.074116816197362,6.78332520060396,0.0,7.631916513071252,1.0,0.0,2,1,3,1,3,7,8,1,4,1988.0,3,2.0,454.0,3,3,2,4.110873864173311,4.02535169073515,0.0,0.0,5.043425116919247,0,0.0,4,2007,8.077136638538454,3.5,19,18,1,1,1,0,0,0,0,0,0,0,0,0,0,1,0,0,0,0,0,0,0,0,1,0,0,1,0,0,1,0,1,0,0,0,0,0,1,0,0,0,0,0,0,0,0,0,0,0,0,0,0,0,0,0,0,0,0,1,0,0,0,0,0,0,1,0,0,0,0,0,0,0,0,1,0,0,0,0,0,1,0,0,0,0,0,0,0,0,0,1,0,0,0,1,0,0,0,0,1,0,0,0,0,0,0,0,0,0,0,0,0,0,0,0,1,0,0,0,0,0,0,0,0,0,0,0,0,0,0,0,1,0,0,0,0,0,0,1,0,0,0,1,0,0,0,0,0,1,0,0,0,0,0,0,0,0,1,0,1,0,0,0,0,0,0,0,0,0,0,0,0,0,1,0,0,0,0,1,0
4.330733340286331,9.018089684104343,4,3,6,7,1964,1964,5.564520407322694,3,3,4,3,1,3,6.669498089857879,1,0.0,5.723585101952381,1092.0,5,1,6.996681488176539,0.0,0.0,6.996681488176539,1.0,0.0,1,0,3,1,3,6,8,0,0,1964.0,2,2.0,504.0,3,4,2,0.0,0.0,0.0,0.0,0.0,0,0.0,7,2008,7.68937110752969,2.0,44,44,1,1,0,0,0,0,0,0,1,0,0,0,0,0,0,0,0,0,0,0,0,0,1,0,0,1,0,0,0,1,1,0,0,0,0,0,1,0,0,0,0,0,0,0,0,0,0,0,0,1,0,0,0,0,0,0,0,0,0,0,0,0,0,0,1,0,0,0,0,0,0,0,0,1,0,0,0,0,0,1,0,0,0,0,0,0,1,0,0,0,0,0,0,0,0,1,0,0,1,0,0,0,0,0,0,0,0,0,0,0,0,1,0,0,0,0,0,0,0,0,0,0,0,0,0,0,1,0,0,0,0,0,0,0,0,0,0,0,0,1,0,1,0,0,0,0,0,1,0,0,0,0,0,0,0,0,1,0,1,0,0,0,0,0,0,0,0,0,0,0,0,0,1,0,0,0,0,1,0
4.219507705176107,8.63141433550626,4,3,5,6,1925,1950,0.0,3,3,3,3,1,3,6.150602768446279,1,0.0,5.983936280687191,864.0,3,0,6.762729506931879,0.0,0.0,6.762729506931879,1.0,0.0,1,0,2,1,3,5,8,0,0,0.0,0,0.0,0.0,0,0,2,0.0,0.0,4.574710978503383,0.0,0.0,0,0.0,4,2008,7.455298485683291,2.0,83,58,0,1,0,0,0,0,0,0,0,1,0,0,0,0,0,0,0,0,0,0,0,0,1,0,0,1,0,0,0,1,1,0,0,0,0,0,1,0,0,0,0,0,0,0,1,0,0,0,0,0,0,0,0,0,0,0,0,0,0,0,0,0,0,0,1,0,0,0,0,0,0,0,0,1,0,0,0,0,0,1,0,0,0,0,0,0,1,0,0,0,0,0,0,1,0,0,0,0,1,0,0,0,0,0,0,0,0,0,0,0,0,0,0,0,0,0,1,0,0,0,0,0,0,0,0,0,0,0,0,0,0,0,1,0,0,0,0,0,1,0,0,1,0,0,0,0,0,1,0,0,0,0,1,0,0,0,0,0,0,0,0,0,0,1,0,0,0,0,0,0,0,0,1,0,0,0,0,1,0
4.430816798843313,9.251578279992428,4,3,6,5,2009,2009,0.0,3,3,4,3,2,6,3.6109179126442243,1,0.0,7.0707241072602764,1212.0,5,1,7.10085190894405,0.0,0.0,7.10085190894405,0.0,0.0,2,0,3,1,4,6,8,0,0,2009.0,2,2.0,460.0,3,3,2,4.61512051684126,3.1354942159291497,0.0,0.0,0.0,0,0.0,3,2010,7.793586803371584,2.0,1,1,1,1,0,0,0,0,0,0,1,0,0,0,0,0,0,0,0,0,0,0,0,0,1,0,0,1,0,0,0,1,1,0,1,0,0,0,0,0,0,0,0,0,0,0,1,0,0,0,0,0,0,0,0,0,0,0,0,0,0,0,0,0,0,0,1,0,0,0,0,0,0,0,0,1,0,0,0,0,0,1,0,0,0,0,0,0,1,0,0,0,0,0,0,1,0,0,0,0,1,0,0,0,0,0,0,0,0,0,0,0,0,0,0,0,0,0,0,1,0,0,0,0,0,0,0,0,0,0,0,0,0,0,0,1,0,0,0,0,1,0,0,0,1,0,0,0,0,1,0,0,0,0,0,0,0,0,1,0,1,0,0,0,0,0,0,0,0,0,0,0,0,0,1,0,0,0,0,1,0
4.290459441148391,9.0642735958414,4,3,7,5,2009,2009,0.0,3,3,4,3,1,6,6.71295620067707,1,0.0,4.3694478524670215,900.0,5,1,6.838405200847344,6.825460036255307,0.0,7.52456122628536,1.0,0.0,2,1,3,1,4,7,8,1,3,2009.0,2,2.0,644.0,3,3,2,5.1298987149230735,4.6913478822291435,0.0,0.0,0.0,0,0.0,7,2009,7.920446505142607,3.5,0,0,1,1,1,0,0,0,0,0,0,0,0,0,0,1,0,0,0,0,0,0,1,0,0,0,0,1,0,0,0,1,1,0,0,0,0,0,1,0,0,0,0,0,0,0,0,0,0,0,0,0,0,0,0,0,0,0,0,0,1,0,0,0,0,0,1,0,0,0,0,0,0,0,0,1,0,0,0,0,0,1,0,0,0,0,0,0,0,0,0,1,0,0,0,1,0,0,0,0,1,0,0,0,0,0,0,0,0,0,0,0,0,0,0,0,0,0,0,1,0,0,0,0,0,0,0,0,0,0,0,0,0,0,0,1,0,0,0,0,1,0,0,0,1,0,0,0,0,1,0,0,0,0,0,0,0,0,1,0,1,0,0,0,0,0,0,0,0,0,0,0,1,0,0,0,0,0,0,0,1
3.784189633918261,9.515543058145953,2,3,5,5,1995,1995,0.0,3,3,4,3,1,5,6.57507584059962,1,0.0,5.616771097666572,990.0,5,1,6.898714534329988,0.0,0.0,6.898714534329988,0.0,1.0,1,0,3,1,3,5,8,0,0,1996.0,1,2.0,576.0,3,3,2,5.41610040220442,0.0,0.0,0.0,0.0,0,0.0,7,2006,7.591357046698551,1.5,11,11,1,1,0,0,0,0,0,0,1,0,0,0,0,0,0,0,0,0,0,0,0,0,1,0,0,1,0,0,0,1,1,0,0,1,0,0,0,0,0,0,0,0,1,0,0,0,0,0,0,0,0,0,0,0,0,0,0,0,0,0,0,0,0,0,1,0,0,0,0,0,0,0,0,1,0,0,0,0,0,1,0,0,0,0,0,0,1,0,0,0,0,0,0,1,0,0,0,0,1,0,0,0,0,0,0,0,0,0,0,0,0,0,0,0,0,0,0,1,0,0,0,0,0,0,0,0,0,0,0,0,0,0,0,1,0,0,0,0,1,0,0,0,1,0,0,0,0,1,0,0,0,0,0,0,0,0,1,0,1,0,0,0,0,0,0,0,0,0,0,0,0,0,1,0,0,0,0,1,0
4.2626798770413155,9.296609807128359,3,3,6,7,1977,1977,5.0369526024136295,3,3,4,3,1,6,5.937536205082426,1,0.0,5.7430031878094825,689.0,5,1,6.536691597591305,6.556778356158042,0.0,7.239214973779806,0.0,0.0,1,1,3,1,3,6,8,0,0,1977.0,3,1.0,299.0,3,3,2,0.0,3.6109179126442243,0.0,0.0,0.0,0,6.111467339502679,3,2010,7.641084249174914,1.5,33,33,1,1,0,0,0,0,0,0,0,0,0,0,0,1,0,0,0,0,0,0,0,0,1,0,0,1,0,0,0,1,1,0,0,0,1,0,0,0,0,0,0,0,1,0,0,0,0,0,0,0,0,0,0,0,0,0,0,0,0,0,0,0,0,0,1,0,0,0,0,0,0,0,0,1,0,0,0,0,0,1,0,0,0,0,0,0,0,0,0,1,0,0,0,1,0,0,0,0,1,0,0,0,0,0,0,0,0,0,0,0,0,1,0,0,0,0,0,0,0,0,0,0,0,0,0,0,1,0,0,0,0,0,0,0,0,0,0,1,0,0,0,1,0,0,0,0,0,1,0,0,0,0,0,0,0,0,1,0,1,0,0,0,0,0,0,0,0,0,0,0,0,0,1,0,0,0,0,1,0
4.290459441148391,9.211539652551664,3,3,5,6,1957,1996,4.174387269895637,3,3,3,3,1,4,5.8888779583328805,1,0.0,6.566672429803241,1070.0,3,1,7.1204443723924875,0.0,0.0,7.1204443723924875,0.0,1.0,1,0,2,1,4,6,7,1,2,1957.0,1,1.0,447.0,3,3,2,0.0,0.0,0.0,0.0,0.0,0,0.0,5,2006,7.7437032581737535,1.5,49,10,1,1,1,0,0,0,0,0,1,0,0,0,0,0,0,0,0,0,0,0,0,0,1,0,0,1,0,0,0,1,1,0,0,0,0,0,1,0,0,0,0,0,0,0,0,0,0,0,0,1,0,0,0,0,0,0,0,0,0,0,0,0,0,0,1,0,0,0,0,0,0,0,0,1,0,0,0,0,0,1,0,0,0,0,0,0,1,0,0,0,0,0,0,1,0,0,0,0,1,0,0,0,0,0,0,0,0,0,0,0,0,1,0,0,0,0,0,0,0,0,0,0,0,0,0,0,1,0,0,0,0,0,0,0,0,0,0,1,0,0,0,1,0,0,0,0,0,1,0,0,0,0,0,0,0,0,1,0,1,0,0,0,0,0,0,0,0,0,0,0,0,0,1,0,0,0,0,1,0
4.189654742026425,9.042040056544483,4,3,7,5,2004,2004,5.58724865840025,4,3,4,3,2,6,6.853299093186078,1,0.0,6.19644412779452,1436.0,5,1,7.270312886079025,0.0,0.0,7.270312886079025,1.0,0.0,2,0,3,1,4,8,8,0,0,2004.0,1,2.0,484.0,3,3,2,4.941642422609304,4.59511985013459,0.0,0.0,0.0,0,0.0,4,2008,7.96311205897929,3.0,4,4,1,1,0,0,0,0,0,0,1,0,0,0,0,0,0,0,0,0,0,0,0,0,1,0,0,1,0,0,0,1,1,0,0,0,0,0,1,0,0,0,0,0,1,0,0,0,0,0,0,0,0,0,0,0,0,0,0,0,0,0,0,0,0,0,1,0,0,0,0,0,0,0,0,1,0,0,0,0,0,1,0,0,0,0,0,0,1,0,0,0,0,0,0,1,0,0,0,0,1,0,0,0,0,0,0,0,0,0,0,0,0,0,0,0,0,0,0,1,0,0,0,0,0,0,0,0,0,0,0,0,0,0,0,1,0,0,0,1,0,0,0,0,1,0,0,0,0,1,0,0,0,0,0,0,0,0,1,0,1,0,0,0,0,0,0,0,0,0,0,0,0,0,1,0,0,0,0,1,0
4.060443010546419,9.20099685697303,4,3,4,4,1925,1950,0.0,3,3,3,3,1,1,0.0,1,0.0,6.532334292222349,686.0,2,0,6.698268054115413,6.251903883165888,0.0,7.192182058713246,0.0,0.0,1,0,3,1,3,8,8,0,0,1940.0,1,1.0,210.0,3,3,2,0.0,5.153291594497779,4.110873864173311,0.0,0.0,0,0.0,9,2006,7.608374474380783,1.0,81,56,1,1,0,0,0,0,0,0,0,0,0,0,0,0,1,0,0,0,0,0,0,0,0,1,0,1,0,0,0,1,1,0,0,0,0,0,1,0,0,0,0,0,0,0,0,0,0,0,0,0,0,0,0,0,1,0,0,0,0,0,0,0,0,0,1,0,0,0,0,0,0,0,0,1,0,0,0,0,0,1,0,0,0,0,0,0,0,0,0,1,0,0,0,1,0,0,0,0,1,0,0,0,0,0,0,0,0,0,0,0,0,0,0,1,0,0,0,0,0,0,0,0,0,0,0,0,0,0,1,0,0,0,0,0,0,0,0,0,1,0,0,1,0,0,0,0,0,1,0,0,0,0,0,0,0,0,1,0,0,0,0,0,1,0,0,0,0,0,0,0,0,0,1,0,0,0,1,0,0
4.31748811353631,9.658928824466434,3,3,7,9,1939,2006,5.746203190540153,4,4,3,3,1,4,5.834810737062605,1,0.0,6.126869184114185,798.0,5,1,7.037027614686276,6.706862336602747,0.0,7.578145472419466,0.0,1.0,1,1,3,1,4,8,8,2,3,1939.0,1,2.0,431.0,3,3,2,0.0,4.787491742782046,5.017279836814924,0.0,0.0,0,0.0,5,2008,7.920446505142607,2.0,69,2,1,1,1,0,0,0,0,0,0,0,0,0,1,0,0,0,0,0,0,0,0,0,1,0,0,1,0,0,0,1,1,0,1,0,0,0,0,0,0,0,0,0,0,1,0,0,0,0,0,0,0,0,0,0,0,0,0,0,0,0,0,0,0,0,1,0,0,0,0,0,0,0,0,1,0,0,0,0,0,1,0,0,0,0,1,0,0,0,0,0,0,0,0,1,0,0,0,0,1,0,0,0,0,0,0,0,0,0,0,0,0,0,0,0,0,0,0,1,0,0,0,0,0,0,0,0,0,0,0,0,0,0,0,1,0,0,0,1,0,0,0,1,0,0,0,0,0,1,0,0,0,0,0,0,0,0,1,0,1,0,0,0,0,0,0,0,0,0,0,0,0,0,1,0,0,0,0,1,0
3.784189633918261,8.010027528481734,4,3,7,5,2005,2006,2.833213344056216,4,3,4,3,3,6,2.833213344056216,1,0.0,7.117205503164344,1248.0,5,1,7.130098510125578,0.0,0.0,7.130098510125578,0.0,0.0,2,0,2,1,4,5,8,0,0,2005.0,3,2.0,438.0,3,3,2,4.6913478822291435,0.0,0.0,0.0,0.0,0,0.0,3,2006,7.822845290279774,2.0,1,0,1,1,0,1,0,0,0,0,0,0,0,0,0,0,0,0,0,0,0,0,0,0,1,0,0,1,0,0,0,1,1,0,0,0,0,0,1,1,0,0,0,0,0,0,0,0,0,0,0,0,0,0,0,0,0,0,0,0,0,0,0,0,0,0,1,0,0,0,0,0,0,0,0,1,0,0,0,0,0,0,0,0,0,1,0,0,1,0,0,0,0,0,0,1,0,0,0,0,1,0,0,0,0,0,0,0,0,0,0,0,0,0,0,0,0,0,0,1,0,0,0,0,0,0,0,0,0,0,0,0,0,0,0,1,0,0,0,1,0,0,0,0,1,0,0,0,0,1,0,0,0,0,0,0,0,0,1,0,1,0,0,0,0,0,0,0,0,0,0,0,1,0,0,0,0,0,0,0,1
4.30406509320417,9.103979355984773,3,3,7,5,2006,2006,0.0,4,3,4,3,2,1,0.0,1,0.0,7.312553498102598,1498.0,5,1,7.312553498102598,0.0,0.0,7.312553498102598,0.0,0.0,2,0,2,1,4,5,8,0,0,2006.0,2,2.0,675.0,3,3,2,5.863631175598097,3.5263605246161616,0.0,0.0,0.0,0,0.0,4,2006,8.005367067316664,2.0,0,0,1,1,0,0,0,0,0,0,1,0,0,0,0,0,0,0,0,0,0,0,0,0,1,0,0,1,0,0,0,1,1,0,0,0,0,0,1,0,0,0,0,0,1,0,0,0,0,0,0,0,0,0,0,0,0,0,0,0,0,0,0,0,0,0,1,0,0,0,0,0,0,0,0,1,0,0,0,0,0,1,0,0,0,0,0,0,1,0,0,0,0,0,0,1,0,0,0,0,1,0,0,0,0,0,0,0,0,0,0,0,0,0,0,0,0,0,0,1,0,0,0,0,0,0,0,0,0,0,0,0,0,0,0,1,0,0,0,0,1,0,0,0,1,0,0,0,0,1,0,0,0,0,0,0,0,0,1,0,1,0,0,0,0,0,0,0,0,0,0,0,1,0,0,0,0,0,0,0,1
4.189654742026425,8.995784837848506,3,3,6,5,2002,2002,0.0,4,3,4,3,1,1,0.0,1,0.0,6.918695219020472,1010.0,5,1,6.918695219020472,7.1372784372603855,0.0,7.7266536648476425,0.0,0.0,2,1,4,1,4,8,8,1,3,2002.0,2,2.0,390.0,3,3,2,4.795790545596741,3.8501476017100584,0.0,0.0,0.0,0,0.0,12,2009,8.094988759303774,2.5,7,7,1,1,1,0,0,0,0,0,0,0,0,0,0,1,0,0,0,0,0,0,0,0,1,0,0,1,0,0,0,1,1,0,0,0,0,0,1,0,0,0,0,0,0,0,0,1,0,0,0,0,0,0,0,0,0,0,0,0,0,0,0,0,0,0,1,0,0,0,0,0,0,0,0,1,0,0,0,0,0,1,0,0,0,0,0,0,0,0,0,1,0,0,0,1,0,0,0,0,1,0,0,0,0,0,0,0,0,0,0,0,0,0,0,0,0,0,0,1,0,0,0,0,0,0,0,0,0,0,0,0,0,0,0,1,0,0,0,0,1,0,0,0,1,0,0,0,0,1,0,0,0,0,0,0,0,0,1,0,0,0,1,0,0,0,0,0,0,0,1,0,0,0,0,0,0,0,0,1,0
4.454347296253507,9.348013177101256,4,3,6,6,1975,1975,0.0,3,3,4,3,1,5,6.311734809152915,1,0.0,5.099866427824199,713.0,3,1,6.699500340161678,6.60934924316738,0.0,7.347943823148687,1.0,0.0,2,1,3,1,3,6,8,1,3,1975.0,2,2.0,434.0,3,3,2,5.3471075307174685,5.342334251964811,0.0,0.0,0.0,0,0.0,2,2006,7.725771441587952,3.5,31,31,1,1,1,0,0,0,0,0,0,0,0,0,0,1,0,0,0,0,0,0,0,0,1,0,0,1,0,0,0,1,1,0,0,0,0,0,1,0,0,0,0,0,0,0,0,0,0,0,0,0,0,1,0,0,0,0,0,0,0,0,0,0,0,0,0,0,0,0,1,0,0,0,0,1,0,0,0,0,0,1,0,0,0,0,0,0,0,0,0,1,0,0,0,1,0,0,0,0,1,0,0,0,0,0,0,0,0,0,0,0,0,0,0,0,0,0,0,1,0,0,0,0,0,0,0,0,0,0,0,0,0,0,0,1,0,0,0,0,1,0,0,1,0,0,0,0,0,1,0,0,0,0,0,0,0,0,1,0,1,0,0,0,0,0,0,0,0,0,0,0,0,0,1,0,0,0,0,1,0
4.2626798770413155,9.259225769705994,4,3,4,6,1971,1971,0.0,3,3,3,3,1,5,6.263398262591624,2,5.198497031265826,5.081404364984463,864.0,4,1,6.762729506931879,0.0,0.0,6.762729506931879,0.0,0.0,1,0,2,1,3,4,8,0,0,1989.0,1,2.0,576.0,3,3,2,5.37989735354046,0.0,0.0,0.0,0.0,0,0.0,3,2009,7.455298485683291,1.0,38,38,1,1,0,0,0,0,0,0,1,0,0,0,0,0,0,0,0,0,0,0,0,0,1,0,0,1,0,0,0,1,1,0,0,0,1,0,0,0,0,0,0,0,0,0,0,0,0,0,0,1,0,0,0,0,0,0,0,0,0,0,0,0,0,0,1,0,0,0,0,0,0,0,0,1,0,0,0,0,0,1,0,0,0,0,0,0,1,0,0,0,0,0,0,1,0,0,0,0,1,0,0,0,0,0,0,0,0,0,0,0,0,1,0,0,0,0,0,0,0,0,0,0,0,0,0,0,1,0,0,0,0,0,0,0,0,0,0,0,1,0,0,1,0,0,0,0,0,1,0,0,0,0,0,0,0,0,1,0,0,0,0,0,1,0,0,0,0,0,0,0,0,0,1,1,0,0,0,0,0
4.6443908991413725,9.508442961755847,4,3,10,5,2003,2003,6.827629234502852,5,3,5,3,4,6,4.04305126783455,1,0.0,7.756623334538858,2392.0,5,1,7.780303087908373,0.0,0.0,7.780303087908373,0.0,0.0,2,0,3,1,5,8,8,1,5,2003.0,3,3.0,968.0,3,3,2,5.517452896464707,4.663439094112067,0.0,0.0,0.0,0,0.0,6,2009,8.473241303887054,2.0,6,6,1,1,1,0,0,0,0,0,1,0,0,0,0,0,0,0,0,0,0,0,0,0,1,0,0,1,0,0,0,1,1,0,0,0,0,0,1,0,0,0,0,0,0,0,0,0,0,0,0,0,0,0,0,1,0,0,0,0,0,0,0,0,0,0,1,0,0,0,0,0,0,0,0,1,0,0,0,0,0,1,0,0,0,0,0,0,1,0,0,0,0,0,0,0,0,1,0,0,1,0,0,0,0,0,0,0,0,0,0,0,0,0,0,0,0,0,0,1,0,0,0,0,0,0,0,0,0,0,0,0,0,0,0,1,0,0,0,1,0,0,0,0,1,0,0,0,0,1,0,0,0,0,0,0,0,0,1,0,1,0,0,0,0,0,0,0,0,0,0,0,0,0,1,0,0,0,0,1,0
3.091042453358316,7.427144133408616,4,3,5,5,1971,1971,4.962844630259907,3,3,3,3,1,1,0.0,1,0.0,6.447305862541213,630.0,3,1,6.447305862541213,6.511745329644728,0.0,7.172424577124845,0.0,0.0,2,1,3,1,3,6,8,0,0,1991.0,1,1.0,280.0,3,3,2,0.0,0.0,0.0,0.0,0.0,0,0.0,5,2009,7.566828479208331,2.5,38,38,1,1,0,0,0,1,0,0,0,0,0,0,0,0,0,0,0,0,0,0,0,0,0,1,0,1,0,0,0,1,1,0,0,0,0,0,1,0,0,1,0,0,0,0,0,0,0,0,0,0,0,0,0,0,0,0,0,0,0,0,0,0,0,0,1,0,0,0,0,0,0,0,0,1,0,0,0,0,0,0,0,0,1,0,0,0,0,0,0,1,0,0,0,1,0,0,0,0,1,0,0,0,0,0,0,0,0,0,0,0,0,1,0,0,0,0,0,0,0,0,0,0,0,0,0,0,1,0,0,0,0,0,0,0,0,0,0,1,0,0,0,1,0,0,0,0,0,1,0,0,0,0,0,0,0,0,1,0,0,0,0,0,1,0,1,0,0,0,0,0,0,0,0,1,0,0,0,0,0
4.418840607796598,9.205428327615163,3,3,7,5,1995,1995,5.673323267171493,4,3,4,3,1,6,6.338594078203183,1,0.0,6.459904454377535,1203.0,5,1,7.102499355774649,7.175489713624222,0.0,7.83241092718792,0.0,0.0,2,1,4,1,4,9,8,1,3,1995.0,2,3.0,721.0,3,3,2,5.41610040220442,4.74493212836325,0.0,0.0,0.0,0,0.0,6,2007,8.222553638396958,2.5,12,12,1,1,1,0,0,0,0,0,0,0,0,0,0,1,0,0,0,0,0,0,0,0,1,0,0,1,0,0,0,1,1,0,0,0,0,0,1,0,0,0,0,0,0,0,0,0,0,0,0,0,0,0,1,0,0,0,0,0,0,0,0,0,0,0,1,0,0,0,0,0,0,0,0,1,0,0,0,0,0,1,0,0,0,0,0,0,0,0,0,1,0,0,0,1,0,0,0,0,1,0,0,0,0,0,0,0,0,0,0,0,0,0,0,0,0,0,0,1,0,0,0,0,0,0,0,0,0,0,0,0,0,0,0,1,0,0,0,1,0,0,0,0,1,0,0,0,0,1,0,0,0,0,0,0,0,0,1,0,1,0,0,0,0,0,0,0,0,0,0,0,0,0,1,1,0,0,0,0,0
3.091042453358316,7.533693709848633,4,3,6,6,1970,1970,4.852030263919617,3,3,3,3,1,3,5.7745515455444085,1,0.0,5.093750200806762,483.0,3,1,6.182084906716632,6.22455842927536,0.0,6.895682697747868,0.0,0.0,1,1,2,1,3,5,8,0,0,1987.0,1,1.0,280.0,3,3,2,0.0,0.0,0.0,0.0,0.0,0,0.0,9,2008,7.293697720601438,1.5,38,38,1,1,0,0,0,1,0,0,0,0,0,0,0,0,0,0,0,0,0,0,0,0,0,1,0,1,0,0,0,1,1,0,0,0,0,0,1,0,0,1,0,0,0,0,0,0,0,0,0,0,0,0,0,0,0,0,0,0,0,0,0,0,0,0,1,0,0,0,0,0,0,0,0,1,0,0,0,0,0,0,0,0,1,0,0,0,0,0,0,1,0,0,0,1,0,0,0,0,1,0,0,0,0,0,0,0,0,0,0,0,0,1,0,0,0,0,0,0,0,0,0,0,0,0,0,0,1,0,0,0,0,0,0,0,0,0,0,1,0,0,0,1,0,0,0,0,0,1,0,0,0,0,0,0,0,0,1,0,0,0,0,0,1,0,0,0,0,0,0,0,0,0,1,0,0,0,0,1,0
4.2626798770413155,9.050406334059858,4,3,5,5,1967,1967,0.0,3,3,3,3,1,5,6.736966958001855,1,0.0,4.2626798770413155,912.0,3,1,6.816735880594968,0.0,0.0,6.816735880594968,0.0,0.0,1,0,3,1,3,5,8,1,2,1974.0,1,1.0,336.0,3,3,2,0.0,0.0,0.0,0.0,0.0,0,0.0,5,2010,7.509335266016592,1.0,43,43,1,1,1,0,0,0,0,0,1,0,0,0,0,0,0,0,0,0,0,0,0,0,1,0,0,1,0,0,0,1,1,0,0,0,1,0,0,0,0,0,0,0,0,0,0,0,0,0,0,0,0,0,0,0,0,0,1,0,0,0,0,0,0,1,0,0,0,0,0,0,0,0,0,1,0,0,0,0,0,1,0,0,0,0,0,0,1,0,0,0,0,0,0,1,0,0,0,0,1,0,0,0,0,0,0,0,0,0,0,0,0,1,0,0,0,0,0,0,0,0,0,0,0,0,0,0,1,0,0,0,0,0,0,0,0,0,0,0,1,0,0,1,0,0,0,0,0,1,0,0,0,0,0,0,0,0,1,0,0,0,0,0,1,0,0,0,0,0,0,0,0,0,1,0,0,0,0,1,0
3.784189633918261,8.065579427282092,4,3,7,5,2005,2006,2.833213344056216,4,3,4,3,3,6,2.833213344056216,1,0.0,7.213768308118642,1373.0,5,1,7.349873704738337,0.0,0.0,7.349873704738337,0.0,0.0,2,0,2,1,4,7,8,1,3,2005.0,3,2.0,430.0,3,3,2,4.969813299576001,3.044522437723423,0.0,0.0,0.0,0,0.0,5,2009,7.982416346827733,2.0,4,3,1,1,1,1,0,0,0,0,0,0,0,0,0,0,0,0,0,0,0,0,0,0,1,0,0,1,0,0,0,1,1,0,0,0,0,0,1,1,0,0,0,0,0,0,0,0,0,0,0,0,0,0,0,0,0,0,0,0,0,0,0,0,0,0,1,0,0,0,0,0,0,0,0,1,0,0,0,0,0,0,0,0,0,1,0,0,1,0,0,0,0,0,0,1,0,0,0,0,1,0,0,0,0,0,0,0,0,0,0,0,0,0,0,0,0,0,0,1,0,0,0,0,0,0,0,0,0,0,0,0,0,0,0,1,0,0,0,1,0,0,0,0,1,0,0,0,0,1,0,0,0,0,0,0,0,0,1,0,1,0,0,0,0,0,0,0,0,0,0,0,0,0,1,0,0,0,0,1,0
4.30406509320417,9.078065332666364,4,3,6,6,1959,1959,5.3981627015177525,3,3,3,3,1,1,0.0,1,0.0,7.085901464365611,1194.0,3,1,7.085901464365611,0.0,0.0,7.085901464365611,1.0,0.0,1,0,3,1,3,6,8,0,0,1959.0,2,1.0,312.0,3,3,2,0.0,0.0,4.795790545596741,0.0,0.0,0,0.0,4,2010,7.77863014732581,2.0,51,51,1,1,0,0,0,0,0,0,1,0,0,0,0,0,0,0,0,0,0,0,0,0,1,0,0,1,0,0,0,1,1,0,0,0,0,0,1,0,0,0,0,0,0,0,0,0,0,0,0,1,0,0,0,0,0,0,0,0,0,0,0,0,0,0,1,0,0,0,0,0,0,0,0,1,0,0,0,0,0,1,0,0,0,0,0,0,1,0,0,0,0,0,0,0,0,1,0,0,1,0,0,0,0,0,0,0,0,0,0,0,0,0,0,1,0,0,0,0,0,0,0,0,0,0,0,0,0,0,1,0,0,0,0,0,0,0,0,1,0,0,0,1,0,0,0,0,0,1,0,0,0,0,0,0,0,0,1,0,1,0,0,0,0,0,0,0,0,0,0,0,0,0,1,0,0,0,0,1,0
5.1647859739235145,9.625029474611878,3,3,8,5,1995,1996,6.2285110035911835,4,3,4,3,1,6,6.536691597591305,1,0.0,6.651571873589727,1462.0,5,1,7.307202314764738,7.173958319756794,0.0,7.9355873855892,1.0,0.0,2,1,4,1,5,9,8,1,3,1995.0,3,3.0,810.0,3,3,2,0.0,4.990432586778736,5.313205979041787,0.0,0.0,0,0.0,7,2009,8.356319965828153,3.5,14,13,1,1,1,0,0,0,0,0,0,0,0,0,0,1,0,0,0,0,0,0,0,0,1,0,0,1,0,0,0,1,1,0,0,0,0,0,1,0,0,0,0,0,0,0,0,0,0,0,0,0,0,0,1,0,0,0,0,0,0,0,0,0,0,0,1,0,0,0,0,0,0,0,0,1,0,0,0,0,0,1,0,0,0,0,0,0,0,0,0,1,0,0,0,1,0,0,0,0,1,0,0,0,0,0,0,0,0,0,0,0,0,0,0,0,0,0,0,1,0,0,0,0,0,0,0,0,0,0,0,0,0,0,0,1,0,0,0,1,0,0,0,0,1,0,0,0,0,1,0,0,0,0,0,0,0,0,1,0,1,0,0,0,0,0,0,0,0,0,0,0,0,0,1,0,0,0,0,1,0
3.091042453358316,7.427144133408616,4,3,6,5,1972,1972,5.697093486505405,3,3,3,3,1,1,0.0,1,0.0,6.182084906716632,483.0,3,1,6.182084906716632,6.22455842927536,0.0,6.895682697747868,0.0,0.0,1,1,2,1,3,5,8,1,1,1972.0,1,1.0,288.0,3,3,2,0.0,0.0,0.0,0.0,0.0,0,0.0,6,2006,7.293697720601438,1.5,34,34,1,1,1,0,0,1,0,0,0,0,0,0,0,0,0,0,0,0,0,0,0,0,0,1,0,1,0,0,0,1,1,0,0,0,0,0,1,0,0,1,0,0,0,0,0,0,0,0,0,0,0,0,0,0,0,0,0,0,0,0,0,0,0,0,1,0,0,0,0,0,0,0,0,1,0,0,0,0,0,0,0,0,1,0,0,0,0,0,0,1,0,0,0,1,0,0,0,0,1,0,0,0,0,0,0,0,0,0,0,0,0,1,0,0,0,0,0,0,0,0,0,0,0,0,0,0,1,0,0,0,0,0,0,0,0,0,0,1,0,0,0,1,0,0,0,0,0,1,0,0,0,0,0,0,0,0,1,0,1,0,0,0,0,0,0,0,0,0,0,0,0,0,1,0,0,0,0,1,0
4.330733340286331,9.273409063443166,4,3,5,6,1976,1976,0.0,3,3,3,4,3,2,5.209486152841421,5,6.569481420414296,0.0,894.0,3,1,6.796823718274855,0.0,0.0,6.796823718274855,1.0,0.0,1,0,3,1,3,5,8,0,0,1976.0,1,1.0,308.0,3,3,2,5.902633333401366,0.0,0.0,0.0,0.0,0,0.0,2,2010,7.489412083508719,2.0,34,34,1,1,0,0,0,0,0,0,1,0,0,0,0,0,0,0,0,0,0,0,0,0,1,0,0,1,0,0,0,1,1,0,1,0,0,0,0,0,0,0,0,0,1,0,0,0,0,0,0,0,0,0,0,0,0,0,0,0,0,0,0,0,0,0,1,0,0,0,0,0,0,0,0,1,0,0,0,0,0,1,0,0,0,0,0,0,1,0,0,0,0,0,0,1,0,0,0,0,1,0,0,0,0,0,0,0,0,0,0,0,0,1,0,0,0,0,0,0,0,0,0,0,0,0,0,0,1,0,0,0,0,0,0,0,0,0,0,0,1,0,0,1,0,0,0,0,0,1,0,0,0,0,0,0,0,0,1,0,1,0,0,0,0,0,0,0,0,0,0,0,0,0,1,0,0,0,0,1,0
4.189654742026425,8.968523555396352,4,3,6,5,2002,2002,0.0,4,3,4,3,1,6,6.439350371100098,1,0.0,5.4638318050256105,860.0,5,1,6.7580945044277305,7.00397413672268,0.0,7.581209826196346,1.0,0.0,2,1,4,1,4,8,8,2,3,2002.0,3,2.0,440.0,3,3,2,5.666426688112432,3.8918202981106265,0.0,0.0,0.0,0,0.0,5,2010,7.944846711001996,3.5,8,8,1,1,1,0,0,0,0,0,0,0,0,0,0,1,0,0,0,0,0,0,0,0,1,0,0,1,0,0,0,1,1,0,0,0,0,0,1,0,0,0,0,0,0,0,0,1,0,0,0,0,0,0,0,0,0,0,0,0,0,0,0,0,0,0,1,0,0,0,0,0,0,0,0,1,0,0,0,0,0,1,0,0,0,0,0,0,0,0,0,1,0,0,0,1,0,0,0,0,1,0,0,0,0,0,0,0,0,0,0,0,0,0,0,0,0,0,0,1,0,0,0,0,0,0,0,0,0,0,0,0,0,0,0,1,0,0,0,0,1,0,0,0,1,0,0,0,0,1,0,0,0,0,0,0,0,0,1,0,0,0,1,0,0,0,0,0,0,0,0,0,0,0,1,0,0,0,0,1,0
3.091042453358316,7.427144133408616,4,3,6,3,1971,1971,6.405228458030842,3,3,3,3,1,5,5.883322388488279,1,0.0,4.836281906951478,483.0,3,1,6.182084906716632,6.22455842927536,0.0,6.895682697747868,0.0,0.0,1,1,2,1,3,5,8,0,0,1971.0,1,1.0,264.0,3,3,2,0.0,0.0,0.0,0.0,0.0,0,0.0,8,2008,7.293697720601438,1.5,37,37,1,1,0,0,0,1,0,0,0,0,0,0,0,0,0,0,0,0,0,0,0,0,0,1,0,1,0,0,0,1,1,0,0,0,0,0,1,0,0,1,0,0,0,0,0,0,0,0,0,0,0,0,0,0,0,0,0,0,0,0,0,0,0,0,1,0,0,0,0,0,0,0,0,1,0,0,0,0,0,0,0,0,0,1,0,0,0,0,0,1,0,0,0,1,0,0,0,0,1,0,0,0,0,0,0,0,0,0,0,0,0,1,0,0,0,0,0,0,0,0,0,0,0,0,0,0,1,0,0,0,0,0,0,0,0,0,0,1,0,0,0,1,0,0,0,0,0,1,0,0,0,0,0,0,0,0,1,0,0,0,0,0,1,0,0,0,0,0,0,0,0,0,1,0,0,0,0,1,0
4.189654742026425,9.07954808172616,4,3,7,5,2004,2004,4.59511985013459,4,3,4,3,3,6,3.2188758248682006,1,0.0,7.237778191923443,1414.0,5,1,7.254884810077338,0.0,0.0,7.254884810077338,0.0,0.0,2,0,3,1,4,6,8,0,0,2004.0,2,2.0,494.0,3,3,2,4.890349128221754,4.663439094112067,0.0,0.0,0.0,0,0.0,5,2010,7.947678571301568,2.0,6,6,1,1,0,0,0,0,0,0,1,0,0,0,0,0,0,0,0,0,0,0,0,0,1,0,0,1,0,0,0,1,1,0,0,0,1,0,0,0,0,0,0,0,1,0,0,0,0,0,0,0,0,0,0,0,0,0,0,0,0,0,0,0,0,0,1,0,0,0,0,0,0,0,0,1,0,0,0,0,0,1,0,0,0,0,0,0,1,0,0,0,0,0,0,1,0,0,0,0,1,0,0,0,0,0,0,0,0,0,0,0,0,0,0,0,0,0,0,1,0,0,0,0,0,0,0,0,0,0,0,0,0,0,0,1,0,0,0,1,0,0,0,0,1,0,0,0,0,1,0,0,0,0,0,0,0,0,1,0,1,0,0,0,0,0,0,0,0,0,0,0,0,0,1,0,0,0,0,1,0
4.212127597878484,9.154193211353181,3,3,7,7,1993,2003,0.0,4,3,4,3,1,4,5.998936561946683,1,0.0,6.38856140554563,996.0,5,1,6.922643891475888,6.594413459749778,0.0,7.4645098346365275,0.0,0.0,2,1,3,1,4,7,8,0,0,1993.0,2,2.0,457.0,3,3,2,5.916202062607435,4.2626798770413155,0.0,5.476463551931511,0.0,0,0.0,2,2010,7.916078096302786,2.5,17,7,1,1,0,0,0,0,0,0,0,0,0,0,0,1,0,0,0,0,0,0,0,0,1,0,0,1,0,0,0,1,1,0,0,1,0,0,0,0,0,0,0,0,0,0,0,0,0,0,0,0,0,0,0,0,0,0,0,1,0,0,0,0,0,0,0,0,0,0,0,1,0,0,0,1,0,0,0,0,0,1,0,0,0,0,0,0,0,0,0,1,0,0,0,1,0,0,0,0,1,0,0,0,0,0,0,0,0,0,0,0,0,1,0,0,0,0,0,0,0,0,0,0,0,0,0,0,1,0,0,0,0,0,0,0,0,0,0,0,1,0,0,0,1,0,0,0,0,1,0,0,0,0,0,0,0,0,1,0,1,0,0,0,0,0,0,0,0,0,0,0,0,0,1,0,0,0,0,1,0
4.543294782270004,9.395241931033524,4,3,8,5,2007,2007,5.541263545158426,5,3,5,3,1,1,0.0,1,0.0,7.43543801981455,1694.0,5,1,7.43543801981455,0.0,0.0,7.43543801981455,0.0,0.0,2,0,3,1,4,7,8,0,0,2007.0,3,3.0,818.0,3,3,2,5.1298987149230735,5.43372200355424,0.0,0.0,0.0,0,0.0,12,2007,8.128290171607052,2.0,0,0,1,1,0,0,0,0,0,0,1,0,0,0,0,0,0,0,0,0,0,0,0,0,1,0,0,1,0,0,0,1,1,0,0,0,0,0,1,0,0,0,0,0,0,0,0,0,0,0,0,0,0,0,0,1,0,0,0,0,0,0,0,0,0,0,1,0,0,0,0,0,0,0,0,1,0,0,0,0,0,1,0,0,0,0,0,0,1,0,0,0,0,0,0,0,0,1,0,0,1,0,0,0,0,0,0,0,0,0,0,0,0,0,0,0,0,0,0,1,0,0,0,0,0,0,0,0,0,0,0,0,0,0,0,1,0,0,0,1,0,0,0,0,1,0,0,0,0,1,0,0,0,0,0,0,0,0,1,0,1,0,0,0,0,0,0,0,0,0,0,0,1,0,0,0,0,0,0,0,1
3.970291913552122,9.07589427542326,4,3,6,4,1945,1950,0.0,3,3,3,2,1,2,4.553876891600541,1,0.0,6.464588303689961,735.0,3,1,6.683360945766275,6.536691597591305,0.0,7.305188215393037,0.0,0.0,1,1,3,1,3,7,8,1,4,1949.0,1,1.0,220.0,3,3,2,0.0,4.948759890378168,0.0,0.0,0.0,0,0.0,4,2010,7.706612913964197,1.5,65,60,1,1,1,0,0,0,0,0,0,0,0,0,1,0,0,0,0,0,0,0,0,0,1,0,0,1,0,0,0,1,1,0,0,0,0,0,1,0,0,0,0,0,0,0,1,0,0,0,0,0,0,0,0,0,0,0,0,0,0,0,0,0,0,0,1,0,0,0,0,0,0,0,0,1,0,0,0,0,0,1,0,0,0,0,1,0,0,0,0,0,0,0,0,1,0,0,0,0,1,0,0,0,0,0,0,0,0,0,0,0,0,0,0,0,0,0,0,1,0,0,0,0,0,0,0,0,0,0,0,0,0,0,0,1,0,0,0,0,1,0,0,1,0,0,0,0,0,1,0,0,0,0,1,0,0,0,0,0,0,0,0,0,1,0,0,0,0,0,0,0,0,0,1,0,0,0,0,1,0
4.330733340286331,9.105090961257085,4,3,8,5,2008,2008,3.6109179126442243,4,3,4,3,3,6,6.983789965258135,1,0.0,6.192362489474872,1566.0,5,1,7.356918242356021,0.0,0.0,7.356918242356021,1.0,0.0,2,0,3,1,4,7,8,0,0,2008.0,2,2.0,750.0,3,3,2,4.976733742420574,5.1298987149230735,0.0,0.0,0.0,0,0.0,4,2010,8.049746290952191,3.0,2,2,1,1,0,0,0,0,0,0,1,0,0,0,0,0,0,0,0,0,0,0,1,0,0,0,0,1,0,0,0,1,1,0,0,0,0,0,1,0,0,0,0,0,0,0,0,0,0,0,0,0,0,0,0,0,0,0,0,0,1,0,0,0,0,0,1,0,0,0,0,0,0,0,0,1,0,0,0,0,0,1,0,0,0,0,0,0,1,0,0,0,0,0,0,1,0,0,0,0,1,0,0,0,0,0,0,0,0,0,0,0,0,0,0,0,0,0,0,1,0,0,0,0,0,0,0,0,0,0,0,0,0,0,0,1,0,0,0,0,0,1,0,0,1,0,0,0,0,1,0,0,0,0,0,0,0,0,1,0,1,0,0,0,0,0,0,0,0,0,0,0,0,0,1,0,0,0,0,1,0
3.713572066704308,8.263848131368906,4,3,5,9,1945,1997,0.0,3,4,3,3,1,5,5.799092654460526,1,0.0,5.8805329864007,686.0,4,1,6.7650389767805414,0.0,0.0,6.7650389767805414,0.0,0.0,1,0,2,1,4,4,8,0,0,0.0,0,0.0,0.0,0,0,2,4.07753744390572,3.7612001156935624,0.0,0.0,0.0,0,0.0,8,2007,7.347943823148687,1.0,62,10,0,1,0,0,0,0,0,0,0,1,0,0,0,0,0,0,0,0,0,0,0,0,0,1,0,1,0,0,0,1,1,0,0,0,0,0,1,0,0,0,0,0,0,0,0,0,0,0,0,0,0,0,0,0,1,0,0,0,0,0,0,0,0,0,1,0,0,0,0,0,0,0,0,1,0,0,0,0,0,1,0,0,0,0,0,0,1,0,0,0,0,0,0,1,0,0,0,0,1,0,0,0,0,0,0,0,0,0,0,0,0,0,0,0,0,0,0,1,0,0,0,0,0,0,0,0,0,0,0,0,0,0,0,1,0,0,0,0,1,0,0,1,0,0,0,0,0,1,0,0,0,0,0,0,0,0,1,0,0,0,0,0,0,1,0,0,0,0,0,0,0,0,1,0,0,0,0,1,0
4.1588830833596715,8.517393171418904,4,3,5,4,1900,1950,0.0,3,3,3,3,1,1,0.0,1,0.0,6.293419278846481,540.0,4,0,6.7912214627261855,6.313548046277095,0.0,7.273092595999522,0.0,0.0,1,0,3,1,3,6,8,0,0,1940.0,1,1.0,352.0,2,3,2,0.0,0.0,4.356708826689592,0.0,0.0,0,0.0,4,2006,7.591357046698551,1.0,106,56,1,1,0,0,0,0,0,0,0,0,0,0,1,0,0,0,0,0,0,0,0,0,0,1,0,1,0,0,0,1,1,0,1,0,0,0,0,0,0,0,0,0,0,0,0,0,0,0,0,0,0,0,0,0,1,0,0,0,0,0,0,0,0,0,1,0,0,0,0,0,0,0,0,1,0,0,0,0,0,1,0,0,0,0,1,0,0,0,0,0,0,0,0,1,0,0,0,0,1,0,0,0,0,0,0,0,0,0,0,0,0,0,0,0,0,0,0,0,1,0,0,0,0,0,0,0,0,0,0,0,0,0,0,0,1,0,0,0,1,0,1,0,0,0,0,0,0,1,0,0,0,0,1,0,0,0,0,0,1,0,0,0,0,0,0,0,0,0,0,0,0,0,1,0,0,0,0,1,0
4.330733340286331,9.283869605264298,4,3,6,6,1980,1980,0.0,3,3,4,3,1,1,0.0,1,0.0,6.440946540632921,626.0,3,1,6.440946540632921,6.3835066348840055,0.0,7.1049654482698426,0.0,0.0,1,1,3,1,3,6,8,1,3,1980.0,2,1.0,288.0,3,3,2,0.0,3.367295829986474,0.0,0.0,0.0,0,0.0,4,2009,7.519692404116539,1.5,29,29,1,1,1,0,0,1,0,0,0,0,0,0,0,0,0,0,0,0,0,0,0,0,1,0,0,1,0,0,0,1,1,0,1,0,0,0,0,0,0,0,0,0,0,0,0,0,0,0,0,0,0,0,0,0,0,0,0,1,0,0,0,0,0,0,1,0,0,0,0,0,0,0,0,1,0,0,0,0,0,0,0,0,0,1,0,0,0,0,0,1,0,0,0,1,0,0,0,0,1,0,0,0,0,0,0,0,0,0,0,0,0,0,0,0,1,0,0,0,0,0,0,0,0,0,0,0,0,0,0,0,1,0,0,0,0,0,0,0,1,0,0,1,0,0,0,0,0,1,0,0,0,0,0,0,0,0,1,0,1,0,0,0,0,0,0,0,0,0,0,0,0,0,1,0,0,0,0,1,0
4.212127597878484,9.091669442258505,3,3,7,5,1994,2002,0.0,4,3,4,3,1,6,6.54534966033442,1,0.0,5.537334267018537,948.0,5,1,7.109062135687172,6.790097235513905,0.0,7.65491704784832,1.0,0.0,2,1,3,1,4,8,8,2,2,1994.0,2,2.0,463.0,3,3,2,0.0,4.875197323201151,0.0,0.0,0.0,0,0.0,5,2010,8.025843344150903,3.5,16,8,1,1,1,0,0,0,0,0,0,0,0,0,0,1,0,0,0,0,0,0,0,0,1,0,0,1,0,0,0,1,1,0,0,0,0,0,1,0,0,0,0,0,0,0,0,0,0,0,0,0,0,0,0,0,0,0,0,1,0,0,0,0,0,0,1,0,0,0,0,0,0,0,0,1,0,0,0,0,0,1,0,0,0,0,0,0,0,0,0,1,0,0,0,1,0,0,0,0,1,0,0,0,0,0,0,0,0,0,0,0,0,0,0,0,0,0,0,1,0,0,0,0,0,0,0,0,0,0,0,0,0,0,0,1,0,0,0,0,1,0,0,0,1,0,0,0,0,1,0,0,0,0,0,0,0,0,1,0,1,0,0,0,0,0,0,0,0,0,0,0,0,0,1,0,0,0,0,1,0
4.394449154672439,9.249657234353133,4,3,7,5,1988,1988,4.634728988229636,3,3,4,3,3,6,6.835184586147301,1,0.0,6.821107472256465,1845.0,4,1,7.5352967024440884,0.0,0.0,7.5352967024440884,0.0,1.0,2,0,3,1,3,6,8,1,3,1988.0,3,2.0,604.0,3,3,2,5.288267030694535,3.6888794541139363,0.0,0.0,0.0,0,0.0,6,2006,8.220941168281389,2.5,18,18,1,1,1,0,0,0,0,0,1,0,0,0,0,0,0,0,0,0,0,0,0,0,1,0,0,1,0,0,0,1,1,0,0,0,0,0,1,0,0,0,0,0,0,0,0,0,0,0,0,0,0,1,0,0,0,0,0,0,0,0,0,0,0,0,1,0,0,0,0,0,0,0,0,1,0,0,0,0,0,1,0,0,0,0,0,0,1,0,0,0,0,0,0,1,0,0,0,0,1,0,0,0,0,0,0,0,0,0,0,0,0,0,0,0,0,0,0,0,1,0,0,0,0,0,0,0,0,0,0,0,0,0,0,0,1,0,0,1,0,0,0,1,0,0,0,0,0,1,0,0,0,0,0,0,0,0,1,0,1,0,0,0,0,0,0,0,0,0,0,0,0,0,1,0,0,0,0,1,0
4.248495242049359,9.120743838164426,4,3,6,8,1910,1950,0.0,3,2,2,3,1,1,0.0,1,0.0,6.928537818164665,1020.0,4,0,6.812345094177479,6.928537818164665,0.0,7.564757012905729,0.0,0.0,2,0,4,2,2,9,8,0,0,1910.0,1,1.0,440.0,1,1,2,0.0,4.110873864173311,4.727387818712341,0.0,0.0,0,0.0,4,2006,7.989221408815276,2.0,96,56,1,1,0,0,0,0,0,1,0,0,0,0,0,0,0,0,0,0,0,0,0,0,0,1,0,1,0,0,0,1,1,0,0,0,0,0,1,0,0,0,0,0,0,0,0,0,0,0,0,0,0,0,0,0,1,0,0,0,0,0,0,0,0,0,1,0,0,0,0,0,0,0,0,1,0,0,0,0,0,0,1,0,0,0,0,0,0,0,0,1,0,0,0,1,0,0,0,0,1,0,0,0,0,0,0,1,0,0,0,0,0,0,0,0,0,0,0,0,0,0,1,0,0,0,0,0,0,0,0,0,0,0,0,0,0,0,0,0,1,0,0,0,0,0,1,0,0,1,0,0,0,0,0,0,1,0,0,0,0,0,0,0,1,0,0,0,0,0,0,0,0,0,1,0,0,0,0,1,0
4.330733340286331,9.33353098253138,4,3,6,5,1954,1954,0.0,3,3,3,3,1,1,0.0,1,0.0,7.221105098182496,1367.0,5,1,7.226936018493289,0.0,0.0,7.226936018493289,0.0,0.0,1,0,2,1,3,5,8,1,3,1954.0,1,2.0,451.0,3,3,2,0.0,3.4339872044851463,0.0,0.0,0.0,0,0.0,6,2006,7.916807490937603,1.0,52,52,1,1,1,0,0,0,0,0,1,0,0,0,0,0,0,0,0,0,0,0,0,0,1,0,0,1,0,0,0,1,1,0,0,0,0,0,1,0,0,0,0,0,0,0,0,0,0,0,0,1,0,0,0,0,0,0,0,0,0,0,0,0,0,0,1,0,0,0,0,0,0,0,0,1,0,0,0,0,0,1,0,0,0,0,0,0,1,0,0,0,0,0,0,0,0,1,0,0,1,0,0,0,0,0,0,0,0,0,0,0,0,0,0,0,0,0,0,0,1,0,0,0,0,1,0,0,0,0,0,0,0,0,0,0,0,0,0,0,1,0,0,1,0,0,0,0,0,1,0,0,0,0,0,0,0,0,1,0,1,0,0,0,0,0,0,0,0,0,0,0,0,0,1,0,0,0,0,1,0
4.290459441148391,9.334149657702469,4,3,7,5,2003,2003,4.624972813284271,4,3,4,3,1,1,0.0,1,0.0,6.734591659972948,840.0,5,1,6.734591659972948,6.720220155135295,0.0,7.419979923661835,0.0,0.0,2,1,3,1,4,8,8,0,0,2003.0,2,2.0,500.0,3,3,2,4.976733742420574,4.23410650459726,0.0,0.0,0.0,0,0.0,9,2007,7.827639546366422,2.5,4,4,1,1,0,0,0,0,0,0,0,0,0,0,0,1,0,0,0,0,0,0,0,0,1,0,0,1,0,0,0,1,1,0,0,0,0,0,1,0,0,0,0,0,1,0,0,0,0,0,0,0,0,0,0,0,0,0,0,0,0,0,0,0,0,0,1,0,0,0,0,0,0,0,0,1,0,0,0,0,0,1,0,0,0,0,0,0,0,0,0,1,0,0,0,1,0,0,0,0,1,0,0,0,0,0,0,0,0,0,0,0,0,0,0,0,0,0,0,1,0,0,0,0,0,0,0,0,0,0,0,0,0,0,0,1,0,0,0,1,0,0,0,0,1,0,0,0,0,1,0,0,0,0,0,0,0,0,1,0,1,0,0,0,0,0,0,0,0,0,0,0,0,0,1,0,0,0,0,1,0
4.394449154672439,11.976665770490767,2,1,6,7,1958,2006,6.159095388491933,4,3,4,3,4,3,6.548219102762372,1,0.0,6.617402977974478,1444.0,4,1,7.275864600546533,6.55250788703459,0.0,7.6708948313621175,0.0,1.0,2,0,4,1,4,7,8,2,3,1958.0,3,2.0,389.0,3,3,2,0.0,4.59511985013459,0.0,0.0,0.0,0,6.2166061010848646,6,2007,8.185628891147607,2.5,49,1,1,1,1,0,0,0,0,0,0,0,0,0,1,0,0,0,0,0,0,0,0,0,1,0,0,1,0,0,1,0,1,0,0,1,0,0,0,0,0,0,0,1,0,0,0,0,0,0,0,0,0,0,0,0,0,0,0,0,0,0,0,0,0,0,1,0,0,0,0,0,0,0,0,1,0,0,0,0,0,1,0,0,0,0,1,0,0,0,0,0,0,0,0,1,0,0,0,0,1,0,0,0,0,0,0,0,0,0,0,0,0,0,0,0,0,0,0,0,1,0,0,0,0,0,0,0,1,0,0,0,0,0,0,0,0,0,1,0,0,0,0,1,0,0,0,0,0,1,0,0,0,0,0,0,0,0,1,0,1,0,0,0,0,0,0,0,0,0,0,0,0,0,1,0,0,0,0,1,0
4.02535169073515,8.585038738311304,3,3,3,2,1940,1966,0.0,3,1,3,3,1,1,0.0,1,0.0,6.591673732008658,728.0,5,1,7.175489713624222,0.0,0.0,7.175489713624222,0.0,0.0,1,0,3,1,2,6,5,0,0,0.0,0,0.0,0.0,0,0,2,5.575949103146316,0.0,0.0,0.0,0.0,0,6.111467339502679,5,2010,7.618251097876695,1.0,70,44,0,1,0,0,0,0,0,0,0,1,0,0,0,0,0,0,0,0,0,0,0,0,1,0,0,1,0,0,0,1,1,0,0,0,0,0,1,0,0,0,1,0,0,0,0,0,0,0,0,0,0,0,0,0,0,0,0,0,0,0,0,0,0,0,1,0,0,0,0,0,0,0,0,1,0,0,0,0,0,1,0,0,0,0,0,0,1,0,0,0,0,0,0,1,0,0,0,0,1,0,0,0,0,0,0,0,0,0,0,0,0,0,0,0,0,0,0,0,1,0,0,0,0,0,0,0,0,0,0,0,1,0,0,0,0,0,0,0,1,0,0,1,0,0,0,0,0,1,0,0,0,0,0,0,0,0,1,0,0,0,0,0,0,1,0,0,0,0,0,0,0,0,1,0,0,0,0,1,0
3.8066624897703196,8.46611040118692,3,2,8,5,2006,2007,6.1779441140506,4,3,4,3,4,6,7.3613754289773485,1,0.0,0.0,1573.0,5,1,7.3938782901077555,0.0,0.0,7.3938782901077555,1.0,1.0,2,0,2,1,4,5,8,1,4,2006.0,3,2.0,538.0,3,3,2,4.820281565605037,0.0,0.0,0.0,5.0369526024136295,0,0.0,12,2007,8.070593539949519,3.5,1,0,1,1,1,1,0,0,0,0,0,0,0,0,0,0,0,0,0,0,0,0,0,0,0,1,0,1,0,1,0,0,1,0,0,0,0,0,1,0,0,0,0,0,0,1,0,0,0,0,0,0,0,0,0,0,0,0,0,0,0,0,0,0,0,0,1,0,0,0,0,0,0,0,0,1,0,0,0,0,0,0,0,0,0,1,0,0,1,0,0,0,0,0,0,0,0,1,0,0,1,0,0,0,0,0,0,0,0,0,0,0,0,0,0,0,0,0,0,1,0,0,0,0,0,0,0,0,0,0,0,0,0,0,0,1,0,0,0,0,0,1,0,0,1,0,0,0,0,1,0,0,0,0,0,0,0,0,1,0,1,0,0,0,0,0,0,0,0,0,0,0,0,0,1,0,0,0,1,0,0
4.189654742026425,9.032050676295599,3,3,6,5,2004,2004,0.0,4,3,4,3,1,1,0.0,1,0.0,6.683360945766275,798.0,5,1,6.683360945766275,6.736966958001855,0.0,7.403061091090091,0.0,0.0,2,1,3,1,4,6,8,0,0,2004.0,2,2.0,520.0,3,3,2,4.9344739331306915,3.828641396489095,0.0,0.0,0.0,0,0.0,12,2008,7.79934339821592,2.5,4,4,1,1,0,0,0,0,0,0,0,0,0,0,0,1,0,0,0,0,0,0,0,0,1,0,0,1,0,0,0,1,1,0,0,0,0,0,1,0,0,0,0,0,0,0,0,0,0,0,0,0,0,0,0,0,0,0,0,1,0,0,0,0,0,0,1,0,0,0,0,0,0,0,0,1,0,0,0,0,0,1,0,0,0,0,0,0,0,0,0,1,0,0,0,1,0,0,0,0,1,0,0,0,0,0,0,0,0,0,0,0,0,0,0,0,0,0,0,1,0,0,0,0,0,0,0,0,0,0,0,0,0,0,0,1,0,0,0,0,1,0,0,0,1,0,0,0,0,1,0,0,0,0,0,0,0,0,1,0,1,0,0,0,0,0,0,0,0,0,0,0,0,0,1,0,0,0,0,1,0
4.454347296253507,9.143238568435446,4,3,6,7,1964,1991,4.6913478822291435,3,3,4,3,4,2,5.602118820879701,5,6.364750756851911,6.115892125483034,1302.0,5,1,7.172424577124845,0.0,0.0,7.172424577124845,0.0,1.0,2,0,3,1,4,7,7,0,0,1964.0,2,1.0,309.0,3,3,2,5.811140992976701,0.0,0.0,0.0,0.0,0,0.0,10,2007,7.865187954187467,2.5,43,16,1,1,0,0,0,0,0,0,0,0,0,0,0,0,0,0,1,0,0,0,0,0,1,0,0,1,0,0,0,1,1,0,0,0,0,0,1,0,0,0,0,0,0,0,0,0,0,0,0,1,0,0,0,0,0,0,0,0,0,0,0,0,0,0,1,0,0,0,0,0,0,0,0,1,0,0,0,0,0,1,0,0,0,0,0,0,0,0,0,0,0,1,0,0,0,1,0,0,1,0,0,0,0,0,0,0,0,0,0,0,0,1,0,0,0,0,0,0,0,0,0,0,0,0,0,0,1,0,0,0,0,0,0,0,0,0,0,1,0,0,0,1,0,0,0,0,0,1,0,0,0,0,0,0,0,0,1,0,1,0,0,0,0,0,0,1,0,0,0,0,0,0,0,0,0,0,0,1,0
4.2626798770413155,9.036106025364846,4,3,5,6,1957,1957,0.0,3,4,3,3,1,3,6.827629234502852,1,0.0,5.973809611869261,1314.0,3,1,7.181591944611865,0.0,0.0,7.181591944611865,1.0,0.0,1,0,3,1,3,5,8,0,0,1957.0,2,1.0,294.0,3,3,2,5.5254529391317835,0.0,0.0,0.0,0.0,0,0.0,6,2010,7.874358824729881,2.0,53,53,1,1,0,0,0,0,0,0,1,0,0,0,0,0,0,0,0,0,0,0,0,0,1,0,0,1,0,0,0,1,1,0,0,0,0,0,1,0,0,0,0,0,0,0,0,0,0,0,0,1,0,0,0,0,0,0,0,0,0,0,0,0,0,0,1,0,0,0,0,0,0,0,0,1,0,0,0,0,0,1,0,0,0,0,0,0,1,0,0,0,0,0,0,1,0,0,0,0,1,0,0,0,0,0,0,0,0,0,0,0,0,0,0,1,0,0,0,0,0,0,0,0,0,0,0,0,0,0,1,0,0,0,0,0,0,0,0,0,1,0,0,1,0,0,0,0,0,1,0,0,0,0,0,0,0,0,1,0,1,0,0,0,0,0,0,0,0,0,0,0,0,0,1,0,0,0,0,1,0
4.204692619390966,9.075551045627543,3,3,7,5,1999,1999,5.713732805509369,4,3,4,3,1,1,0.0,1,0.0,6.883462586413092,975.0,5,1,6.913737350659685,7.160069207596127,0.0,7.73718007783463,0.0,0.0,2,1,4,1,4,8,8,1,3,1999.0,3,2.0,429.0,3,3,2,5.262690188904886,0.0,0.0,0.0,0.0,0,0.0,2,2006,8.09162741160107,2.5,7,7,1,1,1,0,0,0,0,0,0,0,0,0,0,1,0,0,0,0,0,0,0,0,1,0,0,1,0,0,0,1,1,0,0,0,0,0,1,0,0,0,0,0,0,0,0,1,0,0,0,0,0,0,0,0,0,0,0,0,0,0,0,0,0,0,1,0,0,0,0,0,0,0,0,1,0,0,0,0,0,1,0,0,0,0,0,0,0,0,0,1,0,0,0,1,0,0,0,0,1,0,0,0,0,0,0,0,0,0,0,0,0,0,0,0,0,0,0,1,0,0,0,0,0,0,0,0,0,0,0,0,0,0,0,1,0,0,0,1,0,0,0,0,1,0,0,0,0,1,0,0,0,0,0,0,0,0,1,0,0,0,1,0,0,0,0,0,0,0,0,0,0,0,1,0,0,0,0,1,0
4.174387269895637,9.081597496083457,3,3,6,5,2003,2003,0.0,4,3,4,3,1,3,6.222576268071369,1,0.0,5.8916442118257715,864.0,5,1,6.762729506931879,6.762729506931879,0.0,7.455298485683291,0.0,0.0,2,1,3,1,4,7,8,0,0,2003.0,2,2.0,673.0,3,3,2,5.37989735354046,4.04305126783455,0.0,0.0,0.0,0,0.0,5,2008,7.860570785538664,2.5,5,5,1,1,0,0,0,0,0,0,0,0,0,0,0,1,0,0,0,0,0,0,1,0,0,0,0,1,0,0,0,1,1,0,0,0,0,0,1,0,0,0,0,0,0,0,0,0,0,0,0,0,0,0,0,0,0,0,0,0,1,0,0,0,0,0,1,0,0,0,0,0,0,0,0,1,0,0,0,0,0,1,0,0,0,0,0,0,0,0,0,1,0,0,0,1,0,0,0,0,1,0,0,0,0,0,0,0,0,0,0,0,0,0,0,0,0,0,0,1,0,0,0,0,0,0,0,0,0,0,0,0,0,0,0,1,0,0,0,0,1,0,0,0,1,0,0,0,0,1,0,0,0,0,0,0,0,0,1,0,1,0,0,0,0,0,0,0,0,0,0,0,0,0,1,0,0,0,0,1,0
4.23410650459726,9.08421009483197,4,3,7,5,2006,2006,5.198497031265826,4,3,4,3,1,6,7.19668657083435,1,0.0,5.602118820879701,1604.0,5,1,7.380879035564116,0.0,0.0,7.380879035564116,1.0,0.0,2,1,3,1,4,8,8,1,4,2006.0,2,2.0,660.0,3,3,2,4.820281565605037,4.709530201312334,0.0,0.0,0.0,0,0.0,3,2009,8.073714641109857,3.5,3,3,1,1,1,0,0,0,0,0,1,0,0,0,0,0,0,0,0,0,0,0,0,0,1,0,0,1,0,0,0,1,1,0,0,0,0,0,1,0,0,0,0,0,1,0,0,0,0,0,0,0,0,0,0,0,0,0,0,0,0,0,0,0,0,0,1,0,0,0,0,0,0,0,0,1,0,0,0,0,0,1,0,0,0,0,0,0,1,0,0,0,0,0,0,1,0,0,0,0,1,0,0,0,0,0,0,0,0,0,0,0,0,0,0,0,0,0,0,1,0,0,0,0,0,0,0,0,0,0,0,0,0,0,0,1,0,0,0,0,0,1,0,0,1,0,0,0,0,1,0,0,0,0,0,0,0,0,1,0,1,0,0,0,0,0,0,0,0,0,0,0,0,0,1,1,0,0,0,0,0
4.394449154672439,9.428350771178645,4,3,7,5,2001,2001,5.153291594497779,4,3,4,3,1,6,5.8916442118257715,1,0.0,6.401917196727186,963.0,5,1,6.871091294610546,6.721425700790643,0.0,7.491645473605133,0.0,0.0,2,1,3,1,4,7,8,1,3,2001.0,2,2.0,564.0,3,3,2,0.0,4.574710978503383,0.0,5.5053315359323625,0.0,0,0.0,5,2008,7.9215356321335495,2.5,7,7,1,1,1,0,0,0,0,0,0,0,0,0,0,1,0,0,0,0,0,0,0,0,1,0,0,1,0,0,0,1,1,0,0,0,0,0,1,0,0,0,0,0,1,0,0,0,0,0,0,0,0,0,0,0,0,0,0,0,0,0,0,0,0,0,1,0,0,0,0,0,0,0,0,1,0,0,0,0,0,1,0,0,0,0,0,0,0,0,0,1,0,0,0,1,0,0,0,0,1,0,0,0,0,0,0,0,0,0,0,0,0,0,0,0,0,0,0,1,0,0,0,0,0,0,0,0,0,0,0,0,0,0,0,1,0,0,0,1,0,0,0,0,1,0,0,0,0,1,0,0,0,0,0,0,0,0,1,0,1,0,0,0,0,0,0,0,0,0,0,0,0,0,1,0,0,0,0,1,0
4.2626798770413155,9.44959346502346,4,3,5,5,1956,1956,0.0,3,3,0,0,0,0,0.0,0,0.0,0.0,0.0,4,1,6.78332520060396,0.0,0.0,6.78332520060396,0.0,0.0,1,0,2,1,3,4,8,0,0,1956.0,1,1.0,308.0,3,3,2,0.0,3.828641396489095,0.0,0.0,0.0,0,0.0,12,2008,6.78332520060396,1.0,52,52,1,0,0,0,0,0,0,0,1,0,0,0,0,0,0,0,0,0,0,0,0,0,0,1,0,1,0,0,0,1,1,0,0,0,0,0,1,0,0,0,0,0,0,0,0,0,0,0,0,0,0,0,0,0,1,0,0,0,0,0,0,0,0,0,1,0,0,0,0,0,0,0,0,1,0,0,0,0,0,1,0,0,0,0,0,0,1,0,0,0,0,0,0,1,0,0,0,0,1,0,0,0,0,0,0,0,0,0,1,0,0,0,0,0,0,0,0,0,0,0,0,0,0,1,0,0,0,0,0,0,0,0,0,0,0,0,0,0,1,0,0,0,1,0,0,0,0,1,0,0,0,0,1,0,0,0,0,0,0,0,0,0,1,0,0,0,0,0,0,0,0,0,1,0,0,0,0,1,0
4.795790545596741,9.867704922396356,4,3,6,5,1962,1962,5.991464547107982,3,3,3,3,4,3,6.511745329644728,5,6.53813982376767,0.0,1362.0,3,1,7.232010331664759,0.0,0.0,7.232010331664759,1.0,0.0,1,0,3,1,3,6,8,1,3,1991.0,1,2.0,884.0,3,3,2,0.0,0.0,5.53338948872752,0.0,0.0,0,0.0,5,2009,7.917536353943631,2.0,47,47,1,1,1,0,0,0,0,0,0,0,0,0,0,0,0,0,1,0,0,0,0,0,1,0,0,1,0,0,0,1,1,0,1,0,0,0,0,0,0,0,0,0,0,0,0,0,0,0,0,1,0,0,0,0,0,0,0,0,0,0,0,0,1,0,0,0,0,0,0,0,0,0,0,1,0,0,0,0,0,1,0,0,0,0,0,0,0,0,0,0,0,1,0,1,0,0,0,0,1,0,0,0,0,0,0,0,0,0,0,0,0,0,0,0,0,0,0,0,1,0,0,0,0,0,0,0,0,0,0,0,0,0,0,0,1,0,0,1,0,0,0,1,0,0,0,0,0,1,0,0,0,0,0,0,0,0,1,0,1,0,0,0,0,0,0,0,0,0,0,0,0,0,1,0,0,0,0,1,0
4.248495242049359,9.16837188715368,3,3,8,5,2007,2007,5.602118820879701,4,3,5,3,1,1,0.0,1,0.0,7.301822342137932,1482.0,5,1,7.301822342137932,6.996681488176539,0.0,7.853604813097837,0.0,0.0,2,1,3,1,5,10,8,1,4,2007.0,3,3.0,868.0,3,3,2,0.0,5.003946305945459,0.0,0.0,0.0,0,0.0,11,2007,8.308199063206446,2.5,0,0,1,1,1,0,0,0,0,0,0,0,0,0,0,1,0,0,0,0,0,0,0,0,1,0,0,1,0,0,0,1,1,0,0,0,0,0,1,0,0,0,0,0,1,0,0,0,0,0,0,0,0,0,0,0,0,0,0,0,0,0,0,0,0,0,1,0,0,0,0,0,0,0,0,1,0,0,0,0,0,1,0,0,0,0,0,0,0,0,0,1,0,0,0,1,0,0,0,0,1,0,0,0,0,0,0,0,0,0,0,0,1,0,0,0,0,0,0,0,0,0,0,0,0,0,0,1,0,0,0,0,0,0,0,0,0,0,0,0,0,1,0,0,1,0,0,0,0,1,0,0,0,0,0,0,0,0,1,0,0,0,1,0,0,0,0,0,0,0,0,0,1,0,0,0,0,0,0,0,1
4.48863636973214,9.044521887281242,3,3,6,7,1977,1995,3.8501476017100584,3,3,4,4,3,5,6.2285110035911835,1,0.0,0.0,506.0,3,1,7.10085190894405,0.0,0.0,7.10085190894405,1.0,0.0,1,0,3,1,3,6,8,1,3,1978.0,1,2.0,492.0,3,3,2,5.680172609017068,2.5649493574615367,0.0,0.0,0.0,0,0.0,7,2006,7.449498005382849,2.0,29,11,1,1,1,0,0,0,0,0,0,0,0,0,0,0,0,0,1,0,0,0,0,0,1,0,0,1,0,0,0,1,1,0,1,0,0,0,0,0,0,0,0,0,0,0,0,0,0,0,0,0,0,0,0,0,0,0,1,0,0,0,0,0,0,0,1,0,0,0,0,0,0,0,0,1,0,0,0,0,0,1,0,0,0,0,0,0,0,0,0,0,0,1,0,1,0,0,0,0,1,0,0,0,0,0,0,0,0,0,0,0,0,1,0,0,0,0,0,0,0,0,0,0,0,0,0,0,0,0,0,0,1,0,0,0,0,0,0,1,0,0,0,1,0,0,0,0,0,1,0,0,0,0,0,0,0,0,1,0,1,0,0,0,0,0,0,0,0,0,0,0,0,0,1,0,0,0,0,1,0
3.9318256327243257,8.612685172875459,4,3,5,7,1929,2001,0.0,3,3,3,3,1,2,5.459585514144159,5,6.541029999189903,0.0,926.0,3,1,6.831953565565855,0.0,5.968707559985366,7.183111701743281,1.0,0.0,1,0,3,1,3,6,8,0,0,1974.0,1,2.0,484.0,3,3,2,0.0,0.0,0.0,0.0,0.0,0,0.0,4,2010,7.52456122628536,2.0,81,9,1,1,0,0,0,0,0,0,0,0,0,0,1,0,0,0,0,0,0,0,0,0,0,1,0,1,0,0,0,1,1,0,1,0,0,0,0,0,0,0,0,0,0,0,0,0,0,0,0,0,0,0,0,0,1,0,0,0,0,0,0,0,0,0,1,0,0,0,0,0,0,0,0,1,0,0,0,0,0,1,0,0,0,0,1,0,0,0,0,0,0,0,0,1,0,0,0,0,1,0,0,0,0,0,0,0,0,0,0,0,0,0,0,0,0,0,0,0,1,0,0,0,0,0,0,0,0,0,0,0,0,0,0,0,1,0,0,0,1,0,1,0,0,0,0,0,0,1,0,0,0,0,0,0,0,0,1,0,0,0,0,0,1,0,0,0,0,0,0,0,0,0,1,0,0,0,0,1,0
3.4339872044851463,8.562740006372207,1,3,5,5,1925,2004,0.0,3,3,2,3,1,1,0.0,1,0.0,6.523562306149512,680.0,4,0,6.639875833826536,0.0,0.0,6.639875833826536,0.0,0.0,1,0,2,1,3,4,8,0,0,1965.0,1,2.0,504.0,3,3,0,0.0,0.0,0.0,0.0,0.0,0,0.0,6,2008,7.275864600546533,1.0,83,4,1,1,0,0,0,0,0,0,0,1,0,0,0,0,0,0,0,0,0,0,0,0,0,1,0,1,1,0,0,0,1,0,0,0,0,0,1,0,0,0,0,0,0,0,0,0,0,0,0,0,0,0,0,0,1,0,0,0,0,0,0,0,1,0,0,0,0,0,0,0,0,0,0,1,0,0,0,0,0,1,0,0,0,0,0,0,1,0,0,0,0,0,0,1,0,0,0,0,1,0,0,0,0,0,0,0,0,0,0,0,0,0,0,0,0,0,0,0,1,0,0,0,0,0,0,0,0,0,0,0,0,0,0,0,1,0,0,0,1,0,1,0,0,0,0,0,0,1,0,0,0,0,0,0,1,0,0,0,0,0,0,0,1,0,0,0,0,0,0,0,0,0,1,0,0,0,0,1,0
4.3694478524670215,9.400216653174247,3,3,6,6,1981,1981,5.351858133476067,3,4,4,3,1,6,6.3784261836515865,2,5.43372200355424,6.408528791059498,1422.0,3,1,7.260522598089852,0.0,0.0,7.260522598089852,0.0,0.0,2,0,3,1,4,7,8,1,3,1981.0,3,2.0,576.0,3,3,2,5.6240175061873385,0.0,0.0,0.0,0.0,0,0.0,6,2008,7.953318346560431,2.0,27,27,1,1,1,0,0,0,0,0,1,0,0,0,0,0,0,0,0,0,0,0,0,0,1,0,0,1,0,0,0,1,1,0,0,0,0,0,1,0,0,0,0,0,0,0,0,0,0,0,0,0,0,1,0,0,0,0,0,0,0,0,0,0,0,0,1,0,0,0,0,0,0,0,0,1,0,0,0,0,0,1,0,0,0,0,0,0,1,0,0,0,0,0,0,1,0,0,0,0,1,0,0,0,0,0,0,0,0,0,0,0,0,0,0,1,0,0,0,0,0,0,0,0,0,0,0,0,0,0,1,0,0,0,0,0,0,0,0,1,0,0,0,1,0,0,0,0,0,1,0,0,0,0,0,0,0,0,1,0,1,0,0,0,0,0,0,0,0,0,0,0,0,0,1,0,0,0,0,1,0
4.2626798770413155,9.324383088016843,3,3,6,5,1997,1997,0.0,3,3,4,3,3,6,6.5722825426940075,1,0.0,4.48863636973214,802.0,4,1,6.688354713946762,6.565264970035361,0.0,7.321188556739478,1.0,0.0,2,1,3,1,3,8,8,1,3,1997.0,3,2.0,413.0,3,3,2,4.564348191467836,4.330733340286331,0.0,0.0,0.0,0,0.0,6,2006,7.746732907753622,3.5,9,9,1,1,1,0,0,0,0,0,0,0,0,0,0,1,0,0,0,0,0,0,0,0,1,0,0,1,0,1,0,0,1,0,0,0,1,0,0,0,0,0,0,0,0,0,0,1,0,0,0,0,0,0,0,0,0,0,0,0,0,0,0,0,0,0,1,0,0,0,0,0,0,0,0,1,0,0,0,0,0,1,0,0,0,0,0,0,0,0,0,1,0,0,0,1,0,0,0,0,1,0,0,0,0,0,0,0,0,0,0,0,0,0,0,0,0,0,0,1,0,0,0,0,0,0,0,0,0,0,0,0,0,0,0,1,0,0,0,0,1,0,0,0,1,0,0,0,0,1,0,0,0,0,0,0,0,0,1,0,1,0,0,0,0,0,0,0,0,0,0,0,0,0,1,0,0,0,0,1,0
4.110873864173311,9.036106025364846,4,2,5,8,1939,1997,0.0,3,3,3,3,1,2,5.937536205082426,1,0.0,5.8377304471659395,720.0,5,1,6.959398512133975,6.580639137284949,6.042632833682381,7.693025748417888,0.0,0.0,2,1,4,1,4,8,8,1,4,1939.0,1,1.0,240.0,3,3,2,5.572154032177765,3.2188758248682006,0.0,0.0,0.0,0,0.0,7,2008,7.821242083523558,2.5,69,11,1,1,1,0,0,0,0,0,0,0,0,0,0,0,0,1,0,0,0,0,0,0,1,0,0,1,1,0,0,0,1,0,0,0,0,0,1,0,0,0,0,0,0,0,0,0,0,0,0,0,0,0,0,0,0,1,0,0,0,0,0,0,0,0,1,0,0,0,0,0,0,0,0,1,0,0,0,0,0,1,0,0,0,0,0,0,0,1,0,0,0,0,0,1,0,0,0,0,1,0,0,0,0,0,0,0,0,0,0,0,0,0,0,0,0,0,0,0,1,0,0,0,0,0,0,0,0,0,0,0,0,0,0,0,1,0,0,0,1,0,0,0,1,0,0,0,0,1,0,0,0,0,0,0,0,0,1,0,0,0,0,0,1,0,0,0,0,0,0,0,0,0,1,0,0,0,0,1,0
4.276666119016055,8.839421607620602,4,3,5,6,1940,1955,0.0,3,3,3,3,1,5,6.0014148779611505,3,4.836281906951478,5.3612921657094255,740.0,5,1,6.658011045870748,0.0,0.0,6.658011045870748,0.0,0.0,1,0,2,1,3,4,8,1,4,1966.0,3,1.0,924.0,5,5,2,0.0,3.258096538021482,0.0,0.0,0.0,0,0.0,2,2008,7.325807502595773,1.0,68,53,1,1,1,0,0,0,0,0,0,1,0,0,0,0,0,0,0,0,0,0,0,0,0,1,0,1,0,0,0,1,1,0,0,0,0,0,1,0,0,0,0,0,0,0,0,0,1,0,0,0,0,0,0,0,0,0,0,0,0,0,0,0,0,0,1,0,0,0,0,0,0,0,0,1,0,0,0,0,0,1,0,0,0,0,0,0,1,0,0,0,0,0,0,1,0,0,0,0,1,0,0,0,0,0,0,0,0,0,0,0,0,0,0,0,0,0,0,1,0,0,0,0,0,0,0,0,0,0,0,0,0,0,0,1,0,0,0,0,1,0,0,1,0,0,0,0,0,1,0,0,0,0,0,0,0,0,1,0,0,0,0,0,1,0,0,0,0,0,0,0,0,0,1,0,0,0,0,1,0
4.182050142641207,8.976893927666076,3,3,6,7,1976,1976,5.1647859739235145,3,4,3,4,1,4,6.62273632394984,1,0.0,5.973809611869261,1143.0,3,1,7.01571242048723,0.0,0.0,7.01571242048723,1.0,0.0,1,1,3,1,3,6,8,1,2,1987.0,2,1.0,504.0,3,4,2,5.916202062607435,3.4339872044851463,0.0,0.0,0.0,0,0.0,5,2007,7.721791776817535,2.5,31,31,1,1,1,0,0,0,0,0,1,0,0,0,0,0,0,0,0,0,0,0,0,0,1,0,0,1,0,0,0,1,1,0,1,0,0,0,0,0,0,0,0,0,0,0,1,0,0,0,0,0,0,0,0,0,0,0,0,0,0,0,0,0,0,0,1,0,0,0,0,0,0,0,0,1,0,0,0,0,0,1,0,0,0,0,0,0,1,0,0,0,0,0,0,0,0,1,0,0,1,0,0,0,0,0,0,0,0,0,0,0,0,1,0,0,0,0,0,0,0,0,0,0,0,0,0,0,1,0,0,0,0,0,0,0,0,0,0,1,0,0,0,1,0,0,0,0,0,1,0,0,0,0,0,0,0,0,1,0,1,0,0,0,0,0,0,0,0,0,0,0,0,0,1,0,0,0,0,1,0
4.442651256490317,9.280705634636746,4,3,8,5,2006,2006,0.0,4,3,4,3,2,1,0.0,1,0.0,6.999422467507961,1095.0,4,1,6.999422467507961,6.739336627357174,0.0,7.570443252057374,0.0,0.0,2,1,3,1,4,8,8,1,4,2006.0,2,3.0,1053.0,3,3,2,5.262690188904886,3.9512437185814275,0.0,0.0,0.0,0,0.0,8,2006,8.017966703493599,2.5,0,0,1,1,1,0,0,0,0,0,0,0,0,0,0,1,0,0,0,0,0,0,1,0,0,0,0,1,0,0,0,1,1,0,0,0,0,0,1,0,0,0,0,0,0,0,0,0,0,0,0,0,0,0,0,0,0,0,0,0,1,0,0,0,0,0,1,0,0,0,0,0,0,0,0,1,0,0,0,0,0,1,0,0,0,0,0,0,0,0,0,1,0,0,0,1,0,0,0,0,1,0,0,0,0,0,0,0,0,0,0,0,0,0,0,0,0,0,0,1,0,0,0,0,0,0,0,0,0,0,0,0,0,0,0,1,0,0,0,0,1,0,0,0,1,0,0,0,0,1,0,0,0,0,0,0,0,0,1,0,1,0,0,0,0,0,0,0,0,0,0,0,1,0,0,0,0,0,0,0,1
4.30406509320417,10.574005615035713,3,1,7,7,1954,2005,0.0,3,3,4,3,4,2,5.424950017481403,6,6.96979066990159,4.574710978503383,1385.0,5,1,7.218176838403408,0.0,0.0,7.218176838403408,1.0,0.0,1,0,2,1,3,5,5,2,3,1954.0,1,2.0,439.0,3,3,2,4.406719247264253,0.0,0.0,0.0,0.0,0,0.0,4,2008,7.918992488165245,2.0,54,3,1,1,1,0,0,0,0,0,1,0,0,0,0,0,0,0,0,0,0,0,0,0,1,0,0,1,0,0,1,0,1,0,0,1,0,0,0,0,0,0,0,1,0,0,0,0,0,0,0,0,0,0,0,0,0,0,0,0,0,0,0,0,0,0,1,0,0,0,0,0,0,0,0,1,0,0,0,0,0,1,0,0,0,0,0,0,1,0,0,0,0,0,1,0,0,0,0,0,0,1,0,0,0,0,0,0,0,0,0,0,0,0,0,0,1,0,0,0,0,0,0,0,0,0,0,0,0,0,0,0,1,0,0,0,0,0,0,0,1,0,0,1,0,0,0,0,0,1,0,0,0,0,0,0,0,0,1,0,1,0,0,0,0,0,0,0,0,0,0,0,0,0,1,0,0,0,0,1,0
4.532599493153256,9.372884301161463,3,3,8,7,1999,2007,5.855071922202427,4,3,4,3,1,6,6.263398262591624,1,0.0,6.444131256700441,1152.0,5,1,7.060476365999801,7.009408932708637,0.0,7.7279755421055585,0.0,0.0,2,1,4,1,4,9,8,1,4,1999.0,3,3.0,671.0,3,3,2,4.890349128221754,4.060443010546419,0.0,0.0,0.0,0,0.0,4,2010,8.138272638530186,2.5,11,3,1,1,1,0,0,0,0,0,0,0,0,0,0,1,0,0,0,0,0,0,0,0,1,0,0,1,0,0,0,1,1,0,0,1,0,0,0,0,0,0,0,0,0,0,0,0,0,0,0,0,0,0,1,0,0,0,0,0,0,0,0,0,0,0,1,0,0,0,0,0,0,0,0,1,0,0,0,0,0,1,0,0,0,0,0,0,0,0,0,1,0,0,0,1,0,0,0,0,1,0,0,0,0,0,0,0,0,0,0,0,0,0,0,0,0,0,0,1,0,0,0,0,0,0,0,0,0,0,0,0,0,0,0,1,0,0,0,1,0,0,0,0,1,0,0,0,0,1,0,0,0,0,0,0,0,0,1,0,1,0,0,0,0,0,0,0,0,0,0,0,0,0,1,0,0,0,0,1,0
4.394449154672439,9.169622538697624,4,3,6,6,1958,1988,5.214935757608986,3,3,3,3,1,3,6.431331081933479,2,6.431331081933479,0.0,1240.0,4,1,7.398174092970465,0.0,0.0,7.398174092970465,1.0,0.0,2,0,3,1,3,6,7,1,4,1958.0,2,1.0,338.0,3,3,2,5.66988092298052,0.0,0.0,0.0,0.0,0,0.0,4,2009,7.96311205897929,3.0,51,21,1,1,1,0,0,0,0,0,1,0,0,0,0,0,0,0,0,0,0,0,0,0,1,0,0,1,0,0,0,1,1,0,0,0,0,0,1,0,0,0,0,0,0,0,0,0,0,0,0,1,0,0,0,0,0,0,0,0,0,0,0,0,0,1,0,0,0,0,0,0,0,0,0,1,0,0,0,0,0,1,0,0,0,0,0,0,1,0,0,0,0,0,0,0,0,1,0,0,1,0,0,0,0,0,0,0,0,0,0,0,0,0,0,0,0,0,0,0,1,0,0,0,0,0,0,0,0,0,0,0,0,0,0,0,1,0,1,0,0,0,0,1,0,0,0,0,0,1,0,0,0,0,0,0,0,0,1,0,1,0,0,0,0,0,0,0,0,0,0,0,0,0,1,0,0,0,0,1,0
4.343805421853684,9.025816391627028,4,3,5,7,1982,1982,0.0,3,3,3,3,4,5,6.304448802421981,1,0.0,5.602118820879701,816.0,3,1,6.705639094860003,0.0,0.0,6.705639094860003,0.0,0.0,1,0,2,1,3,5,8,0,0,1982.0,1,1.0,264.0,3,3,2,5.1298987149230735,0.0,0.0,0.0,0.0,0,0.0,6,2007,7.398174092970465,1.0,25,25,1,1,0,0,0,0,0,0,1,0,0,0,0,0,0,0,0,0,0,0,0,0,1,0,0,1,0,0,0,1,1,0,1,0,0,0,0,0,0,0,0,0,0,0,0,0,0,0,1,0,0,0,0,0,0,0,0,0,0,0,0,0,0,0,1,0,0,0,0,0,0,0,0,1,0,0,0,0,0,1,0,0,0,0,0,0,1,0,0,0,0,0,0,1,0,0,0,0,1,0,0,0,0,0,0,0,0,0,0,0,0,1,0,0,0,0,0,0,0,0,0,0,0,0,0,0,0,1,0,0,0,0,0,0,0,0,0,0,1,0,0,1,0,0,0,0,0,1,0,0,0,0,0,0,0,0,1,0,1,0,0,0,0,0,0,0,0,0,0,0,0,0,1,0,0,0,0,1,0
4.02535169073515,8.890823576004383,4,3,7,7,1925,2007,0.0,4,4,3,3,1,1,0.0,1,0.0,6.859614903654202,952.0,4,0,6.859614903654202,6.391917113392602,0.0,7.3453648404168685,0.0,0.0,2,1,3,1,5,5,8,0,0,1978.0,1,2.0,672.0,3,3,2,4.31748811353631,0.0,0.0,0.0,4.976733742420574,0,0.0,10,2009,7.824445930877619,2.5,84,2,1,1,0,0,0,0,0,0,0,0,0,0,1,0,0,0,0,0,0,0,0,0,1,0,0,1,0,0,0,1,1,0,0,0,0,0,1,0,0,0,1,0,0,0,0,0,0,0,0,0,0,0,0,0,0,0,0,0,0,0,0,0,0,0,1,0,0,0,0,0,0,0,0,1,0,0,0,0,0,1,0,0,0,0,1,0,0,0,0,0,0,0,0,1,0,0,0,0,1,0,0,0,0,0,0,0,0,0,0,0,0,0,0,0,0,0,0,0,1,0,0,0,0,0,0,0,0,0,0,0,0,0,0,0,1,0,0,0,1,0,1,0,0,0,0,0,0,0,1,0,0,0,0,0,0,0,1,0,0,0,0,0,1,0,0,0,0,0,0,0,0,0,1,0,0,0,0,1,0
4.867534450455582,9.126632622902697,3,3,7,5,2003,2003,0.0,4,3,5,3,1,1,0.0,1,0.0,7.353081920515432,1560.0,5,1,7.353081920515432,0.0,0.0,7.353081920515432,0.0,0.0,2,0,3,1,4,7,8,0,0,2003.0,3,2.0,573.0,3,3,2,4.61512051684126,5.017279836814924,0.0,0.0,0.0,0,0.0,4,2010,8.045908742270779,2.0,7,7,1,1,0,0,0,0,0,0,1,0,0,0,0,0,0,0,0,0,0,0,0,0,1,0,0,1,0,0,0,1,1,0,0,0,0,0,1,0,0,0,0,0,0,0,0,0,0,0,1,0,0,0,0,0,0,0,0,0,0,0,0,0,0,0,1,0,0,0,0,0,0,0,0,1,0,0,0,0,0,1,0,0,0,0,0,0,1,0,0,0,0,0,0,1,0,0,0,0,1,0,0,0,0,0,0,0,0,0,0,0,0,0,0,0,0,0,0,1,0,0,0,0,0,0,0,0,0,0,0,0,0,0,0,1,0,0,0,0,1,0,0,0,1,0,0,0,0,1,0,0,0,0,0,0,0,0,1,0,1,0,0,0,0,0,0,0,0,0,0,0,0,0,1,0,0,0,0,1,0
4.948759890378168,9.859483417038073,4,3,4,5,1951,1951,0.0,3,3,3,3,1,2,4.795790545596741,1,0.0,6.61338421837956,864.0,5,1,6.762729506931879,0.0,0.0,6.762729506931879,0.0,0.0,1,0,2,1,3,4,8,0,0,1951.0,1,2.0,400.0,3,3,2,0.0,0.0,0.0,0.0,0.0,0,0.0,6,2010,7.455298485683291,1.0,59,59,1,1,0,0,0,0,0,0,1,0,0,0,0,0,0,0,0,0,0,0,0,0,1,0,0,1,0,0,0,1,1,0,1,0,0,0,0,0,0,0,0,0,0,0,0,1,0,0,0,0,0,0,0,0,0,0,0,0,0,0,0,0,0,0,1,0,0,0,0,0,0,0,0,1,0,0,0,0,0,1,0,0,0,0,0,0,1,0,0,0,0,0,0,1,0,0,0,0,1,0,0,0,0,0,0,0,0,0,0,0,0,0,0,0,0,0,0,1,0,0,0,0,0,0,0,0,0,0,0,0,0,0,0,1,0,0,0,0,1,0,0,1,0,0,0,0,0,1,0,0,0,0,0,0,0,0,1,0,0,0,0,0,1,0,0,0,0,0,0,0,0,0,1,0,0,0,0,1,0
4.68213122712422,9.57851889529833,4,3,9,5,2006,2007,5.755742213586912,5,3,5,3,4,1,0.0,1,0.0,7.660114319173928,2121.0,5,1,7.660114319173928,0.0,0.0,7.660114319173928,0.0,0.0,2,1,3,1,5,8,8,1,5,2007.0,3,3.0,732.0,3,3,2,4.8283137373023015,4.59511985013459,0.0,0.0,4.962844630259907,0,0.0,5,2007,8.353025845202325,2.5,1,0,1,1,1,0,0,0,0,0,1,0,0,0,0,0,0,0,0,0,0,0,0,0,1,0,0,1,0,0,0,1,1,0,0,0,0,0,1,0,0,0,0,0,0,0,0,0,0,0,0,0,0,0,0,1,0,0,0,0,0,0,0,0,0,0,1,0,0,0,0,0,0,0,0,1,0,0,0,0,0,1,0,0,0,0,0,0,1,0,0,0,0,0,0,1,0,0,0,0,1,0,0,0,0,0,0,0,0,0,0,0,1,0,0,0,0,0,0,0,0,0,0,0,0,0,0,1,0,0,0,0,0,0,0,0,0,0,0,1,0,0,0,0,1,0,0,0,0,1,0,0,0,0,0,0,0,0,1,0,1,0,0,0,0,0,0,0,0,0,0,0,1,0,0,0,0,0,0,0,1
4.430816798843313,9.21094019204815,4,3,7,5,1977,1977,5.703782474656201,3,3,4,3,1,4,5.973809611869261,1,0.0,6.645090969505644,1160.0,5,1,7.053585727193677,6.7650389767805414,0.0,7.612336837167746,0.0,0.0,2,1,4,1,3,8,8,1,3,1977.0,3,2.0,505.0,3,3,2,5.666426688112432,4.770684624465665,0.0,0.0,0.0,0,0.0,3,2008,8.065579427282092,2.5,31,31,1,1,1,0,0,0,0,0,0,0,0,0,0,1,0,0,0,0,0,0,0,0,1,0,0,1,0,0,0,1,1,0,0,0,0,0,1,0,0,0,0,1,0,0,0,0,0,0,0,0,0,0,0,0,0,0,0,0,0,0,0,0,0,0,1,0,0,0,0,0,0,0,0,1,0,0,0,0,0,1,0,0,0,0,0,0,0,0,0,1,0,0,0,0,0,1,0,0,1,0,0,0,0,0,0,0,0,0,0,0,0,0,0,0,1,0,0,0,0,0,0,0,0,0,0,0,0,0,0,0,1,0,0,0,0,0,0,1,0,0,0,1,0,0,0,0,0,1,0,0,0,0,0,0,0,0,1,0,1,0,0,0,0,0,0,0,0,0,0,0,0,0,1,0,0,0,0,1,0
4.418840607796598,9.33149549353265,4,3,7,6,1989,1989,5.831882477283517,4,3,4,3,3,6,6.045005314036012,1,0.0,5.958424693029782,807.0,4,1,7.069874128458572,6.694562058521095,0.0,7.592366128519796,0.0,0.0,2,1,3,1,4,7,8,1,3,1989.0,3,2.0,575.0,3,3,2,0.0,4.442651256490317,0.0,5.2832037287379885,0.0,0,0.0,1,2007,7.933796874815411,2.5,18,18,1,1,1,0,0,0,0,0,0,0,0,0,0,1,0,0,0,0,0,0,0,0,1,0,0,1,0,0,0,1,1,0,0,0,0,0,1,0,0,0,0,0,0,0,0,0,0,0,0,0,0,0,0,0,0,0,0,1,0,0,0,0,0,0,1,0,0,0,0,0,0,0,0,1,0,0,0,0,0,1,0,0,0,0,0,0,0,0,0,1,0,0,0,1,0,0,0,0,1,0,0,0,0,0,0,0,0,0,0,0,0,0,0,0,1,0,0,0,0,0,0,0,0,0,0,0,0,0,0,0,1,0,0,0,0,0,0,1,0,0,0,1,0,0,0,0,0,1,0,0,0,0,0,0,0,0,1,0,1,0,0,0,0,0,0,0,0,0,0,0,0,0,1,0,0,0,0,1,0
4.110873864173311,8.881975184248867,4,3,6,5,2006,2006,4.23410650459726,4,3,4,3,1,6,6.80903930604298,1,0.0,5.8805329864007,1262.0,4,1,7.141245122350491,0.0,0.0,7.141245122350491,0.0,0.0,2,0,2,1,4,5,8,0,0,2006.0,3,2.0,572.0,3,3,2,0.0,4.795790545596741,0.0,0.0,0.0,0,0.0,5,2006,7.83399634170946,2.0,0,0,1,1,0,0,0,0,0,0,1,0,0,0,0,0,0,0,0,0,0,0,1,0,0,0,0,1,0,0,0,1,1,0,0,0,0,0,1,0,0,0,0,0,0,0,0,0,0,0,0,0,0,0,0,0,0,0,0,0,1,0,0,0,0,0,1,0,0,0,0,0,0,0,0,1,0,0,0,0,0,1,0,0,0,0,0,0,1,0,0,0,0,0,0,1,0,0,0,0,1,0,0,0,0,0,0,0,0,0,0,0,0,0,0,0,0,0,0,1,0,0,0,0,0,0,0,0,0,0,0,0,0,0,0,1,0,0,0,0,0,1,0,0,1,0,0,0,0,1,0,0,0,0,0,0,0,0,1,0,1,0,0,0,0,0,0,0,0,0,0,0,1,0,0,0,0,0,0,0,1
3.5553480614894135,8.529911963824013,4,3,7,5,2007,2008,5.117993812416755,4,3,4,3,1,6,6.807934943699926,1,0.0,6.018593214496234,1314.0,5,1,7.181591944611865,0.0,0.0,7.181591944611865,1.0,0.0,2,0,2,1,4,6,8,1,4,2008.0,2,2.0,626.0,3,3,2,5.153291594497779,4.143134726391533,0.0,0.0,0.0,0,0.0,4,2009,7.874358824729881,3.0,2,1,1,1,1,1,0,0,0,0,0,0,0,0,0,0,0,0,0,0,0,0,0,0,1,0,0,1,0,0,0,1,1,0,0,0,0,0,1,0,0,0,0,0,0,0,0,0,0,0,0,0,0,0,0,1,0,0,0,0,0,0,0,0,0,0,1,0,0,0,0,0,0,0,0,1,0,0,0,0,0,0,0,0,1,0,0,0,1,0,0,0,0,0,0,1,0,0,0,0,1,0,0,0,0,0,0,0,0,0,0,0,0,0,0,0,0,0,0,1,0,0,0,0,0,0,0,0,0,0,0,0,0,0,0,1,0,0,0,0,0,1,0,0,1,0,0,0,0,1,0,0,0,0,0,0,0,0,1,0,1,0,0,0,0,0,0,0,0,0,0,1,0,0,0,0,0,0,0,1,0
4.31748811353631,9.170871628065816,4,3,8,5,2008,2009,4.290459441148391,4,3,4,3,1,1,0.0,1,0.0,7.292337176173877,1468.0,5,1,7.292337176173877,0.0,0.0,7.292337176173877,0.0,0.0,2,0,3,1,4,6,8,1,4,2008.0,3,3.0,898.0,3,3,2,5.351858133476067,5.017279836814924,0.0,0.0,0.0,0,0.0,12,2009,7.98514393119862,2.0,1,0,1,1,1,0,0,0,0,0,1,0,0,0,0,0,0,0,0,0,0,0,0,0,1,0,0,1,0,0,0,1,1,0,0,0,0,0,1,0,0,0,0,0,0,0,0,0,0,0,0,0,0,0,0,0,0,0,0,0,1,0,0,0,0,1,0,0,0,0,0,0,0,0,0,1,0,0,0,0,0,1,0,0,0,0,0,0,1,0,0,0,0,0,0,1,0,0,0,0,1,0,0,0,0,0,0,0,0,0,0,0,0,0,0,0,0,0,0,1,0,0,0,0,0,0,0,0,0,0,0,0,0,0,0,1,0,0,0,0,0,1,0,0,1,0,0,0,0,1,0,0,0,0,0,0,0,0,1,0,1,0,0,0,0,0,0,0,0,0,0,0,1,0,0,0,0,0,0,0,1
3.9318256327243257,8.98882050177807,4,3,6,5,1992,1992,0.0,4,3,4,3,1,6,6.066108090103747,1,0.0,7.044032897274685,1575.0,4,1,7.362645270417825,0.0,0.0,7.362645270417825,1.0,0.0,2,0,2,1,4,5,8,0,0,1992.0,2,2.0,529.0,3,3,2,0.0,0.0,3.970291913552122,0.0,0.0,0,0.0,7,2007,8.055475141757274,3.0,15,15,1,1,0,1,0,0,0,0,0,0,0,0,0,0,0,0,0,0,0,0,0,0,1,0,0,1,0,0,0,1,1,0,0,0,0,0,1,0,0,0,0,0,0,0,0,0,0,0,0,0,0,0,0,0,0,0,0,1,0,0,0,0,0,0,1,0,0,0,0,0,0,0,0,1,0,0,0,0,0,0,0,0,0,1,0,0,1,0,0,0,0,0,0,1,0,0,0,0,1,0,0,0,0,0,0,0,0,0,0,0,0,0,0,0,1,0,0,0,0,0,0,0,0,0,0,0,0,1,0,0,0,0,0,0,0,0,0,0,1,0,0,0,1,0,0,0,0,1,0,0,0,0,0,0,0,0,1,0,1,0,0,0,0,0,0,0,0,0,0,0,0,0,1,0,0,0,0,1,0
3.58351893845611,8.355144739461839,3,3,7,5,2006,2007,0.0,4,3,4,3,1,1,0.0,1,0.0,6.439350371100098,625.0,5,1,6.439350371100098,6.439350371100098,0.0,7.1316985104669115,0.0,0.0,2,1,2,1,4,5,8,0,0,2006.0,2,2.0,528.0,3,3,2,0.0,4.007333185232471,0.0,0.0,0.0,0,0.0,6,2007,7.53689712956617,2.5,1,0,1,1,0,0,0,1,0,0,0,0,0,0,0,0,0,0,0,0,0,0,1,0,0,0,0,1,0,0,0,1,1,0,0,0,0,0,1,0,0,0,0,0,0,0,0,0,0,0,0,0,0,0,0,0,0,0,0,0,1,0,0,0,0,0,1,0,0,0,0,0,0,0,0,1,0,0,0,0,0,0,0,0,0,1,0,0,0,0,0,1,0,0,0,1,0,0,0,0,1,0,0,0,0,0,0,0,0,0,0,0,0,0,0,1,0,0,0,0,0,0,0,0,0,0,0,0,0,0,1,0,0,0,0,0,0,0,0,0,1,0,0,0,1,0,0,0,0,1,0,0,0,0,0,0,0,0,1,0,0,0,0,0,1,0,0,0,0,0,0,0,1,0,0,0,0,0,0,0,1
4.356708826689592,9.18881025342582,3,3,6,7,1962,1981,0.0,3,3,3,3,1,3,6.398594934535208,1,0.0,5.746203190540153,912.0,3,1,6.990256500493881,6.476972362889683,0.0,7.45876269238096,0.0,0.0,1,1,3,1,4,7,8,1,4,1962.0,2,2.0,440.0,3,3,2,0.0,0.0,0.0,0.0,4.859812404361672,0,0.0,6,2006,7.881182202227102,1.5,44,25,1,1,1,0,0,0,0,0,0,0,0,0,1,0,0,0,0,0,0,0,0,0,1,0,0,1,1,0,0,0,1,0,0,0,0,0,1,0,0,0,0,0,0,0,0,0,0,0,0,1,0,0,0,0,0,0,0,0,0,0,0,0,0,0,1,0,0,0,0,0,0,0,0,1,0,0,0,0,0,1,0,0,0,0,1,0,0,0,0,0,0,0,0,1,0,0,0,0,1,0,0,0,0,0,0,0,0,0,0,0,0,0,0,0,0,0,0,0,1,0,0,0,0,0,0,0,0,0,0,0,0,0,0,0,1,0,0,0,1,0,0,1,0,0,0,0,0,1,0,0,0,0,0,0,0,0,1,0,1,0,0,0,0,0,0,0,0,0,0,0,0,0,1,0,0,0,0,1,0
4.30406509320417,9.002824076547672,3,3,4,4,1971,1971,0.0,3,3,3,3,1,4,6.421622267806518,1,0.0,5.501258210544727,858.0,3,1,6.755768921984255,0.0,0.0,6.755768921984255,0.0,0.0,1,0,3,1,3,5,8,0,0,0.0,0,0.0,0.0,0,0,2,0.0,0.0,0.0,0.0,0.0,0,0.0,6,2006,7.448333860897476,1.0,35,35,0,1,0,0,0,0,0,0,1,0,0,0,0,0,0,0,0,0,0,0,0,0,1,0,0,1,0,0,0,1,1,0,1,0,0,0,0,0,0,0,0,0,0,0,0,0,0,0,0,1,0,0,0,0,0,0,0,0,0,0,0,0,0,0,1,0,0,0,0,0,0,0,0,1,0,0,0,0,0,1,0,0,0,0,0,0,1,0,0,0,0,0,0,1,0,0,0,0,1,0,0,0,0,0,0,0,0,0,0,0,0,1,0,0,0,0,0,0,0,0,0,0,0,0,0,0,1,0,0,0,0,0,0,0,0,0,0,0,1,0,0,1,0,0,0,0,0,1,0,0,0,0,0,0,0,0,1,0,0,0,0,0,0,1,0,0,0,0,0,0,0,0,1,0,0,0,0,1,0
4.276666119016055,9.192176401348512,3,3,5,5,1967,1967,3.4657359027997265,3,4,3,3,1,4,6.111467339502679,1,0.0,6.07073772800249,882.0,3,1,6.803505257608338,0.0,0.0,6.803505257608338,0.0,0.0,1,0,3,1,3,5,8,0,0,1970.0,1,1.0,280.0,3,3,2,0.0,0.0,0.0,0.0,0.0,0,0.0,2,2010,7.48605261786314,1.0,43,43,1,1,0,0,0,0,0,0,1,0,0,0,0,0,0,0,0,0,0,0,0,0,1,0,0,1,0,0,0,1,1,0,0,0,0,0,1,0,0,0,0,0,0,0,0,0,0,0,0,0,0,0,0,0,0,0,1,0,0,0,0,0,0,0,1,0,0,0,0,0,0,0,0,1,0,0,0,0,0,1,0,0,0,0,0,0,1,0,0,0,0,0,0,1,0,0,0,0,1,0,0,0,0,0,0,0,0,0,0,0,0,0,0,1,0,0,0,0,0,0,0,0,0,0,0,0,0,0,1,0,0,0,0,0,0,0,0,1,0,0,0,1,0,0,0,0,0,1,0,0,0,0,0,0,0,0,1,0,0,0,0,0,1,0,0,0,0,0,0,0,0,0,1,0,0,0,0,1,0
4.110873864173311,9.074635189810808,4,3,6,7,1915,2003,0.0,3,3,3,3,1,1,0.0,1,0.0,6.54965074223381,698.0,5,1,6.54965074223381,6.54965074223381,0.0,7.242082359256962,0.0,0.0,1,0,3,1,3,7,8,0,0,2003.0,1,1.0,384.0,3,3,2,0.0,0.0,0.0,0.0,5.560681631015528,0,0.0,7,2007,7.647308832356238,1.0,92,4,1,1,0,0,0,0,0,0,0,0,0,0,0,0,1,0,0,0,0,0,0,0,1,0,0,1,0,0,0,1,1,0,0,0,0,0,1,0,0,0,1,0,0,0,0,0,0,0,0,0,0,0,0,0,0,0,0,0,0,0,0,0,0,0,0,0,0,0,1,0,0,0,0,1,0,0,0,0,0,1,0,0,0,0,0,0,0,0,0,1,0,0,0,1,0,0,0,0,1,0,0,0,0,0,0,0,0,0,0,0,0,0,0,0,0,0,0,0,1,0,0,0,0,0,0,0,0,0,0,0,0,0,0,0,1,0,0,0,1,0,1,0,0,0,0,0,0,1,0,0,0,0,1,0,0,0,0,0,0,0,0,0,1,0,0,0,0,0,0,0,0,0,1,0,0,0,0,1,0
4.795790545596741,9.655795128300506,4,3,8,5,2006,2006,0.0,4,3,4,3,3,1,0.0,1,0.0,6.984716320118266,1079.0,5,1,6.984716320118266,6.734591659972948,0.0,7.560080465021827,0.0,0.0,2,1,3,1,4,8,8,1,4,2006.0,2,2.0,685.0,4,3,2,0.0,3.9512437185814275,0.0,0.0,0.0,0,0.0,7,2006,8.00603417874901,2.5,0,0,1,1,1,0,0,0,0,0,0,0,0,0,0,1,0,0,0,0,0,0,0,0,1,0,0,1,0,0,0,1,1,0,0,0,0,0,1,0,0,0,0,0,1,0,0,0,0,0,0,0,0,0,0,0,0,0,0,0,0,0,0,0,0,0,1,0,0,0,0,0,0,0,0,1,0,0,0,0,0,1,0,0,0,0,0,0,0,0,0,1,0,0,0,1,0,0,0,0,1,0,0,0,0,0,0,0,0,0,0,0,0,0,0,0,0,0,0,1,0,0,0,0,0,0,0,0,0,0,0,0,0,0,0,1,0,0,0,0,1,0,0,0,1,0,0,0,0,1,0,0,0,0,0,0,0,0,1,0,1,0,0,0,0,0,0,0,0,0,0,0,1,0,0,0,0,0,0,0,1
4.02535169073515,8.646113971483077,4,3,5,6,1912,2000,0.0,3,2,3,2,1,3,5.351858133476067,1,0.0,6.3473892096560105,780.0,5,0,6.842683282238422,6.660575149839686,0.0,7.448333860897476,1.0,0.0,2,0,6,1,2,9,8,0,0,0.0,0,0.0,0.0,0,0,0,0.0,5.220355825078324,0.0,0.0,0.0,0,0.0,3,2008,7.822845290279774,3.0,96,8,0,1,0,0,0,0,0,1,0,0,0,0,0,0,0,0,0,0,0,0,0,0,1,0,0,1,1,0,0,0,1,0,0,0,0,0,1,0,0,0,0,0,0,0,0,0,0,0,0,0,0,0,0,0,0,1,0,0,0,0,0,0,0,0,1,0,0,0,0,0,0,0,0,1,0,0,0,0,0,0,1,0,0,0,0,0,0,0,0,1,0,0,0,1,0,0,0,0,1,0,0,0,0,0,0,0,0,0,0,0,0,0,0,0,0,0,0,1,0,0,0,0,0,0,0,0,0,0,0,0,0,0,0,1,0,0,0,0,1,0,0,0,1,0,0,0,0,1,0,0,0,0,0,0,0,0,1,0,0,0,0,0,0,1,0,0,0,0,0,0,0,0,1,0,0,0,0,1,0
4.110873864173311,9.342245442856122,4,3,5,4,1949,2008,0.0,3,3,3,3,1,2,5.680172609017068,1,0.0,6.1675164908883415,768.0,4,1,7.046647277848756,6.343880434126331,0.0,7.448333860897476,0.0,0.0,1,1,3,1,3,8,6,1,4,1949.0,1,1.0,281.0,3,3,2,0.0,0.0,0.0,0.0,5.081404364984463,0,0.0,1,2009,7.818027938530729,1.5,60,1,1,1,1,0,0,0,0,0,0,0,0,0,1,0,0,0,0,0,0,0,0,0,1,0,0,1,0,0,0,1,1,0,0,0,0,0,1,0,0,0,0,0,0,0,1,0,0,0,0,0,0,0,0,0,0,0,0,0,0,0,0,0,0,0,1,0,0,0,0,0,0,0,0,1,0,0,0,0,0,1,0,0,0,0,1,0,0,0,0,0,0,0,0,1,0,0,0,0,1,0,0,0,0,0,0,0,0,0,0,0,0,0,0,0,0,0,0,0,1,0,0,0,0,0,0,0,0,0,0,0,0,0,0,0,1,0,0,0,1,0,0,1,0,0,0,0,0,1,0,0,0,0,0,0,0,0,1,0,1,0,0,0,0,0,0,0,0,0,0,0,0,0,1,0,0,0,0,1,0
4.394449154672439,9.720765915720834,3,3,7,7,1977,1994,3.5553480614894135,3,3,3,3,1,5,6.679599185844383,1,0.0,0.0,795.0,2,1,7.292337176173877,6.679599185844383,0.0,7.724888439323074,1.0,0.0,2,1,3,1,4,9,8,1,3,1977.0,3,2.0,539.0,3,3,2,0.0,5.5254529391317835,0.0,0.0,0.0,0,0.0,3,2006,8.025843344150903,3.5,29,12,1,1,1,0,0,0,0,0,0,0,0,0,0,1,0,0,0,0,0,0,0,0,1,0,0,1,0,0,0,1,1,0,1,0,0,0,0,0,0,0,0,0,0,0,0,0,0,0,0,0,0,1,0,0,0,0,0,0,0,0,0,0,0,0,0,1,0,0,0,0,0,0,0,1,0,0,0,0,0,1,0,0,0,0,0,0,0,0,0,1,0,0,0,1,0,0,0,0,1,0,0,0,0,0,0,0,0,0,0,0,0,0,0,0,1,0,0,0,0,0,0,0,0,0,0,0,0,0,0,0,1,0,0,0,0,0,0,1,0,0,0,1,0,0,0,0,0,1,0,0,0,0,0,0,0,0,1,0,1,0,0,0,0,0,0,0,0,0,0,0,0,0,1,0,0,0,0,1,0
4.394449154672439,9.169622538697624,4,3,6,5,1953,1953,5.476463551931511,3,3,3,3,1,6,7.1592919047975645,1,0.0,4.882801922586371,1416.0,3,1,7.405495663199472,0.0,0.0,7.405495663199472,1.0,0.0,1,0,3,1,3,7,8,2,4,1953.0,3,2.0,418.0,3,3,2,4.709530201312334,0.0,0.0,0.0,0.0,0,0.0,10,2009,8.026496938945412,2.0,56,56,1,1,1,0,0,0,0,0,1,0,0,0,0,0,0,0,0,0,0,0,0,0,1,0,0,1,0,0,0,1,1,0,0,0,0,0,1,0,0,0,0,0,0,0,0,0,0,0,0,1,0,0,0,0,0,0,0,0,0,0,0,0,0,0,1,0,0,0,0,0,0,0,0,1,0,0,0,0,0,1,0,0,0,0,0,0,1,0,0,0,0,0,0,0,0,1,0,0,1,0,0,0,0,0,0,0,0,0,0,0,0,1,0,0,0,0,0,0,0,0,0,0,0,0,0,0,1,0,0,0,0,0,0,0,0,0,0,0,0,1,0,1,0,0,0,0,0,1,0,0,0,0,0,0,0,0,1,0,1,0,0,0,0,0,0,0,0,0,0,0,0,0,1,0,0,0,0,1,0
3.6375861597263857,8.97941663334301,3,3,6,6,1984,1984,0.0,3,3,3,3,3,6,6.709304340258298,1,0.0,5.220355825078324,1003.0,3,1,6.911747300251674,0.0,0.0,6.911747300251674,1.0,0.0,1,0,3,1,3,6,8,0,0,1984.0,1,2.0,588.0,3,3,2,4.795790545596741,0.0,0.0,0.0,0.0,0,0.0,3,2006,7.604396348796338,2.0,22,22,1,1,0,0,0,0,0,0,0,0,0,0,0,0,0,0,1,0,0,0,0,0,1,0,0,1,0,0,0,1,1,0,0,1,0,0,0,0,0,0,0,0,0,0,0,0,0,0,1,0,0,0,0,0,0,0,0,0,0,0,0,0,0,0,1,0,0,0,0,0,0,0,0,1,0,0,0,0,0,1,0,0,0,0,0,0,0,0,0,0,0,1,0,1,0,0,0,0,1,0,0,0,0,0,0,0,0,0,0,0,0,1,0,0,0,0,0,0,0,0,0,0,0,0,0,0,1,0,0,0,0,0,0,0,0,0,0,0,1,0,0,1,0,0,0,0,0,1,0,0,0,0,0,0,0,0,1,0,0,0,0,0,1,0,0,0,0,0,0,0,0,0,1,0,0,0,0,1,0
4.330733340286331,9.525953709356655,4,3,5,5,1950,1950,0.0,3,3,3,3,1,4,6.042632833682381,1,0.0,6.19644412779452,910.0,3,1,6.814542897259958,6.47543271670409,0.0,7.351799869057777,0.0,0.0,1,1,4,1,3,6,8,0,0,1950.0,1,1.0,282.0,3,3,2,5.66988092298052,0.0,0.0,0.0,0.0,0,0.0,6,2007,7.81156848934518,1.5,57,57,1,1,0,0,0,0,0,0,0,0,0,0,1,0,0,0,0,0,0,0,0,0,0,1,0,1,0,0,0,1,1,0,0,0,0,0,1,0,0,0,0,0,0,0,0,0,1,0,0,0,0,0,0,0,0,0,0,0,0,0,0,0,0,0,1,0,0,0,0,0,0,0,0,1,0,0,0,0,0,1,0,0,0,0,1,0,0,0,0,0,0,0,0,1,0,0,0,0,1,0,0,0,0,0,0,0,0,0,0,0,0,0,0,0,0,0,0,0,1,0,0,0,0,0,0,0,0,0,0,0,0,0,0,0,1,0,0,0,1,0,0,1,0,0,0,0,0,1,0,0,0,0,1,0,0,0,0,0,1,0,0,0,0,0,0,0,0,0,0,0,0,0,1,0,0,0,0,1,0
4.204692619390966,8.909235279192261,3,3,7,5,1997,1998,7.3783837129967145,4,3,4,3,1,4,6.476972362889683,1,0.0,5.7899601708972535,975.0,5,1,6.883462586413092,6.883462586413092,0.0,7.576097340623111,0.0,0.0,2,1,3,1,4,7,8,1,3,1997.0,2,2.0,576.0,3,3,2,0.0,2.3978952727983707,0.0,0.0,5.293304824724492,0,0.0,6,2007,7.98139158158007,2.5,10,9,1,1,1,0,0,0,0,0,0,0,0,0,0,1,0,0,0,0,0,0,1,0,0,0,0,1,0,0,0,1,1,0,0,0,0,0,1,0,0,0,0,0,0,0,0,0,0,0,0,0,0,0,0,0,0,0,0,0,1,0,0,0,0,0,1,0,0,0,0,0,0,0,0,1,0,0,0,0,0,1,0,0,0,0,0,0,0,0,0,1,0,0,0,0,0,1,0,0,1,0,0,0,0,0,0,0,0,0,0,0,0,0,0,0,0,0,0,1,0,0,0,0,0,0,0,0,0,0,0,0,0,0,0,1,0,0,0,1,0,0,0,0,1,0,0,0,0,1,0,0,0,0,0,0,0,0,1,0,0,0,0,0,1,0,0,0,0,0,0,0,0,0,1,0,0,0,0,1,0
4.51085950651685,9.367429587218957,4,3,6,6,1968,1968,5.902633333401366,4,3,3,3,1,5,5.953243334287785,3,5.170483995038151,4.969813299576001,702.0,4,1,6.948897222313312,6.555356891810665,0.0,7.463936604468925,0.0,1.0,1,2,3,1,3,7,8,1,4,1968.0,1,2.0,539.0,3,3,2,5.41610040220442,0.0,0.0,0.0,0.0,0,0.0,6,2007,7.802209316247118,2.5,39,39,1,1,1,0,0,0,0,0,0,0,0,0,0,1,0,0,0,0,0,0,0,0,1,0,0,1,0,0,0,1,1,0,0,0,0,0,1,0,0,0,0,0,0,0,0,0,0,0,0,0,0,1,0,0,0,0,0,0,0,0,0,0,0,0,1,0,0,0,0,0,0,0,0,1,0,0,0,0,0,1,0,0,0,0,0,0,0,0,0,1,0,0,0,0,0,0,1,0,1,0,0,0,0,0,0,0,0,0,0,0,0,1,0,0,0,0,0,0,0,0,0,1,0,0,0,0,0,0,0,0,0,0,0,0,0,0,0,1,0,0,0,1,0,0,0,0,0,1,0,0,0,0,0,0,0,0,1,0,1,0,0,0,0,0,0,0,0,0,0,0,0,0,1,0,0,0,0,1,0
4.394449154672439,9.546884034617925,4,3,6,8,1950,2004,0.0,3,4,3,3,1,1,0.0,1,0.0,6.996681488176539,1092.0,5,1,7.050122520269059,0.0,0.0,7.050122520269059,0.0,1.0,1,0,3,1,4,6,8,1,4,1950.0,1,1.0,300.0,3,3,2,0.0,3.6109179126442243,0.0,0.0,0.0,0,0.0,8,2009,7.716460800176355,1.5,59,5,1,1,1,0,0,0,0,0,1,0,0,0,0,0,0,0,0,0,0,0,0,0,1,0,0,1,0,0,0,1,1,0,0,0,0,0,1,0,0,0,0,0,0,1,0,0,0,0,0,0,0,0,0,0,0,0,0,0,0,0,0,0,0,0,1,0,0,0,0,0,0,0,0,1,0,0,0,0,0,1,0,0,0,0,0,0,1,0,0,0,0,0,0,1,0,0,0,0,1,0,0,0,0,0,0,0,0,0,0,0,0,1,0,0,0,0,0,0,0,0,0,0,0,0,0,0,1,0,0,0,0,0,0,0,0,0,0,0,1,0,0,1,0,0,0,0,0,1,0,0,0,0,0,0,0,0,1,0,1,0,0,0,0,0,0,0,0,0,0,0,0,0,1,0,0,0,1,0,0
4.51085950651685,9.664659134301736,4,3,5,5,1953,1953,4.04305126783455,3,3,3,3,2,4,6.7357800142423265,1,0.0,5.783825182329737,1165.0,3,1,7.198183577101943,0.0,0.0,7.198183577101943,1.0,0.0,1,0,2,1,3,5,8,2,4,1953.0,1,1.0,375.0,3,3,2,0.0,0.0,0.0,0.0,0.0,0,0.0,6,2006,7.824845691026856,2.0,53,53,1,1,1,0,0,0,0,1,0,0,0,0,0,0,0,0,0,0,0,0,0,0,1,0,0,1,0,0,0,1,1,0,1,0,0,0,0,0,0,0,0,0,0,1,0,0,0,0,0,0,0,0,0,0,0,0,0,0,0,0,0,0,0,0,1,0,0,0,0,0,0,0,0,1,0,0,0,0,0,0,1,0,0,0,0,0,1,0,0,0,0,0,0,0,0,1,0,0,1,0,0,0,0,0,0,0,0,0,0,0,0,0,0,1,0,0,0,0,0,0,0,0,0,0,0,0,0,0,1,0,0,0,0,0,0,0,0,1,0,0,0,1,0,0,0,0,0,1,0,0,0,0,0,0,0,0,1,0,1,0,0,0,0,0,0,0,0,0,0,0,0,0,1,0,0,0,0,1,0
4.204692619390966,9.694431800539537,1,3,8,5,1998,1999,0.0,4,3,4,3,1,6,5.641907070938114,1,0.0,6.617402977974478,1028.0,5,1,7.099201743553092,7.1252830915107115,0.0,7.8050670442584895,0.0,0.0,2,1,4,1,4,9,8,1,3,1998.0,3,2.0,683.0,3,3,2,5.342334251964811,3.9318256327243257,0.0,0.0,0.0,0,0.0,5,2007,8.15507488781144,2.5,9,8,1,1,1,0,0,0,0,0,0,0,0,0,0,1,0,0,0,0,0,0,0,0,1,0,0,1,0,0,0,1,1,0,0,0,0,0,1,0,0,0,0,0,1,0,0,0,0,0,0,0,0,0,0,0,0,0,0,0,0,0,0,0,0,0,1,0,0,0,0,0,0,0,0,1,0,0,0,0,0,1,0,0,0,0,0,0,0,0,0,1,0,0,0,1,0,0,0,0,1,0,0,0,0,0,0,0,0,0,0,0,0,0,0,0,0,0,0,1,0,0,0,0,0,0,0,0,0,0,0,0,0,0,0,1,0,0,0,0,1,0,0,0,1,0,0,0,0,1,0,0,0,0,0,0,0,0,1,0,0,0,1,0,0,0,0,0,0,0,0,0,0,0,1,0,0,0,0,1,0
4.77912349311153,9.525516008736886,3,3,7,5,2001,2002,5.017279836814924,4,3,4,3,1,1,0.0,1,0.0,7.340835554123275,1541.0,5,1,7.340835554123275,0.0,0.0,7.340835554123275,0.0,0.0,2,0,3,1,4,6,8,1,3,2001.0,2,3.0,843.0,3,3,2,6.150602768446279,4.406719247264253,0.0,0.0,0.0,0,0.0,1,2006,8.03365842788615,2.0,5,4,1,1,1,0,0,0,0,0,1,0,0,0,0,0,0,0,0,0,0,0,0,0,1,0,0,1,0,0,0,1,1,0,1,0,0,0,0,0,0,0,0,0,1,0,0,0,0,0,0,0,0,0,0,0,0,0,0,0,0,0,0,0,0,0,1,0,0,0,0,0,0,0,0,1,0,0,0,0,0,1,0,0,0,0,0,0,1,0,0,0,0,0,0,1,0,0,0,0,1,0,0,0,0,0,0,0,0,0,0,0,0,0,0,0,0,0,0,1,0,0,0,0,0,0,0,0,0,0,0,0,0,0,0,1,0,0,0,1,0,0,0,0,1,0,0,0,0,1,0,0,0,0,0,0,0,0,1,0,1,0,0,0,0,0,0,0,0,0,0,0,0,0,1,0,0,0,0,1,0
4.2626798770413155,9.19023970026918,4,3,5,7,1972,1972,0.0,3,3,3,3,1,5,6.796823718274855,1,0.0,0.0,894.0,3,1,6.796823718274855,0.0,0.0,6.796823718274855,1.0,0.0,1,0,3,1,3,5,8,0,0,1975.0,1,2.0,552.0,3,3,2,5.54907608489522,0.0,0.0,0.0,0.0,0,0.0,7,2006,7.489412083508719,2.0,34,34,1,1,0,0,0,0,0,0,1,0,0,0,0,0,0,0,0,0,0,0,0,0,1,0,0,1,0,0,0,1,1,0,1,0,0,0,0,0,0,0,0,0,1,0,0,0,0,0,0,0,0,0,0,0,0,0,0,0,0,0,0,0,0,0,1,0,0,0,0,0,0,0,0,1,0,0,0,0,0,1,0,0,0,0,0,0,1,0,0,0,0,0,0,1,0,0,0,0,1,0,0,0,0,0,0,0,0,0,0,0,0,0,0,0,0,0,0,1,0,0,0,0,0,0,0,0,0,0,0,0,0,0,0,1,0,0,0,0,1,0,0,0,1,0,0,0,0,1,0,0,0,0,0,0,0,0,1,0,1,0,0,0,0,0,0,0,0,0,0,0,0,0,1,1,0,0,0,0,0
4.477336814478207,9.819399172153842,4,3,7,9,1880,2002,0.0,3,3,3,3,1,1,0.0,1,0.0,7.293697720601438,1470.0,5,1,7.424165281042028,7.506042178518122,0.0,8.158802490694002,0.0,0.0,3,0,3,1,4,10,8,1,5,2003.0,1,3.0,870.0,3,3,2,5.713732805509369,0.0,0.0,0.0,0.0,0,0.0,5,2008,8.509967146324497,3.0,128,6,1,1,1,0,0,0,0,0,0,0,0,0,0,0,0,1,0,0,0,0,0,0,0,1,0,1,0,0,0,1,1,0,0,0,0,0,1,0,0,0,0,0,0,0,0,0,0,0,0,0,0,0,0,0,1,0,0,0,0,0,0,0,0,0,1,0,0,0,0,0,0,0,0,1,0,0,0,0,0,1,0,0,0,0,0,0,0,1,0,0,0,0,0,1,0,0,0,0,1,0,0,0,0,0,0,0,0,0,0,0,1,0,0,0,0,0,0,0,0,0,0,0,0,0,0,1,0,0,0,0,0,0,0,0,0,0,0,0,1,0,1,0,0,0,0,0,0,1,0,0,0,0,0,0,0,0,1,0,1,0,0,0,0,0,0,0,0,0,0,0,0,0,1,0,0,0,0,1,0
4.394449154672439,9.248310303227811,4,3,8,5,2004,2005,5.5093883366279774,4,3,4,3,1,6,7.289610521451167,1,0.0,6.285998094508865,2000.0,5,1,7.601402334583733,0.0,0.0,7.601402334583733,1.0,0.0,2,0,3,1,4,8,8,0,0,2004.0,3,3.0,888.0,3,3,2,5.1298987149230735,0.0,0.0,0.0,0.0,0,0.0,7,2007,8.294299608857235,3.0,3,2,1,1,0,0,0,0,0,0,1,0,0,0,0,0,0,0,0,0,0,0,0,0,1,0,0,1,0,0,0,1,1,0,0,0,0,0,1,0,0,0,0,0,1,0,0,0,0,0,0,0,0,0,0,0,0,0,0,0,0,0,0,0,0,0,1,0,0,0,0,0,0,0,0,1,0,0,0,0,0,1,0,0,0,0,0,0,1,0,0,0,0,0,0,1,0,0,0,0,1,0,0,0,0,0,0,0,0,0,0,0,1,0,0,0,0,0,0,0,0,0,0,0,0,0,0,1,0,0,0,0,0,0,0,0,0,0,0,0,0,1,0,0,1,0,0,0,0,1,0,0,0,0,0,0,0,0,1,0,1,0,0,0,0,0,0,0,0,0,0,0,0,0,1,0,0,0,0,1,0
4.762173934797756,9.508591395777199,4,3,7,5,1990,1991,5.5093883366279774,4,3,4,3,1,5,6.55250788703459,1,0.0,0.0,700.0,4,1,7.023758954738443,7.022868086082641,0.0,7.716015266642587,1.0,0.0,2,1,4,1,4,8,8,1,3,1990.0,2,3.0,746.0,3,3,2,4.852030263919617,3.8066624897703196,5.41610040220442,0.0,0.0,0,0.0,6,2007,7.987524479848767,3.5,17,16,1,1,1,0,0,0,0,0,0,0,0,0,0,1,0,0,0,0,0,0,0,0,1,0,0,1,0,0,0,1,1,0,0,0,0,0,1,0,0,0,0,0,0,0,0,0,0,0,0,0,0,0,0,0,0,0,0,1,0,0,0,0,0,1,0,0,0,0,0,0,0,0,0,1,0,0,0,0,0,1,0,0,0,0,0,0,0,0,0,1,0,0,0,1,0,0,0,0,1,0,0,0,0,0,0,0,0,0,0,0,0,1,0,0,0,0,0,0,0,0,0,0,0,0,0,0,0,0,0,0,1,0,0,0,0,0,0,1,0,0,0,1,0,0,0,0,0,1,0,0,0,0,0,0,0,0,1,0,1,0,0,0,0,0,0,0,0,0,0,0,0,0,1,0,0,0,0,1,0
4.110873864173311,8.97727273946428,3,3,6,7,1920,1950,0.0,3,2,3,3,1,1,0.0,1,0.0,5.768320995793772,319.0,3,1,6.943122422819428,5.918893854273146,0.0,7.249215057114389,0.0,0.0,1,0,3,1,2,6,8,0,0,0.0,0,0.0,0.0,0,0,0,0.0,4.976733742420574,0.0,0.0,0.0,0,0.0,3,2008,7.453561871643373,1.0,88,58,0,1,0,0,0,0,0,0,0,0,0,0,1,0,0,0,0,0,0,0,0,0,0,1,0,1,0,0,0,1,1,0,0,0,0,0,1,0,0,0,0,0,0,0,0,0,1,0,0,0,0,0,0,0,0,0,0,0,0,0,0,0,1,0,0,0,0,0,0,0,0,0,0,1,0,0,0,0,0,1,0,0,0,0,1,0,0,0,0,0,0,0,0,1,0,0,0,0,1,0,0,0,0,0,0,0,0,0,0,0,0,0,0,1,0,0,0,0,0,0,0,0,0,0,0,0,0,0,1,0,0,0,0,0,0,0,0,0,1,0,0,1,0,0,0,0,0,1,0,0,0,0,1,0,0,0,0,0,0,0,0,0,0,1,0,0,0,0,0,0,0,0,1,0,0,0,0,1,0
4.182050142641207,9.42084437974393,3,3,4,5,1940,1950,0.0,3,3,3,3,1,4,5.572154032177765,1,0.0,6.396929655216146,861.0,5,1,6.759255270663693,0.0,0.0,6.759255270663693,0.0,0.0,1,0,1,1,3,4,8,0,0,1961.0,1,2.0,539.0,3,3,2,5.0689042022202315,0.0,0.0,0.0,0.0,0,0.0,3,2009,7.45182223652793,1.0,69,59,1,1,0,0,0,0,0,0,0,1,0,0,0,0,0,0,0,0,0,0,0,0,1,0,0,1,0,0,0,1,1,0,0,0,0,0,1,0,0,0,0,0,0,0,1,0,0,0,0,0,0,0,0,0,0,0,0,0,0,0,0,0,0,0,1,0,0,0,0,0,0,0,0,1,0,0,0,0,0,1,0,0,0,0,0,0,1,0,0,0,0,0,0,1,0,0,0,0,1,0,0,0,0,0,0,0,0,0,0,0,0,0,0,0,0,0,0,1,0,0,0,0,0,0,0,0,0,0,0,0,0,0,0,1,0,0,0,0,1,0,0,1,0,0,0,0,0,1,0,0,0,0,0,0,0,0,1,0,0,0,0,0,1,0,0,0,0,0,0,0,0,0,1,0,0,0,0,1,0
4.51085950651685,9.42375676753181,3,3,9,5,2003,2004,0.0,4,3,5,3,4,6,7.150701457592526,1,0.0,6.434546518787453,1896.0,5,1,7.573017256052546,0.0,0.0,7.573017256052546,1.0,0.0,2,0,3,1,5,8,8,3,5,2003.0,3,3.0,708.0,3,3,2,5.342334251964811,5.170483995038151,0.0,0.0,0.0,0,0.0,11,2006,8.253488028345904,3.0,3,2,1,1,1,0,0,0,0,0,1,0,0,0,0,0,0,0,0,0,0,0,0,0,1,0,0,1,0,0,0,1,1,0,0,0,0,0,1,0,0,0,0,0,0,0,0,0,0,0,0,0,0,0,0,1,0,0,0,0,0,0,0,0,0,0,1,0,0,0,0,0,0,0,0,1,0,0,0,0,0,1,0,0,0,0,0,0,1,0,0,0,0,0,0,1,0,0,0,0,1,0,0,0,0,0,0,0,0,0,0,0,0,0,0,0,0,0,0,1,0,0,0,0,0,0,0,0,0,0,0,0,0,0,0,1,0,0,0,0,1,0,0,0,1,0,0,0,0,1,0,0,0,0,0,0,0,0,1,0,1,0,0,0,0,0,0,0,0,0,0,0,0,0,1,0,0,0,0,1,0
4.189654742026425,8.94715577112479,3,3,6,5,1993,1994,4.727387818712341,3,3,4,3,1,5,6.251903883165888,1,0.0,5.19295685089021,697.0,4,1,6.548219102762372,6.690842277418564,0.0,7.31455283232408,0.0,0.0,2,1,3,1,4,6,8,1,3,1993.0,3,2.0,420.0,3,3,2,5.25227342804663,4.1588830833596715,0.0,0.0,0.0,0,0.0,5,2006,7.695757990554761,2.5,13,12,1,1,1,0,0,0,0,0,0,0,0,0,0,1,0,0,0,0,0,0,0,0,1,0,0,1,0,0,0,1,1,0,0,0,0,0,1,0,0,0,0,0,0,0,0,1,0,0,0,0,0,0,0,0,0,0,0,0,0,0,0,0,0,0,1,0,0,0,0,0,0,0,0,1,0,0,0,0,0,1,0,0,0,0,0,0,0,0,0,1,0,0,0,1,0,0,0,0,1,0,0,0,0,0,0,0,0,0,0,0,0,1,0,0,0,0,0,0,0,0,0,0,0,0,0,0,1,0,0,0,0,0,0,0,0,0,0,1,0,0,0,0,1,0,0,0,0,1,0,0,0,0,0,0,0,0,1,0,1,0,0,0,0,0,0,0,0,0,0,0,0,0,1,0,0,0,0,1,0
3.9318256327243257,8.987321812850125,4,3,6,6,1948,2002,0.0,3,4,3,3,1,5,6.523562306149512,1,0.0,5.680172609017068,972.0,5,1,6.880384082186005,0.0,0.0,6.880384082186005,1.0,0.0,1,0,2,1,3,5,8,1,4,1948.0,1,1.0,240.0,3,3,2,0.0,0.0,0.0,0.0,0.0,0,0.0,5,2009,7.573017256052546,2.0,61,7,1,1,1,0,0,0,0,0,1,0,0,0,0,0,0,0,0,0,0,0,0,0,1,0,0,1,0,0,0,1,1,0,0,0,0,0,1,0,0,0,0,0,0,0,0,0,0,0,0,1,0,0,0,0,0,0,0,0,0,0,0,0,0,0,1,0,0,0,0,0,0,0,0,1,0,0,0,0,0,1,0,0,0,0,0,0,1,0,0,0,0,0,0,1,0,0,0,0,1,0,0,0,0,0,0,0,0,0,0,0,0,0,0,0,0,0,0,1,0,0,0,0,0,0,0,0,0,0,0,0,0,0,0,1,0,0,0,0,1,0,0,1,0,0,0,0,0,1,0,0,0,0,0,0,0,0,1,0,0,0,0,0,1,0,0,0,0,0,0,0,0,0,1,0,0,0,0,1,0
4.189654742026425,8.962007209588313,4,3,5,7,1939,1950,0.0,3,3,4,3,2,3,6.230481447578482,1,0.0,5.659482215759621,793.0,3,1,6.677083461247136,5.786897381366708,0.0,7.020190708311925,1.0,0.0,1,0,3,1,3,5,8,1,4,1939.0,1,2.0,410.0,3,3,2,0.0,0.0,0.0,0.0,5.605802066295998,0,0.0,5,2006,7.555905093611346,2.0,67,56,1,1,1,0,0,0,0,1,0,0,0,0,0,0,0,0,0,0,0,0,0,0,0,1,0,1,0,0,0,1,1,0,0,0,0,0,1,0,0,0,0,0,0,0,0,0,0,0,0,0,0,0,0,0,1,0,0,0,0,0,0,0,1,0,0,0,0,0,0,0,0,0,0,1,0,0,0,0,0,0,1,0,0,0,1,0,0,0,0,0,0,0,0,1,0,0,0,0,1,0,0,0,0,0,0,0,0,0,0,0,0,0,0,1,0,0,0,0,0,0,0,0,0,0,0,0,0,0,1,0,0,0,0,0,0,0,0,0,1,0,0,1,0,0,0,0,0,1,0,0,0,0,0,0,0,0,1,0,0,0,0,0,1,0,0,0,0,0,0,0,0,0,1,0,0,0,0,1,0
5.017279836814924,12.279536839074337,1,1,7,5,1965,1965,0.0,3,3,4,3,4,5,7.1204443723924875,3,6.710523109452428,4.394449154672439,2136.0,3,1,7.619233416226805,0.0,0.0,7.619233416226805,2.0,0.0,2,0,3,1,3,8,8,2,4,1965.0,2,2.0,513.0,3,3,2,0.0,0.0,0.0,0.0,0.0,0,0.0,6,2009,8.336390480591552,4.0,44,44,1,1,1,0,0,0,0,0,1,0,0,0,0,0,0,0,0,0,0,0,0,0,1,0,0,1,0,0,1,0,1,0,0,0,0,0,1,0,0,0,0,0,0,0,0,0,0,0,0,0,0,0,0,0,0,0,0,0,0,0,1,0,0,0,1,0,0,0,0,0,0,0,0,1,0,0,0,0,0,1,0,0,0,0,0,0,1,0,0,0,0,0,0,0,0,1,0,0,1,0,0,0,0,0,0,0,0,0,1,0,0,0,0,0,0,0,0,0,0,0,0,0,0,1,0,0,0,0,0,0,0,0,0,0,0,0,0,0,1,0,0,1,0,0,0,0,0,0,1,0,0,0,0,0,0,0,1,0,1,0,0,0,0,0,0,0,0,0,0,0,0,0,1,0,0,0,0,1,0
4.110873864173311,9.169622538697624,4,3,7,7,1925,1990,0.0,3,3,3,4,1,2,2.833213344056216,1,0.0,6.569481420414296,728.0,5,1,6.725033642166843,6.697034247666484,0.0,7.403670290012373,0.0,1.0,1,1,3,1,5,6,8,1,4,1925.0,1,2.0,546.0,2,3,2,0.0,0.0,5.459585514144159,0.0,0.0,0,0.0,8,2006,7.7706452341291765,2.0,81,16,1,1,1,0,0,0,0,0,0,0,0,0,0,0,1,0,0,0,0,0,0,0,0,1,0,1,0,0,0,1,1,0,0,0,0,0,1,0,0,0,0,0,0,0,0,0,0,0,0,0,0,0,0,0,1,0,0,0,0,0,0,0,0,0,1,0,0,0,0,0,0,0,0,1,0,0,0,0,0,1,0,0,0,0,0,0,0,0,0,1,0,0,0,1,0,0,0,0,1,0,0,0,0,0,0,0,0,0,0,0,0,0,0,0,0,0,0,0,1,0,0,0,0,0,0,0,0,0,0,0,0,0,0,0,1,0,0,0,1,0,1,0,0,0,0,0,0,1,0,0,0,0,0,0,0,0,1,0,0,0,0,0,1,0,0,0,0,0,0,0,0,0,1,0,0,0,0,1,0
4.276666119016055,8.961366060627451,3,3,7,5,2004,2005,0.0,4,3,4,3,1,6,6.054439346269371,1,0.0,5.676753802268282,716.0,5,1,6.57507584059962,6.57507584059962,0.0,7.267525427828172,1.0,0.0,2,1,3,1,4,6,8,1,4,2004.0,3,2.0,432.0,3,3,2,4.61512051684126,3.9512437185814275,0.0,0.0,0.0,0,0.0,7,2009,7.67275789664251,3.5,5,4,1,1,1,0,0,0,0,0,0,0,0,0,0,1,0,0,0,0,0,0,0,0,1,0,0,1,0,0,0,1,1,0,0,0,0,0,1,0,0,0,0,0,0,0,0,1,0,0,0,0,0,0,0,0,0,0,0,0,0,0,0,0,0,0,1,0,0,0,0,0,0,0,0,1,0,0,0,0,0,1,0,0,0,0,0,0,0,0,0,1,0,0,0,1,0,0,0,0,1,0,0,0,0,0,0,0,0,0,0,0,0,0,0,0,0,0,0,1,0,0,0,0,0,0,0,0,0,0,0,0,0,0,0,1,0,0,0,0,1,0,0,0,1,0,0,0,0,1,0,0,0,0,0,0,0,0,1,0,1,0,0,0,0,0,0,0,0,0,0,0,0,0,1,0,0,0,0,1,0
4.553876891600541,9.473166068429098,3,3,7,7,1980,1980,5.631211781821365,4,3,4,3,1,6,6.541029999189903,1,0.0,5.0369526024136295,845.0,3,1,7.050989447068045,7.0909098220799835,0.0,7.763871287820222,1.0,0.0,2,1,4,1,5,10,8,1,3,1983.0,2,2.0,484.0,3,3,2,5.666426688112432,5.278114659230517,0.0,0.0,0.0,0,0.0,8,2009,8.070593539949519,3.5,29,29,1,1,1,0,0,0,0,0,0,0,0,0,0,1,0,0,0,0,0,0,0,0,1,0,0,1,0,0,0,1,1,0,1,0,0,0,0,0,0,0,0,0,0,0,0,0,0,0,0,0,0,1,0,0,0,0,0,0,0,0,0,0,0,0,1,0,0,0,0,0,0,0,0,1,0,0,0,0,0,1,0,0,0,0,0,0,0,0,0,1,0,0,0,1,0,0,0,0,1,0,0,0,0,0,0,0,0,0,0,0,1,0,0,0,0,0,0,0,0,0,0,0,0,0,0,1,0,0,0,0,0,0,0,0,0,0,0,1,0,0,0,1,0,0,0,0,0,1,0,0,0,0,0,0,0,0,1,0,1,0,0,0,0,0,0,0,0,0,0,0,0,0,1,0,0,0,0,1,0
4.330733340286331,9.105090961257085,4,3,8,5,2006,2006,0.0,4,3,4,3,3,1,0.0,1,0.0,6.9930151229329605,1088.0,5,1,6.9930151229329605,6.77078942390898,0.0,7.580699752224563,0.0,0.0,2,1,3,1,4,8,8,1,4,2006.0,2,3.0,1025.0,3,3,2,5.342334251964811,3.8501476017100584,0.0,0.0,0.0,0,0.0,12,2007,8.022240916806537,2.5,1,1,1,1,1,0,0,0,0,0,0,0,0,0,0,1,0,0,0,0,0,0,1,0,0,0,0,1,0,0,0,1,1,0,0,0,0,0,1,0,0,0,0,0,0,0,0,0,0,0,0,0,0,0,0,0,0,0,0,0,1,0,0,0,0,0,1,0,0,0,0,0,0,0,0,1,0,0,0,0,0,1,0,0,0,0,0,0,0,0,0,1,0,0,0,1,0,0,0,0,1,0,0,0,0,0,0,0,0,0,0,0,0,0,0,0,0,0,0,1,0,0,0,0,0,0,0,0,0,0,0,0,0,0,0,1,0,0,0,0,1,0,0,0,1,0,0,0,0,1,0,0,0,0,0,0,0,0,1,0,1,0,0,0,0,0,0,0,0,0,0,0,0,0,1,0,0,0,0,1,0
4.51085950651685,9.200391041122515,4,2,7,5,1993,1993,5.54907608489522,4,3,4,3,4,6,6.895682697747868,1,0.0,5.8888779583328805,1347.0,5,1,7.224753405767971,7.150701457592526,0.0,7.881182202227102,1.0,0.0,2,1,4,1,4,9,8,1,3,1993.0,2,3.0,656.0,3,3,2,5.831882477283517,4.110873864173311,4.976733742420574,0.0,0.0,0,0.0,4,2009,8.29254851397576,3.5,16,16,1,1,1,0,0,0,0,0,0,0,0,0,0,1,0,0,0,0,0,0,0,0,1,0,0,1,0,0,1,0,1,0,0,0,0,0,1,0,0,0,0,0,0,0,0,0,0,0,0,0,0,0,1,0,0,0,0,0,0,0,0,0,0,0,1,0,0,0,0,0,0,0,0,1,0,0,0,0,0,1,0,0,0,0,0,0,0,0,0,1,0,0,0,1,0,0,0,0,1,0,0,0,0,0,0,0,0,0,0,0,0,1,0,0,0,0,0,0,0,0,0,0,0,0,0,0,1,0,0,0,0,0,0,0,0,0,0,1,0,0,0,0,1,0,0,0,0,1,0,0,0,0,0,0,0,0,1,0,1,0,0,0,0,0,0,0,0,0,0,0,0,0,1,0,0,0,0,1,0
4.394449154672439,9.55506418479516,4,3,7,5,1980,1980,5.420534999272286,3,3,4,3,3,6,6.9440872082295275,1,0.0,5.820082930352362,1372.0,3,1,7.29505641646263,0.0,0.0,7.29505641646263,1.0,0.0,2,0,3,1,3,6,8,2,3,1980.0,1,2.0,588.0,3,3,2,5.455321115357702,3.8918202981106265,0.0,0.0,0.0,0,0.0,6,2009,7.953318346560431,3.0,29,29,1,1,1,0,0,0,0,0,0,0,0,0,0,0,0,0,1,0,0,0,0,0,1,0,0,1,0,0,0,1,1,0,0,0,0,0,1,0,0,0,0,0,0,0,0,0,0,0,0,0,0,1,0,0,0,0,0,0,0,0,0,0,0,0,1,0,0,0,0,0,0,0,0,1,0,0,0,0,0,1,0,0,0,0,0,0,0,0,0,0,0,1,0,1,0,0,0,0,1,0,0,0,0,0,0,0,0,0,0,0,0,0,0,0,1,0,0,0,0,0,0,0,0,0,0,0,0,0,0,0,1,0,0,0,0,0,0,1,0,0,0,1,0,0,0,0,0,1,0,0,0,0,0,0,0,0,1,0,1,0,0,0,0,0,0,0,0,0,0,0,0,0,1,0,0,0,0,1,0
4.718498871295094,9.696463383101802,4,3,9,5,2006,2006,5.916202062607435,3,3,5,4,3,1,0.0,1,0.0,7.1308988302963465,1249.0,5,1,7.1308988302963465,7.206377291472252,0.0,7.862112211662748,0.0,0.0,3,1,4,1,4,9,8,0,0,2006.0,2,3.0,840.0,3,3,2,5.484796933490655,5.043425116919247,0.0,0.0,0.0,0,0.0,9,2006,8.254788926148725,3.5,0,0,1,1,0,0,0,0,0,0,0,0,0,0,0,1,0,0,0,0,0,0,0,0,1,0,0,1,0,0,0,1,1,0,1,0,0,0,0,0,0,0,0,0,0,0,0,0,0,0,0,0,0,0,0,1,0,0,0,0,0,0,0,0,0,0,1,0,0,0,0,0,0,0,0,1,0,0,0,0,0,1,0,0,0,0,0,0,0,0,0,1,0,0,0,1,0,0,0,0,1,0,0,0,0,0,0,0,0,0,0,0,0,0,0,0,0,0,0,1,0,0,0,0,0,0,0,0,0,0,0,0,0,0,0,1,0,0,0,0,0,1,0,0,1,0,0,0,0,1,0,0,0,0,0,0,0,0,1,0,1,0,0,0,0,0,0,0,0,0,0,0,1,0,0,0,0,0,0,0,1
4.605170185988092,9.400960731584833,3,3,8,5,2004,2004,5.963579343618446,4,3,5,3,3,6,6.878326468291325,1,0.0,5.117993812416755,1136.0,5,1,7.036148493750536,7.195187320178709,0.0,7.81156848934518,1.0,0.0,2,1,4,1,4,10,8,1,4,2004.0,3,3.0,872.0,3,3,2,5.220355825078324,5.043425116919247,0.0,0.0,0.0,0,0.0,6,2007,8.190077049719049,3.5,3,3,1,1,1,0,0,0,0,0,0,0,0,0,0,1,0,0,0,0,0,0,0,0,1,0,0,1,0,0,0,1,1,0,0,0,0,0,1,0,0,0,0,0,0,0,0,0,0,0,0,0,0,0,0,1,0,0,0,0,0,0,0,0,0,0,1,0,0,0,0,0,0,0,0,1,0,0,0,0,0,1,0,0,0,0,0,0,0,0,0,1,0,0,0,1,0,0,0,0,1,0,0,0,0,0,0,0,0,0,0,0,0,0,0,0,0,0,0,1,0,0,0,0,0,0,0,0,0,0,0,0,0,0,0,1,0,0,0,1,0,0,0,0,1,0,0,0,0,1,0,0,0,0,0,0,0,0,1,0,0,0,1,0,0,0,0,0,0,0,0,0,0,0,1,0,0,0,0,1,0
4.465908118654584,9.247732491193245,3,3,7,5,1986,1987,5.153291594497779,4,3,3,3,4,2,3.367295829986474,5,7.29641326877392,0.0,1502.0,5,1,7.348587530927593,7.071573364211532,0.0,7.912423121473705,1.0,0.0,2,1,4,1,4,8,8,1,3,1987.0,3,2.0,576.0,3,3,2,5.308267697401205,4.574710978503383,0.0,0.0,0.0,0,0.0,8,2007,8.350666240520924,3.5,21,20,1,1,1,0,0,0,0,0,0,0,0,0,0,1,0,0,0,0,0,0,0,0,1,0,0,1,0,0,0,1,1,0,0,0,0,0,1,0,0,0,0,0,0,0,0,0,0,0,0,0,0,0,0,0,0,0,0,1,0,0,0,0,0,0,1,0,0,0,0,0,0,0,0,1,0,0,0,0,0,1,0,0,0,0,0,0,0,0,0,1,0,0,0,1,0,0,0,0,1,0,0,0,0,0,0,0,0,0,0,0,0,0,0,0,1,0,0,0,0,0,0,0,0,0,0,0,0,0,0,0,1,0,0,0,0,0,0,1,0,0,0,1,0,0,0,0,0,1,0,0,0,0,0,0,0,0,1,0,1,0,0,0,0,0,0,0,0,0,0,0,0,0,1,0,0,0,0,1,0
3.912023005428146,8.669227347271736,4,3,3,8,1955,2005,0.0,3,4,3,3,1,5,5.54907608489522,1,0.0,6.810142450115136,1162.0,5,1,7.059617628291383,0.0,0.0,7.059617628291383,1.0,0.0,1,0,3,1,3,6,8,0,0,1955.0,1,1.0,220.0,2,3,2,4.962844630259907,4.59511985013459,0.0,0.0,0.0,0,0.0,7,2006,7.75190533307861,2.0,51,1,1,1,0,0,0,0,0,0,1,0,0,0,0,0,0,0,0,0,0,0,0,0,0,1,0,1,0,0,0,1,1,0,0,0,0,0,1,0,0,0,0,0,0,0,0,0,0,0,0,0,0,0,0,0,1,0,0,0,0,0,0,0,0,0,1,0,0,0,0,0,0,0,0,1,0,0,0,0,0,1,0,0,0,0,0,0,1,0,0,0,0,0,0,1,0,0,0,0,1,0,0,0,0,0,0,0,0,0,0,0,0,0,0,0,0,0,0,1,0,0,0,0,0,0,0,0,0,0,0,0,0,0,0,1,0,0,0,0,1,0,0,1,0,0,0,0,0,1,0,0,0,0,0,0,0,0,1,0,1,0,0,0,0,0,0,0,0,0,0,0,0,0,1,0,0,0,0,1,0
4.574710978503383,9.330431852234003,4,3,7,7,1967,2007,5.707110264748875,4,4,4,3,1,1,0.0,1,0.0,6.566672429803241,710.0,5,1,7.549082710812286,6.985641817639208,0.0,7.999342952713282,0.0,0.0,2,1,5,1,4,11,8,1,4,1961.0,3,2.0,564.0,3,3,2,5.484796933490655,0.0,0.0,0.0,0.0,0,0.0,6,2010,8.213110697596676,2.5,43,3,1,1,1,0,0,0,0,0,0,0,0,0,0,0,0,0,1,0,0,0,0,0,1,0,0,1,0,0,0,1,1,0,1,0,0,0,0,0,0,0,0,0,0,0,0,0,0,0,0,1,0,0,0,0,0,0,0,0,0,0,0,0,0,0,0,0,1,0,0,0,0,0,0,1,0,0,0,0,0,1,0,0,0,0,0,0,0,0,0,0,0,1,0,0,0,0,1,0,0,0,0,0,0,1,0,0,0,0,0,0,0,0,0,0,0,0,0,0,1,0,0,0,0,0,0,0,0,0,0,0,0,0,0,0,1,0,0,1,0,0,0,1,0,0,0,0,0,1,0,0,0,0,0,0,0,0,1,0,0,0,1,0,0,0,0,0,0,0,0,0,0,0,1,0,0,0,0,1,0
3.9318256327243257,8.517393171418904,4,3,5,6,1941,1950,0.0,3,3,3,3,3,4,4.762173934797756,1,0.0,6.405228458030842,720.0,1,0,6.6895992691789665,0.0,0.0,6.6895992691789665,0.0,0.0,1,0,2,1,3,5,8,0,0,1941.0,1,2.0,360.0,3,3,2,0.0,0.0,5.501258210544727,0.0,0.0,0,0.0,12,2007,7.329093736246592,1.0,66,57,1,1,0,0,0,0,0,0,0,0,0,1,0,0,0,0,0,0,0,0,0,0,0,1,0,1,0,0,0,1,1,0,0,0,0,0,1,0,0,0,0,0,0,0,0,0,1,0,0,0,0,0,0,0,0,0,0,0,0,0,0,0,0,0,0,0,0,1,0,0,0,0,0,1,0,0,0,0,0,1,0,0,0,0,0,1,0,0,0,0,0,0,0,1,0,0,0,0,1,0,0,0,0,0,0,0,0,0,0,0,0,0,0,1,0,0,0,0,0,0,0,0,0,0,0,0,0,0,1,0,0,0,0,0,0,0,0,0,1,0,0,1,0,0,0,0,0,1,0,0,0,0,0,1,0,0,0,0,0,0,0,0,1,0,0,0,0,0,0,0,0,0,1,0,0,0,0,1,0
3.4965075614664802,9.291643823040218,3,3,8,5,1993,1993,0.0,4,3,4,3,4,6,7.3901814282264295,1,0.0,4.61512051684126,1719.0,5,1,7.450079569807499,0.0,0.0,7.450079569807499,2.0,0.0,1,1,1,1,4,6,8,2,4,1993.0,3,2.0,473.0,3,3,2,4.812184355372417,3.4339872044851463,0.0,0.0,0.0,0,0.0,5,2008,8.142936010432265,3.5,15,15,1,1,1,1,0,0,0,0,0,0,0,0,0,0,0,0,0,0,0,0,0,0,1,0,0,1,0,0,0,1,1,0,0,1,0,0,0,0,0,0,0,0,0,0,0,0,0,0,0,0,0,0,0,0,0,0,0,0,0,0,0,1,0,0,1,0,0,0,0,0,0,0,0,1,0,0,0,0,0,0,0,0,0,1,0,0,1,0,0,0,0,0,0,1,0,0,0,0,1,0,0,0,0,0,0,0,0,0,1,0,0,0,0,0,0,0,0,0,0,0,0,0,0,1,0,0,0,0,0,0,0,0,0,0,0,0,0,0,1,0,0,0,1,0,0,0,0,1,0,0,0,0,0,0,0,0,1,0,1,0,0,0,0,0,0,0,1,0,0,0,0,0,0,0,0,0,0,1,0
4.394449154672439,9.358846580275406,4,3,6,5,1960,1960,5.170483995038151,3,3,3,3,1,3,6.338594078203183,1,0.0,6.70808408385307,1383.0,3,1,7.232733136177615,0.0,0.0,7.232733136177615,0.0,0.0,1,1,3,1,3,7,8,0,0,1960.0,2,1.0,292.0,3,3,2,0.0,3.828641396489095,0.0,0.0,0.0,0,0.0,4,2006,7.925518979786926,1.5,46,46,1,1,0,0,0,0,0,0,1,0,0,0,0,0,0,0,0,0,0,0,0,0,1,0,0,1,0,0,0,1,1,0,0,0,0,0,1,0,0,0,0,0,0,0,0,0,0,0,0,1,0,0,0,0,0,0,0,0,0,0,0,0,0,0,1,0,0,0,0,0,0,0,0,1,0,0,0,0,0,1,0,0,0,0,0,0,1,0,0,0,0,0,0,0,0,1,0,0,1,0,0,0,0,0,0,0,0,0,0,0,0,0,0,0,0,0,0,0,1,0,0,0,0,0,0,0,0,0,0,0,0,0,0,0,1,0,0,1,0,0,0,1,0,0,0,0,0,1,0,0,0,0,0,0,0,0,1,0,1,0,0,0,0,0,0,0,0,0,0,0,0,0,1,0,0,0,0,1,0
3.970291913552122,9.383368881858544,3,3,6,6,1916,1994,0.0,3,3,3,3,1,1,0.0,1,0.0,6.739336627357174,844.0,4,0,7.27655640271871,6.536691597591305,0.0,7.666221925662725,0.0,0.0,2,0,5,1,4,10,8,0,0,1930.0,1,2.0,441.0,3,3,2,0.0,4.110873864173311,5.594711379601839,0.0,0.0,0,0.0,7,2009,7.999342952713282,2.0,93,15,1,1,0,0,0,0,0,0,0,0,0,0,0,0,0,1,0,0,0,0,0,0,1,0,0,1,1,0,0,0,1,0,0,0,0,0,1,0,0,0,1,0,0,0,0,0,0,0,0,0,0,0,0,0,0,0,0,0,0,0,0,0,0,0,0,0,1,0,0,0,0,0,0,1,0,0,0,0,0,1,0,0,0,0,0,0,0,0,1,0,0,0,0,1,0,0,0,0,1,0,0,0,0,0,0,0,0,0,0,0,0,0,0,0,0,0,0,0,1,0,0,0,0,0,0,0,0,0,0,0,0,0,0,0,0,1,0,0,1,0,1,0,0,0,0,0,0,1,0,0,0,0,1,0,0,0,0,0,0,0,0,0,1,0,0,0,0,0,0,0,0,0,1,0,0,0,0,1,0
4.110873864173311,8.764521909518802,4,3,5,5,1920,1950,0.0,3,3,3,3,2,1,0.0,1,0.0,6.391917113392602,596.0,3,0,6.391917113392602,6.391917113392602,0.0,7.084226422097916,0.0,0.0,1,0,3,1,3,6,8,0,0,1920.0,1,1.0,189.0,2,2,0,0.0,0.0,4.927253685157205,0.0,0.0,0,0.0,7,2009,7.489412083508719,1.0,89,59,1,1,0,0,0,0,0,0,0,0,0,0,0,0,1,0,0,0,0,0,0,0,0,1,0,1,0,0,0,1,1,0,1,0,0,0,0,0,0,0,0,0,0,0,0,0,1,0,0,0,0,0,0,0,0,0,0,0,0,0,0,0,0,0,1,0,0,0,0,0,0,0,0,1,0,0,0,0,0,1,0,0,0,0,0,0,0,0,0,1,0,0,0,1,0,0,0,0,1,0,0,0,0,0,0,0,0,0,0,0,0,0,0,0,0,0,0,0,1,0,0,0,0,0,0,0,0,0,0,0,0,0,0,0,0,1,0,0,1,0,0,0,1,0,0,0,0,1,0,0,0,0,0,0,0,0,1,0,0,0,0,0,1,0,0,0,0,0,0,0,0,0,1,0,0,0,0,1,0
4.30406509320417,9.270964993792617,3,3,5,4,1964,1964,4.442651256490317,3,3,3,3,1,6,3.713572066704308,3,5.579729825986222,7.261927092702751,1728.0,3,1,7.455298485683291,0.0,0.0,7.455298485683291,0.0,1.0,2,0,6,2,3,10,8,0,0,2002.0,1,1.0,352.0,3,3,2,5.049856007249537,0.0,0.0,0.0,0.0,0,0.0,11,2007,8.148156439921625,2.5,43,43,1,1,0,0,0,0,0,0,0,0,0,0,0,0,0,0,0,0,1,0,0,0,1,0,0,1,0,0,0,1,1,0,0,0,0,0,1,0,0,0,0,0,0,0,0,0,0,0,0,1,0,0,0,0,0,0,0,0,0,0,0,0,0,0,1,0,0,0,0,0,0,0,0,1,0,0,0,0,0,0,0,1,0,0,0,0,1,0,0,0,0,0,0,1,0,0,0,0,1,0,0,0,0,0,0,0,0,0,0,0,0,1,0,0,0,0,0,0,0,0,0,0,0,0,0,0,1,0,0,0,0,0,0,0,0,0,0,1,0,0,0,1,0,0,0,0,0,1,0,0,0,0,0,0,0,0,1,0,0,0,0,0,1,0,0,0,0,0,0,0,0,0,1,0,0,0,0,1,0
4.2626798770413155,9.009080614161977,4,3,5,6,1958,1992,0.0,3,3,3,3,1,3,6.741700694652055,1,0.0,5.351858133476067,1056.0,2,1,6.963189985870238,0.0,0.0,6.963189985870238,1.0,0.0,1,0,3,1,3,6,8,0,0,1958.0,2,1.0,308.0,3,3,2,0.0,0.0,0.0,0.0,0.0,0,0.0,8,2007,7.655864017616056,2.0,49,15,1,1,0,0,0,0,0,0,1,0,0,0,0,0,0,0,0,0,0,0,0,0,1,0,0,1,0,0,0,1,1,0,0,0,0,0,1,0,0,0,0,0,0,0,0,0,0,0,0,1,0,0,0,0,0,0,0,0,0,0,0,0,0,0,1,0,0,0,0,0,0,0,0,1,0,0,0,0,0,1,0,0,0,0,0,0,1,0,0,0,0,0,0,1,0,0,0,0,1,0,0,0,0,0,0,0,0,0,0,0,0,0,0,0,0,0,0,0,1,0,0,0,0,0,0,0,0,0,0,0,0,0,0,0,1,0,0,0,1,0,0,1,0,0,0,0,0,1,0,0,0,0,0,0,0,0,1,0,1,0,0,0,0,0,0,0,0,0,0,0,0,0,1,0,0,0,0,1,0
4.454347296253507,9.273878392780171,3,3,8,5,2003,2004,5.6937321388027,4,3,4,3,1,6,7.025538314638521,0,6.173786103901937,7.38025578842646,3206.0,5,1,7.396335293800808,0.0,0.0,7.396335293800808,1.0,0.0,2,0,3,1,4,7,8,1,4,2003.0,2,3.0,880.0,3,3,2,0.0,0.0,0.0,0.0,0.0,0,0.0,10,2009,8.483843211734683,3.0,6,5,1,1,1,0,0,0,0,0,1,0,0,0,0,0,0,0,0,0,0,0,0,0,1,0,0,1,0,0,0,1,1,0,0,0,0,0,1,0,0,0,0,0,0,0,0,0,0,0,0,0,0,0,0,1,0,0,0,0,0,0,0,0,0,0,1,0,0,0,0,0,0,0,0,1,0,0,0,0,0,1,0,0,0,0,0,0,1,0,0,0,0,0,0,1,0,0,0,0,1,0,0,0,0,0,0,0,0,0,0,0,0,0,0,0,0,0,0,1,0,0,0,0,0,0,0,0,0,0,0,0,0,0,0,1,0,0,0,1,0,0,0,0,1,0,0,0,0,1,0,0,0,0,0,0,0,0,1,0,1,0,0,0,0,0,0,0,0,0,0,0,0,0,1,0,0,0,0,1,0
4.0943445622221,9.011767474596178,4,3,7,5,2004,2004,4.990432586778736,4,3,4,3,3,6,6.580639137284949,1,0.0,6.459904454377535,1358.0,5,1,7.214504414151143,0.0,0.0,7.214504414151143,1.0,0.0,2,0,2,1,4,6,8,1,4,2004.0,2,2.0,484.0,3,3,2,5.262690188904886,3.4339872044851463,0.0,0.0,0.0,0,0.0,7,2008,7.907283609426348,3.0,4,4,1,1,1,1,0,0,0,0,0,0,0,0,0,0,0,0,0,0,0,0,0,0,0,1,0,1,0,0,0,1,1,0,0,0,0,1,0,0,0,0,0,0,0,0,0,0,0,0,0,0,0,0,0,1,0,0,0,0,0,0,0,0,0,0,1,0,0,0,0,0,0,0,0,1,0,0,0,0,0,0,0,0,0,1,0,0,1,0,0,0,0,0,0,1,0,0,0,0,1,0,0,0,0,0,0,0,0,0,0,0,0,0,0,0,0,0,0,1,0,0,0,0,0,0,0,0,0,0,0,0,0,0,0,1,0,0,0,0,0,1,0,0,1,0,0,0,0,1,0,0,0,0,0,0,0,0,1,0,1,0,0,0,0,0,0,0,0,0,0,0,0,0,1,0,0,0,0,1,0
4.0943445622221,9.10974625674048,3,3,6,5,1998,1998,0.0,3,3,4,3,4,6,6.720220155135295,1,0.0,4.7535901911063645,943.0,4,1,6.8501261661455,6.54534966033442,0.0,7.40184157874383,1.0,0.0,2,1,3,1,3,7,8,2,3,1998.0,3,2.0,472.0,3,3,2,4.61512051684126,3.6635616461296463,0.0,0.0,0.0,0,0.0,7,2008,7.856319571406588,3.5,10,10,1,1,1,0,0,0,0,0,0,0,0,0,0,1,0,0,0,0,0,0,0,0,1,0,0,1,0,0,0,1,1,0,0,0,0,0,1,0,0,0,0,0,0,0,0,1,0,0,0,0,0,0,0,0,0,0,0,0,0,0,0,0,0,0,1,0,0,0,0,0,0,0,0,1,0,0,0,0,0,1,0,0,0,0,0,0,0,0,0,1,0,0,0,1,0,0,0,0,1,0,0,0,0,0,0,0,0,0,0,0,0,0,0,0,0,0,0,1,0,0,0,0,0,0,0,0,0,0,0,0,0,0,0,1,0,0,0,0,1,0,0,0,1,0,0,0,0,1,0,0,0,0,0,0,0,0,1,0,1,0,0,0,0,0,0,0,0,0,0,0,0,0,1,0,0,0,0,1,0
4.454347296253507,12.011644093954345,3,1,5,6,1965,1965,0.0,3,3,3,3,4,5,7.1308988302963465,4,4.997212273764115,4.6443908991413725,1499.0,5,1,7.3901814282264295,5.123963979403259,0.0,7.488293515159428,2.0,0.0,2,0,3,1,3,7,8,2,4,1965.0,3,2.0,529.0,3,3,2,6.508769136971682,0.0,0.0,0.0,0.0,0,6.55250788703459,8,2008,8.097426298597213,4.0,43,43,1,1,1,0,0,0,0,1,0,0,0,0,0,0,0,0,0,0,0,0,0,0,1,0,1,0,0,1,0,0,1,0,1,0,0,0,0,0,0,0,0,0,0,0,0,0,0,0,0,0,0,0,0,0,0,0,0,0,0,0,1,0,0,0,1,0,0,0,0,0,0,0,0,1,0,0,0,0,0,0,1,0,0,0,1,0,0,0,0,0,0,0,0,1,0,0,0,0,1,0,0,0,0,0,0,0,0,0,0,0,0,0,0,0,1,0,0,0,0,0,0,0,0,0,0,0,0,0,0,0,1,0,0,0,0,0,0,0,1,0,0,1,0,0,0,0,0,1,0,0,0,0,0,0,0,0,1,0,1,0,0,0,0,0,0,0,0,0,0,0,0,0,1,0,0,0,0,1,0
4.465908118654584,9.558035114334135,3,3,9,5,2005,2006,5.303304908059076,4,3,5,3,4,6,7.1308988302963465,1,0.0,6.513230110912307,1922.0,5,1,7.56164174558878,0.0,0.0,7.56164174558878,1.0,0.0,2,0,3,1,4,8,8,1,4,2005.0,3,3.0,676.0,3,3,2,5.187385805840755,3.9512437185814275,0.0,0.0,0.0,0,0.0,7,2007,8.254528881939745,3.0,2,1,1,1,1,0,0,0,0,0,1,0,0,0,0,0,0,0,0,0,0,0,0,0,1,0,0,1,0,1,0,0,1,0,1,0,0,0,0,0,0,0,0,0,0,0,0,0,0,0,0,0,0,0,0,0,0,0,0,0,0,1,0,0,0,0,1,0,0,0,0,0,0,0,0,1,0,0,0,0,0,1,0,0,0,0,0,0,1,0,0,0,0,0,0,0,0,1,0,0,1,0,0,0,0,0,0,0,0,0,0,0,0,0,0,0,0,0,0,1,0,0,0,0,0,0,0,0,0,0,0,0,0,0,0,1,0,0,0,0,0,1,0,0,1,0,0,0,0,1,0,0,0,0,0,0,0,0,1,0,1,0,0,0,0,0,0,0,0,0,0,0,0,0,1,0,0,0,0,1,0
4.2626798770413155,9.119977931895791,4,3,7,5,2002,2003,4.736198448394496,4,3,4,3,3,6,6.698268054115413,1,0.0,6.588926477533519,1536.0,5,1,7.337587743538596,0.0,0.0,7.337587743538596,1.0,0.0,2,0,3,1,4,7,8,0,0,2002.0,2,2.0,532.0,3,3,2,5.262690188904886,4.31748811353631,0.0,0.0,0.0,0,0.0,12,2008,8.030409562130485,3.0,6,5,1,1,0,0,0,0,0,0,1,0,0,0,0,0,0,0,0,0,0,0,0,0,1,0,0,1,0,0,0,1,1,0,0,0,0,0,1,0,0,0,0,0,1,0,0,0,0,0,0,0,0,0,0,0,0,0,0,0,0,0,0,0,0,0,1,0,0,0,0,0,0,0,0,1,0,0,0,0,0,1,0,0,0,0,0,0,1,0,0,0,0,0,0,1,0,0,0,0,1,0,0,0,0,0,0,0,0,0,0,0,0,0,0,0,0,0,0,1,0,0,0,0,0,0,0,0,0,0,0,0,0,0,0,1,0,0,0,1,0,0,0,0,1,0,0,0,0,1,0,0,0,0,0,0,0,0,1,0,1,0,0,0,0,0,0,0,0,0,0,0,0,0,1,0,0,0,0,1,0
4.5217885770490405,9.557187177595935,4,3,7,7,1984,1998,0.0,4,3,4,3,2,5,5.365976015021851,1,0.0,6.903747257584598,1208.0,5,1,7.3914152346753585,0.0,0.0,7.3914152346753585,1.0,0.0,2,0,3,1,4,8,8,0,0,1984.0,2,2.0,440.0,3,3,2,4.6913478822291435,3.828641396489095,0.0,0.0,0.0,0,5.993961427306569,5,2006,7.948031990637284,3.0,22,8,1,1,0,0,0,0,0,0,1,0,0,0,0,0,0,0,0,0,0,0,0,0,1,0,0,1,0,0,0,1,1,0,1,0,0,0,0,0,0,0,0,0,0,0,0,0,0,0,0,0,0,1,0,0,0,0,0,0,0,0,0,0,0,0,1,0,0,0,0,0,0,0,0,1,0,0,0,0,0,1,0,0,0,0,0,0,1,0,0,0,0,0,0,1,0,0,0,0,1,0,0,0,0,0,0,0,0,0,0,0,0,0,0,0,0,0,0,0,1,0,0,0,0,0,0,0,0,0,0,0,0,0,0,0,1,0,0,0,1,0,0,1,0,0,0,0,0,1,0,0,0,0,0,0,0,0,1,0,1,0,0,0,0,0,0,0,0,0,0,0,0,0,1,0,0,0,0,1,0
4.204692619390966,9.425532393502772,3,3,6,7,1958,1998,5.176149732573829,3,3,3,2,1,3,6.373319789577012,1,0.0,6.447305862541213,1215.0,3,1,7.103322062526113,0.0,0.0,7.103322062526113,0.0,0.0,1,0,3,1,3,6,8,0,0,1958.0,1,1.0,297.0,3,3,2,0.0,0.0,0.0,0.0,5.459585514144159,0,0.0,6,2009,7.796057974316123,1.0,51,11,1,1,0,0,0,0,0,0,1,0,0,0,0,0,0,0,0,0,0,0,0,0,1,0,0,1,0,0,0,1,1,0,0,0,0,0,1,0,0,0,0,0,0,0,0,0,0,0,0,1,0,0,0,0,0,0,0,0,0,0,0,0,0,1,0,0,0,0,0,0,0,0,0,1,0,0,0,0,0,1,0,0,0,0,0,0,1,0,0,0,0,0,0,0,0,1,0,0,1,0,0,0,0,0,0,0,0,0,0,0,0,0,0,0,0,0,0,0,1,0,0,0,0,0,0,0,0,0,0,0,0,0,0,0,1,0,0,1,0,0,0,1,0,0,0,0,0,1,0,0,0,0,1,0,0,0,0,0,1,0,0,0,0,0,0,0,0,0,0,0,0,0,1,0,0,0,0,1,0
4.454347296253507,9.56043370454936,4,3,8,5,2002,2002,0.0,4,3,4,3,1,1,0.0,1,0.0,6.875232087276577,967.0,5,1,6.901737206656574,6.82001636467413,0.0,7.554334823725748,0.0,0.0,2,1,4,1,4,9,8,0,0,2002.0,3,2.0,431.0,3,3,2,4.912654885736052,0.0,0.0,0.0,0.0,0,0.0,4,2010,7.964155718840937,2.5,8,8,1,1,0,0,0,0,0,0,0,0,0,0,0,1,0,0,0,0,0,0,0,0,1,0,0,1,0,0,0,1,1,0,0,0,0,0,1,0,0,0,0,0,0,0,0,0,0,0,0,0,0,0,0,0,0,0,0,0,0,0,1,0,0,0,1,0,0,0,0,0,0,0,0,1,0,0,0,0,0,1,0,0,0,0,0,0,0,0,0,1,0,0,0,1,0,0,0,0,1,0,0,0,0,0,0,0,0,0,0,0,0,0,0,0,0,0,0,1,0,0,0,0,0,0,0,0,0,0,0,0,0,0,0,1,0,0,0,0,1,0,0,0,1,0,0,0,0,1,0,0,0,0,0,0,0,0,1,0,1,0,0,0,0,0,0,0,0,0,0,0,0,0,1,0,0,0,0,1,0
4.110873864173311,9.036106025364846,4,3,4,4,1950,1950,0.0,2,2,3,2,1,1,0.0,1,0.0,6.582025138892826,721.0,4,1,6.7357800142423265,0.0,0.0,6.7357800142423265,0.0,0.0,1,0,2,1,3,4,8,0,0,1950.0,1,1.0,294.0,3,3,0,5.5254529391317835,0.0,3.2188758248682006,0.0,0.0,0,0.0,9,2009,7.354362330421477,1.0,59,59,1,1,0,0,0,0,0,0,1,0,0,0,0,0,0,0,0,0,0,0,0,1,0,0,0,1,0,0,0,1,1,0,0,0,0,0,1,0,0,0,0,0,0,0,0,0,0,0,0,0,0,0,0,0,0,0,0,1,0,0,0,0,0,1,0,0,0,0,0,0,0,0,0,1,0,0,0,0,0,1,0,0,0,0,0,0,1,0,0,0,0,0,0,1,0,0,0,0,1,0,0,0,0,0,0,0,0,0,0,0,0,0,0,0,0,0,0,0,1,0,1,0,0,0,0,0,0,0,0,0,0,0,0,0,0,0,0,0,1,0,0,1,0,0,0,0,0,1,0,0,0,0,0,0,0,0,1,0,0,0,0,1,0,0,0,0,0,0,0,0,0,0,1,0,0,0,0,1,0
4.30406509320417,9.053101595549691,4,3,3,4,1949,1950,5.831882477283517,3,3,0,0,0,0,0.0,0,0.0,0.0,0.0,2,0,6.947937068614969,0.0,0.0,6.947937068614969,0.0,0.0,2,0,2,2,3,6,8,0,0,1949.0,1,2.0,400.0,3,3,2,0.0,0.0,0.0,0.0,0.0,0,0.0,5,2006,6.947937068614969,2.0,57,56,1,0,0,0,0,0,0,0,0,0,0,0,0,0,0,0,0,0,1,0,0,0,1,0,0,1,0,0,0,1,1,0,0,0,0,0,1,0,0,0,0,0,0,0,0,0,0,0,0,1,0,0,0,0,0,0,0,0,0,0,0,0,0,0,1,0,0,0,0,0,0,0,0,1,0,0,0,0,0,0,0,1,0,0,0,0,1,0,0,0,0,0,0,1,0,0,0,0,1,0,0,0,0,0,0,0,0,0,0,0,0,0,0,0,0,0,1,0,0,0,0,0,0,0,0,0,0,0,0,0,0,0,1,0,0,0,0,1,0,0,0,0,0,1,0,0,0,0,0,0,0,1,1,0,0,0,0,0,0,0,0,0,1,0,0,0,0,0,0,0,0,0,1,0,0,0,0,1,0
4.1588830833596715,9.088172738001974,3,3,9,5,2005,2005,6.424869023905388,5,3,5,3,1,6,3.367295829986474,1,0.0,7.4127640174265625,1684.0,5,1,7.429520842786462,0.0,0.0,7.429520842786462,0.0,0.0,2,0,2,1,5,6,8,1,5,2005.0,2,2.0,564.0,3,3,2,6.206575926724928,4.290459441148391,0.0,0.0,0.0,0,0.0,7,2008,8.122371243406553,2.0,3,3,1,1,1,1,0,0,0,0,0,0,0,0,0,0,0,0,0,0,0,0,0,0,1,0,0,1,0,0,0,1,1,0,0,0,0,0,1,0,0,0,0,0,0,0,0,0,0,0,0,0,0,0,0,1,0,0,0,0,0,0,0,0,0,0,1,0,0,0,0,0,0,0,0,1,0,0,0,0,0,0,0,0,0,1,0,0,1,0,0,0,0,0,0,0,0,1,0,0,1,0,0,0,0,0,0,0,0,0,0,0,0,0,0,1,0,0,0,0,0,0,0,0,0,0,0,0,0,0,1,0,0,0,0,0,0,0,0,1,0,0,0,0,1,0,0,0,0,1,0,0,0,0,0,0,0,0,1,0,1,0,0,0,0,0,0,0,0,0,0,0,0,0,1,0,0,0,0,1,0
3.6109179126442243,7.860570785538664,4,3,5,3,1976,1976,0.0,3,3,4,3,1,3,4.867534450455582,4,5.4510384535657,5.170483995038151,536.0,3,1,6.285998094508865,6.3578422665081,0.0,7.014814351275545,0.0,0.0,1,1,3,1,3,4,8,0,0,1976.0,1,1.0,336.0,3,3,2,5.209486152841421,0.0,0.0,0.0,0.0,0,0.0,4,2010,7.407924322559599,1.5,34,34,1,1,0,0,0,1,0,0,0,0,0,0,0,0,0,0,0,0,0,0,0,0,0,1,0,1,0,0,0,1,1,0,0,0,0,0,1,0,0,0,0,0,0,0,0,0,0,1,0,0,0,0,0,0,0,0,0,0,0,0,0,0,0,0,1,0,0,0,0,0,0,0,0,1,0,0,0,0,0,0,0,0,0,1,0,0,0,0,0,1,0,0,0,1,0,0,0,0,1,0,0,0,0,0,0,0,0,0,0,0,1,0,0,0,0,0,0,0,0,0,0,0,0,0,0,1,0,0,0,0,0,0,0,0,0,0,0,0,1,0,0,1,0,0,0,0,0,1,0,0,0,0,0,0,0,0,1,0,1,0,0,0,0,0,0,0,0,0,0,0,0,0,1,0,0,0,0,1,0
4.189654742026425,8.769662508112274,4,3,6,5,1939,1950,0.0,3,3,3,3,1,1,0.0,1,0.0,6.880384082186005,972.0,4,1,6.880384082186005,6.406879986069314,0.0,7.363913501405819,0.0,0.0,1,0,3,1,2,6,8,1,4,1939.0,1,1.0,312.0,3,3,2,0.0,0.0,0.0,0.0,0.0,0,0.0,10,2006,7.843848638152472,1.0,67,56,1,1,1,0,0,0,0,0,0,0,0,0,1,0,0,0,0,0,0,0,0,0,1,0,0,1,0,0,0,1,1,0,0,0,0,0,1,0,0,0,1,0,0,0,0,0,0,0,0,0,0,0,0,0,0,0,0,0,0,0,0,0,0,0,0,0,0,0,1,0,0,0,0,1,0,0,0,0,0,1,0,0,0,0,1,0,0,0,0,0,0,0,0,1,0,0,0,0,1,0,0,0,0,0,0,0,0,0,0,0,0,0,0,1,0,0,0,0,0,0,0,0,0,0,0,0,0,0,1,0,0,0,0,0,0,0,0,0,1,0,1,0,0,0,0,0,0,1,0,0,0,0,0,0,0,0,1,0,0,0,0,0,1,0,0,0,0,0,0,0,0,0,1,0,0,0,0,1,0
4.30406509320417,9.455088847042777,3,3,6,8,1960,1998,0.0,3,4,3,3,2,4,6.212606095751519,1,0.0,6.133398042996649,958.0,3,1,6.8658910748834385,0.0,0.0,6.8658910748834385,0.0,0.0,1,0,2,1,3,5,8,0,0,1960.0,2,1.0,301.0,3,3,2,0.0,0.0,0.0,0.0,0.0,0,9.648659816955295,4,2007,7.558516743045645,1.0,47,9,1,1,0,0,0,0,0,0,1,0,0,0,0,0,0,0,0,0,0,0,0,0,1,0,0,1,0,0,0,1,1,0,0,1,0,0,0,0,0,0,0,0,0,0,0,0,0,0,0,1,0,0,0,0,0,0,0,0,0,0,0,0,0,0,1,0,0,0,0,0,0,0,0,1,0,0,0,0,0,1,0,0,0,0,0,0,1,0,0,0,0,0,0,0,0,1,0,0,1,0,0,0,0,0,0,0,0,0,0,0,0,0,0,1,0,0,0,0,0,0,0,0,0,0,0,0,0,0,1,0,0,0,0,0,0,0,0,0,1,0,0,1,0,0,0,0,0,1,0,0,0,0,0,0,0,0,1,0,1,0,0,0,0,0,0,0,0,0,0,0,0,0,1,0,0,0,0,1,0
4.30406509320417,9.77571099759397,3,3,6,5,1960,1960,3.4339872044851463,3,3,3,3,1,4,7.147559271189454,1,0.0,5.342334251964811,1478.0,5,1,7.2991214627108,0.0,0.0,7.2991214627108,1.0,0.0,2,0,3,1,3,6,8,2,4,1960.0,1,2.0,498.0,3,3,2,0.0,3.713572066704308,0.0,0.0,0.0,0,0.0,12,2009,7.9919305198524775,3.0,49,49,1,1,1,0,0,0,0,0,1,0,0,0,0,0,0,0,0,0,0,0,0,0,1,0,0,1,0,0,0,1,1,0,0,0,0,0,1,0,0,0,0,0,0,0,0,0,0,0,0,1,0,0,0,0,0,0,0,0,0,0,0,0,0,0,1,0,0,0,0,0,0,0,0,1,0,0,0,0,0,1,0,0,0,0,0,0,1,0,0,0,0,0,0,1,0,0,0,0,1,0,0,0,0,0,0,0,0,0,0,0,0,0,0,0,0,0,0,0,1,0,0,0,0,0,0,0,0,0,0,0,0,0,0,0,1,0,0,1,0,0,0,1,0,0,0,0,0,1,0,0,0,0,1,0,0,0,0,0,1,0,0,0,0,0,0,0,0,0,0,0,0,0,1,0,0,0,0,1,0
3.6109179126442243,7.803435056952168,4,3,7,5,2003,2004,4.672828834461906,4,3,4,3,1,6,6.352629396319567,1,0.0,5.2574953720277815,764.0,5,1,6.639875833826536,6.760414691083428,0.0,7.394493107219038,1.0,0.0,2,1,2,1,4,6,8,0,0,2003.0,2,2.0,474.0,3,3,2,0.0,3.332204510175204,0.0,0.0,0.0,0,0.0,10,2008,7.779466967458324,3.5,5,4,1,1,0,0,0,1,0,0,0,0,0,0,0,0,0,0,0,0,0,0,0,0,1,0,0,1,0,0,0,1,1,0,0,0,0,0,1,0,0,0,0,0,0,0,0,0,0,0,0,0,0,0,0,1,0,0,0,0,0,0,0,0,0,0,1,0,0,0,0,0,0,0,0,1,0,0,0,0,0,0,0,0,1,0,0,0,0,0,0,1,0,0,0,1,0,0,0,0,1,0,0,0,0,0,0,0,0,0,0,0,0,0,0,0,0,0,0,1,0,0,0,0,0,0,0,0,0,0,0,0,0,0,0,0,0,1,0,0,0,1,0,0,1,0,0,0,0,1,0,0,0,0,0,0,0,0,1,0,0,0,1,0,0,0,0,0,0,0,0,0,0,0,1,0,0,0,0,1,0
4.04305126783455,9.92485757827232,2,3,9,5,2005,2006,6.769641976852503,5,3,5,3,1,6,7.252053951852814,1,0.0,6.0844994130751715,1848.0,5,1,7.522400231387125,6.78105762593618,0.0,7.911690520708339,1.0,0.0,2,1,4,1,5,10,8,2,5,2006.0,3,3.0,706.0,3,3,2,0.0,0.0,0.0,0.0,0.0,0,0.0,4,2006,8.428799040653642,3.5,1,0,1,1,1,0,0,0,0,0,0,0,0,0,0,1,0,0,0,0,0,0,0,0,1,0,0,1,0,0,0,1,1,0,0,0,0,0,1,0,0,0,0,0,0,0,0,0,0,0,0,0,0,0,0,1,0,0,0,0,0,0,0,0,0,0,1,0,0,0,0,0,0,0,0,1,0,0,0,0,0,1,0,0,0,0,0,0,0,0,0,1,0,0,0,0,0,1,0,0,1,0,0,0,0,0,0,0,0,0,0,0,1,0,0,0,0,0,0,0,0,0,0,0,0,0,0,1,0,0,0,0,0,0,0,0,0,0,0,1,0,0,0,0,1,0,0,0,0,1,0,0,0,0,0,0,0,0,1,0,1,0,0,0,0,0,0,0,0,0,0,0,1,0,0,0,0,0,0,0,1
4.23410650459726,8.964567702601611,3,3,9,5,2007,2007,5.8944028342648505,5,3,5,3,1,1,0.0,1,0.0,7.533693709848633,1869.0,5,1,7.533693709848633,0.0,0.0,7.533693709848633,0.0,0.0,2,0,2,1,5,6,8,1,4,2007.0,2,2.0,617.0,3,3,2,5.351858133476067,4.007333185232471,0.0,0.0,0.0,0,0.0,12,2007,8.226573474977114,2.0,0,0,1,1,1,1,0,0,0,0,0,0,0,0,0,0,0,0,0,0,0,0,0,0,1,0,0,1,0,0,0,1,1,0,0,0,0,0,1,0,0,0,0,0,0,0,0,0,0,0,0,0,0,0,0,1,0,0,0,0,0,0,0,0,0,0,1,0,0,0,0,0,0,0,0,1,0,0,0,0,0,0,0,0,0,1,0,0,1,0,0,0,0,0,0,0,0,1,0,0,1,0,0,0,0,0,0,0,0,0,0,0,0,0,0,1,0,0,0,0,0,0,0,0,0,0,0,0,0,0,1,0,0,0,0,0,0,0,0,1,0,0,0,0,1,0,0,0,0,1,0,0,0,0,0,0,0,0,1,0,1,0,0,0,0,0,0,0,0,0,0,0,1,0,0,0,0,0,0,0,1
4.394449154672439,8.570165076182343,3,2,7,5,1986,1986,0.0,3,3,4,3,4,6,6.9874902470009905,1,0.0,5.918893854273146,1453.0,4,1,7.282073658093465,0.0,0.0,7.282073658093465,1.0,0.0,1,1,2,1,4,6,8,1,3,1986.0,2,2.0,445.0,3,3,2,0.0,4.394449154672439,0.0,0.0,5.220355825078324,0,0.0,12,2006,7.9748769005588755,2.5,20,20,1,1,1,1,0,0,0,0,0,0,0,0,0,0,0,0,0,0,0,0,0,0,1,0,0,1,0,0,1,0,1,0,0,0,0,0,1,0,0,0,0,1,0,0,0,0,0,0,0,0,0,0,0,0,0,0,0,0,0,0,0,0,0,0,1,0,0,0,0,0,0,0,0,1,0,0,0,0,0,1,0,0,0,0,0,0,1,0,0,0,0,0,0,1,0,0,0,0,1,0,0,0,0,0,0,0,0,0,0,0,0,0,0,0,0,0,0,0,1,0,0,0,0,0,0,0,0,0,0,0,0,0,0,0,1,0,0,0,1,0,0,0,1,0,0,0,0,1,0,0,0,0,0,0,0,0,1,0,1,0,0,0,0,0,0,0,0,0,0,0,0,0,1,1,0,0,0,0,0
4.110873864173311,9.114379980830272,4,3,5,6,1941,1950,0.0,3,3,3,2,2,2,5.4680601411351315,3,5.942799375126701,0.0,616.0,3,0,6.424869023905388,6.206575926724928,0.0,7.013915474810528,0.0,1.0,1,0,3,1,3,5,8,0,0,1941.0,1,1.0,200.0,3,2,2,3.8918202981106265,0.0,0.0,0.0,0.0,0,0.0,3,2008,7.454719949364001,1.5,67,58,1,1,0,0,0,0,0,0,0,0,0,0,1,0,0,0,0,0,0,0,0,0,1,0,0,1,0,0,0,1,1,0,0,0,0,0,1,0,0,0,0,0,0,0,1,0,0,0,0,0,0,0,0,0,0,0,0,0,0,0,0,0,1,0,0,0,0,0,0,0,0,0,0,1,0,0,0,0,0,1,0,0,0,0,1,0,0,0,0,0,0,0,0,1,0,0,0,0,1,0,0,0,0,0,0,0,0,0,0,0,0,0,0,0,0,0,0,1,0,0,0,0,0,0,0,0,0,0,0,0,0,0,0,1,0,0,0,0,1,0,0,1,0,0,0,0,0,1,0,0,0,0,0,0,0,0,1,0,0,0,0,0,1,0,0,0,0,0,0,1,0,0,0,0,0,0,0,1,0
4.110873864173311,9.050288983827956,4,3,6,8,1928,2003,0.0,3,4,3,3,1,1,0.0,1,0.0,6.437751649736401,624.0,4,1,6.580639137284949,0.0,0.0,6.580639137284949,0.0,0.0,1,0,2,1,3,5,8,0,0,2005.0,1,2.0,484.0,3,3,2,4.672828834461906,0.0,0.0,0.0,0.0,0,0.0,5,2010,7.20414929203594,1.0,82,7,1,1,0,0,0,0,0,0,0,1,0,0,0,0,0,0,0,0,0,0,0,0,0,1,0,1,0,0,0,1,1,0,0,0,0,0,1,0,0,0,0,0,0,0,0,0,0,0,0,0,0,0,0,0,1,0,0,0,0,0,0,0,0,0,1,0,0,0,0,0,0,0,0,1,0,0,0,0,0,1,0,0,0,0,0,0,1,0,0,0,0,0,0,1,0,0,0,0,1,0,0,0,0,0,0,0,0,0,0,0,0,0,0,0,0,0,0,1,0,0,0,0,0,0,0,0,0,0,0,0,0,0,0,1,0,0,0,0,1,0,1,0,0,0,0,0,0,1,0,0,0,0,0,0,0,0,1,0,0,0,0,0,1,0,0,0,0,0,0,0,0,0,1,0,0,0,0,1,0
4.110873864173311,9.036106025364846,4,3,6,5,1940,2000,0.0,3,3,3,3,1,2,5.963579343618446,1,0.0,6.315358001522335,940.0,5,1,7.084226422097916,6.0014148779611505,0.0,7.3752557780097545,0.0,0.0,1,0,2,1,3,6,8,2,4,1940.0,1,1.0,240.0,3,3,2,0.0,0.0,4.6913478822291435,0.0,0.0,0,0.0,6,2006,7.8383433155571165,1.0,66,6,1,1,1,0,0,0,0,0,0,0,0,0,1,0,0,0,0,0,0,0,0,0,1,0,0,1,1,0,0,0,1,0,0,0,0,0,1,0,0,0,0,0,0,0,0,0,0,0,0,0,0,0,0,0,0,1,0,0,0,0,0,0,0,0,1,0,0,0,0,0,0,0,0,1,0,0,0,0,0,1,0,0,0,0,1,0,0,0,0,0,0,0,0,1,0,0,0,0,1,0,0,0,0,0,0,0,0,0,0,0,0,0,0,0,0,0,0,0,1,0,0,0,0,0,0,0,0,0,1,0,0,0,0,0,0,0,0,0,1,0,0,1,0,0,0,0,0,1,0,0,0,0,0,0,0,0,1,0,1,0,0,0,0,0,0,0,0,0,0,0,0,0,1,0,0,0,0,1,0
4.663439094112067,9.328123407632566,2,3,6,5,1995,1995,0.0,4,4,4,4,1,5,5.814130531825066,4,6.300785794663244,5.777652323222656,1200.0,5,1,7.0909098220799835,0.0,0.0,7.0909098220799835,1.0,0.0,2,0,3,1,4,6,8,0,0,1995.0,2,2.0,521.0,3,3,2,0.0,3.295836866004329,0.0,0.0,0.0,0,0.0,8,2007,7.783640596221253,3.0,12,12,1,1,0,0,0,0,0,0,1,0,0,0,0,0,0,0,0,0,0,0,0,0,1,0,0,1,0,0,0,1,1,0,0,0,0,0,1,0,0,0,0,0,1,0,0,0,0,0,0,0,0,0,0,0,0,0,0,0,0,0,0,0,0,0,1,0,0,0,0,0,0,0,0,1,0,0,0,0,0,1,0,0,0,0,0,0,1,0,0,0,0,0,0,1,0,0,0,0,1,0,0,0,0,0,0,0,0,0,0,0,0,0,0,0,0,0,0,1,0,0,0,0,0,0,0,0,0,0,0,0,0,0,0,1,0,0,0,0,1,0,0,0,1,0,0,0,0,1,0,0,0,0,0,0,0,0,1,0,1,0,0,0,0,0,0,0,0,0,0,0,0,0,1,0,0,0,0,1,0
4.189654742026425,9.13227071655426,3,3,6,6,1992,1992,4.672828834461906,3,3,4,3,1,6,6.329720905522696,1,0.0,6.395261598115449,1158.0,4,1,7.0630481633881725,0.0,0.0,7.0630481633881725,1.0,0.0,2,0,3,1,4,6,8,0,0,1992.0,2,2.0,400.0,3,3,2,4.795790545596741,3.295836866004329,0.0,0.0,0.0,0,0.0,7,2009,7.75190533307861,3.0,17,17,1,1,0,0,0,0,0,0,1,0,0,0,0,0,0,0,0,0,0,0,0,0,1,0,0,1,0,0,0,1,1,0,0,0,0,0,1,0,0,0,0,0,0,0,0,1,0,0,0,0,0,0,0,0,0,0,0,0,0,0,0,0,0,0,1,0,0,0,0,0,0,0,0,1,0,0,0,0,0,1,0,0,0,0,0,0,1,0,0,0,0,0,0,1,0,0,0,0,1,0,0,0,0,0,0,0,0,0,0,0,0,1,0,0,0,0,0,0,0,0,0,0,0,0,0,0,1,0,0,0,0,0,0,0,0,0,0,1,0,0,0,0,1,0,0,0,0,1,0,0,0,0,0,0,0,0,1,0,1,0,0,0,0,0,0,0,0,0,0,0,0,0,1,0,0,0,0,1,0
3.8066624897703196,8.348774539791274,4,3,5,5,1976,1976,0.0,3,3,4,3,1,5,6.774223886357614,1,0.0,5.594711379601839,1142.0,3,1,7.04141166379481,0.0,0.0,7.04141166379481,1.0,0.0,1,1,3,1,3,6,8,1,1,1976.0,3,2.0,528.0,3,3,2,6.285998094508865,4.51085950651685,0.0,0.0,0.0,0,0.0,8,2007,7.734121303328305,2.5,31,31,1,1,1,1,0,0,0,0,0,0,0,0,0,0,0,0,0,0,0,0,0,0,0,1,0,1,0,0,0,1,1,0,0,0,0,0,1,0,0,0,0,0,0,0,0,0,0,1,0,0,0,0,0,0,0,0,0,0,0,0,0,0,0,0,1,0,0,0,0,0,0,0,0,1,0,0,0,0,0,0,0,0,0,1,0,0,1,0,0,0,0,0,0,1,0,0,0,0,1,0,0,0,0,0,0,0,0,0,0,0,1,0,0,0,0,0,0,0,0,0,0,0,0,0,0,1,0,0,0,0,0,0,0,0,0,0,0,0,1,0,0,0,1,0,0,0,0,1,0,0,0,0,0,0,0,0,1,0,1,0,0,0,0,0,0,0,0,0,0,0,0,0,1,0,0,0,0,1,0
4.532599493153256,8.843759381917984,3,3,5,4,1958,1958,4.795790545596741,3,3,3,3,3,4,5.707110264748875,3,5.68697535633982,6.150602768446279,1062.0,5,1,7.210079628170788,0.0,0.0,7.210079628170788,0.0,1.0,1,0,3,1,4,6,6,0,0,1958.0,1,1.0,288.0,3,3,2,5.1298987149230735,0.0,5.68697535633982,0.0,0.0,0,0.0,7,2006,7.789454566086673,1.5,48,48,1,1,0,0,0,0,0,0,0,0,0,0,0,0,0,0,1,0,0,0,0,0,1,0,0,1,0,0,0,1,1,0,0,0,0,0,1,0,0,0,0,1,0,0,0,0,0,0,0,0,0,0,0,0,0,0,0,0,0,0,0,0,0,0,1,0,0,0,0,0,0,0,0,1,0,0,0,0,0,1,0,0,0,0,0,0,0,0,0,0,0,1,0,0,0,1,0,0,1,0,0,0,0,0,0,0,0,0,0,0,0,0,0,0,0,0,0,0,1,0,0,0,0,0,0,0,0,1,0,0,0,0,0,0,0,0,0,1,0,0,0,1,0,0,0,0,0,1,0,0,0,0,0,1,0,0,0,0,0,0,1,0,0,0,0,0,0,0,0,0,0,0,1,1,0,0,0,0,0
4.3694478524670215,9.39366142910322,3,3,8,5,1998,1998,6.274762021241939,4,3,4,3,3,6,6.863803391452954,1,0.0,4.875197323201151,1086.0,5,1,6.99117688712121,6.732210706467206,0.0,7.562681246721884,1.0,0.0,2,1,3,1,4,7,8,1,3,1998.0,2,2.0,592.0,3,3,2,5.342334251964811,4.330733340286331,0.0,0.0,5.926926025970411,0,0.0,6,2006,8.010027528481734,3.5,8,8,1,1,1,0,0,0,0,0,0,0,0,0,0,1,0,0,0,0,0,0,0,0,1,0,0,1,0,0,0,1,1,0,0,1,0,0,0,0,0,0,0,0,0,0,0,0,0,0,0,0,0,0,1,0,0,0,0,0,0,0,0,0,0,0,1,0,0,0,0,0,0,0,0,1,0,0,0,0,0,1,0,0,0,0,0,0,0,0,0,1,0,0,0,1,0,0,0,0,1,0,0,0,0,0,0,0,0,0,0,0,0,0,0,0,0,0,0,1,0,0,0,0,0,0,0,0,0,0,0,0,0,0,0,1,0,0,0,1,0,0,0,0,1,0,0,0,0,1,0,0,0,0,0,0,0,0,1,0,1,0,0,0,0,0,0,0,0,0,0,0,0,0,1,0,0,0,0,1,0
4.30406509320417,8.928110078202646,3,3,6,6,1978,1978,0.0,3,3,4,3,3,6,6.651571873589727,1,0.0,4.7535901911063645,888.0,5,1,6.816735880594968,0.0,0.0,6.816735880594968,1.0,0.0,1,0,2,1,3,5,8,1,3,1978.0,2,2.0,470.0,3,3,2,0.0,0.0,0.0,0.0,5.262690188904886,0,0.0,6,2007,7.496097345175956,2.0,29,29,1,1,1,0,0,0,0,0,0,0,0,0,0,0,0,0,0,1,0,0,0,0,1,0,0,1,0,0,0,1,1,0,0,1,0,0,0,0,0,0,0,0,0,0,0,0,0,0,1,0,0,0,0,0,0,0,0,0,0,0,0,0,0,0,1,0,0,0,0,0,0,0,0,1,0,0,0,0,0,1,0,0,0,0,0,0,0,0,0,0,1,0,0,1,0,0,0,0,1,0,0,0,0,0,0,0,0,0,0,0,0,0,0,0,0,0,0,1,0,0,0,0,0,0,0,0,0,0,0,0,0,0,0,1,0,0,0,0,1,0,0,1,0,0,0,0,0,1,0,0,0,0,0,0,0,0,1,0,1,0,0,0,0,0,0,0,0,0,0,0,0,0,1,0,0,0,0,1,0
3.970291913552122,9.120962560824966,4,3,5,5,1940,1982,0.0,3,3,3,3,1,3,5.991464547107982,1,0.0,6.184148890937483,883.0,4,1,6.8966943316227125,6.249975242259483,0.0,7.317212408359839,1.0,0.0,1,0,3,1,3,8,8,0,0,1940.0,1,1.0,240.0,3,3,0,0.0,0.0,0.0,0.0,0.0,0,0.0,7,2008,7.77863014732581,2.0,68,26,1,1,0,0,0,0,0,0,0,0,0,0,1,0,0,0,0,0,0,0,0,0,1,0,0,1,0,0,0,1,1,0,0,0,0,0,1,0,0,0,1,0,0,0,0,0,0,0,0,0,0,0,0,0,0,0,0,0,0,0,0,0,0,0,1,0,0,0,0,0,0,0,0,1,0,0,0,0,0,1,0,0,0,0,1,0,0,0,0,0,0,0,0,1,0,0,0,0,1,0,0,0,0,0,0,0,0,0,0,0,0,0,0,1,0,0,0,0,0,0,0,0,0,0,0,0,0,0,1,0,0,0,0,0,0,0,0,0,1,0,0,1,0,0,0,0,0,1,0,0,0,0,0,0,0,0,1,0,0,0,0,0,1,0,0,0,0,0,0,0,0,0,1,0,0,0,0,1,0
4.174387269895637,8.895903562215581,4,3,7,5,2003,2003,6.2166061010848646,4,3,0,0,0,0,0.0,0,0.0,0.0,0.0,5,1,6.206575926724928,7.2640301428995295,0.0,7.56164174558878,0.0,0.0,3,0,4,1,4,7,8,1,5,2003.0,2,2.0,672.0,3,3,2,0.0,0.0,5.181783550292085,0.0,0.0,0,0.0,7,2009,7.56164174558878,3.0,6,6,1,0,1,0,0,0,0,0,0,0,0,0,0,0,0,0,0,1,0,0,0,0,1,0,0,1,0,0,0,1,1,0,1,0,0,0,0,0,0,0,0,0,0,0,1,0,0,0,0,0,0,0,0,0,0,0,0,0,0,0,0,0,0,0,1,0,0,0,0,0,0,0,0,1,0,0,0,0,0,1,0,0,0,0,0,0,0,0,0,0,1,0,0,1,0,0,0,0,1,0,0,0,0,0,0,0,0,0,0,0,0,1,0,0,0,0,0,0,0,0,0,0,0,0,0,0,1,0,0,0,0,0,0,0,0,0,0,1,0,0,0,0,0,1,0,0,0,1,0,0,0,0,0,0,0,0,1,0,0,0,1,0,0,0,0,0,0,1,0,0,0,0,0,0,0,0,0,1,0
3.091042453358316,7.427144133408616,4,3,6,8,1972,2007,6.236369590203704,3,3,3,3,1,5,5.093750200806762,1,0.0,5.7745515455444085,483.0,4,1,6.182084906716632,6.22455842927536,0.0,6.895682697747868,0.0,0.0,1,1,2,1,4,5,8,0,0,1972.0,1,1.0,264.0,3,3,2,5.5254529391317835,0.0,0.0,0.0,0.0,0,0.0,5,2009,7.293697720601438,1.5,37,2,1,1,0,0,0,1,0,0,0,0,0,0,0,0,0,0,0,0,0,0,0,0,0,1,0,1,0,0,0,1,1,0,0,0,0,0,1,0,0,1,0,0,0,0,0,0,0,0,0,0,0,0,0,0,0,0,0,0,0,0,0,0,0,0,1,0,0,0,0,0,0,0,0,1,0,0,0,0,0,0,0,0,1,0,0,0,0,0,0,1,0,0,0,1,0,0,0,0,1,0,0,0,0,0,0,0,0,0,0,0,0,1,0,0,0,0,0,0,0,0,0,0,0,0,0,0,1,0,0,0,0,0,0,0,0,0,0,1,0,0,0,1,0,0,0,0,0,1,0,0,0,0,0,0,0,0,1,0,0,0,0,0,1,0,0,0,0,0,0,0,0,0,1,0,0,0,0,1,0
4.394449154672439,9.841665338892785,3,3,6,5,1976,1976,4.795790545596741,3,3,4,3,2,6,6.569481420414296,1,0.0,4.442651256490317,796.0,3,1,6.673297967767654,6.665683717782408,0.0,7.362010551259734,1.0,0.0,2,1,3,1,3,6,8,1,3,1976.0,3,2.0,566.0,3,3,2,5.726847747587197,4.718498871295094,0.0,0.0,0.0,0,0.0,7,2006,7.771067086065406,3.5,30,30,1,1,1,0,0,0,0,0,0,0,0,0,0,1,0,0,0,0,0,0,0,0,1,0,0,1,0,0,0,1,1,0,0,0,1,0,0,0,0,0,0,0,0,0,0,0,0,0,0,0,0,1,0,0,0,0,0,0,0,0,0,0,0,0,1,0,0,0,0,0,0,0,0,1,0,0,0,0,0,1,0,0,0,0,0,0,0,0,0,1,0,0,0,1,0,0,0,0,1,0,0,0,0,0,0,0,0,0,0,0,0,1,0,0,0,0,0,0,0,0,0,0,0,0,0,0,1,0,0,0,0,0,0,0,0,0,0,1,0,0,0,0,1,0,0,0,0,1,0,0,0,0,0,0,0,0,1,0,1,0,0,0,0,0,0,0,0,0,0,0,0,0,1,0,0,0,0,1,0
4.0943445622221,9.2771575450135,4,3,5,7,1920,1997,0.0,3,4,3,2,1,3,6.124683390894205,1,0.0,5.37989735354046,672.0,4,1,6.511745329644728,6.511745329644728,0.0,7.20414929203594,0.0,0.0,1,0,3,1,3,6,8,0,0,1964.0,1,1.0,468.0,3,2,2,0.0,4.859812404361672,5.389071729816501,0.0,0.0,0,0.0,7,2009,7.6093665379542115,1.0,89,12,1,1,0,0,0,0,0,0,0,0,0,0,0,0,1,0,0,0,0,0,0,0,0,1,0,1,0,0,0,1,1,0,0,0,0,0,1,0,0,0,0,0,0,0,0,0,1,0,0,0,0,0,0,0,0,0,0,0,0,0,0,0,0,0,1,0,0,0,0,0,0,0,0,1,0,0,0,0,0,1,0,0,0,0,0,0,0,0,0,1,0,0,0,0,0,1,0,0,1,0,0,0,0,0,0,0,0,0,0,0,0,0,0,0,0,0,0,1,0,0,0,0,0,0,0,0,0,0,0,0,0,0,0,1,0,0,0,0,1,0,0,1,0,0,0,0,0,1,0,0,0,0,1,0,0,0,0,0,0,0,0,0,1,0,0,0,0,0,0,0,0,0,1,0,0,0,0,1,0
4.30406509320417,9.15915233520675,3,3,6,5,1963,1963,5.5134287461649825,3,3,4,3,1,4,6.413458957167357,1,0.0,6.666956792429207,1394.0,4,1,7.240649694255466,0.0,0.0,7.240649694255466,1.0,0.0,1,1,3,1,3,6,8,2,4,1963.0,2,2.0,514.0,3,3,2,0.0,4.343805421853684,0.0,0.0,5.225746673713202,0,0.0,7,2009,7.933438387627489,2.5,46,46,1,1,1,0,0,0,0,0,1,0,0,0,0,0,0,0,0,0,0,0,0,0,1,0,0,1,0,0,0,1,1,0,0,0,0,0,1,0,0,0,0,0,0,0,0,0,0,0,0,1,0,0,0,0,0,0,0,0,0,0,0,0,0,0,1,0,0,0,0,0,0,0,0,1,0,0,0,0,0,1,0,0,0,0,0,0,1,0,0,0,0,0,0,1,0,0,0,0,1,0,0,0,0,0,0,0,0,0,0,0,0,0,0,0,1,0,0,0,0,0,0,0,0,0,0,0,0,0,0,0,1,0,0,0,0,0,0,1,0,0,0,1,0,0,0,0,0,1,0,0,0,0,0,0,0,0,1,0,1,0,0,0,0,0,0,0,0,0,0,0,0,0,1,0,0,0,0,1,0
4.624972813284271,9.121618441915379,3,3,6,5,1962,1962,5.723585101952381,3,3,4,3,4,6,5.918893854273146,1,0.0,6.591673732008658,1099.0,4,1,7.266827347520591,0.0,0.0,7.266827347520591,0.0,1.0,1,0,3,1,3,6,8,1,4,1962.0,2,1.0,296.0,3,3,2,4.174387269895637,4.709530201312334,0.0,0.0,0.0,0,0.0,12,2008,7.836369760545124,1.5,46,46,1,1,1,0,0,0,0,0,0,0,0,0,0,0,0,0,1,0,0,0,0,0,1,0,0,1,0,0,0,1,1,0,1,0,0,0,0,0,0,0,0,0,0,0,0,0,0,0,0,1,0,0,0,0,0,0,0,0,0,0,0,0,0,0,1,0,0,0,0,0,0,0,0,1,0,0,0,0,0,1,0,0,0,0,0,0,0,0,0,0,0,1,0,1,0,0,0,0,0,0,0,0,1,0,0,0,0,0,0,0,0,0,0,0,1,0,0,0,0,0,0,0,0,0,0,0,0,0,0,0,1,0,0,0,0,0,0,1,0,0,0,1,0,0,0,0,0,1,0,0,0,0,0,0,0,0,1,0,0,1,0,0,0,0,0,0,0,0,0,0,0,0,1,0,0,0,0,1,0
4.3694478524670215,8.962007209588313,4,3,5,6,1954,1954,5.303304908059076,3,3,3,3,1,2,6.293419278846481,1,0.0,6.591673732008658,1268.0,4,1,7.1459844677143876,0.0,0.0,7.1459844677143876,0.0,0.0,1,0,2,1,3,7,8,1,4,1954.0,3,1.0,244.0,3,3,2,0.0,4.59511985013459,0.0,0.0,0.0,0,0.0,3,2010,7.838737559599282,1.0,56,56,1,1,1,0,0,0,0,0,1,0,0,0,0,0,0,0,0,0,0,0,0,0,1,0,0,1,0,0,0,1,1,0,0,0,0,0,1,0,0,0,0,0,0,0,0,0,0,0,0,1,0,0,0,0,0,0,0,0,0,0,0,0,0,0,1,0,0,0,0,0,0,0,0,1,0,0,0,0,0,1,0,0,0,0,0,0,1,0,0,0,0,0,0,1,0,0,0,0,1,0,0,0,0,0,0,0,0,0,0,0,0,1,0,0,0,0,0,0,0,0,0,0,0,0,0,0,1,0,0,0,0,0,0,0,0,0,0,1,0,0,0,0,1,0,0,0,0,1,0,0,0,0,0,0,0,0,1,0,1,0,0,0,0,0,0,0,0,0,0,0,0,0,1,0,0,0,0,1,0
4.30406509320417,9.193295937366925,3,3,5,7,1959,2006,0.0,3,4,3,3,1,5,4.290459441148391,3,5.556828061699537,6.598509028614515,1063.0,5,1,7.160845906664299,0.0,0.0,7.160845906664299,1.0,0.0,1,0,3,1,4,7,8,1,4,1997.0,3,2.0,576.0,3,3,2,5.8998973535824915,2.8903717578961645,0.0,0.0,5.209486152841421,0,0.0,3,2010,7.762596048540069,2.0,51,4,1,1,1,0,0,0,0,0,1,0,0,0,0,0,0,0,0,0,0,0,0,0,1,0,0,1,0,0,0,1,1,0,1,0,0,0,0,0,0,0,0,0,0,0,0,0,0,0,0,1,0,0,0,0,0,0,0,0,0,0,0,0,0,0,1,0,0,0,0,0,0,0,0,1,0,0,0,0,0,1,0,0,0,0,0,0,1,0,0,0,0,0,0,1,0,0,0,0,1,0,0,0,0,0,0,0,0,0,0,0,0,0,0,0,0,0,0,0,1,0,0,0,0,0,0,0,0,0,0,0,0,0,0,0,1,0,0,0,1,0,0,1,0,0,0,0,0,1,0,0,0,0,0,0,0,0,1,0,0,0,0,0,1,0,0,0,0,0,0,0,0,0,1,0,0,0,0,1,0
4.189654742026425,9.002331708246244,3,3,6,5,2000,2000,0.0,3,3,4,3,1,1,0.0,1,0.0,6.860663671448287,953.0,5,1,6.860663671448287,6.568077911411976,0.0,7.417580402414544,0.0,0.0,2,1,3,1,3,7,8,1,3,2000.0,2,2.0,460.0,3,3,2,4.61512051684126,3.713572066704308,0.0,0.0,0.0,0,0.0,1,2006,7.870165946469845,2.5,6,6,1,1,1,0,0,0,0,0,0,0,0,0,0,1,0,0,0,0,0,0,0,0,1,0,0,1,0,0,0,1,1,0,0,0,0,0,1,0,0,0,0,0,0,0,0,1,0,0,0,0,0,0,0,0,0,0,0,0,0,0,0,0,0,0,1,0,0,0,0,0,0,0,0,1,0,0,0,0,0,1,0,0,0,0,0,0,0,0,0,1,0,0,0,1,0,0,0,0,1,0,0,0,0,0,0,0,0,0,0,0,0,0,0,0,0,0,0,1,0,0,0,0,0,0,0,0,0,0,0,0,0,0,0,1,0,0,0,0,1,0,0,0,1,0,0,0,0,1,0,0,0,0,0,0,0,0,1,0,1,0,0,0,0,0,0,0,0,0,0,0,0,0,1,0,0,0,0,1,0
4.394449154672439,9.748061059204817,4,3,4,4,1959,1959,0.0,3,3,0,0,0,0,0.0,0,0.0,0.0,0.0,3,1,7.02197642307216,6.150602768446279,0.0,7.370860166536716,0.0,0.0,2,0,4,1,3,7,6,1,4,1991.0,3,2.0,680.0,3,3,0,0.0,4.0943445622221,0.0,0.0,0.0,0,0.0,7,2008,7.370860166536716,2.0,49,49,1,0,1,0,0,0,0,0,0,0,0,0,1,0,0,0,0,0,0,0,0,0,1,0,0,1,0,0,0,1,1,0,0,0,0,0,1,0,0,0,0,1,0,0,0,0,0,0,0,0,0,0,0,0,0,0,0,0,0,0,0,0,0,1,0,0,0,0,0,0,0,0,0,1,0,0,0,0,0,1,0,0,0,0,1,0,0,0,0,0,0,0,0,1,0,0,0,0,1,0,0,0,0,0,0,0,0,0,0,0,0,0,0,0,0,0,0,0,0,1,0,0,0,0,0,0,0,0,0,0,1,0,0,0,0,0,0,0,1,0,0,1,0,0,0,0,0,1,0,0,0,0,0,0,0,0,1,0,0,0,0,0,1,0,0,0,0,0,0,0,0,0,1,0,0,0,0,1,0
3.9318256327243257,8.878497403738631,4,3,6,5,1984,1984,0.0,3,3,4,3,1,5,6.436150368369428,2,4.804021044733257,0.0,744.0,3,1,6.6240652277998935,0.0,0.0,6.6240652277998935,1.0,0.0,1,0,2,1,3,4,8,0,0,1984.0,1,1.0,264.0,3,3,2,5.869296913133774,0.0,0.0,0.0,4.51085950651685,0,0.0,2,2010,7.311218384419629,2.0,26,26,1,1,0,1,0,0,0,0,0,0,0,0,0,0,0,0,0,0,0,0,0,0,1,0,0,1,0,0,0,1,1,0,0,0,0,0,1,0,0,0,0,0,0,0,0,0,0,0,0,0,0,0,0,0,0,0,0,1,0,0,0,0,0,0,1,0,0,0,0,0,0,0,0,1,0,0,0,0,0,0,0,0,0,1,0,0,1,0,0,0,0,0,0,1,0,0,0,0,1,0,0,0,0,0,0,0,0,0,0,0,0,0,0,0,1,0,0,0,0,0,0,0,0,0,0,0,0,0,0,0,1,0,0,0,0,0,0,0,1,0,0,1,0,0,0,0,0,1,0,0,0,0,0,0,0,0,1,0,1,0,0,0,0,0,0,0,0,0,0,0,0,0,1,0,0,0,0,1,0
4.382026634673881,9.271905727634337,4,3,5,6,1953,1953,0.0,3,3,3,3,1,4,6.061456918928017,2,5.198497031265826,0.0,608.0,3,1,7.1853870155804165,0.0,0.0,7.1853870155804165,1.0,0.0,1,0,3,1,3,5,6,0,0,1953.0,1,1.0,270.0,3,3,2,4.204692619390966,0.0,0.0,0.0,0.0,0,0.0,11,2009,7.564238475170491,2.0,56,56,1,1,0,0,0,0,0,0,1,0,0,0,0,0,0,0,0,0,0,0,0,0,1,0,0,1,0,0,0,1,1,0,0,0,0,0,1,0,0,0,0,0,0,0,0,0,0,0,0,1,0,0,0,0,0,0,0,0,0,0,0,0,0,0,1,0,0,0,0,0,0,0,0,1,0,0,0,0,0,1,0,0,0,0,0,0,1,0,0,0,0,0,0,1,0,0,0,0,1,0,0,0,0,0,0,0,0,0,0,0,0,0,0,1,0,0,0,0,0,0,0,0,0,0,0,0,0,0,1,0,0,0,0,0,0,0,0,0,1,0,0,0,1,0,0,0,0,1,0,0,0,0,0,0,0,0,1,0,1,0,0,0,0,0,0,0,0,0,0,0,0,0,1,0,0,0,0,1,0
4.189654742026425,9.012011377036412,4,3,7,5,2003,2004,0.0,4,3,4,3,1,1,0.0,1,0.0,6.742880635791903,847.0,5,1,6.742880635791903,6.9865664594064265,0.0,7.564757012905729,0.0,0.0,2,1,4,1,4,8,8,1,4,2003.0,3,2.0,434.0,3,3,2,4.61512051684126,3.8918202981106265,0.0,0.0,0.0,0,0.0,7,2007,7.9287663216266955,2.5,4,3,1,1,1,0,0,0,0,0,0,0,0,0,0,1,0,0,0,0,0,0,0,0,1,0,0,1,0,0,0,1,1,0,0,0,0,0,1,0,0,0,0,0,1,0,0,0,0,0,0,0,0,0,0,0,0,0,0,0,0,0,0,0,0,0,1,0,0,0,0,0,0,0,0,1,0,0,0,0,0,1,0,0,0,0,0,0,0,0,0,1,0,0,0,1,0,0,0,0,1,0,0,0,0,0,0,0,0,0,0,0,0,0,0,0,0,0,0,1,0,0,0,0,0,0,0,0,0,0,0,0,0,0,0,1,0,0,0,0,1,0,0,0,1,0,0,0,0,1,0,0,0,0,0,0,0,0,1,0,0,0,1,0,0,0,0,0,0,0,0,0,0,0,1,0,0,0,0,1,0
4.182050142641207,9.212438170058329,3,1,1,1,1922,1950,0.0,2,2,2,1,4,4,5.860786223465865,1,0.0,5.811140992976701,683.0,4,0,6.807934943699926,0.0,0.0,6.807934943699926,1.0,0.0,0,1,1,1,2,4,4,0,0,0.0,0,0.0,0.0,0,0,2,0.0,0.0,0.0,0.0,0.0,0,0.0,3,2009,7.370230641807081,1.5,87,59,0,1,0,0,0,0,0,0,0,1,0,0,0,0,0,0,0,0,0,0,0,0,1,0,0,1,0,0,1,0,1,0,0,0,0,0,1,0,0,0,0,0,0,0,1,0,0,0,0,0,0,0,0,0,0,0,0,0,0,0,0,0,0,0,1,0,0,0,0,0,0,0,0,1,0,0,0,0,0,1,0,0,0,0,0,0,1,0,0,0,0,0,0,1,0,0,0,0,1,0,0,0,0,0,0,0,0,0,0,0,0,0,0,0,0,0,0,0,1,0,0,0,0,0,0,0,0,0,0,0,0,0,0,0,1,0,0,0,1,0,1,0,0,0,0,0,0,1,0,0,0,0,1,0,0,0,0,0,0,0,0,0,0,1,0,0,0,0,0,0,0,0,1,0,0,0,0,1,0
4.060443010546419,9.087833697483386,3,3,5,5,1996,1996,0.0,4,3,4,3,3,6,5.700443573390687,1,0.0,6.35088571671474,870.0,5,1,6.818924065275521,0.0,0.0,6.818924065275521,0.0,0.0,1,0,2,1,3,5,8,0,0,1998.0,1,2.0,576.0,3,3,2,0.0,0.0,0.0,0.0,0.0,0,0.0,7,2006,7.487173694213739,1.0,10,10,1,1,0,0,0,0,0,0,0,0,0,0,0,0,0,0,0,1,0,0,0,0,1,0,0,1,0,0,0,1,1,0,0,1,0,0,0,0,0,0,0,0,1,0,0,0,0,0,0,0,0,0,0,0,0,0,0,0,0,0,0,0,0,0,1,0,0,0,0,0,0,0,0,1,0,0,0,0,0,1,0,0,0,0,0,0,0,0,0,0,1,0,0,1,0,0,0,0,1,0,0,0,0,0,0,0,0,0,0,0,0,0,0,0,0,0,0,1,0,0,0,0,0,0,0,0,0,0,0,0,0,0,0,1,0,0,0,0,1,0,0,0,1,0,0,0,0,1,0,0,0,0,0,0,0,0,1,0,0,0,0,0,1,0,0,0,0,0,0,0,0,0,1,0,0,0,0,1,0
4.634728988229636,9.318656515459642,3,3,8,5,2004,2005,0.0,4,3,4,3,1,1,0.0,1,0.0,7.365812837209472,1580.0,5,1,7.365812837209472,6.787844982309579,0.0,7.810758116529357,0.0,0.0,3,0,4,1,4,8,8,1,4,2004.0,2,2.0,610.0,3,3,2,5.075173815233827,5.3706380281276624,0.0,0.0,0.0,0,0.0,12,2007,8.305731144875866,3.0,3,2,1,1,1,0,0,0,0,0,0,0,0,0,0,1,0,0,0,0,0,0,1,0,0,0,0,1,0,0,0,1,1,0,1,0,0,0,0,0,0,0,0,0,0,0,0,0,0,0,0,0,0,0,0,0,0,0,0,0,1,0,0,0,0,0,1,0,0,0,0,0,0,0,0,1,0,0,0,0,0,1,0,0,0,0,0,0,0,0,0,1,0,0,0,1,0,0,0,0,1,0,0,0,0,0,0,0,0,0,0,0,1,0,0,0,0,0,0,0,0,0,0,0,0,0,0,1,0,0,0,0,0,0,0,0,0,0,0,0,1,0,0,0,1,0,0,0,0,1,0,0,0,0,0,0,0,0,1,0,1,0,0,0,0,0,0,0,0,0,0,0,0,0,1,0,0,0,0,1,0
4.48863636973214,9.340929941679784,4,3,9,2,2010,2010,5.860786223465865,4,3,5,3,3,6,7.27655640271871,1,0.0,6.021023349349527,1856.0,5,1,7.526717561352706,0.0,0.0,7.526717561352706,1.0,0.0,1,1,1,1,5,8,8,1,5,2010.0,3,3.0,834.0,3,3,2,4.736198448394496,0.0,0.0,0.0,0.0,0,0.0,6,2010,8.21959545417708,2.5,0,0,1,1,1,0,0,0,0,0,1,0,0,0,0,0,0,0,0,0,0,0,0,0,1,0,0,1,0,0,0,1,1,0,1,0,0,0,0,0,0,0,0,0,0,0,0,0,0,0,0,0,0,0,0,0,0,0,0,0,0,1,0,0,0,0,1,0,0,0,0,0,0,0,0,1,0,0,0,0,0,1,0,0,0,0,0,0,1,0,0,0,0,0,0,0,0,1,0,0,1,0,0,0,0,0,0,0,0,0,0,0,0,0,0,0,0,0,0,1,0,0,0,0,0,0,0,0,0,0,0,0,0,0,0,1,0,0,0,0,0,1,0,0,1,0,0,0,0,1,0,0,0,0,0,0,0,0,1,0,1,0,0,0,0,0,0,0,0,0,0,0,1,0,0,0,0,0,0,0,1
4.110873864173311,9.002577922700276,3,3,6,5,2000,2000,2.833213344056216,3,3,4,3,1,1,0.0,1,0.0,6.890609120147166,982.0,5,1,6.915723448631314,6.677083461247136,0.0,7.496097345175956,0.0,0.0,2,1,3,1,3,7,8,1,3,2000.0,3,2.0,463.0,3,3,2,4.61512051684126,4.1588830833596715,0.0,0.0,0.0,0,0.0,6,2009,7.931284761525891,2.5,9,9,1,1,1,0,0,0,0,0,0,0,0,0,0,1,0,0,0,0,0,0,0,0,1,0,0,1,0,0,0,1,1,0,0,0,0,0,1,0,0,0,0,0,0,0,0,1,0,0,0,0,0,0,0,0,0,0,0,0,0,0,0,0,0,0,0,0,0,0,1,0,0,0,0,1,0,0,0,0,0,1,0,0,0,0,0,0,0,0,0,1,0,0,0,1,0,0,0,0,1,0,0,0,0,0,0,0,0,0,0,0,0,0,0,0,0,0,0,1,0,0,0,0,0,0,0,0,0,0,0,0,0,0,0,1,0,0,0,1,0,0,0,0,1,0,0,0,0,1,0,0,0,0,0,0,0,0,1,0,1,0,0,0,0,0,0,0,0,0,0,0,0,0,1,0,0,0,0,1,0
3.9318256327243257,8.517393171418904,4,3,5,6,1924,1950,0.0,3,3,3,3,1,2,5.389071729816501,1,0.0,6.695798917058491,1026.0,3,1,6.934397209928558,6.501289670540389,0.0,7.433666540166168,0.0,0.0,2,0,3,1,4,6,8,1,4,1924.0,1,1.0,308.0,3,3,2,0.0,0.0,5.493061443340548,0.0,0.0,0,0.0,5,2010,7.907651594711089,2.0,86,60,1,1,1,0,0,0,0,0,0,0,0,0,1,0,0,0,0,0,0,0,0,0,1,0,0,1,0,0,0,1,1,0,0,0,0,0,1,0,0,0,0,0,0,0,0,0,0,0,0,0,0,0,0,0,0,1,0,0,0,0,0,0,0,0,1,0,0,0,0,0,0,0,0,1,0,0,0,0,0,1,0,0,0,0,1,0,0,0,0,0,0,0,0,1,0,0,0,0,1,0,0,0,0,0,0,0,0,0,1,0,0,0,0,0,0,0,0,0,0,0,0,0,0,0,0,0,0,0,0,0,0,0,0,0,1,0,0,0,1,0,1,0,0,0,0,0,0,1,0,0,0,0,0,0,0,0,1,0,0,0,0,0,1,0,0,0,0,0,0,0,0,0,1,0,0,0,0,1,0
4.110873864173311,8.881975184248867,4,3,7,5,2006,2006,0.0,4,3,4,4,1,1,0.0,1,0.0,7.165493475060845,1293.0,5,1,7.171656822768514,0.0,0.0,7.171656822768514,1.0,0.0,2,0,2,1,4,5,8,1,4,2006.0,2,2.0,572.0,3,3,2,5.37989735354046,4.804021044733257,0.0,0.0,0.0,0,0.0,8,2006,7.861341795599989,3.0,0,0,1,1,1,0,0,0,0,0,1,0,0,0,0,0,0,0,0,0,0,0,1,0,0,0,0,1,0,0,0,1,1,0,0,0,0,0,1,0,0,0,0,0,0,0,0,0,0,0,0,0,0,0,0,0,0,0,0,0,1,0,0,0,0,0,1,0,0,0,0,0,0,0,0,1,0,0,0,0,0,1,0,0,0,0,0,0,1,0,0,0,0,0,0,1,0,0,0,0,1,0,0,0,0,0,0,0,0,0,0,0,0,0,0,0,0,0,0,1,0,0,0,0,0,0,0,0,0,0,0,0,0,0,0,1,0,0,0,0,1,0,0,0,1,0,0,0,0,1,0,0,0,0,0,0,0,0,1,0,1,0,0,0,0,0,0,0,0,0,0,0,1,0,0,0,0,0,0,0,1
4.382026634673881,9.13194630454817,3,3,7,5,2006,2006,0.0,4,3,4,3,3,1,0.0,1,0.0,6.84587987526405,939.0,5,1,6.84587987526405,6.755768921984255,0.0,7.494430215031565,0.0,0.0,2,1,3,1,4,8,8,0,0,2006.0,2,2.0,639.0,3,3,2,4.976733742420574,3.9889840465642745,0.0,0.0,0.0,0,0.0,4,2007,7.914617709040679,2.5,1,1,1,1,0,0,0,0,0,0,0,0,0,0,0,1,0,0,0,0,0,0,0,0,1,0,0,1,0,0,0,1,1,0,0,0,0,0,1,0,0,0,0,0,1,0,0,0,0,0,0,0,0,0,0,0,0,0,0,0,0,0,0,0,0,0,1,0,0,0,0,0,0,0,0,1,0,0,0,0,0,1,0,0,0,0,0,0,0,0,0,1,0,0,0,1,0,0,0,0,1,0,0,0,0,0,0,0,0,0,0,0,0,0,0,0,0,0,0,1,0,0,0,0,0,0,0,0,0,0,0,0,0,0,0,1,0,0,0,0,1,0,0,0,1,0,0,0,0,1,0,0,0,0,0,0,0,0,1,0,1,0,0,0,0,0,0,0,0,0,0,0,0,0,1,0,0,0,0,1,0
4.110873864173311,9.105090961257085,4,3,6,3,1928,1950,0.0,3,3,2,2,1,1,0.0,1,0.0,6.665683717782408,784.0,3,0,6.665683717782408,0.0,0.0,6.665683717782408,0.0,0.0,1,0,2,1,3,5,8,0,0,1950.0,1,2.0,360.0,2,2,0,0.0,0.0,4.5217885770490405,0.0,0.0,0,0.0,10,2009,7.358193752733032,1.0,81,59,1,1,0,0,0,0,0,0,0,0,0,1,0,0,0,0,0,0,0,0,0,1,0,0,0,1,0,0,0,1,1,0,1,0,0,0,0,0,0,0,0,0,0,0,0,0,0,0,0,0,0,0,0,0,0,0,0,1,0,0,0,0,0,0,1,0,0,0,0,0,0,0,0,1,0,0,0,0,0,1,0,0,0,0,0,1,0,0,0,0,0,0,0,1,0,0,0,0,1,0,0,0,0,0,0,0,0,0,0,0,0,0,0,0,0,0,0,0,1,0,0,0,0,0,0,0,0,0,0,0,0,0,0,0,1,0,0,0,1,0,1,0,0,0,0,0,0,1,0,0,0,0,1,0,0,0,0,0,0,0,0,0,1,0,0,0,0,0,0,0,0,0,1,0,0,0,0,1,0
4.394449154672439,10.880082855015793,2,2,6,5,1992,1992,0.0,4,3,4,3,3,6,6.893656354602635,1,0.0,6.39024066706535,1580.0,5,1,6.984716320118266,6.774223886357614,0.0,7.577633832602728,1.0,0.0,2,1,3,1,4,9,8,2,2,1992.0,3,2.0,501.0,3,3,2,5.37989735354046,5.44673737166631,0.0,0.0,0.0,0,0.0,6,2007,8.170185652879642,3.5,15,15,1,1,1,0,0,0,0,0,0,0,0,0,0,1,0,0,0,0,0,0,0,0,1,0,0,1,0,0,1,0,1,0,1,0,0,0,0,0,0,0,0,1,0,0,0,0,0,0,0,0,0,0,0,0,0,0,0,0,0,0,0,0,0,1,0,0,0,0,0,0,0,0,0,1,0,0,0,0,0,1,0,0,0,0,0,0,0,0,0,1,0,0,0,1,0,0,0,0,1,0,0,0,0,0,0,0,0,0,0,0,0,1,0,0,0,0,0,0,0,0,0,0,0,0,0,0,1,0,0,0,0,0,0,0,0,0,0,0,1,0,0,0,1,0,0,0,0,1,0,0,0,0,0,0,0,0,1,0,1,0,0,0,0,0,0,0,0,0,0,0,0,0,1,0,0,0,0,1,0
3.784189633918261,8.065579427282092,4,3,8,5,2004,2005,2.833213344056216,4,3,4,3,1,6,3.2188758248682006,1,0.0,7.117205503164344,1256.0,5,1,7.146772179452637,0.0,0.0,7.146772179452637,0.0,0.0,2,0,2,1,4,6,8,1,3,2004.0,3,2.0,430.0,3,3,2,4.990432586778736,3.044522437723423,0.0,0.0,4.976733742420574,0,0.0,4,2010,7.8343923029104365,2.0,6,5,1,1,1,1,0,0,0,0,0,0,0,0,0,0,0,0,0,0,0,0,0,0,1,0,0,1,0,0,0,1,1,0,0,0,0,0,1,1,0,0,0,0,0,0,0,0,0,0,0,0,0,0,0,0,0,0,0,0,0,0,0,0,0,0,1,0,0,0,0,0,0,0,0,1,0,0,0,0,0,0,0,0,0,1,0,0,1,0,0,0,0,0,0,1,0,0,0,0,1,0,0,0,0,0,0,0,0,0,0,0,0,0,0,0,0,0,0,1,0,0,0,0,0,0,0,0,0,0,0,0,0,0,0,1,0,0,0,1,0,0,0,0,1,0,0,0,0,1,0,0,0,0,0,0,0,0,1,0,1,0,0,0,0,0,0,0,0,0,0,0,0,0,1,0,0,0,0,1,0
4.07753744390572,9.037295651962438,4,3,5,3,1910,1996,0.0,3,2,3,3,1,1,0.0,1,0.0,6.490723534502507,658.0,3,1,6.490723534502507,6.267200548541362,0.0,7.077498053569231,0.0,0.0,1,0,5,1,3,8,8,0,0,0.0,0,0.0,0.0,0,0,0,0.0,5.0238805208462765,0.0,0.0,0.0,0,0.0,5,2006,7.519149957669823,1.0,96,10,0,1,0,0,0,0,0,0,0,0,0,0,1,0,0,0,0,0,0,0,0,0,1,0,0,1,0,0,0,1,1,0,0,0,1,0,0,0,0,0,0,0,0,0,1,0,0,0,0,0,0,0,0,0,0,0,0,0,0,0,0,0,0,1,0,0,0,0,0,0,0,0,0,1,0,0,0,0,0,1,0,0,0,0,1,0,0,0,0,0,0,0,0,0,1,0,0,0,1,0,0,0,0,0,0,0,0,0,0,0,0,0,0,0,0,0,0,0,1,0,0,0,0,0,0,0,0,0,0,0,0,0,0,1,0,0,0,0,1,0,0,0,1,0,0,0,0,1,0,0,0,0,0,0,0,0,1,0,0,0,0,0,0,1,0,0,0,0,0,0,0,0,1,0,1,0,0,0,0
4.290459441148391,8.881975184248867,4,3,6,6,1976,1976,5.545177444479562,3,3,3,3,3,5,6.448889394146858,1,0.0,6.018593214496234,1041.0,5,1,7.026426808699636,0.0,0.0,7.026426808699636,1.0,0.0,1,0,3,1,3,6,8,1,2,1977.0,1,1.0,352.0,3,3,2,5.6937321388027,0.0,0.0,0.0,0.0,0,0.0,10,2009,7.681099001536359,2.0,33,33,1,1,1,0,0,0,0,0,0,0,0,0,0,0,0,0,1,0,0,0,0,0,1,0,0,1,0,0,0,1,1,0,0,0,0,0,1,0,0,0,0,0,0,0,1,0,0,0,0,0,0,0,0,0,0,0,0,0,0,0,0,0,0,0,1,0,0,0,0,0,0,0,0,1,0,0,0,0,0,1,0,0,0,0,0,0,0,0,0,0,0,1,0,0,0,1,0,0,1,0,0,0,0,0,0,0,0,0,0,0,0,0,0,1,0,0,0,0,0,0,0,0,0,0,0,0,0,0,1,0,0,0,0,0,0,0,0,1,0,0,0,1,0,0,0,0,0,1,0,0,0,0,0,0,0,0,1,0,0,0,0,0,1,0,0,0,0,0,0,0,0,0,1,1,0,0,0,0,0
4.543294782270004,9.146654820290049,3,3,7,5,1999,2000,4.836281906951478,4,3,4,3,1,1,0.0,1,0.0,7.292337176173877,1468.0,5,1,7.299797366758161,0.0,0.0,7.299797366758161,0.0,0.0,2,0,3,1,4,6,8,0,0,1999.0,2,2.0,577.0,3,3,2,4.795790545596741,3.258096538021482,0.0,0.0,0.0,0,0.0,7,2008,7.988882253309227,2.0,9,8,1,1,0,0,0,0,0,0,1,0,0,0,0,0,0,0,0,0,0,0,0,0,1,0,0,1,0,0,0,1,1,0,0,1,0,0,0,0,0,0,0,0,1,0,0,0,0,0,0,0,0,0,0,0,0,0,0,0,0,0,0,0,0,0,1,0,0,0,0,0,0,0,0,1,0,0,0,0,0,1,0,0,0,0,0,0,1,0,0,0,0,0,0,1,0,0,0,0,1,0,0,0,0,0,0,0,0,0,0,0,0,0,0,0,0,0,0,1,0,0,0,0,0,0,0,0,0,0,0,0,0,0,0,1,0,0,0,1,0,0,0,0,1,0,0,0,0,1,0,0,0,0,0,0,0,0,1,0,1,0,0,0,0,0,0,0,0,0,0,0,0,0,1,0,0,0,0,1,0
4.574710978503383,9.431481920619719,4,3,10,5,2007,2008,5.60947179518496,5,3,5,3,3,6,7.155396301896734,1,0.0,5.998936561946683,1682.0,5,1,7.463363045520021,6.3818160174060985,0.0,7.75491027202143,1.0,0.0,2,1,3,1,5,9,8,1,5,2008.0,3,3.0,846.0,3,3,2,5.2832037287379885,4.90527477843843,0.0,0.0,0.0,0,0.0,8,2008,8.297792626380861,3.5,1,0,1,1,1,0,0,0,0,0,0,0,0,0,0,1,0,0,0,0,0,0,0,0,1,0,0,1,0,0,0,1,1,0,0,0,0,0,1,0,0,0,0,0,0,0,0,0,0,0,0,0,0,0,0,1,0,0,0,0,0,0,0,0,0,0,1,0,0,0,0,0,0,0,0,1,0,0,0,0,0,1,0,0,0,0,0,0,0,0,0,1,0,0,0,1,0,0,0,0,1,0,0,0,0,0,0,0,0,0,0,0,0,0,0,0,0,0,0,1,0,0,0,0,0,0,0,0,0,0,0,0,0,0,0,1,0,0,0,0,0,1,0,0,1,0,0,0,0,1,0,0,0,0,0,0,0,0,1,0,0,0,1,0,0,0,0,0,0,0,0,0,1,0,0,0,0,0,0,0,1
3.9318256327243257,9.036701015565063,4,3,5,8,1900,1950,0.0,3,3,3,4,1,3,5.488937726156687,4,5.971261839790462,5.438079308923196,861.0,5,1,6.8690144506657065,6.008813185442595,0.0,7.221105098182496,1.0,0.0,1,0,4,1,3,7,8,0,0,1978.0,1,1.0,384.0,3,3,2,0.0,4.875197323201151,4.727387818712341,0.0,0.0,0,0.0,4,2008,7.709308333385869,2.0,108,58,1,1,0,0,0,0,0,0,0,0,0,0,1,0,0,0,0,0,0,0,0,0,1,0,0,1,0,0,0,1,1,0,0,0,0,0,1,0,0,0,0,0,0,0,1,0,0,0,0,0,0,0,0,0,0,0,0,0,0,0,0,0,0,0,1,0,0,0,0,0,0,0,0,1,0,0,0,0,0,1,0,0,0,0,1,0,0,0,0,0,0,0,0,1,0,0,0,0,1,0,0,0,0,0,0,0,0,0,0,0,0,0,0,1,0,0,0,0,0,0,0,0,0,0,0,0,0,0,1,0,0,0,0,0,0,0,0,0,1,0,1,0,0,0,0,0,0,1,0,0,0,0,0,0,0,0,1,0,0,0,0,0,1,0,0,0,0,0,0,0,0,0,1,0,0,0,0,1,0
4.276666119016055,9.41001056710475,3,3,6,5,2001,2002,0.0,3,3,5,3,1,5,6.53813982376767,1,0.0,4.74493212836325,804.0,5,1,6.690842277418564,7.05444965813294,0.0,7.581719640125308,1.0,0.0,2,1,3,1,4,7,8,1,3,2001.0,3,2.0,560.0,3,3,2,4.836281906951478,5.262690188904886,0.0,0.0,0.0,0,0.0,6,2009,7.925157512224703,3.5,8,7,1,1,1,0,0,0,0,0,0,0,0,0,0,1,0,0,0,0,0,0,0,0,1,0,0,1,0,0,0,1,1,0,0,1,0,0,0,0,0,0,0,0,0,0,0,0,0,0,1,0,0,0,0,0,0,0,0,0,0,0,0,0,0,0,1,0,0,0,0,0,0,0,0,1,0,0,0,0,0,1,0,0,0,0,0,0,0,0,0,1,0,0,0,1,0,0,0,0,1,0,0,0,0,0,0,0,0,0,0,0,0,0,0,0,0,0,0,1,0,0,0,0,0,0,0,0,0,0,0,0,0,0,0,1,0,0,0,0,1,0,0,0,1,0,0,0,0,1,0,0,0,0,0,0,0,0,1,0,0,0,1,0,0,0,0,0,0,0,0,0,0,0,1,0,0,0,0,1,0
4.30406509320417,9.028818495352793,3,3,5,7,1959,1959,0.0,3,3,0,0,0,0,0.0,0,0.0,0.0,0.0,3,1,6.78332520060396,0.0,0.0,6.78332520060396,0.0,0.0,1,0,3,1,3,5,8,0,0,1959.0,2,1.0,294.0,3,3,2,0.0,0.0,0.0,0.0,0.0,0,7.0909098220799835,7,2007,6.78332520060396,1.0,48,48,1,0,0,0,0,0,0,0,1,0,0,0,0,0,0,0,0,0,0,0,0,0,1,0,0,1,0,0,0,1,1,0,0,0,0,0,1,0,0,0,0,0,0,0,0,0,0,0,0,1,0,0,0,0,0,0,0,0,0,0,0,0,0,0,1,0,0,0,0,0,0,0,0,1,0,0,0,0,0,1,0,0,0,0,0,0,1,0,0,0,0,0,0,1,0,0,0,0,1,0,0,0,0,0,0,0,0,0,0,0,0,0,0,1,0,0,0,0,0,0,0,0,0,0,0,0,0,0,1,0,0,0,0,0,0,0,0,0,1,0,0,0,0,1,0,0,0,1,0,0,0,0,0,0,0,0,1,0,1,0,0,0,0,0,0,0,0,0,0,0,0,0,1,0,0,0,0,1,0
3.970291913552122,8.915566545710645,4,3,4,5,1941,1950,0.0,3,3,3,3,1,3,5.58724865840025,1,0.0,6.259581464064923,788.0,3,1,6.670766320845874,0.0,0.0,6.670766320845874,0.0,0.0,1,0,2,1,3,4,8,2,3,0.0,0,0.0,0.0,0,0,2,0.0,0.0,0.0,0.0,0.0,0,0.0,4,2006,7.3632795869630385,1.0,65,56,0,1,1,0,0,0,0,0,0,1,0,0,0,0,0,0,0,0,0,0,0,0,1,0,0,1,0,0,0,1,1,0,1,0,0,0,0,0,0,0,1,0,0,0,0,0,0,0,0,0,0,0,0,0,0,0,0,0,0,0,0,0,0,1,0,0,0,0,0,0,0,0,0,1,0,0,0,0,0,1,0,0,0,0,0,0,1,0,0,0,0,0,0,1,0,0,0,0,1,0,0,0,0,0,0,0,0,0,0,0,0,0,0,0,0,0,0,0,0,1,0,0,0,0,0,0,0,0,0,0,0,0,0,0,0,1,0,0,1,0,0,1,0,0,0,0,0,1,0,0,0,0,1,0,0,0,0,0,0,0,0,0,0,1,0,0,0,0,0,0,0,0,1,1,0,0,0,0,0
4.110873864173311,9.2237500588861,4,3,5,6,1940,1950,0.0,3,3,3,3,1,1,0.0,1,0.0,6.601230118728877,735.0,4,1,6.601230118728877,5.703782474656201,0.0,6.942156705699469,0.0,0.0,1,0,2,1,3,5,8,0,0,1940.0,1,1.0,240.0,3,3,2,0.0,3.6888794541139363,0.0,0.0,0.0,0,0.0,7,2007,7.478734825567875,1.0,67,57,1,1,0,0,0,0,0,0,0,0,0,0,1,0,0,0,0,0,0,0,0,0,1,0,0,1,0,0,0,1,1,0,0,0,0,0,1,0,0,0,0,0,0,0,0,0,0,0,0,0,0,0,0,0,1,0,0,0,0,0,0,0,0,0,1,0,0,0,0,0,0,0,0,1,0,0,0,0,0,1,0,0,0,0,1,0,0,0,0,0,0,0,0,1,0,0,0,0,1,0,0,0,0,0,0,0,0,0,0,0,0,0,0,1,0,0,0,0,0,0,0,0,0,0,0,0,0,0,1,0,0,0,0,0,0,0,0,0,1,0,0,1,0,0,0,0,0,1,0,0,0,0,1,0,0,0,0,0,0,0,0,0,1,0,0,0,0,0,0,0,0,0,1,0,0,0,0,1,0
4.23410650459726,9.166597449028265,4,3,5,6,1956,1956,0.0,3,3,3,3,3,4,6.606650186198215,1,0.0,6.0063531596017325,1144.0,3,1,7.0431599159883405,0.0,0.0,7.0431599159883405,1.0,0.0,1,0,3,1,3,6,8,0,0,1956.0,1,1.0,596.0,3,3,2,3.8066624897703196,0.0,0.0,0.0,0.0,0,0.0,6,2010,7.735870319952567,2.0,54,54,1,1,0,0,0,0,0,0,1,0,0,0,0,0,0,0,0,0,0,0,0,0,1,0,0,1,0,0,0,1,1,0,0,0,0,0,1,0,0,0,0,0,0,0,1,0,0,0,0,0,0,0,0,0,0,0,0,0,0,0,0,0,0,0,1,0,0,0,0,0,0,0,0,1,0,0,0,0,0,1,0,0,0,0,0,0,1,0,0,0,0,0,0,1,0,0,0,0,1,0,0,0,0,0,0,0,0,0,0,0,0,0,0,0,0,0,0,0,1,0,0,0,0,0,0,0,0,0,0,0,0,0,0,0,1,0,0,0,1,0,0,1,0,0,0,0,0,1,0,0,0,0,0,0,0,0,1,0,1,0,0,0,0,0,0,0,0,0,0,0,0,0,1,0,0,0,0,1,0
4.110873864173311,8.881975184248867,4,3,5,5,1972,1972,0.0,3,3,3,3,3,3,6.656726524178391,1,0.0,4.770684624465665,894.0,3,1,6.796823718274855,0.0,0.0,6.796823718274855,0.0,0.0,1,0,2,1,3,6,8,0,0,1985.0,2,2.0,600.0,3,3,2,5.375278407684165,0.0,0.0,0.0,0.0,0,0.0,9,2009,7.489412083508719,1.0,37,37,1,1,0,0,0,0,0,0,1,0,0,0,0,0,0,0,0,0,0,0,0,0,1,0,0,1,0,0,1,0,1,0,0,0,0,0,1,0,0,0,0,0,1,0,0,0,0,0,0,0,0,0,0,0,0,0,0,0,0,0,0,0,0,0,1,0,0,0,0,0,0,0,0,1,0,0,0,0,0,1,0,0,0,0,0,0,1,0,0,0,0,0,0,0,0,1,0,0,1,0,0,0,0,0,0,0,0,0,0,0,0,0,0,1,0,0,0,0,0,0,0,0,0,0,0,0,0,0,1,0,0,0,0,0,0,0,0,0,1,0,0,1,0,0,0,0,0,1,0,0,0,0,0,0,0,0,1,0,0,0,0,0,1,0,0,0,0,0,0,0,0,0,1,0,0,0,0,1,0
4.248495242049359,8.934718614016768,4,3,5,5,1962,1962,5.666426688112432,3,3,3,3,1,5,6.293419278846481,1,0.0,5.783825182329737,864.0,3,1,6.776506992372183,6.842683282238422,0.0,7.502738210754851,0.0,0.0,2,0,4,1,3,8,8,1,3,1962.0,2,1.0,264.0,3,3,2,0.0,5.1298987149230735,0.0,0.0,0.0,0,0.0,7,2007,7.892452043520352,2.0,45,45,1,1,1,0,0,0,0,0,0,0,0,0,0,1,0,0,0,0,0,0,0,0,1,0,0,1,0,0,0,1,1,0,0,0,0,0,1,0,0,0,0,0,0,0,0,0,0,0,0,1,0,0,0,0,0,0,0,0,0,0,0,0,0,0,0,0,1,0,0,0,0,0,0,1,0,0,0,0,0,1,0,0,0,0,0,0,0,0,0,1,0,0,0,1,0,0,0,0,1,0,0,0,0,0,0,0,0,0,0,0,0,0,0,0,0,0,0,1,0,0,0,0,0,0,0,0,0,0,0,0,0,0,0,1,0,0,0,1,0,0,0,1,0,0,0,0,0,1,0,0,0,0,0,0,0,0,1,0,1,0,0,0,0,0,0,0,0,0,0,0,0,0,1,0,0,0,0,1,0
4.110873864173311,9.101417964751995,4,3,5,2,1920,1950,0.0,3,2,2,1,1,1,0.0,1,0.0,6.8690144506657065,961.0,4,1,6.982862751468942,0.0,0.0,6.982862751468942,0.0,0.0,1,0,2,1,3,6,3,0,0,1920.0,1,1.0,338.0,1,1,0,0.0,0.0,0.0,0.0,0.0,0,0.0,11,2007,7.620214770574455,1.0,87,57,1,1,0,0,0,0,0,0,0,1,0,0,0,0,0,0,0,0,0,0,0,0,0,1,0,1,0,0,0,1,1,0,1,0,0,0,0,0,0,0,0,0,0,0,0,0,1,0,0,0,0,0,0,0,0,0,0,0,0,0,0,0,0,0,1,0,0,0,0,0,0,0,0,1,0,0,0,0,0,1,0,0,0,0,0,0,1,0,0,0,0,0,0,1,0,0,0,0,1,0,0,0,0,0,0,0,0,0,0,0,0,0,0,1,0,0,0,0,0,0,0,0,0,0,0,0,0,0,1,0,0,0,0,0,0,0,0,0,1,0,1,0,0,0,0,0,0,1,0,0,0,0,0,0,0,1,0,0,0,0,0,0,1,0,0,0,0,0,0,0,0,0,1,1,0,0,0,0,0
4.189654742026425,9.002824076547672,4,3,7,5,2006,2007,4.61512051684126,4,3,4,3,1,6,6.70073110954781,1,0.0,5.638354669333745,1092.0,5,1,7.014814351275545,6.0844994130751715,0.0,7.346655163176539,1.0,0.0,2,0,2,1,4,7,8,0,0,2007.0,3,2.0,438.0,3,3,2,0.0,5.1298987149230735,0.0,0.0,0.0,0,0.0,10,2009,7.879669914604289,3.0,3,2,1,1,0,0,0,0,0,0,0,0,0,0,0,1,0,0,0,0,0,0,1,0,0,0,0,1,0,0,0,1,1,0,0,0,0,0,1,0,0,0,0,0,0,0,0,0,0,0,0,0,0,0,0,0,0,0,0,0,1,0,0,0,0,0,1,0,0,0,0,0,0,0,0,1,0,0,0,0,0,1,0,0,0,0,0,0,0,0,0,1,0,0,0,1,0,0,0,0,1,0,0,0,0,0,0,0,0,0,0,0,1,0,0,0,0,0,0,0,0,0,0,0,0,0,0,1,0,0,0,0,0,0,0,0,0,0,0,0,0,1,0,0,1,0,0,0,0,1,0,0,0,0,0,0,0,0,1,0,1,0,0,0,0,0,0,0,0,0,0,0,0,0,1,0,0,0,0,1,0
3.6635616461296463,9.613402595468036,2,3,8,5,1996,1996,0.0,4,3,4,3,1,6,6.668228248417403,1,0.0,6.163314804034641,1260.0,5,1,7.161622002939187,0.0,0.0,7.161622002939187,1.0,0.0,1,1,1,1,5,4,8,2,4,1996.0,3,2.0,500.0,3,3,2,4.795790545596741,3.4339872044851463,0.0,0.0,5.41610040220442,0,0.0,12,2008,7.8434564043761155,2.5,12,12,1,1,1,1,0,0,0,0,0,0,0,0,0,0,0,0,0,0,0,0,0,0,1,0,0,1,0,0,0,1,1,0,0,0,0,0,1,0,0,0,0,0,0,0,0,0,0,0,0,0,0,0,0,0,0,0,0,0,0,0,0,1,0,0,1,0,0,0,0,0,0,0,0,1,0,0,0,0,0,0,0,0,0,1,0,0,1,0,0,0,0,0,0,1,0,0,0,0,1,0,0,0,0,0,0,0,0,0,1,0,0,0,0,0,0,0,0,0,0,0,0,0,0,1,0,0,0,0,0,0,0,0,0,0,0,0,0,0,1,0,0,0,1,0,0,0,0,1,0,0,0,0,0,0,0,0,1,0,1,0,0,0,0,0,0,0,0,0,0,0,0,0,1,0,0,0,0,1,0
4.189654742026425,9.078864009187797,3,3,7,5,2005,2005,0.0,4,3,4,3,3,6,3.2188758248682006,1,0.0,7.160069207596127,1310.0,5,1,7.1785454837637,0.0,0.0,7.1785454837637,0.0,0.0,2,0,3,1,4,6,8,1,4,2005.0,3,2.0,400.0,3,3,2,0.0,0.0,0.0,0.0,0.0,0,0.0,7,2006,7.8713112033234065,2.0,1,1,1,1,1,0,0,0,0,0,1,0,0,0,0,0,0,0,0,0,0,0,0,0,1,0,0,1,0,0,0,1,1,0,0,0,0,0,1,0,0,0,0,0,1,0,0,0,0,0,0,0,0,0,0,0,0,0,0,0,0,0,0,0,0,0,1,0,0,0,0,0,0,0,0,1,0,0,0,0,0,1,0,0,0,0,0,0,1,0,0,0,0,0,0,1,0,0,0,0,1,0,0,0,0,0,0,0,0,0,0,0,0,0,0,0,0,0,0,1,0,0,0,0,0,0,0,0,0,0,0,0,0,0,0,1,0,0,0,0,1,0,0,0,1,0,0,0,0,1,0,0,0,0,0,0,0,0,1,0,1,0,0,0,0,0,0,0,0,0,0,0,1,0,0,0,0,0,0,0,1
4.110873864173311,9.23024103368252,4,3,5,8,1940,1997,0.0,3,3,3,3,1,1,0.0,1,0.0,6.511745329644728,672.0,5,1,6.511745329644728,0.0,0.0,6.511745329644728,0.0,0.0,1,0,2,1,3,4,8,0,0,1940.0,1,1.0,240.0,3,3,0,5.1298987149230735,0.0,0.0,0.0,0.0,0,0.0,8,2008,7.20414929203594,1.0,68,11,1,1,0,0,0,0,0,0,0,1,0,0,0,0,0,0,0,0,0,0,0,0,1,0,0,1,0,0,0,1,1,0,0,0,0,0,1,0,0,0,0,0,0,0,0,0,0,0,0,0,0,0,0,0,0,0,1,0,0,0,0,0,0,0,1,0,0,0,0,0,0,0,0,1,0,0,0,0,0,1,0,0,0,0,0,0,1,0,0,0,0,0,0,1,0,0,0,0,1,0,0,0,0,0,0,0,0,0,0,0,0,0,0,0,0,0,0,0,1,0,0,0,0,0,0,0,0,0,0,0,0,0,0,0,1,0,0,0,1,0,0,0,1,0,0,0,0,1,0,0,0,0,0,0,0,0,1,0,0,0,0,0,1,0,0,0,0,0,0,0,0,0,1,0,0,0,0,1,0
4.543294782270004,9.400216653174247,4,3,8,5,1998,1998,6.478509642208569,4,3,4,3,1,1,0.0,1,0.0,7.040536390215956,1141.0,4,1,7.061334366910438,7.002155954403621,0.0,7.724888439323074,0.0,0.0,2,1,4,1,4,10,8,1,3,1998.0,3,2.0,420.0,3,3,2,4.976733742420574,4.820281565605037,0.0,0.0,0.0,0,0.0,7,2006,8.133000218583613,2.5,8,8,1,1,1,0,0,0,0,0,0,0,0,0,0,1,0,0,0,0,0,0,0,0,1,0,0,1,0,0,0,1,1,0,1,0,0,0,0,0,0,0,0,0,0,0,0,0,0,0,0,0,0,0,1,0,0,0,0,0,0,0,0,0,0,0,1,0,0,0,0,0,0,0,0,1,0,0,0,0,0,1,0,0,0,0,0,0,0,0,0,1,0,0,0,0,0,1,0,0,1,0,0,0,0,0,0,0,0,0,0,0,0,0,0,0,0,0,0,1,0,0,0,0,0,0,0,0,0,0,0,0,0,0,0,1,0,0,0,1,0,0,0,0,1,0,0,0,0,1,0,0,0,0,0,0,0,0,1,0,0,0,1,0,0,0,0,0,0,0,0,0,0,0,1,1,0,0,0,0,0
4.189654742026425,9.24619002486988,3,3,6,5,1995,1996,0.0,3,3,4,3,1,1,0.0,1,0.0,6.693323668269949,806.0,4,1,6.693323668269949,6.642486801367256,0.0,7.360739903058278,0.0,0.0,2,1,3,1,3,7,8,1,3,1995.0,3,2.0,373.0,3,3,2,0.0,3.713572066704308,0.0,0.0,0.0,0,0.0,5,2007,7.774435510302958,2.5,12,11,1,1,1,0,0,0,0,0,0,0,0,0,0,1,0,0,0,0,0,0,0,0,1,0,0,1,0,0,0,1,1,0,0,0,0,0,1,0,0,0,0,0,0,0,0,1,0,0,0,0,0,0,0,0,0,0,0,0,0,0,0,0,0,0,1,0,0,0,0,0,0,0,0,1,0,0,0,0,0,1,0,0,0,0,0,0,0,0,0,1,0,0,0,1,0,0,0,0,1,0,0,0,0,0,0,0,0,0,0,0,0,0,0,1,0,0,0,0,0,0,0,0,0,0,0,0,0,0,1,0,0,0,0,0,0,0,0,0,1,0,0,0,1,0,0,0,0,1,0,0,0,0,0,0,0,0,1,0,0,0,1,0,0,0,0,0,0,0,0,0,0,0,1,0,0,0,0,1,0
4.276666119016055,9.209540051805414,3,3,4,4,1976,1993,0.0,3,3,3,3,1,4,7.018401799069201,1,0.0,5.111987788356544,1281.0,5,1,7.390798521735676,0.0,0.0,7.390798521735676,1.0,0.0,2,0,3,1,3,8,7,1,3,1993.0,1,2.0,490.0,3,3,2,4.795790545596741,4.3694478524670215,0.0,0.0,0.0,0,0.0,6,2009,7.973155433444133,3.0,33,16,1,1,1,0,0,0,0,0,1,0,0,0,0,0,0,0,0,0,0,0,0,0,1,0,0,1,0,0,0,1,1,0,1,0,0,0,0,0,0,0,0,0,0,0,0,0,0,0,0,0,0,0,0,0,0,0,1,0,0,0,0,0,0,1,0,0,0,0,0,0,0,0,0,1,0,0,0,0,0,1,0,0,0,0,0,0,1,0,0,0,0,0,0,1,0,0,0,0,1,0,0,0,0,0,0,0,0,0,0,0,0,0,0,0,1,0,0,0,0,0,0,0,0,0,0,0,0,0,0,0,1,0,0,0,0,0,0,0,1,0,0,1,0,0,0,0,0,1,0,0,0,0,0,0,0,0,1,0,1,0,0,0,0,0,0,0,0,0,0,0,0,0,1,0,0,0,0,1,0
3.9512437185814275,9.257319373170178,4,3,6,5,1936,1950,0.0,3,3,3,3,1,1,0.0,1,0.0,6.970730078143525,1064.0,5,1,7.062191632286556,0.0,6.161207321695077,7.402451520818244,0.0,0.0,1,0,3,1,3,6,3,0,0,1936.0,1,1.0,240.0,3,3,2,0.0,0.0,0.0,0.0,0.0,0,0.0,3,2008,7.7102051944325325,1.0,72,58,1,1,0,0,0,0,0,0,0,0,0,0,1,0,0,0,0,0,0,0,0,0,1,0,0,1,0,0,0,1,1,0,0,0,0,0,1,0,0,0,0,0,0,0,0,0,0,0,0,0,0,0,0,0,0,1,0,0,0,0,0,0,0,0,1,0,0,0,0,0,0,0,0,1,0,0,0,0,0,1,0,0,0,0,1,0,0,0,0,0,0,0,0,1,0,0,0,0,1,0,0,0,0,0,0,0,0,0,0,0,0,0,0,1,0,0,0,0,0,0,0,0,0,0,0,0,0,0,1,0,0,0,0,0,0,0,0,0,1,0,1,0,0,0,0,0,0,1,0,0,0,0,1,0,0,0,0,0,0,0,0,0,1,0,0,0,0,0,0,0,0,0,1,0,0,0,0,1,0
4.1588830833596715,9.653550746326605,4,3,6,7,1915,1976,0.0,3,3,4,3,1,1,0.0,1,0.0,6.734591659972948,840.0,5,1,6.734591659972948,6.734591659972948,0.0,7.427144133408616,0.0,0.0,2,0,4,1,3,8,8,0,0,1960.0,1,1.0,308.0,3,3,2,0.0,0.0,5.081404364984463,0.0,0.0,0,0.0,3,2008,7.83241092718792,2.0,93,32,1,1,0,0,0,0,0,0,0,0,0,0,0,0,1,0,0,0,0,0,0,0,1,0,0,1,0,0,0,1,1,0,0,0,0,0,1,0,0,0,0,0,0,1,0,0,0,0,0,0,0,0,0,0,0,0,0,0,0,0,0,0,0,0,1,0,0,0,0,0,0,0,0,1,0,0,0,0,0,1,0,0,0,0,0,0,0,0,0,1,0,0,0,1,0,0,0,0,1,0,0,0,0,0,0,0,0,0,0,0,0,0,0,0,0,0,0,0,1,0,0,0,0,0,0,0,0,0,0,0,1,0,0,0,0,0,0,0,1,0,1,0,0,0,0,0,0,1,0,0,0,0,0,0,0,0,1,0,1,0,0,0,0,0,0,0,0,0,0,0,0,0,1,0,0,0,0,1,0
4.700480365792417,9.557823197546,4,3,7,5,2006,2006,5.860786223465865,4,3,5,4,1,1,0.0,1,0.0,6.96979066990159,1063.0,5,1,6.977281341630747,7.004881989712859,0.0,7.6838639802564295,0.0,0.0,2,1,3,1,4,9,8,1,4,2006.0,2,3.0,947.0,3,3,2,5.262690188904886,4.143134726391533,0.0,0.0,0.0,0,0.0,8,2007,8.082093278178382,2.5,1,1,1,1,1,0,0,0,0,0,0,0,0,0,0,1,0,0,0,0,0,0,0,0,1,0,0,1,0,0,0,1,1,0,1,0,0,0,0,0,0,0,0,0,0,0,0,0,0,0,0,0,0,0,0,1,0,0,0,0,0,0,0,0,0,0,1,0,0,0,0,0,0,0,0,1,0,0,0,0,0,1,0,0,0,0,0,0,0,0,0,1,0,0,0,1,0,0,0,0,1,0,0,0,0,0,0,0,0,0,0,0,0,0,0,0,0,0,0,1,0,0,0,0,0,0,0,0,0,0,0,0,0,0,0,1,0,0,0,1,0,0,0,0,1,0,0,0,0,1,0,0,0,0,0,0,0,0,1,0,1,0,0,0,0,0,0,0,0,0,0,0,1,0,0,0,0,0,0,0,1
4.454347296253507,9.287394001418473,4,3,8,5,2007,2008,4.61512051684126,4,3,5,3,1,6,6.672032945461067,1,0.0,5.5053315359323625,1034.0,5,1,6.957497370876951,6.9363427358340495,0.0,7.639642287858013,1.0,0.0,2,1,3,1,5,8,8,1,4,2008.0,3,3.0,836.0,3,3,2,0.0,4.634728988229636,0.0,0.0,0.0,0,0.0,4,2008,8.043342170441608,3.5,1,0,1,1,1,0,0,0,0,0,0,0,0,0,0,1,0,0,0,0,0,0,1,0,0,0,0,1,0,0,0,1,1,0,0,0,0,0,1,0,0,0,0,0,0,0,0,0,0,0,0,0,0,0,0,0,0,0,0,0,1,0,0,0,0,0,1,0,0,0,0,0,0,0,0,1,0,0,0,0,0,1,0,0,0,0,0,0,0,0,0,1,0,0,0,1,0,0,0,0,1,0,0,0,0,0,0,0,0,0,0,0,0,0,0,0,0,0,0,1,0,0,0,0,0,0,0,0,0,0,0,0,0,0,0,1,0,0,0,0,0,1,0,0,1,0,0,0,0,1,0,0,0,0,0,0,0,0,1,0,1,0,0,0,0,0,0,0,0,0,0,0,1,0,0,0,0,0,0,0,1
4.23410650459726,9.166597449028265,4,3,5,3,1958,1958,0.0,3,2,3,2,1,1,0.0,1,0.0,7.152268856032539,1276.0,3,1,7.152268856032539,0.0,0.0,7.152268856032539,0.0,0.0,1,0,3,1,3,5,5,0,0,1958.0,1,1.0,350.0,3,3,2,0.0,0.0,0.0,0.0,0.0,0,0.0,6,2009,7.845024417241484,1.0,51,51,1,1,0,0,0,0,0,0,1,0,0,0,0,0,0,0,0,0,0,0,0,0,1,0,0,1,0,0,0,1,1,0,0,0,0,0,1,0,0,0,0,0,0,0,1,0,0,0,0,0,0,0,0,0,0,0,0,0,0,0,0,0,0,0,1,0,0,0,0,0,0,0,0,1,0,0,0,0,0,1,0,0,0,0,0,0,1,0,0,0,0,0,0,1,0,0,0,0,1,0,0,0,0,0,0,0,0,1,0,0,0,0,0,0,0,0,0,0,0,0,0,0,1,0,0,0,0,0,0,0,0,0,0,0,0,0,0,0,1,0,0,1,0,0,0,0,0,1,0,0,0,0,1,0,0,0,0,0,1,0,0,0,0,0,1,0,0,0,0,0,0,0,0,1,0,0,0,0,0
4.61512051684126,10.453081864230466,4,3,5,5,1955,1955,0.0,3,3,3,3,2,3,6.963189985870238,1,0.0,0.0,1056.0,3,0,6.963189985870238,0.0,0.0,6.963189985870238,1.0,0.0,1,0,3,1,3,5,8,0,0,1955.0,3,2.0,572.0,3,3,2,5.579729825986222,0.0,0.0,0.0,0.0,0,0.0,1,2006,7.655864017616056,2.0,51,51,1,1,0,0,0,0,0,1,0,0,0,0,0,0,0,0,0,0,0,0,0,0,1,0,0,1,1,0,0,0,1,0,0,0,0,0,1,0,0,0,0,0,0,0,0,1,0,0,0,0,0,0,0,0,0,0,0,0,0,0,0,0,0,0,1,0,0,0,0,0,0,0,0,1,0,0,0,0,0,0,1,0,0,0,0,0,1,0,0,0,0,0,0,0,0,1,0,0,1,0,0,0,0,0,0,0,0,0,0,0,0,0,0,0,0,0,0,0,1,0,0,0,0,0,0,0,0,0,0,0,0,0,0,0,1,0,0,0,1,0,0,1,0,0,0,0,0,1,0,0,0,0,0,0,0,0,1,0,1,0,0,0,0,0,0,0,0,0,0,0,0,0,1,0,0,0,0,1,0
4.310799125385514,8.390268497842571,2,3,7,5,2009,2009,6.07073772800249,5,3,5,3,3,6,6.361302477572996,1,0.0,6.794586580876499,1470.0,5,1,7.2991214627108,0.0,0.0,7.2991214627108,1.0,0.0,2,1,2,1,4,7,8,1,4,2009.0,3,2.0,484.0,3,3,2,0.0,4.976733742420574,0.0,0.0,0.0,0,0.0,6,2010,7.989221408815276,3.5,1,1,1,1,1,0,0,0,0,0,1,0,0,0,0,0,0,0,0,0,0,0,1,0,0,0,0,1,0,0,0,1,1,0,0,0,0,0,1,0,0,0,0,0,0,0,0,0,0,0,0,0,0,0,0,0,0,0,0,0,1,0,0,0,0,0,1,0,0,0,0,0,0,0,0,1,0,0,0,0,0,1,0,0,0,0,0,0,1,0,0,0,0,0,0,1,0,0,0,0,1,0,0,0,0,0,0,0,0,0,0,0,0,0,0,1,0,0,0,0,0,0,0,0,0,0,0,0,0,0,1,0,0,0,0,0,0,0,0,0,0,1,0,0,1,0,0,0,0,1,0,0,0,0,0,0,0,0,1,0,1,0,0,0,0,0,0,0,0,0,0,0,1,0,0,0,0,0,0,0,1
4.04305126783455,9.10063710688422,4,3,5,6,1927,1950,0.0,3,3,3,3,1,1,0.0,1,0.0,6.9167150203536085,1008.0,4,1,6.9363427358340495,0.0,0.0,6.9363427358340495,0.0,0.0,1,0,2,1,3,5,8,1,4,1927.0,1,2.0,360.0,3,3,2,0.0,0.0,4.875197323201151,0.0,0.0,0,0.0,3,2010,7.619233416226805,1.0,83,60,1,1,1,0,0,0,0,0,0,1,0,0,0,0,0,0,0,0,0,0,0,0,0,1,0,1,0,0,0,1,1,0,0,0,0,0,1,0,0,0,0,0,0,0,0,0,0,0,0,0,0,0,0,0,1,0,0,0,0,0,0,0,1,0,0,0,0,0,0,0,0,0,0,1,0,0,0,0,0,1,0,0,0,0,0,0,1,0,0,0,0,0,0,1,0,0,0,0,1,0,0,0,0,0,0,0,0,0,0,0,0,0,0,0,0,0,0,0,0,1,0,0,0,0,0,0,0,0,0,0,0,0,0,0,0,1,0,0,1,0,0,1,0,0,0,0,0,1,0,0,0,0,1,0,0,0,0,0,0,0,0,0,1,0,0,0,0,0,0,0,0,0,1,0,0,0,0,1,0
4.0943445622221,9.326254996572539,2,3,7,5,1993,1993,0.0,4,3,4,3,1,4,3.9318256327243257,6,6.2766434893416445,6.214608098422191,1080.0,5,1,6.985641817639208,6.925595197110468,0.0,7.6487397889562425,0.0,1.0,2,1,3,1,4,9,8,1,3,1993.0,1,3.0,678.0,3,3,2,5.2832037287379885,5.236441962829949,0.0,0.0,0.0,0,0.0,12,2008,8.064007347096661,3.0,15,15,1,1,1,0,0,0,0,0,0,0,0,0,0,1,0,0,0,0,0,0,0,0,1,0,0,1,0,0,0,1,1,0,0,1,0,0,0,0,0,0,0,0,0,0,0,0,0,0,0,0,0,0,0,0,0,0,0,1,0,0,0,0,0,0,1,0,0,0,0,0,0,0,0,1,0,0,0,0,0,1,0,0,0,0,0,0,0,0,0,1,0,0,0,1,0,0,0,0,1,0,0,0,0,0,0,0,0,0,0,0,0,0,0,0,0,0,0,1,0,0,0,0,0,0,0,0,0,0,0,0,0,0,0,1,0,0,0,0,1,0,0,0,1,0,0,0,0,1,0,0,0,0,0,0,0,0,1,0,1,0,0,0,0,0,0,0,0,0,0,0,0,0,1,0,0,0,0,1,0
4.30406509320417,9.093806555720231,3,3,7,5,2007,2007,0.0,4,3,4,3,3,6,3.2188758248682006,1,0.0,7.183111701743281,1340.0,5,1,7.201170883281678,0.0,0.0,7.201170883281678,0.0,0.0,2,0,3,1,4,6,8,0,0,2007.0,3,2.0,396.0,3,3,2,4.61512051684126,3.4339872044851463,0.0,0.0,0.0,0,0.0,8,2007,7.893945138235959,2.0,0,0,1,1,0,0,0,0,0,0,1,0,0,0,0,0,0,0,0,0,0,0,0,0,1,0,0,1,0,0,0,1,1,0,0,0,0,0,1,0,0,0,0,0,0,0,0,1,0,0,0,0,0,0,0,0,0,0,0,0,0,0,0,0,0,0,1,0,0,0,0,0,0,0,0,1,0,0,0,0,0,1,0,0,0,0,0,0,1,0,0,0,0,0,0,1,0,0,0,0,1,0,0,0,0,0,0,0,0,0,0,0,0,0,0,0,0,0,0,1,0,0,0,0,0,0,0,0,0,0,0,0,0,0,0,1,0,0,0,0,1,0,0,0,1,0,0,0,0,1,0,0,0,0,0,0,0,0,1,0,1,0,0,0,0,0,0,0,0,0,0,0,1,0,0,0,0,0,0,0,1
4.31748811353631,8.967631665167133,4,3,6,7,1978,1978,5.318119993844216,3,3,3,3,1,5,5.3471075307174685,1,0.0,6.139884552226255,672.0,3,1,6.511745329644728,6.591673732008658,0.0,7.244941546337007,0.0,0.0,1,1,3,1,3,6,8,1,3,1978.0,3,2.0,440.0,3,3,2,0.0,0.0,0.0,0.0,0.0,0,0.0,3,2006,7.636752112435779,1.5,28,28,1,1,1,0,0,0,0,0,0,0,0,0,0,1,0,0,0,0,0,0,0,0,1,0,0,1,0,0,0,1,1,0,0,0,0,0,1,0,0,0,0,0,0,0,0,0,0,0,0,0,0,0,0,0,0,0,1,0,0,0,0,0,0,0,1,0,0,0,0,0,0,0,0,1,0,0,0,0,0,1,0,0,0,0,0,0,0,0,0,1,0,0,0,0,0,1,0,0,1,0,0,0,0,0,0,0,0,0,0,0,0,1,0,0,0,0,0,0,0,0,0,0,0,0,0,0,1,0,0,0,0,0,0,0,0,0,0,1,0,0,0,1,0,0,0,0,0,1,0,0,0,0,0,0,0,0,1,0,1,0,0,0,0,0,0,0,0,0,0,0,0,0,1,0,0,0,0,1,0
4.465908118654584,10.017753298664472,3,3,6,6,1918,1950,0.0,3,3,4,3,1,4,7.029087564149662,1,0.0,5.493061443340548,1370.0,3,0,7.223295679562314,7.134890851565884,0.0,7.872836175025724,1.0,0.0,2,1,4,1,3,10,8,1,4,1918.0,1,3.0,864.0,3,3,0,0.0,0.0,0.0,0.0,0.0,0,0.0,11,2007,8.292798858200374,3.5,89,57,1,1,1,0,0,0,0,0,0,0,0,0,0,0,1,0,0,0,0,0,0,0,1,0,0,1,0,0,0,1,1,0,0,0,0,0,1,0,0,0,0,0,0,1,0,0,0,0,0,0,0,0,0,0,0,0,0,0,0,0,0,0,0,1,0,0,0,0,0,0,0,0,0,1,0,0,0,0,0,1,0,0,0,0,0,0,0,0,0,1,0,0,0,0,0,1,0,0,1,0,0,0,0,0,0,0,0,0,0,0,0,0,0,0,0,0,0,0,1,0,0,0,0,0,0,0,0,0,0,0,0,0,1,0,0,0,0,0,1,0,1,0,0,0,0,0,0,0,1,0,0,0,1,0,0,0,0,0,0,0,0,0,1,0,0,0,0,0,0,0,0,0,1,0,0,0,0,1,0
4.110873864173311,9.007121989469242,4,3,5,6,1940,1950,0.0,3,3,3,3,1,5,5.746203190540153,1,0.0,6.09807428216624,756.0,2,0,6.6293632534374485,5.937536205082426,0.0,7.034387929915503,1.0,0.0,1,1,3,1,3,7,8,0,0,1940.0,1,1.0,240.0,3,3,1,0.0,0.0,0.0,0.0,0.0,0,0.0,4,2007,7.544861068658458,2.5,67,57,1,1,0,0,0,0,0,0,0,0,0,0,1,0,0,0,0,0,0,0,0,0,1,0,0,1,0,0,0,1,1,0,0,0,0,0,1,0,0,0,0,0,0,0,1,0,0,0,0,0,0,0,0,0,0,0,0,0,0,0,0,0,0,0,1,0,0,0,0,0,0,0,0,1,0,0,0,0,0,1,0,0,0,0,1,0,0,0,0,0,0,0,0,1,0,0,0,0,1,0,0,0,0,0,0,0,0,0,0,0,0,0,0,1,0,0,0,0,0,0,0,0,0,0,0,0,0,0,1,0,0,0,0,0,0,0,0,0,1,0,1,0,0,0,0,0,0,1,0,0,0,0,0,1,0,0,0,0,0,0,0,0,1,0,0,0,0,0,0,0,0,0,1,0,1,0,0,0,0
4.189654742026425,9.042040056544483,4,3,5,6,1968,1968,0.0,3,3,3,3,1,4,6.654152520183219,1,0.0,5.641907070938114,1056.0,5,1,6.963189985870238,0.0,0.0,6.963189985870238,1.0,0.0,1,0,3,1,3,6,8,1,2,1968.0,1,1.0,304.0,3,3,2,0.0,4.454347296253507,5.220355825078324,0.0,0.0,0,0.0,7,2010,7.655864017616056,2.0,42,42,1,1,1,0,0,0,0,0,1,0,0,0,0,0,0,0,0,0,0,0,0,0,1,0,0,1,0,0,0,1,1,0,0,0,0,0,1,0,0,0,0,0,0,0,0,0,0,0,0,1,0,0,0,0,0,0,0,0,0,0,0,0,0,0,1,0,0,0,0,0,0,0,0,1,0,0,0,0,0,1,0,0,0,0,0,0,1,0,0,0,0,0,0,1,0,0,0,0,1,0,0,0,0,0,0,0,0,0,0,0,0,0,0,0,0,0,0,1,0,0,0,0,0,0,0,0,0,0,0,0,0,0,0,1,0,0,0,0,1,0,0,1,0,0,0,0,0,1,0,0,0,0,0,0,0,0,1,0,1,0,0,0,0,0,0,0,0,0,0,0,0,0,1,0,0,0,0,1,0
4.3694478524670215,8.862341963516347,4,3,7,5,1997,1998,5.303304908059076,3,4,4,4,4,6,7.177782416195197,1,0.0,3.58351893845611,1344.0,5,1,7.20414929203594,0.0,0.0,7.20414929203594,2.0,0.0,2,0,2,2,3,8,8,0,0,1997.0,3,4.0,784.0,3,3,2,0.0,0.0,0.0,0.0,0.0,0,0.0,11,2008,7.896924656268864,4.0,11,10,1,1,0,0,0,0,0,0,0,0,0,0,0,0,0,0,0,0,1,0,0,0,0,1,0,1,0,0,0,1,1,0,0,0,0,0,1,0,0,0,0,0,0,0,0,0,0,0,1,0,0,0,0,0,0,0,0,0,0,0,0,0,0,0,1,0,0,0,0,0,0,0,0,1,0,0,0,0,0,0,0,1,0,0,0,0,0,0,0,0,1,0,0,1,0,0,0,0,1,0,0,0,0,0,0,0,0,0,0,0,0,0,0,0,0,0,0,1,0,0,0,0,0,0,0,0,0,0,0,0,0,0,0,1,0,0,0,1,0,0,0,0,1,0,0,0,0,1,0,0,0,0,0,0,0,0,1,0,1,0,0,0,0,0,0,0,0,0,0,0,0,0,1,0,0,1,0,0,0
4.394449154672439,9.719324300862802,3,3,6,7,1977,2000,4.844187086458591,4,3,4,3,1,5,7.1284959456800365,1,0.0,5.877735781779639,1602.0,4,1,7.3796321526095525,0.0,0.0,7.3796321526095525,0.0,1.0,2,0,3,1,4,8,8,1,3,1977.0,3,2.0,529.0,3,3,2,5.484796933490655,0.0,0.0,0.0,0.0,0,0.0,6,2009,8.07246736935477,2.5,32,9,1,1,1,0,0,0,0,0,1,0,0,0,0,0,0,0,0,0,0,0,0,0,1,0,0,1,0,0,0,1,1,0,0,0,1,0,0,0,0,0,0,0,0,0,0,0,0,0,0,0,0,1,0,0,0,0,0,0,0,0,0,0,0,0,1,0,0,0,0,0,0,0,0,1,0,0,0,0,0,1,0,0,0,0,0,0,1,0,0,0,0,0,0,1,0,0,0,0,1,0,0,0,0,0,0,0,0,0,0,0,1,0,0,0,0,0,0,0,0,0,0,0,0,0,0,1,0,0,0,0,0,0,0,0,0,0,0,0,0,1,0,1,0,0,0,0,0,1,0,0,0,0,0,0,0,0,1,0,1,0,0,0,0,0,0,0,0,0,0,0,0,0,1,0,0,0,0,1,0
4.61512051684126,9.987415012471414,4,2,5,5,1954,1954,0.0,3,3,3,3,1,1,0.0,1,0.0,6.8966943316227125,988.0,5,1,6.8966943316227125,0.0,0.0,6.8966943316227125,0.0,0.0,1,0,2,1,3,4,8,0,0,1954.0,2,2.0,520.0,3,3,0,0.0,0.0,0.0,0.0,0.0,0,0.0,2,2008,7.589335823170617,1.0,54,54,1,1,0,0,0,0,0,0,1,0,0,0,0,0,0,0,0,0,0,0,0,0,1,0,0,1,0,1,0,0,1,0,0,0,0,0,1,0,0,0,0,0,0,0,0,0,0,0,1,0,0,0,0,0,0,0,0,0,0,0,0,0,1,0,0,0,0,0,0,0,0,0,0,1,0,0,0,0,0,1,0,0,0,0,0,0,1,0,0,0,0,0,0,0,0,1,0,0,1,0,0,0,0,0,0,0,0,0,0,0,0,1,0,0,0,0,0,0,0,0,0,0,0,0,0,0,1,0,0,0,0,0,0,0,0,0,0,0,1,0,0,1,0,0,0,0,0,1,0,0,0,0,1,0,0,0,0,0,1,0,0,0,0,0,0,0,0,0,0,0,0,0,1,0,0,0,0,1,0
4.394449154672439,9.127067452782361,4,3,8,5,1998,1998,6.161207321695077,4,3,4,3,1,6,6.894670039433482,1,0.0,6.184148890937483,1470.0,4,1,7.293697720601438,7.057036981697891,0.0,7.875119281040293,1.0,0.0,2,1,4,1,4,8,8,1,3,1998.0,3,3.0,696.0,3,3,2,0.0,4.204692619390966,0.0,0.0,0.0,0,0.0,6,2008,8.31898612539206,3.5,10,10,1,1,1,0,0,0,0,0,0,0,0,0,0,1,0,0,0,0,0,0,0,0,1,0,0,1,0,0,0,1,1,0,0,0,0,0,1,0,0,0,0,0,0,0,0,0,0,0,0,0,0,0,1,0,0,0,0,0,0,0,0,0,0,0,1,0,0,0,0,0,0,0,0,1,0,0,0,0,0,1,0,0,0,0,0,0,0,0,0,1,0,0,0,1,0,0,0,0,1,0,0,0,0,0,0,0,0,0,0,0,0,0,0,0,0,0,0,1,0,0,0,0,0,0,0,0,0,0,0,0,0,0,0,1,0,0,0,1,0,0,0,0,1,0,0,0,0,1,0,0,0,0,0,0,0,0,1,0,1,0,0,0,0,0,0,0,0,0,0,0,0,0,1,0,0,0,0,1,0
4.290459441148391,9.105090961257085,4,3,6,5,1956,1956,4.31748811353631,3,3,4,3,1,2,6.424869023905388,1,0.0,6.364750756851911,1196.0,4,1,7.087573705557973,0.0,0.0,7.087573705557973,1.0,0.0,1,0,2,1,3,6,8,1,4,1956.0,2,1.0,297.0,3,3,2,0.0,3.8066624897703196,0.0,0.0,0.0,0,0.0,5,2008,7.780303087908373,2.0,52,52,1,1,1,0,0,0,0,0,1,0,0,0,0,0,0,0,0,0,0,0,0,0,1,0,0,1,0,0,0,1,1,0,0,0,0,0,1,0,0,0,0,0,0,0,0,0,0,0,0,1,0,0,0,0,0,0,0,0,0,0,0,0,0,0,1,0,0,0,0,0,0,0,0,1,0,0,0,0,0,1,0,0,0,0,0,0,1,0,0,0,0,0,0,1,0,0,0,0,1,0,0,0,0,0,0,0,0,0,0,0,0,0,0,0,0,0,0,0,1,0,0,0,0,0,0,0,0,0,0,0,0,0,0,0,1,0,0,1,0,0,0,1,0,0,0,0,0,1,0,0,0,0,1,0,0,0,0,0,1,0,0,0,0,0,0,0,0,0,0,0,0,0,1,0,0,0,0,1,0
4.110873864173311,8.12533508671429,4,3,7,8,1946,1992,0.0,3,4,3,3,1,1,0.0,1,0.0,6.480044561926653,651.0,4,1,6.56244409369372,6.52649485957079,0.0,7.237059026124737,0.0,0.0,1,1,3,1,3,6,8,2,4,1947.0,1,1.0,240.0,3,3,1,0.0,0.0,4.844187086458591,0.0,0.0,0,0.0,9,2009,7.621195162809845,1.5,63,17,1,1,1,0,0,0,0,0,0,0,0,0,0,1,0,0,0,0,0,0,0,0,0,1,0,1,0,1,0,0,1,0,0,0,0,0,1,0,0,0,0,0,0,0,0,0,0,0,0,0,0,0,0,0,1,0,0,0,0,0,0,0,0,0,1,0,0,0,0,0,0,0,0,1,0,0,0,0,0,1,0,0,0,0,0,0,0,0,0,1,0,0,0,1,0,0,0,0,1,0,0,0,0,0,0,0,0,0,0,0,0,1,0,0,0,0,0,0,0,0,0,0,0,0,0,0,1,0,0,0,0,0,0,0,0,0,0,0,1,0,0,1,0,0,0,0,0,1,0,0,0,0,0,0,0,0,1,0,0,0,0,0,1,0,0,0,0,0,0,0,0,0,1,0,0,0,0,1,0
4.212127597878484,9.45727857185611,4,2,7,5,1989,1989,4.983606621708336,4,3,4,3,4,6,7.325807502595773,1,0.0,0.0,1518.0,4,1,7.405495663199472,0.0,0.0,7.405495663199472,1.0,1.0,2,0,2,1,4,5,8,1,3,1989.0,3,2.0,569.0,3,3,2,4.394449154672439,0.0,0.0,0.0,5.983936280687191,0,0.0,8,2009,8.059276223305648,3.5,20,20,1,1,1,0,0,0,0,0,0,0,0,0,0,0,0,0,1,0,0,0,0,0,1,0,0,1,0,0,1,0,1,0,0,0,0,0,1,0,0,0,0,0,0,0,0,0,0,0,0,0,0,0,0,0,0,0,0,1,0,0,0,0,0,0,1,0,0,0,0,0,0,0,0,1,0,0,0,0,0,1,0,0,0,0,0,0,0,0,0,0,0,1,0,1,0,0,0,0,1,0,0,0,0,0,0,0,0,0,0,0,0,0,0,0,0,0,0,0,1,0,0,0,0,0,0,0,0,0,0,0,0,0,0,0,1,0,0,1,0,0,0,0,1,0,0,0,0,1,0,0,0,0,0,0,0,0,1,0,1,0,0,0,0,0,0,0,0,0,0,0,0,0,1,0,0,0,0,1,0
4.356708826689592,9.058819564334941,3,3,4,6,1957,1957,0.0,3,3,3,3,1,3,5.666426688112432,1,0.0,6.429719478039138,907.0,5,1,6.811244378601294,0.0,0.0,6.811244378601294,0.0,0.0,1,0,3,1,3,5,8,0,0,1964.0,1,1.0,352.0,3,3,2,0.0,0.0,0.0,0.0,0.0,0,0.0,7,2008,7.503840746698951,1.0,51,51,1,1,0,0,0,0,0,0,1,0,0,0,0,0,0,0,0,0,0,0,0,0,1,0,0,1,0,0,0,1,1,0,0,0,0,0,1,0,0,0,0,0,0,0,0,0,0,0,0,1,0,0,0,0,0,0,0,0,0,0,0,0,0,0,1,0,0,0,0,0,0,0,0,1,0,0,0,0,0,1,0,0,0,0,0,0,1,0,0,0,0,0,0,0,0,1,0,0,1,0,0,0,0,0,0,0,0,0,0,0,0,0,0,1,0,0,0,0,0,0,0,0,0,0,0,0,0,0,1,0,0,0,0,0,0,0,0,0,1,0,0,1,0,0,0,0,0,1,0,0,0,0,0,0,0,0,1,0,0,0,0,0,1,0,0,0,0,0,0,0,0,0,1,0,0,0,0,1,0
4.174387269895637,8.81922185757494,4,3,7,5,2007,2007,4.6913478822291435,4,3,4,3,1,6,6.499787040655854,1,0.0,6.300785794663244,1208.0,5,1,7.097548850614793,0.0,0.0,7.097548850614793,1.0,0.0,2,0,2,1,4,6,8,0,0,2007.0,2,2.0,628.0,3,3,2,4.663439094112067,4.007333185232471,0.0,0.0,0.0,0,0.0,9,2007,7.790282380703483,3.0,0,0,1,1,0,0,0,0,0,0,1,0,0,0,0,0,0,0,0,0,0,0,0,0,1,0,0,1,0,0,0,1,1,0,0,0,0,0,1,0,0,0,0,0,1,0,0,0,0,0,0,0,0,0,0,0,0,0,0,0,0,0,0,0,0,0,1,0,0,0,0,0,0,0,0,1,0,0,0,0,0,1,0,0,0,0,0,0,1,0,0,0,0,0,0,1,0,0,0,0,1,0,0,0,0,0,0,0,0,0,0,0,0,0,0,0,0,0,0,1,0,0,0,0,0,0,0,0,0,0,0,0,0,0,0,1,0,0,0,1,0,0,0,0,1,0,0,0,0,1,0,0,0,0,0,0,0,0,1,0,1,0,0,0,0,0,0,0,0,0,0,0,1,0,0,0,0,0,0,0,1
4.875197323201151,9.346443454968522,3,3,6,5,1988,1988,0.0,3,3,4,3,2,6,6.913737350659685,1,0.0,5.961005339623274,1392.0,3,1,7.253470382684528,0.0,0.0,7.253470382684528,1.0,0.0,2,0,3,1,4,6,8,1,3,1988.0,1,2.0,576.0,3,3,2,0.0,0.0,5.135798437050262,0.0,0.0,0,0.0,3,2009,7.9391588179567965,3.0,21,21,1,1,1,0,0,0,0,0,1,0,0,0,0,0,0,0,0,0,0,0,0,0,1,0,0,1,0,0,0,1,1,0,1,0,0,0,0,0,0,0,0,0,0,0,0,0,0,0,0,0,0,0,0,0,0,0,0,0,0,0,1,0,0,0,1,0,0,0,0,0,0,0,0,1,0,0,0,0,0,1,0,0,0,0,0,0,1,0,0,0,0,0,0,1,0,0,0,0,1,0,0,0,0,0,0,0,0,0,0,0,0,1,0,0,0,0,0,0,0,0,0,0,0,0,0,0,1,0,0,0,0,0,0,0,0,0,0,0,1,0,0,1,0,0,0,0,0,1,0,0,0,0,0,0,0,0,1,0,1,0,0,0,0,0,0,0,0,0,0,0,0,0,1,0,0,0,0,1,0
3.091042453358316,7.427144133408616,4,3,6,5,1971,1971,5.4510384535657,3,3,3,3,1,5,5.961005339623274,1,0.0,4.574710978503383,483.0,3,1,6.182084906716632,6.22455842927536,0.0,6.895682697747868,0.0,0.0,1,1,2,1,3,4,8,0,0,1971.0,1,1.0,264.0,3,3,2,0.0,0.0,0.0,0.0,0.0,0,0.0,7,2008,7.293697720601438,1.5,37,37,1,1,0,0,0,1,0,0,0,0,0,0,0,0,0,0,0,0,0,0,0,0,0,1,0,1,0,0,0,1,1,0,0,0,0,0,1,0,0,1,0,0,0,0,0,0,0,0,0,0,0,0,0,0,0,0,0,0,0,0,0,0,0,0,1,0,0,0,0,0,0,0,0,1,0,0,0,0,0,0,0,0,1,0,0,0,0,0,0,1,0,0,0,1,0,0,0,0,1,0,0,0,0,0,0,0,0,0,0,0,0,1,0,0,0,0,0,0,0,0,0,0,0,0,0,0,1,0,0,0,0,0,0,0,0,0,0,1,0,0,0,1,0,0,0,0,0,1,0,0,0,0,0,0,0,0,1,0,0,0,0,0,1,0,1,0,0,0,0,0,0,0,0,1,0,0,0,0,0
4.110873864173311,8.628197749459149,3,3,6,7,1920,1998,0.0,3,3,3,3,1,1,0.0,1,0.0,6.804614520062624,901.0,4,1,6.9930151229329605,4.709530201312334,0.0,7.089243155027514,0.0,0.0,1,0,4,1,3,7,8,0,0,0.0,0,0.0,0.0,0,0,0,0.0,4.59511985013459,0.0,0.0,0.0,0,0.0,9,2008,7.649692623711514,1.0,88,10,0,1,0,0,0,0,0,0,0,0,0,0,1,0,0,0,0,0,0,0,0,0,0,1,0,1,1,0,0,0,1,0,0,0,0,0,1,0,0,0,0,0,0,0,0,0,0,0,0,0,0,0,0,0,1,0,0,0,0,0,0,0,0,1,0,0,0,0,0,0,0,0,0,1,0,0,0,0,0,1,0,0,0,0,1,0,0,0,0,0,0,0,0,1,0,0,0,0,1,0,0,0,0,0,0,0,0,0,0,0,0,0,0,1,0,0,0,0,0,0,0,0,0,0,0,0,0,0,1,0,0,0,0,0,0,0,0,0,1,0,1,0,0,0,0,0,0,1,0,0,0,0,0,0,0,0,1,0,0,0,0,0,0,1,0,0,0,1,0,0,0,0,0,1,0,0,0,0,0
3.2188758248682006,7.560601162768557,4,3,5,5,1971,1971,5.932245187448011,3,3,3,3,1,5,6.156978985585555,1,0.0,5.68697535633982,765.0,5,1,6.641182169740591,6.398594934535208,0.0,7.2196420401307355,1.0,0.0,1,1,2,1,3,6,7,0,0,1971.0,1,2.0,440.0,3,3,2,5.484796933490655,3.6109179126442243,0.0,0.0,0.0,0,0.0,8,2007,7.664346632098617,2.5,36,36,1,1,0,0,0,1,0,0,0,0,0,0,0,0,0,0,0,0,0,0,0,0,0,1,0,1,0,0,0,1,1,0,0,0,0,0,1,0,0,1,0,0,0,0,0,0,0,0,0,0,0,0,0,0,0,0,0,0,0,0,0,0,0,0,1,0,0,0,0,0,0,0,0,1,0,0,0,0,0,0,0,0,0,1,0,0,0,0,0,1,0,0,0,1,0,0,0,0,1,0,0,0,0,0,0,0,0,0,0,0,0,1,0,0,0,0,0,0,0,0,0,0,0,0,0,0,1,0,0,0,0,0,0,0,0,0,0,1,0,0,0,1,0,0,0,0,0,1,0,0,0,0,0,0,0,0,1,0,0,0,0,0,1,0,0,0,0,0,0,0,0,0,1,0,0,0,0,1,0
4.61512051684126,9.290998274993637,3,3,6,5,1997,1998,0.0,3,3,4,3,1,1,0.0,1,0.0,6.831953565565855,926.0,5,1,6.831953565565855,6.520621127558696,0.0,7.380879035564116,0.0,0.0,2,1,3,1,3,7,8,1,3,1997.0,3,2.0,470.0,3,3,2,0.0,3.6109179126442243,0.0,0.0,0.0,0,0.0,7,2008,7.836369760545124,2.5,11,10,1,1,1,0,0,0,0,0,0,0,0,0,0,1,0,0,0,0,0,0,0,0,1,0,0,1,0,0,0,1,1,0,1,0,0,0,0,0,0,0,0,0,0,0,0,1,0,0,0,0,0,0,0,0,0,0,0,0,0,0,0,0,0,0,1,0,0,0,0,0,0,0,0,1,0,0,0,0,0,1,0,0,0,0,0,0,0,0,0,1,0,0,0,1,0,0,0,0,1,0,0,0,0,0,0,0,0,0,0,0,0,0,0,0,0,0,0,1,0,0,0,0,0,0,0,0,0,0,0,0,0,0,0,1,0,0,0,0,1,0,0,0,1,0,0,0,0,1,0,0,0,0,0,0,0,0,1,0,1,0,0,0,0,0,0,0,0,0,0,0,0,0,1,0,0,0,0,1,0
3.091042453358316,7.544861068658458,4,3,4,7,1972,1972,0.0,3,4,4,3,3,5,6.206575926724928,1,0.0,4.912654885736052,630.0,4,1,6.447305862541213,0.0,0.0,6.447305862541213,1.0,0.0,1,0,1,1,3,3,8,0,0,0.0,0,0.0,0.0,0,0,2,4.48863636973214,0.0,0.0,0.0,0.0,0,0.0,6,2008,7.13966033596492,2.0,36,36,0,1,0,0,0,0,1,0,0,0,0,0,0,0,0,0,0,0,0,0,0,0,0,1,0,1,0,0,0,1,1,0,0,0,0,0,1,0,0,0,0,0,0,0,0,0,0,1,0,0,0,0,0,0,0,0,0,0,0,0,0,0,0,0,1,0,0,0,0,0,0,0,0,1,0,0,0,0,0,0,0,0,1,0,0,0,0,0,0,0,1,0,0,1,0,0,0,0,1,0,0,0,0,0,0,0,0,0,0,0,1,0,0,0,0,0,0,0,0,0,0,0,0,0,0,1,0,0,0,0,0,0,0,0,0,0,0,0,1,0,0,1,0,0,0,0,0,1,0,0,0,0,0,0,0,0,1,0,0,0,0,0,0,1,0,0,0,0,0,0,0,0,1,0,0,0,0,1,0
3.784189633918261,9.275003885301905,2,3,7,6,1996,1996,0.0,4,3,4,3,3,6,5.955837369464831,5,5.84354441703136,4.2626798770413155,799.0,5,1,6.71901315438526,6.727431724850855,0.0,7.415776975415394,1.0,0.0,2,1,3,1,4,6,8,1,3,1996.0,2,2.0,550.0,3,3,2,5.0689042022202315,4.127134385045092,0.0,0.0,0.0,0,0.0,4,2009,7.8083230503910555,3.5,13,13,1,1,1,0,0,0,0,0,0,0,0,0,0,1,0,0,0,0,0,0,0,0,1,0,0,1,0,0,0,1,1,0,0,1,0,0,0,0,0,0,0,0,1,0,0,0,0,0,0,0,0,0,0,0,0,0,0,0,0,0,0,0,0,0,0,0,1,0,0,0,0,0,0,1,0,0,0,0,0,1,0,0,0,0,0,0,0,0,0,1,0,0,0,1,0,0,0,0,1,0,0,0,0,0,0,0,0,0,0,0,0,0,0,0,0,0,0,1,0,0,0,0,0,0,0,0,0,0,0,0,0,0,0,1,0,0,0,0,1,0,0,0,1,0,0,0,0,1,0,0,0,0,0,0,0,0,1,0,1,0,0,0,0,0,0,0,0,0,0,1,0,0,0,0,0,0,0,1,0
3.713572066704308,8.38958706681109,4,3,6,8,1920,1950,0.0,3,3,2,3,1,1,0.0,1,0.0,6.47543271670409,648.0,3,1,6.5998704992128365,5.953243334287785,0.0,7.020190708311925,0.0,0.0,1,0,2,1,3,6,8,0,0,1990.0,1,2.0,440.0,3,3,2,0.0,0.0,0.0,0.0,0.0,0,0.0,10,2006,7.4770384723196965,1.0,86,56,1,1,0,0,0,0,0,0,0,0,0,0,1,0,0,0,0,0,0,0,0,0,0,1,0,1,0,0,0,1,1,0,0,0,0,0,1,0,0,0,0,0,0,0,0,0,0,0,0,0,0,0,0,0,1,0,0,0,0,0,0,0,0,0,1,0,0,0,0,0,0,0,0,1,0,0,0,0,0,1,0,0,0,0,1,0,0,0,0,0,0,0,0,1,0,0,0,0,1,0,0,0,0,0,0,0,0,0,0,0,0,0,0,0,0,0,1,0,0,0,0,0,0,0,0,0,0,0,0,0,0,0,1,0,0,0,0,0,1,0,1,0,0,0,0,0,0,1,0,0,0,0,1,0,0,0,0,0,0,0,0,0,1,0,0,0,0,0,0,0,0,0,1,0,0,0,0,1,0
3.9318256327243257,8.699681400989514,4,3,6,7,1926,2004,0.0,4,3,3,3,1,1,0.0,1,0.0,6.785587645007929,884.0,4,1,6.807934943699926,0.0,0.0,6.807934943699926,0.0,0.0,1,0,2,1,3,4,8,0,0,1926.0,1,1.0,180.0,3,3,2,0.0,0.0,4.663439094112067,0.0,0.0,0,0.0,1,2009,7.489412083508719,1.0,83,5,1,1,0,0,0,0,0,0,0,0,0,1,0,0,0,0,0,0,0,0,0,0,0,1,0,1,0,0,0,1,1,0,0,0,0,0,1,0,0,0,1,0,0,0,0,0,0,0,0,0,0,0,0,0,0,0,0,0,0,0,0,0,0,0,1,0,0,0,0,0,0,0,0,1,0,0,0,0,0,1,0,0,0,0,0,1,0,0,0,0,0,0,0,1,0,0,0,0,1,0,0,0,0,0,0,0,0,0,0,0,0,0,0,0,0,0,0,0,1,0,0,0,0,0,0,0,0,0,0,0,0,0,0,0,1,0,0,0,1,0,0,0,1,0,0,0,0,1,0,0,0,0,0,0,0,0,1,0,0,0,0,0,1,0,0,0,0,0,0,0,0,0,1,0,0,0,0,1,0
3.713572066704308,8.361941906144946,4,3,5,6,1913,2002,0.0,3,3,3,3,1,2,5.902633333401366,1,0.0,4.330733340286331,440.0,3,0,6.543911845564792,0.0,0.0,6.543911845564792,0.0,0.0,1,0,2,1,4,4,8,1,4,1990.0,1,1.0,352.0,4,3,1,0.0,0.0,3.5553480614894135,0.0,0.0,0,0.0,3,2007,7.034387929915503,1.0,94,5,1,1,1,0,0,0,0,0,0,1,0,0,0,0,0,0,0,0,0,0,0,0,1,0,0,1,0,0,0,1,1,0,0,0,0,0,1,0,0,0,0,0,0,1,0,0,0,0,0,0,0,0,0,0,0,0,0,0,0,0,0,0,0,0,1,0,0,0,0,0,0,0,0,1,0,0,0,0,0,1,0,0,0,0,0,0,1,0,0,0,0,0,0,1,0,0,0,0,1,0,0,0,0,0,0,0,0,0,0,0,0,0,0,0,0,0,0,0,0,1,0,0,0,0,0,0,0,0,0,0,0,0,1,0,0,0,0,0,1,0,0,0,1,0,0,0,0,1,0,0,0,0,0,0,0,0,1,0,0,0,0,0,1,0,0,0,0,0,0,0,0,0,1,0,0,0,0,1,0
4.219507705176107,9.42181611842271,4,3,6,8,1920,2000,0.0,3,3,3,2,2,1,0.0,1,0.0,6.529418838262226,684.0,4,1,6.529418838262226,6.240275845170769,0.0,7.087573705557973,0.0,0.0,1,0,3,1,4,7,8,0,0,2005.0,1,2.0,528.0,3,3,2,0.0,3.8501476017100584,0.0,0.0,0.0,0,6.68586094706836,8,2009,7.53955882930103,1.0,89,9,1,1,0,0,0,0,0,0,0,0,0,0,1,0,0,0,0,0,0,0,0,0,1,0,0,1,0,0,0,1,1,0,1,0,0,0,0,0,0,0,0,0,0,0,1,0,0,0,0,0,0,0,0,0,0,0,0,0,0,0,0,0,0,0,1,0,0,0,0,0,0,0,0,1,0,0,0,0,0,1,0,0,0,0,1,0,0,0,0,0,0,0,0,1,0,0,0,0,1,0,0,0,0,0,0,0,0,0,0,0,0,0,0,0,0,0,0,0,1,0,0,0,0,0,0,0,0,0,0,0,0,0,0,0,1,0,0,0,1,0,1,0,0,0,0,0,0,1,0,0,0,0,0,0,0,0,1,0,0,0,0,0,1,0,0,0,0,0,1,0,0,0,0,0,0,0,0,1,0
4.663439094112067,9.644198554585564,4,3,10,5,2008,2008,5.303304908059076,5,3,5,3,4,6,7.477604243197589,5,6.29156913955832,6.670766320845874,3094.0,5,1,7.784473235736469,0.0,0.0,7.784473235736469,1.0,0.0,2,0,2,1,5,10,8,2,4,2008.0,3,3.0,672.0,3,3,2,0.0,4.290459441148391,0.0,0.0,5.14166355650266,0,0.0,4,2009,8.61195776786066,3.0,1,1,1,1,1,0,0,0,0,0,1,0,0,0,0,0,0,0,0,0,0,0,0,0,1,0,0,1,0,0,0,1,1,0,0,0,0,0,1,0,0,0,0,0,0,0,0,0,0,0,0,0,0,0,0,1,0,0,0,0,0,0,0,0,0,0,1,0,0,0,0,0,0,0,0,1,0,0,0,0,0,1,0,0,0,0,0,0,1,0,0,0,0,0,0,0,0,1,0,0,1,0,0,0,0,0,0,0,0,0,0,0,0,0,0,0,0,0,0,1,0,0,0,0,0,0,0,0,0,0,0,0,0,0,0,1,0,0,0,0,0,1,0,0,1,0,0,0,0,1,0,0,0,0,0,0,0,0,1,0,1,0,0,0,0,0,0,0,0,0,0,0,0,0,1,0,0,0,0,1,0
4.532599493153256,9.401704256754366,4,3,4,4,1955,1955,5.602118820879701,3,3,3,3,1,5,4.897839799950911,1,0.0,7.176254532017144,1440.0,3,0,7.273092595999522,0.0,0.0,7.273092595999522,0.0,0.0,2,0,4,2,2,8,8,0,0,0.0,0,0.0,0.0,0,0,2,0.0,0.0,0.0,0.0,0.0,0,0.0,9,2008,7.9658927350845286,2.0,53,53,0,1,0,0,0,0,0,0,0,0,0,0,0,0,0,0,0,0,1,0,0,0,1,0,0,1,0,0,0,1,1,0,0,0,0,0,1,0,0,0,0,0,0,0,1,0,0,0,0,0,0,0,0,0,0,0,0,0,0,0,0,0,0,0,1,0,0,0,0,0,0,0,0,1,0,0,0,0,0,0,0,1,0,0,0,0,1,0,0,0,0,0,0,1,0,0,0,0,1,0,0,0,0,0,0,0,0,0,0,0,0,0,0,0,0,0,0,1,0,0,0,0,0,0,0,0,0,0,0,0,0,0,0,1,0,0,0,1,0,0,0,1,0,0,0,0,0,1,0,0,0,0,0,1,0,0,0,0,0,0,0,0,0,1,0,0,0,0,0,0,0,0,1,0,0,0,0,1,0
3.970291913552122,8.738895704934043,4,3,5,7,1930,1992,0.0,3,3,3,3,1,1,0.0,1,0.0,6.983789965258135,1078.0,3,1,7.029087564149662,6.100318952020064,0.0,7.3613754289773485,0.0,0.0,2,0,3,1,3,8,8,1,4,1930.0,1,2.0,360.0,3,3,1,0.0,0.0,0.0,0.0,0.0,0,0.0,6,2008,7.883069351305753,2.0,78,16,1,1,1,0,0,0,0,0,0,0,0,0,1,0,0,0,0,0,0,0,0,0,0,1,0,1,0,0,0,1,1,0,0,0,0,0,1,0,0,0,1,0,0,0,0,0,0,0,0,0,0,0,0,0,0,0,0,0,0,0,0,0,0,0,1,0,0,0,0,0,0,0,0,1,0,0,0,0,0,1,0,0,0,0,1,0,0,0,0,0,0,0,0,1,0,0,0,0,1,0,0,0,0,0,0,0,0,0,0,0,0,0,0,1,0,0,0,0,0,0,0,0,0,0,0,0,0,0,1,0,0,0,0,0,0,0,0,0,1,0,0,0,1,0,0,0,0,1,0,0,0,0,0,0,0,0,1,0,0,0,0,0,1,0,0,0,0,0,0,0,0,0,1,0,0,0,0,1,0
3.9889840465642745,8.274611946209552,4,3,7,5,2006,2007,4.290459441148391,4,3,5,3,3,1,0.0,1,0.0,7.138073034044347,1258.0,5,1,7.138073034044347,0.0,0.0,7.138073034044347,0.0,0.0,2,0,2,1,4,6,8,1,4,2007.0,3,3.0,648.0,3,3,2,4.976733742420574,2.833213344056216,0.0,0.0,0.0,0,0.0,6,2007,7.830822995135316,2.0,1,0,1,1,1,1,0,0,0,0,0,0,0,0,0,0,0,0,0,0,0,0,0,0,1,0,0,1,0,0,0,1,1,0,0,0,0,0,1,1,0,0,0,0,0,0,0,0,0,0,0,0,0,0,0,0,0,0,0,0,0,0,0,0,0,0,1,0,0,0,0,0,0,0,0,1,0,0,0,0,0,0,0,0,0,1,0,0,1,0,0,0,0,0,0,1,0,0,0,0,1,0,0,0,0,0,0,0,0,0,0,0,0,0,0,0,0,0,0,0,0,1,0,0,0,0,0,0,0,0,0,0,0,0,0,0,0,1,0,1,0,0,0,0,1,0,0,0,0,1,0,0,0,0,0,0,0,0,1,0,1,0,0,0,0,0,0,0,0,0,0,0,1,0,0,0,0,0,0,0,1
4.2626798770413155,9.076923258535832,4,3,7,5,1994,1995,0.0,4,4,4,3,1,6,6.466144724237619,1,0.0,5.6131281063880705,915.0,5,1,6.839476438228843,6.883462586413092,0.0,7.554334823725748,1.0,0.0,2,1,4,1,4,8,8,1,3,1994.0,1,2.0,493.0,3,3,2,4.976733742420574,4.897839799950911,0.0,0.0,0.0,0,0.0,7,2008,7.945909598613133,3.5,14,13,1,1,1,0,0,0,0,0,0,0,0,0,0,1,0,0,0,0,0,0,0,0,1,0,0,1,0,0,0,1,1,0,0,0,0,0,1,0,0,0,0,0,1,0,0,0,0,0,0,0,0,0,0,0,0,0,0,0,0,0,0,0,0,0,1,0,0,0,0,0,0,0,0,1,0,0,0,0,0,1,0,0,0,0,0,0,0,0,0,1,0,0,0,1,0,0,0,0,1,0,0,0,0,0,0,0,0,0,0,0,0,0,0,0,0,0,0,1,0,0,0,0,0,0,0,0,0,0,0,0,0,0,0,1,0,0,0,0,1,0,0,0,1,0,0,0,0,1,0,0,0,0,0,0,0,0,1,0,1,0,0,0,0,0,0,0,0,0,0,0,0,0,1,0,0,0,0,1,0
4.30406509320417,9.1958356857733,4,3,6,5,1956,1956,0.0,3,3,3,3,1,1,0.0,1,0.0,7.270312886079025,1436.0,2,1,7.432483807917119,0.0,0.0,7.432483807917119,0.0,0.0,1,0,3,1,3,7,8,1,4,1956.0,1,2.0,480.0,3,3,2,0.0,0.0,0.0,0.0,0.0,0,0.0,11,2009,8.047509510981422,1.0,53,53,1,1,1,0,0,0,0,0,1,0,0,0,0,0,0,0,0,0,0,0,0,0,1,0,0,1,0,0,0,1,1,0,1,0,0,0,0,0,0,0,0,0,0,0,1,0,0,0,0,0,0,0,0,0,0,0,0,0,0,0,0,0,0,0,1,0,0,0,0,0,0,0,0,1,0,0,0,0,0,1,0,0,0,0,0,0,1,0,0,0,0,0,0,0,0,1,0,0,1,0,0,0,0,0,0,0,0,0,0,0,0,0,0,0,0,0,0,0,1,0,0,0,0,0,0,0,0,0,0,0,0,0,0,0,1,0,0,0,1,0,0,1,0,0,0,0,0,1,0,0,0,0,0,0,0,0,1,0,1,0,0,0,0,0,1,0,0,0,0,0,0,0,0,0,0,0,0,1,0
4.927253685157205,9.710691327448153,3,3,6,6,1966,2002,0.0,4,3,3,3,1,5,5.5134287461649825,3,6.570882962339584,6.324358962381311,1517.0,5,1,7.543802867501509,0.0,0.0,7.543802867501509,0.0,0.0,2,1,2,1,4,6,5,1,4,1966.0,3,2.0,578.0,3,3,2,0.0,0.0,0.0,0.0,0.0,0,0.0,6,2010,8.133293861222633,2.5,44,8,1,1,1,0,0,0,0,0,1,0,0,0,0,0,0,0,0,0,0,0,0,0,1,0,0,1,0,0,0,1,1,0,1,0,0,0,0,0,0,0,0,0,0,0,0,0,0,0,0,1,0,0,0,0,0,0,0,0,0,0,0,0,0,0,0,1,0,0,0,0,0,0,0,1,0,0,0,0,0,1,0,0,0,0,0,0,1,0,0,0,0,0,0,1,0,0,0,0,1,0,0,0,0,0,0,0,0,0,1,0,0,0,0,0,0,0,0,0,0,0,0,0,0,0,0,0,0,0,0,0,1,0,0,0,0,0,0,0,1,0,0,1,0,0,0,0,0,1,0,0,0,0,0,0,0,0,1,0,1,0,0,0,0,0,0,0,0,0,0,0,0,0,1,0,0,0,0,1,0
4.189654742026425,9.32500744695431,3,3,7,5,1998,1999,0.0,4,3,4,3,1,1,0.0,1,0.0,6.836259277277067,930.0,4,1,6.863803391452954,6.836259277277067,0.0,7.54274354536855,0.0,0.0,2,1,4,1,4,10,8,1,3,1998.0,3,2.0,431.0,3,3,2,4.499809670330265,0.0,0.0,0.0,0.0,0,0.0,7,2006,7.943427767876373,2.5,8,7,1,1,1,0,0,0,0,0,0,0,0,0,0,1,0,0,0,0,0,0,0,0,1,0,0,1,0,0,0,1,1,0,1,0,0,0,0,0,0,0,0,0,0,0,0,1,0,0,0,0,0,0,0,0,0,0,0,0,0,0,0,0,0,0,1,0,0,0,0,0,0,0,0,1,0,0,0,0,0,1,0,0,0,0,0,0,0,0,0,1,0,0,0,1,0,0,0,0,1,0,0,0,0,0,0,0,0,0,0,0,0,0,0,0,0,0,0,1,0,0,0,0,0,0,0,0,0,0,0,0,0,0,0,1,0,0,0,0,1,0,0,0,1,0,0,0,0,1,0,0,0,0,0,0,0,0,1,0,1,0,0,0,0,0,0,0,0,0,0,0,0,0,1,0,0,0,0,1,0
3.9318256327243257,9.059633754551479,4,3,6,6,1937,1950,0.0,3,3,3,3,1,1,0.0,1,0.0,6.660575149839686,780.0,3,1,6.660575149839686,6.391917113392602,0.0,7.227662498728654,0.0,0.0,2,0,3,1,3,7,8,1,4,1937.0,1,1.0,198.0,3,3,0,0.0,0.0,0.0,0.0,0.0,0,0.0,6,2006,7.676473646389156,2.0,69,56,1,1,1,0,0,0,0,0,0,0,0,0,1,0,0,0,0,0,0,0,0,0,0,1,0,1,1,0,0,0,1,0,0,0,0,0,1,0,0,0,0,0,0,0,0,0,1,0,0,0,0,0,0,0,0,0,0,0,0,0,0,0,0,0,1,0,0,0,0,0,0,0,0,1,0,0,0,0,0,1,0,0,0,0,1,0,0,0,0,0,0,0,0,1,0,0,0,0,1,0,0,0,0,0,0,0,0,0,0,0,0,0,0,1,0,0,0,0,0,0,0,0,0,0,0,0,0,0,1,0,0,0,0,0,0,0,0,0,1,0,1,0,0,0,0,0,0,1,0,0,0,0,0,0,0,0,1,0,0,0,0,0,1,0,0,0,0,0,0,0,0,0,1,0,0,0,0,1,0
3.9318256327243257,8.699681400989514,4,3,3,7,1948,2002,0.0,3,4,3,3,1,5,5.805134968916488,1,0.0,5.765191102784844,649.0,5,1,6.522092798170152,6.22455842927536,0.0,7.076653815443951,0.0,0.0,1,1,2,1,3,6,8,0,0,1981.0,1,1.0,308.0,3,3,2,0.0,5.176149732573829,0.0,0.0,0.0,0,0.0,6,2007,7.513709247839705,1.5,59,5,1,1,0,0,0,0,0,0,0,0,0,0,1,0,0,0,0,0,0,0,0,0,0,1,0,1,0,0,0,1,1,0,0,0,0,0,1,0,0,0,0,0,0,0,0,0,0,0,0,0,0,0,0,0,1,0,0,0,0,0,0,0,0,0,1,0,0,0,0,0,0,0,0,1,0,0,0,0,0,1,0,0,0,0,1,0,0,0,0,0,0,0,0,1,0,0,0,0,1,0,0,0,0,0,0,0,0,0,0,0,0,0,0,1,0,0,0,0,0,0,0,0,0,0,0,0,0,0,1,0,0,0,0,0,0,0,0,0,1,0,0,1,0,0,0,0,0,1,0,0,0,0,0,0,0,0,1,0,0,0,0,0,1,0,0,0,0,0,0,0,0,0,1,0,0,0,0,1,0
4.2626798770413155,8.645586406184636,4,3,6,8,1930,2005,0.0,3,3,3,3,1,1,0.0,1,0.0,6.70196036600254,813.0,5,1,6.70196036600254,0.0,0.0,6.70196036600254,0.0,0.0,1,0,2,1,4,5,8,0,0,1932.0,1,1.0,270.0,2,2,0,0.0,4.736198448394496,0.0,0.0,0.0,0,0.0,6,2006,7.394493107219038,1.0,76,1,1,1,0,0,0,0,0,0,0,1,0,0,0,0,0,0,0,0,0,0,0,0,0,1,0,1,0,0,0,1,1,0,0,0,0,0,1,0,0,0,0,0,0,0,0,0,0,0,0,0,0,0,0,0,1,0,0,0,0,0,0,0,0,0,1,0,0,0,0,0,0,0,0,1,0,0,0,0,0,1,0,0,0,0,0,0,1,0,0,0,0,0,0,0,0,1,0,0,1,0,0,0,0,0,0,0,0,0,0,0,0,0,0,0,0,0,0,0,1,0,0,0,0,0,0,0,0,0,0,0,0,0,0,0,1,0,0,0,1,0,1,0,0,0,0,0,0,1,0,0,0,0,1,0,0,0,0,0,0,0,0,0,1,0,0,0,0,0,0,0,0,0,1,0,0,0,0,1,0
4.143134726391533,11.167077412430533,3,2,7,5,1975,1975,0.0,3,3,4,3,4,5,6.486160788944089,1,0.0,6.778784897685177,1533.0,3,1,7.335633981927201,0.0,0.0,7.335633981927201,1.0,0.0,2,0,2,1,4,5,8,2,3,1975.0,1,2.0,576.0,3,3,2,5.303304908059076,4.007333185232471,0.0,0.0,0.0,0,0.0,12,2006,8.028455164114252,3.0,31,31,1,1,1,0,0,0,0,0,1,0,0,0,0,0,0,0,0,0,0,0,0,0,1,0,0,1,0,0,1,0,1,0,0,0,0,0,1,0,0,0,0,1,0,0,0,0,0,0,0,0,0,0,0,0,0,0,0,0,0,0,0,0,0,0,1,0,0,0,0,0,0,0,0,1,0,0,0,0,0,1,0,0,0,0,0,0,1,0,0,0,0,0,0,1,0,0,0,0,0,0,0,0,0,0,1,0,0,0,0,0,0,0,0,0,1,0,0,0,0,0,0,0,0,0,0,0,0,0,0,0,1,0,0,0,0,0,0,0,1,0,0,1,0,0,0,0,0,1,0,0,0,0,0,0,0,0,1,0,1,0,0,0,0,0,0,0,0,0,0,0,0,0,1,0,0,0,0,1,0
4.454347296253507,9.1381996941985,3,3,6,5,1996,1997,3.7612001156935624,4,3,5,3,1,5,6.610696044717759,1,0.0,4.875197323201151,872.0,5,1,6.790097235513905,6.767343125265392,0.0,7.471363088187097,1.0,0.0,2,1,3,1,3,7,8,0,0,1996.0,3,2.0,422.0,3,3,2,4.976733742420574,4.812184355372417,0.0,0.0,0.0,0,0.0,7,2007,7.874358824729881,3.5,11,10,1,1,0,0,0,0,0,0,0,0,0,0,0,1,0,0,0,0,0,0,0,0,1,0,0,1,0,0,0,1,1,0,1,0,0,0,0,0,0,0,0,0,0,0,0,0,0,0,0,0,0,0,0,0,0,0,0,0,0,0,1,0,0,0,1,0,0,0,0,0,0,0,0,1,0,0,0,0,0,1,0,0,0,0,0,0,0,0,0,1,0,0,0,0,0,1,0,0,1,0,0,0,0,0,0,0,0,0,0,0,0,0,0,0,0,0,0,1,0,0,0,0,0,0,0,0,0,0,0,0,0,0,0,1,0,0,0,1,0,0,0,0,1,0,0,0,0,1,0,0,0,0,0,0,0,0,1,0,1,0,0,0,0,0,0,0,0,0,0,0,0,0,1,0,0,0,0,1,0
4.330733340286331,9.105090961257085,4,3,8,5,2008,2008,0.0,4,3,4,3,1,1,0.0,1,0.0,6.645090969505644,768.0,5,1,6.668228248417403,6.690842277418564,0.0,7.372118028337787,0.0,0.0,2,1,3,1,4,6,8,0,0,2008.0,2,2.0,676.0,3,3,2,0.0,3.4339872044851463,0.0,0.0,0.0,0,0.0,6,2009,7.765993079407675,2.5,1,1,1,1,0,0,0,0,0,0,0,0,0,0,0,1,0,0,0,0,0,0,1,0,0,0,0,1,0,0,0,1,1,0,0,0,0,0,1,0,0,0,0,0,0,0,0,0,0,0,0,0,0,0,0,0,0,0,0,0,1,0,0,0,0,0,1,0,0,0,0,0,0,0,0,1,0,0,0,0,0,1,0,0,0,0,0,0,0,0,0,1,0,0,0,1,0,0,0,0,1,0,0,0,0,0,0,0,0,0,0,0,0,0,0,0,0,0,0,1,0,0,0,0,0,0,0,0,0,0,0,0,0,0,0,1,0,0,0,0,1,0,0,0,1,0,0,0,0,1,0,0,0,0,0,0,0,0,1,0,1,0,0,0,0,0,0,0,0,0,0,0,0,0,1,0,0,0,0,1,0
4.1588830833596715,9.13755460225053,4,3,5,5,1976,1976,0.0,3,3,3,3,1,5,7.382124365737512,1,0.0,4.812184355372417,1728.0,3,1,7.455298485683291,0.0,0.0,7.455298485683291,2.0,0.0,2,0,4,2,3,8,8,0,0,1976.0,1,2.0,560.0,3,3,2,0.0,0.0,0.0,0.0,0.0,0,0.0,7,2006,8.148156439921625,4.0,30,30,1,1,0,0,0,0,0,0,0,0,0,0,0,0,0,0,0,0,1,0,0,0,1,0,0,1,0,0,0,1,1,0,0,0,0,0,1,0,0,0,0,0,0,0,0,0,0,0,1,0,0,0,0,0,0,0,0,0,0,0,0,0,0,0,1,0,0,0,0,0,0,0,0,1,0,0,0,0,0,0,0,1,0,0,0,0,1,0,0,0,0,0,0,1,0,0,0,0,1,0,0,0,0,0,0,0,0,0,0,0,0,0,0,0,1,0,0,0,0,0,0,0,0,0,0,0,0,0,0,0,1,0,0,0,0,0,0,0,1,0,0,1,0,0,0,0,0,1,0,0,0,0,0,0,0,0,1,0,0,0,0,0,1,0,0,0,0,0,0,0,0,0,1,0,0,0,1,0,0
4.394449154672439,9.169622538697624,4,3,7,6,1973,1973,5.771441123130016,3,3,3,3,1,5,6.821107472256465,1,0.0,5.7899601708972535,1242.0,2,1,7.1252830915107115,0.0,0.0,7.1252830915107115,0.0,0.0,1,1,3,1,3,6,8,1,3,1973.0,1,2.0,528.0,3,3,2,0.0,0.0,0.0,0.0,0.0,0,0.0,9,2007,7.818027938530729,1.5,34,34,1,1,1,0,0,0,0,0,1,0,0,0,0,0,0,0,0,0,0,0,0,0,1,0,0,1,0,0,0,1,1,0,0,0,0,0,1,0,0,0,0,0,0,0,0,0,0,0,0,0,0,1,0,0,0,0,0,0,0,0,0,0,0,0,1,0,0,0,0,0,0,0,0,1,0,0,0,0,0,1,0,0,0,0,0,0,1,0,0,0,0,0,0,0,0,1,0,0,1,0,0,0,0,0,0,0,0,0,0,0,0,1,0,0,0,0,0,0,0,0,0,0,0,0,0,0,1,0,0,0,0,0,0,0,0,0,0,1,0,0,0,1,0,0,0,0,0,1,0,0,0,0,0,0,0,0,1,0,1,0,0,0,0,0,0,0,0,0,0,0,0,0,1,0,0,0,0,1,0
3.5553480614894135,8.427706024914702,4,3,5,5,1916,1950,0.0,3,3,3,3,1,1,0.0,1,0.0,6.437751649736401,624.0,2,0,6.437751649736401,6.580639137284949,0.0,7.20414929203594,0.0,0.0,1,0,4,1,3,7,8,0,0,1916.0,1,3.0,513.0,2,2,2,0.0,0.0,4.574710978503383,0.0,0.0,0,0.0,5,2008,7.585281078639126,1.0,92,58,1,1,0,0,0,0,0,0,0,0,0,0,0,0,1,0,0,0,0,0,0,0,0,1,0,1,0,0,0,1,1,0,0,0,0,0,1,0,0,0,0,0,0,0,0,0,0,0,0,0,0,0,0,0,1,0,0,0,0,0,0,0,0,0,1,0,0,0,0,0,0,0,0,1,0,0,0,0,0,1,0,0,0,0,0,0,0,0,0,1,0,0,0,1,0,0,0,0,1,0,0,0,0,0,0,1,0,0,0,0,0,0,0,0,0,0,0,0,0,0,1,0,0,0,0,0,0,0,0,0,0,0,0,0,0,0,0,0,1,0,1,0,0,0,0,0,0,1,0,0,0,0,0,0,0,0,1,0,0,0,0,0,1,0,1,0,0,0,0,0,0,0,0,1,0,0,0,0,0
4.394449154672439,10.882339852663634,3,2,4,6,1954,1994,0.0,3,3,4,3,4,4,7.018401799069201,1,0.0,5.517452896464707,1364.0,5,1,7.416979621381154,0.0,0.0,7.416979621381154,1.0,0.0,1,0,2,1,4,6,7,2,4,1954.0,3,2.0,529.0,3,3,2,5.41610040220442,4.927253685157205,0.0,0.0,0.0,0,0.0,3,2008,8.01565761455734,2.0,54,14,1,1,1,0,0,0,0,0,1,0,0,0,0,0,0,0,0,0,0,0,0,0,1,0,0,1,0,0,1,0,1,0,0,1,0,0,0,0,0,0,0,1,0,0,0,0,0,0,0,0,0,0,0,0,0,0,0,0,0,0,0,0,0,0,1,0,0,0,0,0,0,0,0,1,0,0,0,0,0,1,0,0,0,0,0,0,1,0,0,0,0,0,1,0,0,0,0,0,0,0,0,0,1,0,0,0,0,0,0,0,0,0,0,0,1,0,0,0,0,0,0,0,0,0,0,0,0,0,0,0,1,0,0,0,0,0,0,0,1,0,0,1,0,0,0,0,0,1,0,0,0,0,0,0,0,0,1,0,1,0,0,0,0,0,0,0,0,0,0,0,0,0,1,0,0,0,0,1,0
4.110873864173311,8.537191877922927,4,3,8,7,1925,1996,0.0,3,4,3,3,1,1,0.0,1,0.0,6.3784261836515865,588.0,2,1,6.726233402358747,6.726233402358747,0.0,7.418780882750794,0.0,0.0,1,0,3,1,4,7,8,1,4,1925.0,1,1.0,228.0,3,3,2,5.262690188904886,4.1588830833596715,0.0,0.0,0.0,0,0.0,6,2008,7.720905251936779,1.0,83,12,1,1,1,0,0,0,0,0,0,0,0,0,0,0,1,0,0,0,0,0,0,0,0,1,0,1,0,0,0,1,1,0,0,0,0,0,1,0,0,0,0,0,0,0,0,0,0,0,0,0,0,0,0,0,1,0,0,0,0,0,0,0,0,0,1,0,0,0,0,0,0,0,0,1,0,0,0,0,0,1,0,0,0,0,0,0,0,0,0,1,0,0,0,0,0,1,0,0,1,0,0,0,0,0,0,0,0,0,0,0,0,0,0,0,0,0,1,0,0,0,0,0,0,0,0,0,0,0,0,0,0,0,0,0,0,1,0,0,1,0,0,0,1,0,0,0,0,1,0,0,0,0,0,0,0,0,1,0,0,0,0,0,1,0,0,0,0,0,0,0,0,0,1,0,0,0,0,1,0
3.970291913552122,8.855948534052018,3,3,5,4,1950,1950,5.087596335232384,3,3,3,3,1,2,5.225746673713202,1,0.0,6.263398262591624,709.0,3,1,6.887552571664617,5.41610040220442,0.0,7.093404625868766,1.0,0.0,1,0,3,1,4,5,8,1,3,1950.0,1,1.0,352.0,3,3,2,0.0,0.0,5.517452896464707,0.0,0.0,0,0.0,7,2009,7.556427969440253,2.0,59,59,1,1,1,0,0,0,0,0,0,0,0,0,1,0,0,0,0,0,0,0,0,0,1,0,0,1,1,0,0,0,1,0,1,0,0,0,0,0,0,0,1,0,0,0,0,0,0,0,0,0,0,0,0,0,0,0,0,0,0,0,0,0,0,0,1,0,0,0,0,0,0,0,0,1,0,0,0,0,0,1,0,0,0,0,1,0,0,0,0,0,0,0,0,1,0,0,0,0,1,0,0,0,0,0,0,0,0,0,0,0,0,0,0,1,0,0,0,0,0,0,0,0,0,0,0,0,0,0,1,0,0,0,0,0,0,0,1,0,0,0,0,1,0,0,0,0,0,1,0,0,0,0,0,0,0,0,1,0,0,0,0,0,1,0,0,0,0,0,0,0,0,0,1,0,0,0,0,1,0
4.330733340286331,8.987821625430815,3,3,8,5,2009,2009,4.709530201312334,4,3,4,3,1,6,6.300785794663244,1,0.0,5.666426688112432,832.0,5,1,6.725033642166843,7.00669522683704,0.0,7.568379267836522,1.0,0.0,2,1,3,1,3,8,8,0,0,2009.0,3,2.0,552.0,3,3,2,0.0,5.017279836814924,0.0,0.0,0.0,0,0.0,12,2009,7.92588031673756,3.5,0,0,1,1,0,0,0,0,0,0,0,0,0,0,0,1,0,0,0,0,0,0,1,0,0,0,0,1,0,0,0,1,1,0,0,0,0,0,1,0,0,0,0,0,0,0,0,0,0,0,0,0,0,0,0,0,0,0,0,0,1,0,0,0,0,0,0,0,0,0,1,0,0,0,0,1,0,0,0,0,0,1,0,0,0,0,0,0,0,0,0,1,0,0,0,1,0,0,0,0,1,0,0,0,0,0,0,0,0,0,0,0,0,0,0,0,0,0,0,1,0,0,0,0,0,0,0,0,0,0,0,0,0,0,0,1,0,0,0,0,0,1,0,0,1,0,0,0,0,1,0,0,0,0,0,0,0,0,1,0,0,0,1,0,0,0,0,0,0,0,0,0,1,0,0,0,0,0,0,0,1
4.110873864173311,8.881975184248867,4,3,7,9,1936,2007,0.0,4,4,4,4,1,5,5.860786223465865,4,5.351858133476067,0.0,560.0,5,1,6.3561076606958915,6.329720905522696,0.0,7.035268599281097,1.0,0.0,1,0,3,1,4,6,8,0,0,1971.0,2,2.0,576.0,3,3,2,5.54907608489522,0.0,0.0,0.0,0.0,0,0.0,4,2009,7.4360278163518485,2.0,73,2,1,1,0,0,0,0,0,0,0,0,0,0,0,0,1,0,0,0,0,0,0,0,1,0,0,1,0,0,0,1,1,0,0,0,0,0,1,0,0,0,0,0,0,0,0,0,0,0,0,0,0,0,0,0,0,1,0,0,0,0,0,0,0,1,0,0,0,0,0,0,0,0,0,1,0,0,0,0,0,1,0,0,0,0,0,0,0,0,0,1,0,0,0,1,0,0,0,0,1,0,0,0,0,0,0,0,0,0,0,0,0,0,0,0,0,0,0,0,1,0,0,0,0,0,0,0,0,0,0,0,0,0,0,0,1,0,0,0,1,0,0,0,1,0,0,0,0,1,0,0,0,0,0,0,0,0,1,0,0,0,0,0,1,0,0,0,0,0,0,0,0,0,1,0,0,0,0,1,0
4.110873864173311,9.021839764105513,3,3,5,5,1965,1965,0.0,3,3,3,3,1,3,6.317164686747284,4,5.7430031878094825,0.0,864.0,4,1,6.762729506931879,0.0,0.0,6.762729506931879,0.0,0.0,1,0,3,1,3,5,8,1,1,1965.0,1,1.0,360.0,3,3,2,0.0,0.0,5.4680601411351315,0.0,0.0,0,0.0,12,2009,7.455298485683291,1.0,44,44,1,1,1,0,0,0,0,0,1,0,0,0,0,0,0,0,0,0,0,0,0,0,1,0,0,1,0,0,0,1,1,0,0,0,0,0,1,0,0,0,0,0,0,0,0,0,0,0,0,0,0,0,0,0,0,0,1,0,0,0,0,0,0,0,1,0,0,0,0,0,0,0,0,1,0,0,0,0,0,1,0,0,0,0,0,0,1,0,0,0,0,0,0,1,0,0,0,0,1,0,0,0,0,0,0,0,0,0,0,0,0,0,0,1,0,0,0,0,0,0,0,0,0,0,0,0,0,0,1,0,0,0,0,0,0,0,0,0,1,0,0,1,0,0,0,0,0,1,0,0,0,0,0,0,0,0,1,0,0,0,0,0,1,0,0,0,0,0,0,0,0,0,1,0,0,0,0,1,0
4.31748811353631,9.391744841707654,3,2,6,7,1934,1995,0.0,3,3,3,3,1,2,5.7899601708972535,1,0.0,5.966146739123692,715.0,2,1,6.745236349484363,6.699500340161678,0.0,7.415175109613295,0.0,0.0,1,1,3,1,3,6,8,1,4,1939.0,1,1.0,240.0,3,3,2,0.0,0.0,0.0,0.0,0.0,0,0.0,8,2008,7.773173680482536,1.5,74,13,1,1,1,0,0,0,0,0,0,0,0,0,0,0,1,0,0,0,0,0,0,0,1,0,0,1,0,1,0,0,1,0,0,0,0,0,1,0,0,0,0,0,0,1,0,0,0,0,0,0,0,0,0,0,0,0,0,0,0,0,0,0,0,0,1,0,0,0,0,0,0,0,0,1,0,0,0,0,0,1,0,0,0,0,0,0,0,0,0,1,0,0,0,0,0,1,0,0,1,0,0,0,0,0,0,0,0,0,0,0,0,0,0,0,0,0,1,0,0,0,0,0,0,0,0,0,0,0,0,0,0,0,1,0,0,0,0,0,1,0,0,1,0,0,0,0,0,1,0,0,0,0,1,0,0,0,0,0,0,0,0,0,1,0,0,0,0,0,0,0,0,0,1,0,0,0,0,1,0
4.110873864173311,9.039670667922676,4,2,5,5,1978,1978,4.919980925828125,3,3,4,3,1,3,6.424869023905388,1,0.0,6.052089168924417,1040.0,3,1,6.947937068614969,0.0,0.0,6.947937068614969,0.0,0.0,2,0,3,1,3,5,8,0,0,0.0,0,0.0,0.0,0,0,2,0.0,0.0,0.0,0.0,0.0,0,0.0,8,2009,7.640603826393634,2.0,31,31,0,1,0,0,0,0,0,0,1,0,0,0,0,0,0,0,0,0,0,0,0,0,1,0,0,1,0,1,0,0,1,0,0,0,0,0,1,0,0,0,0,0,1,0,0,0,0,0,0,0,0,0,0,0,0,0,0,0,0,0,0,0,0,0,1,0,0,0,0,0,0,0,0,1,0,0,0,0,0,1,0,0,0,0,0,0,1,0,0,0,0,0,0,1,0,0,0,0,1,0,0,0,0,0,0,0,0,0,0,0,0,1,0,0,0,0,0,0,0,0,0,0,0,0,0,0,1,0,0,0,0,0,0,0,0,0,0,1,0,0,0,1,0,0,0,0,0,1,0,0,0,0,0,0,0,0,1,0,0,0,0,0,0,1,0,0,0,0,0,0,0,0,1,0,0,0,0,1,0
3.784189633918261,8.030409562130485,4,3,7,5,2004,2004,2.9444389791664403,4,3,4,3,1,1,0.0,1,0.0,7.226936018493289,1375.0,5,1,7.254884810077338,0.0,0.0,7.254884810077338,0.0,0.0,2,0,2,1,4,6,8,1,3,2004.0,3,2.0,398.0,3,3,2,4.976733742420574,3.044522437723423,0.0,0.0,0.0,0,0.0,5,2006,7.933796874815411,2.0,2,2,1,1,1,1,0,0,0,0,0,0,0,0,0,0,0,0,0,0,0,0,0,0,0,1,0,1,0,0,0,1,1,0,0,0,0,0,1,1,0,0,0,0,0,0,0,0,0,0,0,0,0,0,0,0,0,0,0,0,0,0,0,0,0,0,1,0,0,0,0,0,0,0,0,1,0,0,0,0,0,0,0,0,0,1,0,0,1,0,0,0,0,0,0,0,0,1,0,0,1,0,0,0,0,0,0,0,0,0,0,0,0,0,0,0,0,0,0,1,0,0,0,0,0,0,0,0,0,0,0,0,0,0,0,1,0,0,0,1,0,0,0,0,1,0,0,0,0,1,0,0,0,0,0,0,0,0,1,0,1,0,0,0,0,0,0,0,0,0,0,0,0,0,1,0,0,0,0,1,0
4.454347296253507,9.271341393533582,4,3,7,5,1970,1970,0.0,3,4,3,4,4,6,6.658011045870748,1,0.0,6.214608098422191,1277.0,3,1,7.15305163493748,0.0,0.0,7.15305163493748,1.0,0.0,1,0,2,1,3,5,8,1,1,1970.0,1,2.0,526.0,3,3,2,0.0,0.0,0.0,0.0,5.176149732573829,0,0.0,4,2007,7.845807502637805,2.0,37,37,1,1,1,0,0,0,0,0,1,0,0,0,0,0,0,0,0,0,0,0,0,0,1,0,0,1,0,0,0,1,1,0,0,0,0,0,1,0,0,0,0,0,0,0,0,0,0,0,0,1,0,0,0,0,0,0,0,0,0,0,0,0,0,0,1,0,0,0,0,0,0,0,0,1,0,0,0,0,0,1,0,0,0,0,0,0,1,0,0,0,0,0,1,0,0,0,0,0,0,0,0,0,1,0,0,0,0,0,0,0,0,0,0,0,1,0,0,0,0,0,0,0,0,0,0,0,0,0,0,0,1,0,0,0,0,0,0,0,1,0,0,1,0,0,0,0,0,1,0,0,0,0,0,0,0,0,1,0,1,0,0,0,0,0,0,0,0,0,0,0,0,0,1,0,0,0,0,1,0
4.382026634673881,9.15704507491796,4,3,5,7,1942,1995,5.41610040220442,3,3,3,3,1,2,5.958424693029782,1,0.0,5.8377304471659395,728.0,5,1,6.790097235513905,6.6293632534374485,0.0,7.405495663199472,0.0,0.0,1,1,3,1,4,7,8,2,4,1942.0,1,1.0,312.0,3,3,2,5.1298987149230735,0.0,0.0,0.0,0.0,0,0.0,6,2007,7.771910256435763,1.5,65,12,1,1,1,0,0,0,0,0,0,0,0,0,0,0,1,0,0,0,0,0,0,0,1,0,0,1,0,0,0,1,1,0,0,0,0,0,1,0,0,0,0,0,0,0,0,0,0,0,0,1,0,0,0,0,0,0,0,0,0,0,0,0,1,0,0,0,0,0,0,0,0,0,0,1,0,0,0,0,0,1,0,0,0,0,0,0,0,0,0,1,0,0,0,1,0,0,0,0,1,0,0,0,0,0,0,0,0,0,0,0,0,0,0,1,0,0,0,0,0,0,0,0,0,0,0,0,0,0,1,0,0,0,0,0,0,0,0,0,0,1,0,1,0,0,0,0,0,1,0,0,0,0,0,0,0,0,1,0,1,0,0,0,0,0,0,0,0,0,0,0,0,0,1,0,0,0,0,1,0
4.59511985013459,9.343909263897597,3,3,8,5,2006,2006,5.517452896464707,4,3,4,3,1,1,0.0,1,0.0,7.394493107219038,1626.0,5,1,7.399398083331354,0.0,0.0,7.399398083331354,0.0,0.0,2,0,3,1,4,7,8,1,4,2006.0,2,3.0,866.0,3,3,2,0.0,3.8066624897703196,0.0,0.0,0.0,0,0.0,5,2007,8.089789175789319,2.0,1,1,1,1,1,0,0,0,0,0,1,0,0,0,0,0,0,0,0,0,0,0,0,0,1,0,0,1,0,0,0,1,1,0,0,0,0,0,1,0,0,0,0,0,0,0,0,0,0,0,0,0,0,0,0,1,0,0,0,0,0,0,0,0,0,0,1,0,0,0,0,0,0,0,0,1,0,0,0,0,0,1,0,0,0,0,0,0,1,0,0,0,0,0,0,1,0,0,0,0,1,0,0,0,0,0,0,0,0,0,0,0,0,0,0,0,0,0,0,1,0,0,0,0,0,0,0,0,0,0,0,0,0,0,0,1,0,0,0,0,0,1,0,0,1,0,0,0,0,1,0,0,0,0,0,0,0,0,1,0,1,0,0,0,0,0,0,0,0,0,0,0,0,0,1,0,0,0,0,1,0
4.343805421853684,9.1369090938903,3,3,6,5,1993,1993,4.795790545596741,4,3,4,3,1,6,6.056784013228625,1,0.0,6.008813185442595,832.0,5,1,6.725033642166843,6.778784897685177,0.0,7.444833273892193,0.0,0.0,2,1,3,1,4,7,8,0,0,1993.0,2,2.0,506.0,3,3,2,4.976733742420574,4.2626798770413155,0.0,0.0,0.0,0,0.0,6,2008,7.841099765422119,2.5,15,15,1,1,0,0,0,0,0,0,0,0,0,0,0,1,0,0,0,0,0,0,0,0,1,0,0,1,0,0,0,1,1,0,1,0,0,0,0,0,0,0,0,0,0,0,0,0,0,0,0,0,0,0,0,0,0,0,0,1,0,0,0,0,0,0,0,0,0,0,0,1,0,0,0,1,0,0,0,0,0,1,0,0,0,0,0,0,0,0,0,1,0,0,0,1,0,0,0,0,1,0,0,0,0,0,0,0,0,0,0,0,0,1,0,0,0,0,0,0,0,0,0,0,0,0,0,0,1,0,0,0,0,0,0,0,0,0,0,1,0,0,0,0,1,0,0,0,0,1,0,0,0,0,0,0,0,0,1,0,1,0,0,0,0,0,0,0,0,0,0,0,0,0,1,0,0,0,0,1,0
4.135166556742356,8.82776136765472,3,3,8,5,1985,1985,0.0,4,3,4,3,3,6,5.910796644040527,4,7.02197642307216,0.0,1488.0,3,1,7.315218389752975,0.0,0.0,7.315218389752975,1.0,0.0,1,1,1,1,4,4,8,0,0,1985.0,2,2.0,528.0,3,3,2,0.0,4.007333185232471,0.0,0.0,4.948759890378168,0,0.0,6,2010,8.003363058629947,2.5,25,25,1,1,0,1,0,0,0,0,0,0,0,0,0,0,0,0,0,0,0,0,0,0,1,0,0,1,0,0,0,1,1,0,1,0,0,0,0,0,0,0,0,0,0,0,0,0,0,0,0,0,0,0,0,0,0,0,0,0,0,1,0,0,0,0,1,0,0,0,0,0,0,0,0,1,0,0,0,0,0,0,0,0,0,1,0,0,1,0,0,0,0,0,0,1,0,0,0,0,1,0,0,0,0,0,0,0,0,0,0,0,0,1,0,0,0,0,0,0,0,0,0,0,0,0,0,0,1,0,0,0,0,0,0,0,0,0,0,0,1,0,0,0,1,0,0,0,0,1,0,0,0,0,0,0,0,0,1,0,1,0,0,0,0,0,0,0,0,0,0,0,0,0,1,0,0,0,0,1,0
4.532599493153256,9.38873757187798,4,3,7,6,1977,1977,0.0,3,3,4,3,1,1,0.0,1,0.0,6.695798917058491,808.0,3,1,7.057897937411856,6.695798917058491,0.0,7.585788821732034,0.0,0.0,2,1,3,1,3,8,8,1,4,1977.0,2,2.0,534.0,3,3,2,0.0,0.0,0.0,0.0,5.6240175061873385,0,0.0,11,2007,7.9294865233142895,2.5,30,30,1,1,1,0,0,0,0,0,0,0,0,0,0,1,0,0,0,0,0,0,0,0,1,0,0,1,0,0,0,1,1,0,0,0,0,0,1,0,0,0,0,0,0,0,0,0,0,0,0,0,0,1,0,0,0,0,0,0,0,0,0,0,0,0,0,1,0,0,0,0,0,0,0,1,0,0,0,0,0,1,0,0,0,0,0,0,0,0,0,1,0,0,0,0,0,0,1,0,0,0,0,0,0,1,0,0,0,0,0,0,0,0,0,0,0,0,0,0,0,1,0,0,0,0,0,0,0,0,0,0,1,0,0,0,0,0,0,0,1,0,0,1,0,0,0,0,0,1,0,0,0,0,0,0,0,0,1,0,1,0,0,0,0,0,0,0,0,0,0,0,0,0,1,0,0,0,0,1,0
3.58351893845611,8.209580483475577,4,3,6,5,2005,2005,4.394449154672439,3,3,4,3,4,6,6.131226489483141,1,0.0,4.48863636973214,547.0,5,1,6.9782137426306985,0.0,0.0,6.9782137426306985,1.0,0.0,1,0,2,1,3,5,8,0,0,2005.0,2,2.0,525.0,3,3,2,0.0,3.367295829986474,0.0,0.0,0.0,0,0.0,6,2008,7.3901814282264295,2.0,3,3,1,1,0,0,0,0,1,0,0,0,0,0,0,0,0,0,0,0,0,0,0,0,0,1,0,1,0,0,0,1,1,0,0,0,0,0,1,0,0,0,0,0,0,0,1,0,0,0,0,0,0,0,0,0,0,0,0,0,0,0,0,0,0,0,1,0,0,0,0,0,0,0,0,1,0,0,0,0,0,0,0,0,0,1,0,0,0,0,0,0,0,1,0,1,0,0,0,0,1,0,0,0,0,0,0,0,0,0,0,0,0,0,0,0,0,0,0,1,0,0,0,0,0,0,0,0,0,0,0,0,0,0,0,1,0,0,0,1,0,0,0,0,1,0,0,0,0,1,0,0,0,0,0,0,0,0,1,0,0,1,0,0,0,0,0,0,0,0,0,0,0,0,1,0,0,0,0,1,0
4.709530201312334,9.614337736809313,3,3,8,5,2006,2007,5.720311776607412,4,3,5,3,4,6,7.208600337960199,1,0.0,6.440946540632921,1976.0,5,1,7.589335823170617,0.0,0.0,7.589335823170617,1.0,0.0,2,0,2,1,4,7,8,1,5,2006.0,2,3.0,908.0,3,3,2,5.5254529391317835,4.1588830833596715,0.0,0.0,0.0,0,0.0,7,2007,8.282230063296685,3.0,1,0,1,1,1,0,0,0,0,0,1,0,0,0,0,0,0,0,0,0,0,0,0,0,1,0,0,1,0,0,0,1,1,0,0,0,0,0,1,0,0,0,0,0,0,0,0,0,0,0,0,0,0,0,0,1,0,0,0,0,0,0,0,0,0,0,1,0,0,0,0,0,0,0,0,1,0,0,0,0,0,1,0,0,0,0,0,0,1,0,0,0,0,0,0,1,0,0,0,0,1,0,0,0,0,0,0,0,0,0,0,0,0,0,0,0,0,0,0,1,0,0,0,0,0,0,0,0,0,0,0,0,0,0,0,1,0,0,0,1,0,0,0,0,1,0,0,0,0,1,0,0,0,0,0,0,0,0,1,0,1,0,0,0,0,0,0,0,0,0,0,0,1,0,0,0,0,0,0,0,1
3.7376696182833684,8.581294116822761,4,3,8,5,2000,2000,0.0,4,3,4,3,3,6,7.087573705557973,1,0.0,5.700443573390687,1494.0,5,1,7.410347097821024,0.0,0.0,7.410347097821024,1.0,0.0,2,0,2,1,5,6,8,0,0,2000.0,2,2.0,499.0,3,3,2,4.574710978503383,3.8918202981106265,0.0,0.0,0.0,0,0.0,8,2007,8.054204897064407,3.0,7,7,1,1,0,1,0,0,0,0,0,0,0,0,0,0,0,0,0,0,0,0,0,0,1,0,0,1,0,0,0,1,1,0,0,0,0,0,1,0,0,0,0,0,0,0,0,0,0,0,0,0,0,0,0,0,0,0,0,0,0,1,0,0,0,0,1,0,0,0,0,0,0,0,0,1,0,0,0,0,0,0,0,0,0,1,0,0,1,0,0,0,0,0,0,1,0,0,0,0,1,0,0,0,0,0,0,0,0,0,0,0,1,0,0,0,0,0,0,0,0,0,0,0,0,0,0,1,0,0,0,0,0,0,0,0,0,0,0,0,1,0,0,0,1,0,0,0,0,1,0,0,0,0,0,0,0,0,1,0,1,0,0,0,0,0,0,0,0,0,0,0,0,0,1,0,0,0,0,1,0
4.394449154672439,9.0455836463617,4,3,5,6,1963,1963,0.0,3,3,3,3,1,6,6.447305862541213,1,0.0,5.831882477283517,970.0,3,1,6.878326468291325,0.0,0.0,6.878326468291325,1.0,0.0,1,0,2,1,3,5,8,0,0,1996.0,1,2.0,624.0,3,3,2,0.0,3.2188758248682006,0.0,0.0,5.262690188904886,0,0.0,7,2007,7.57095858316901,2.0,44,44,1,1,0,0,0,0,0,0,1,0,0,0,0,0,0,0,0,0,0,0,0,0,1,0,0,1,0,0,0,1,1,0,1,0,0,0,0,0,0,0,0,0,0,0,0,0,0,0,0,0,0,0,0,0,0,0,1,0,0,0,0,0,0,0,1,0,0,0,0,0,0,0,0,1,0,0,0,0,0,1,0,0,0,0,0,0,1,0,0,0,0,0,0,0,0,1,0,0,1,0,0,0,0,0,0,0,0,0,0,0,0,1,0,0,0,0,0,0,0,0,0,0,0,0,0,0,1,0,0,0,0,0,0,0,0,0,0,0,1,0,0,1,0,0,0,0,0,1,0,0,0,0,0,0,0,0,1,0,0,0,0,0,1,0,0,0,0,0,0,0,0,0,1,0,0,0,0,1,0
4.330733340286331,9.482350275033667,4,2,6,5,1997,1998,5.375278407684165,3,3,4,3,4,6,6.902742737158593,1,0.0,6.184148890937483,1478.0,5,1,7.309212365692763,0.0,0.0,7.309212365692763,1.0,0.0,2,0,3,1,4,7,8,1,3,1997.0,3,2.0,508.0,3,3,2,4.948759890378168,3.6888794541139363,0.0,0.0,0.0,0,0.0,4,2008,7.99699040583765,3.0,11,10,1,1,1,0,0,0,0,0,1,0,0,0,0,0,0,0,0,0,0,0,0,0,1,0,0,1,0,0,0,1,1,0,0,0,0,0,1,0,0,0,0,0,1,0,0,0,0,0,0,0,0,0,0,0,0,0,0,0,0,0,0,0,0,0,1,0,0,0,0,0,0,0,0,1,0,0,0,0,0,1,0,0,0,0,0,0,1,0,0,0,0,0,0,1,0,0,0,0,1,0,0,0,0,0,0,0,0,0,0,0,0,0,0,0,0,0,0,1,0,0,0,0,0,0,0,0,0,0,0,0,0,0,0,1,0,0,0,1,0,0,0,0,1,0,0,0,0,1,0,0,0,0,0,0,0,0,1,0,1,0,0,0,0,0,0,0,0,0,0,0,0,0,1,0,0,0,0,1,0
4.663439094112067,9.524713059681009,4,3,9,5,2006,2006,6.650279048587422,5,3,4,3,3,1,0.0,1,0.0,7.675081857716334,2153.0,5,1,7.635303886259415,6.354370040797351,0.0,7.880048200971577,0.0,0.0,2,1,3,1,5,9,8,1,4,2006.0,3,3.0,694.0,3,3,2,6.028278520230698,4.442651256490317,0.0,0.0,0.0,0,0.0,3,2007,8.475746001502063,2.5,1,1,1,1,1,0,0,0,0,0,0,0,0,0,0,1,0,0,0,0,0,0,0,0,1,0,0,1,0,0,0,1,1,0,0,0,0,0,1,0,0,0,0,0,0,0,0,0,0,0,0,0,0,0,0,1,0,0,0,0,0,0,0,0,0,0,1,0,0,0,0,0,0,0,0,1,0,0,0,0,0,1,0,0,0,0,0,0,0,0,0,1,0,0,0,0,0,1,0,0,1,0,0,0,0,0,0,0,0,0,0,0,0,0,0,0,0,0,0,1,0,0,0,0,0,0,0,0,0,0,0,0,0,0,0,1,0,0,0,1,0,0,0,0,1,0,0,0,0,1,0,0,0,0,0,0,0,0,1,0,0,0,1,0,0,0,0,0,0,0,0,0,0,0,1,0,0,0,0,1,0
4.382026634673881,9.272187775302262,4,3,8,5,2007,2008,5.820082930352362,4,3,5,3,4,6,7.161622002939187,1,0.0,6.035481432524756,1705.0,5,1,7.449498005382849,0.0,0.0,7.449498005382849,1.0,0.0,2,0,3,1,4,7,8,1,4,2007.0,2,3.0,826.0,3,3,2,5.342334251964811,3.8066624897703196,0.0,0.0,0.0,0,0.0,9,2009,8.138564737261632,3.0,2,1,1,1,1,0,0,0,0,0,1,0,0,0,0,0,0,0,0,0,0,0,0,0,1,0,0,1,0,0,0,1,1,0,0,0,0,0,1,0,0,0,0,0,1,0,0,0,0,0,0,0,0,0,0,0,0,0,0,0,0,0,0,0,0,0,1,0,0,0,0,0,0,0,0,1,0,0,0,0,0,1,0,0,0,0,0,0,1,0,0,0,0,0,0,0,0,1,0,0,1,0,0,0,0,0,0,0,0,0,0,0,0,0,0,0,0,0,0,1,0,0,0,0,0,0,0,0,0,0,0,0,0,0,0,1,0,0,0,0,0,1,0,0,1,0,0,0,0,1,0,0,0,0,0,0,0,0,1,0,1,0,0,0,0,0,0,0,0,0,0,0,0,0,1,0,0,0,0,1,0
3.9318256327243257,8.68710472813351,4,3,4,7,1937,2000,6.077642243349034,3,3,2,3,1,3,5.1298987149230735,1,0.0,6.606650186198215,907.0,3,1,7.0317412587631285,0.0,0.0,7.0317412587631285,0.0,0.0,1,0,2,1,3,7,8,0,0,1995.0,1,2.0,672.0,3,3,2,0.0,4.290459441148391,0.0,0.0,0.0,0,0.0,3,2007,7.620214770574455,1.0,70,7,1,1,0,0,0,0,0,0,0,1,0,0,0,0,0,0,0,0,0,0,0,0,0,1,0,1,1,0,0,0,1,0,0,0,0,0,1,0,0,0,0,0,0,0,0,0,0,0,0,0,0,0,0,0,1,0,0,0,0,0,0,0,0,0,1,0,0,0,0,0,0,0,0,1,0,0,0,0,0,1,0,0,0,0,0,0,1,0,0,0,0,0,0,0,0,1,0,0,1,0,0,0,0,0,0,0,0,0,0,0,0,0,0,0,0,0,1,0,0,0,0,0,0,0,0,0,0,0,0,0,0,0,1,0,0,0,1,0,0,0,1,0,0,0,0,0,0,1,0,0,0,0,0,0,0,0,1,0,0,0,0,0,1,0,0,0,0,0,0,0,0,0,1,0,0,1,0,0,0
4.59511985013459,9.682466746602897,3,3,9,5,2004,2005,5.937536205082426,4,3,5,3,4,6,7.140453043101158,1,0.0,6.35088571671474,1833.0,5,1,7.523481312573497,0.0,0.0,7.523481312573497,1.0,0.0,2,0,3,1,4,8,8,1,4,2004.0,3,3.0,772.0,3,3,2,6.253828811575473,4.727387818712341,0.0,0.0,0.0,0,0.0,3,2006,8.211754397375197,3.0,2,1,1,1,1,0,0,0,0,0,1,0,0,0,0,0,0,0,0,0,0,0,0,0,1,0,0,1,0,0,0,1,1,0,0,0,1,0,0,0,0,0,0,0,0,0,0,0,0,0,0,0,0,0,0,1,0,0,0,0,0,0,0,0,0,0,1,0,0,0,0,0,0,0,0,1,0,0,0,0,0,1,0,0,0,0,0,0,1,0,0,0,0,0,0,0,0,1,0,0,1,0,0,0,0,0,0,0,0,0,0,0,0,0,0,0,0,0,0,1,0,0,0,0,0,0,0,0,0,0,0,0,0,0,0,1,0,0,0,1,0,0,0,0,1,0,0,0,0,1,0,0,0,0,0,0,0,0,1,0,1,0,0,0,0,0,0,0,0,0,0,0,0,0,1,0,0,0,0,1,0
4.290459441148391,9.37982994995476,3,3,9,5,2003,2004,6.333279628139691,4,3,5,3,4,6,7.357556200910353,1,0.0,5.420534999272286,1792.0,5,1,7.491645473605133,0.0,0.0,7.491645473605133,1.0,0.0,2,0,2,1,5,6,8,1,4,2003.0,3,3.0,874.0,3,3,2,5.332718793265369,3.912023005428146,0.0,0.0,0.0,0,0.0,8,2006,8.184513753033722,3.0,3,2,1,1,1,0,0,0,0,0,1,0,0,0,0,0,0,0,0,0,0,0,0,0,1,0,0,1,0,1,0,0,1,0,0,0,0,0,1,0,0,0,0,0,0,0,0,0,0,0,0,0,0,0,0,1,0,0,0,0,0,0,0,0,0,0,1,0,0,0,0,0,0,0,0,1,0,0,0,0,0,1,0,0,0,0,0,0,1,0,0,0,0,0,0,0,0,1,0,0,1,0,0,0,0,0,0,0,0,0,0,0,0,0,0,0,0,0,0,1,0,0,0,0,0,0,0,0,0,0,0,0,0,0,0,1,0,0,0,1,0,0,0,0,1,0,0,0,0,1,0,0,0,0,0,0,0,0,1,0,1,0,0,0,0,0,0,0,0,0,0,0,0,0,1,0,0,0,0,1,0
3.9318256327243257,7.824445930877619,4,3,7,8,1915,2005,0.0,4,3,3,3,1,5,5.703782474656201,1,0.0,6.416732282512326,910.0,5,1,6.821107472256465,6.814542897259958,0.0,7.510430556378006,1.0,0.0,1,1,4,1,5,7,6,1,4,1915.0,1,1.0,164.0,2,2,2,0.0,0.0,0.0,0.0,0.0,0,0.0,6,2009,7.914617709040679,2.5,94,4,1,1,1,0,0,0,0,0,0,0,0,0,0,0,1,0,0,0,0,0,0,0,0,1,0,1,0,0,0,1,1,0,1,0,0,0,0,0,0,0,0,0,0,0,0,0,0,0,0,0,0,0,0,0,1,0,0,0,0,0,0,0,0,0,1,0,0,0,0,0,0,0,0,1,0,0,0,0,0,1,0,0,0,0,0,0,0,0,0,1,0,0,0,1,0,0,0,0,1,0,0,0,0,0,0,0,0,0,0,0,0,0,0,0,0,0,1,0,0,0,0,0,0,0,0,0,0,0,0,0,0,0,1,0,0,0,0,0,1,0,0,0,1,0,0,0,0,1,0,0,0,0,0,0,0,0,1,0,1,0,0,0,0,0,0,0,0,0,0,0,0,0,1,0,0,0,0,1,0
3.4965075614664802,8.412054873292933,4,3,6,5,1998,1998,4.762173934797756,3,3,5,3,1,6,6.8001700683022,1,0.0,5.768320995793772,1216.0,5,1,7.104144092987527,0.0,0.0,7.104144092987527,1.0,0.0,2,0,2,1,3,5,8,0,0,1998.0,1,2.0,402.0,3,3,2,0.0,4.836281906951478,0.0,0.0,0.0,0,0.0,5,2006,7.796880342783522,3.0,8,8,1,1,0,1,0,0,0,0,0,0,0,0,0,0,0,0,0,0,0,0,0,0,0,1,0,1,0,0,0,1,1,0,0,0,1,0,0,0,0,0,0,0,0,0,0,0,0,0,1,0,0,0,0,0,0,0,0,0,0,0,0,0,0,0,1,0,0,0,0,0,0,0,0,1,0,0,0,0,0,0,0,0,1,0,0,0,1,0,0,0,0,0,0,0,0,1,0,0,1,0,0,0,0,0,0,0,0,0,0,0,0,0,0,0,0,0,0,1,0,0,0,0,0,0,0,0,0,0,0,0,0,0,0,1,0,0,0,1,0,0,0,0,1,0,0,0,0,1,0,0,0,0,0,0,0,0,1,0,1,0,0,0,0,0,0,0,0,0,0,0,0,0,1,0,0,0,0,1,0
4.276666119016055,8.95660873889395,3,3,5,7,1962,2001,0.0,3,4,3,3,1,5,6.3784261836515865,1,0.0,6.021023349349527,999.0,4,1,6.907755278982137,0.0,0.0,6.907755278982137,1.0,0.0,1,0,3,1,4,6,8,0,0,1963.0,1,1.0,264.0,3,3,2,0.0,4.890349128221754,0.0,0.0,0.0,0,0.0,3,2007,7.6004023345004,2.0,45,6,1,1,0,0,0,0,0,0,1,0,0,0,0,0,0,0,0,0,0,0,0,0,1,0,0,1,0,0,0,1,1,0,1,0,0,0,0,0,0,0,0,0,0,0,0,0,0,0,0,0,0,0,0,0,0,0,1,0,0,0,0,0,0,0,1,0,0,0,0,0,0,0,0,1,0,0,0,0,0,1,0,0,0,0,0,0,1,0,0,0,0,0,0,1,0,0,0,0,1,0,0,0,0,0,0,0,0,0,0,0,0,1,0,0,0,0,0,0,0,0,0,0,0,0,0,0,0,0,0,0,1,0,0,0,0,0,0,0,1,0,0,1,0,0,0,0,0,1,0,0,0,0,0,0,0,0,1,0,0,0,0,0,1,0,0,0,0,0,0,0,0,0,1,0,0,0,0,1,0
4.394449154672439,9.169622538697624,4,3,5,7,1950,2007,0.0,4,3,3,3,1,5,6.410174881966167,1,0.0,6.2285110035911835,1113.0,4,1,7.01571242048723,0.0,0.0,7.01571242048723,0.0,0.0,1,0,3,1,4,5,8,1,4,1950.0,1,1.0,264.0,3,3,2,0.0,4.394449154672439,4.795790545596741,0.0,0.0,0,0.0,7,2009,7.708410667257367,1.0,59,2,1,1,1,0,0,0,0,0,1,0,0,0,0,0,0,0,0,0,0,0,0,0,1,0,0,1,0,0,0,1,1,0,0,0,0,0,1,0,0,0,0,0,0,0,0,0,0,0,0,1,0,0,0,0,0,0,0,0,0,0,0,0,0,0,1,0,0,0,0,0,0,0,0,1,0,0,0,0,0,1,0,0,0,0,0,0,1,0,0,0,0,0,0,1,0,0,0,0,1,0,0,0,0,0,0,0,0,0,0,0,0,0,0,1,0,0,0,0,0,0,0,0,0,0,0,0,0,0,1,0,0,0,0,0,0,0,0,0,1,0,0,1,0,0,0,0,0,1,0,0,0,0,0,0,0,0,1,0,1,0,0,0,0,0,0,0,0,0,0,0,0,0,1,0,0,0,0,1,0
4.382026634673881,9.238927828828094,4,3,5,7,1965,1965,5.1298987149230735,3,3,3,3,1,5,6.729824070489475,1,0.0,5.472270673671475,1073.0,3,1,6.97914527506881,0.0,0.0,6.97914527506881,1.0,0.0,1,1,3,1,3,6,8,0,0,1965.0,2,2.0,515.0,3,3,2,0.0,0.0,0.0,0.0,0.0,0,0.0,6,2007,7.671826797878781,2.5,42,42,1,1,0,0,0,0,0,0,1,0,0,0,0,0,0,0,0,0,0,0,0,0,1,0,0,1,0,0,0,1,1,0,0,0,0,0,1,0,0,0,0,0,0,0,0,0,0,0,0,1,0,0,0,0,0,0,0,0,0,0,0,0,0,0,1,0,0,0,0,0,0,0,0,1,0,0,0,0,0,1,0,0,0,0,0,0,1,0,0,0,0,0,0,0,0,1,0,0,1,0,0,0,0,0,0,0,0,0,0,0,0,0,0,1,0,0,0,0,0,0,0,0,0,0,0,0,0,0,1,0,0,0,0,0,0,0,0,1,0,0,0,1,0,0,0,0,0,1,0,0,0,0,0,0,0,0,1,0,1,0,0,0,0,0,0,0,0,0,0,0,0,0,1,0,0,0,0,1,0
4.2626798770413155,9.412791300065303,3,3,5,6,1971,1971,0.0,3,3,4,3,3,5,6.906754778648554,1,0.0,6.18826412308259,1484.0,4,1,7.3031700512368,0.0,0.0,7.3031700512368,0.0,0.0,2,0,3,1,3,7,8,1,3,1971.0,1,2.0,487.0,3,3,2,5.41610040220442,0.0,0.0,0.0,5.198497031265826,0,0.0,2,2007,7.99598047476376,2.0,36,36,1,1,1,0,0,0,0,0,1,0,0,0,0,0,0,0,0,0,0,0,0,0,1,0,0,1,0,0,0,1,1,0,0,0,0,0,1,0,0,0,0,0,0,0,0,0,0,0,0,0,0,1,0,0,0,0,0,0,0,0,0,0,0,0,1,0,0,0,0,0,0,0,0,1,0,0,0,0,0,1,0,0,0,0,0,0,1,0,0,0,0,0,0,1,0,0,0,0,1,0,0,0,0,0,0,0,0,0,0,0,0,0,0,0,1,0,0,0,0,0,0,0,0,0,0,0,0,0,0,0,1,0,0,0,0,0,0,0,1,0,0,1,0,0,0,0,0,1,0,0,0,0,0,0,0,0,1,0,1,0,0,0,0,0,0,0,0,0,0,0,0,0,1,0,0,0,0,1,0
4.110873864173311,9.287394001418473,4,3,5,4,1900,1970,0.0,3,2,3,2,1,4,6.499787040655854,1,0.0,5.673323267171493,954.0,3,0,7.4770384723196965,6.47543271670409,0.0,7.789454566086673,0.0,0.0,2,0,3,2,3,10,5,1,4,1970.0,1,2.0,520.0,3,2,0,4.962844630259907,0.0,0.0,0.0,0.0,0,0.0,5,2006,8.122371243406553,2.0,106,36,1,1,1,0,0,0,0,1,0,0,0,0,0,0,0,0,0,0,0,0,0,0,1,0,0,1,0,0,0,1,1,0,1,0,0,0,0,0,0,0,0,0,0,0,0,0,0,0,0,0,0,0,0,0,1,0,0,0,0,0,0,0,0,0,1,0,0,0,0,0,0,0,0,1,0,0,0,0,0,0,1,0,0,0,1,0,0,0,0,0,0,0,0,1,0,0,0,0,1,0,0,0,0,0,0,0,0,0,0,0,0,0,0,0,0,0,0,0,1,0,0,0,0,0,0,0,0,0,0,0,0,0,0,0,1,0,0,0,1,0,0,1,0,0,0,0,0,1,0,0,0,0,1,0,0,0,0,0,1,0,0,0,0,0,0,0,0,1,0,0,0,0,0,0,0,0,0,1,0
3.091042453358316,7.3310603052186325,4,3,4,8,1970,2002,0.0,3,4,4,3,3,6,6.246106765481563,1,0.0,4.7535901911063645,630.0,3,1,6.447305862541213,0.0,0.0,6.447305862541213,1.0,0.0,1,0,1,1,4,3,8,0,0,1970.0,1,1.0,286.0,3,3,2,0.0,0.0,0.0,0.0,0.0,0,0.0,5,2009,7.13966033596492,2.0,39,7,1,1,0,0,0,0,1,0,0,0,0,0,0,0,0,0,0,0,0,0,0,0,0,1,0,1,0,0,0,1,1,0,0,0,0,0,1,0,0,0,0,0,0,0,0,0,0,1,0,0,0,0,0,0,0,0,0,0,0,0,0,0,0,0,1,0,0,0,0,0,0,0,0,1,0,0,0,0,0,0,0,0,1,0,0,0,0,0,0,0,1,0,0,1,0,0,0,0,1,0,0,0,0,0,0,0,0,0,0,0,1,0,0,0,0,0,0,0,0,0,0,0,0,0,0,1,0,0,0,0,0,0,0,0,0,0,0,0,1,0,0,1,0,0,0,0,0,1,0,0,0,0,0,0,0,0,1,0,1,0,0,0,0,0,0,0,0,0,0,0,0,0,1,0,0,0,0,1,0
3.091042453358316,7.888334500738654,4,3,5,6,1976,1976,0.0,3,3,4,3,2,1,0.0,1,0.0,5.579729825986222,264.0,3,1,6.424869023905388,6.535241271013659,0.0,7.173958319756794,0.0,0.0,1,1,3,1,3,4,8,1,4,1976.0,3,1.0,336.0,3,3,2,4.955827057601261,3.2188758248682006,0.0,0.0,0.0,0,0.0,6,2008,7.358193752733032,1.5,32,32,1,1,1,0,0,1,0,0,0,0,0,0,0,0,0,0,0,0,0,0,0,0,0,1,0,1,0,0,0,1,1,0,0,0,0,0,1,0,0,0,0,0,0,0,0,0,0,1,0,0,0,0,0,0,0,0,0,0,0,0,0,0,0,0,1,0,0,0,0,0,0,0,0,1,0,0,0,0,0,0,0,0,0,1,0,0,0,0,0,1,0,0,0,1,0,0,0,0,1,0,0,0,0,0,0,0,0,0,0,0,1,0,0,0,0,0,0,0,0,0,0,0,0,0,0,1,0,0,0,0,0,0,0,0,0,0,0,0,1,0,0,0,1,0,0,0,0,1,0,0,0,0,0,0,0,0,1,0,0,0,1,0,0,0,0,0,0,0,0,0,0,0,1,0,0,0,0,1,0
4.382026634673881,9.158099260130491,4,3,6,7,1941,1950,0.0,3,3,3,3,1,4,6.0014148779611505,3,5.111987788356544,5.476463551931511,806.0,3,1,6.8658910748834385,6.431331081933479,0.0,7.364547014255642,1.0,0.0,1,0,3,1,2,5,8,2,3,1941.0,1,1.0,240.0,3,3,2,0.0,0.0,3.4965075614664802,0.0,0.0,0,0.0,8,2006,7.776954403322442,2.0,65,56,1,1,1,0,0,0,0,0,0,0,0,0,1,0,0,0,0,0,0,0,0,0,1,0,0,1,0,0,0,1,1,0,0,0,0,0,1,0,0,0,0,0,0,0,0,0,0,0,0,1,0,0,0,0,0,0,0,0,0,0,0,0,1,0,0,0,0,0,0,0,0,0,0,1,0,0,0,0,0,1,0,0,0,0,1,0,0,0,0,0,0,0,0,1,0,0,0,0,1,0,0,0,0,0,0,0,0,0,0,0,0,0,0,0,0,0,0,0,1,0,0,0,0,0,0,0,0,0,0,0,0,0,0,0,1,0,0,0,1,0,0,1,0,0,0,0,0,1,0,0,0,0,1,0,0,0,0,0,1,0,0,0,0,0,0,0,0,0,0,0,0,0,1,0,0,0,0,1,0
4.663439094112067,9.653679132512428,3,3,6,5,2006,2006,0.0,4,3,4,3,1,1,0.0,1,0.0,6.591673732008658,728.0,4,1,6.591673732008658,6.591673732008658,0.0,7.284134806195205,0.0,0.0,2,1,3,1,3,8,8,0,0,2006.0,2,2.0,429.0,3,3,2,0.0,0.0,0.0,0.0,0.0,0,0.0,5,2006,7.68937110752969,2.5,0,0,1,1,0,0,0,0,0,0,0,0,0,0,0,1,0,0,0,0,0,0,0,0,1,0,0,1,0,0,0,1,1,0,1,0,0,0,0,0,0,0,0,0,0,0,0,1,0,0,0,0,0,0,0,0,0,0,0,0,0,0,0,0,0,0,1,0,0,0,0,0,0,0,0,1,0,0,0,0,0,1,0,0,0,0,0,0,0,0,0,1,0,0,0,1,0,0,0,0,1,0,0,0,0,0,0,0,0,0,0,0,0,0,0,0,0,0,0,1,0,0,0,0,0,0,0,0,0,0,0,0,0,0,0,1,0,0,0,0,1,0,0,0,1,0,0,0,0,1,0,0,0,0,0,0,0,0,1,0,1,0,0,0,0,0,0,0,0,0,0,0,1,0,0,0,0,0,0,0,1
4.2626798770413155,8.978660489639687,4,3,5,6,1960,1960,0.0,3,3,3,3,1,4,5.926926025970411,2,6.278521424165844,5.8971538676367405,1269.0,3,1,7.146772179452637,0.0,0.0,7.146772179452637,0.0,0.0,1,1,3,1,3,6,8,1,2,1964.0,1,1.0,308.0,3,3,2,0.0,0.0,0.0,0.0,0.0,0,0.0,6,2008,7.839525581704678,1.5,48,48,1,1,1,0,0,0,0,0,1,0,0,0,0,0,0,0,0,0,0,0,0,0,1,0,0,1,0,0,0,1,1,0,0,0,0,0,1,0,0,0,0,0,0,0,0,0,0,0,0,1,0,0,0,0,0,0,0,0,0,0,0,0,0,0,1,0,0,0,0,0,0,0,0,1,0,0,0,0,0,1,0,0,0,0,0,0,1,0,0,0,0,0,0,1,0,0,0,0,1,0,0,0,0,0,0,0,0,0,1,0,0,0,0,0,0,0,0,0,0,0,0,0,0,0,0,0,0,0,0,0,0,0,0,0,1,0,0,0,1,0,0,1,0,0,0,0,0,1,0,0,0,0,1,0,0,0,0,0,0,0,0,0,1,0,0,0,0,0,0,0,0,0,1,0,0,0,0,1,0
3.9318256327243257,8.663023639627777,4,3,5,8,1938,1996,0.0,3,3,2,3,1,1,0.0,1,0.0,5.25227342804663,190.0,4,1,6.787844982309579,0.0,0.0,6.787844982309579,0.0,0.0,1,0,2,1,3,4,8,0,0,1938.0,1,1.0,273.0,3,3,2,4.976733742420574,3.044522437723423,4.394449154672439,0.0,0.0,0,0.0,12,2009,6.981934677156389,1.0,71,13,1,1,0,0,0,0,0,0,0,1,0,0,0,0,0,0,0,0,0,0,0,0,0,1,0,1,0,0,0,1,1,0,0,0,0,0,1,0,0,0,0,0,0,0,0,0,0,0,0,0,0,0,0,0,1,0,0,0,0,0,0,0,1,0,0,0,0,0,0,0,0,0,0,1,0,0,0,0,0,1,0,0,0,0,0,0,1,0,0,0,0,0,0,1,0,0,0,0,1,0,0,0,0,0,0,0,0,0,0,0,0,0,0,1,0,0,0,0,0,0,0,0,0,0,0,0,0,0,1,0,0,0,0,0,0,0,0,0,1,0,1,0,0,0,0,0,0,1,0,0,0,0,1,0,0,0,0,0,1,0,0,0,0,0,0,0,0,0,0,0,0,0,1,0,0,0,0,1,0
4.110873864173311,8.972083182851925,4,3,4,5,1920,1950,0.0,3,3,3,3,1,3,6.206575926724928,1,0.0,5.420534999272286,720.0,3,0,6.580639137284949,0.0,0.0,6.580639137284949,0.0,0.0,1,0,2,1,3,4,8,0,0,0.0,0,0.0,0.0,0,0,0,0.0,6.261491684321042,4.7535901911063645,0.0,0.0,0,0.0,11,2009,7.273092595999522,1.0,89,59,0,1,0,0,0,0,0,0,0,1,0,0,0,0,0,0,0,0,0,1,0,0,0,0,0,1,0,0,0,1,1,0,0,0,0,0,1,0,0,0,0,0,0,0,0,0,1,0,0,0,0,0,0,0,0,0,0,0,0,0,0,0,0,0,1,0,0,0,0,0,0,0,0,1,0,0,0,0,0,1,0,0,0,0,0,0,1,0,0,0,0,0,0,1,0,0,0,0,1,0,0,0,0,0,0,0,0,0,0,0,0,0,0,0,0,0,0,0,1,0,0,0,0,0,0,0,0,0,0,0,0,0,0,0,1,0,0,0,1,0,0,1,0,0,0,0,0,1,0,0,0,0,1,0,0,0,0,0,0,0,0,0,0,1,0,0,0,0,0,0,0,0,1,1,0,0,0,0,0
4.5217885770490405,9.448805939388178,3,3,8,5,1992,1993,0.0,4,3,4,3,1,6,7.116394144093465,1,0.0,7.585788821732034,3200.0,5,1,8.079927770758275,0.0,0.0,8.079927770758275,1.0,0.0,3,0,4,1,4,10,8,1,4,1992.0,2,2.0,546.0,3,3,2,5.579729825986222,4.330733340286331,5.676753802268282,0.0,0.0,0,0.0,5,2007,8.768574284141687,4.0,15,14,1,1,1,0,0,0,0,0,1,0,0,0,0,0,0,0,0,0,0,0,0,0,1,0,0,1,0,0,0,1,1,0,0,0,0,0,1,0,0,0,0,0,0,0,0,0,0,0,0,0,0,0,1,0,0,0,0,0,0,0,0,0,0,0,1,0,0,0,0,0,0,0,0,1,0,0,0,0,0,1,0,0,0,0,0,0,1,0,0,0,0,0,0,0,0,1,0,0,1,0,0,0,0,0,0,0,0,0,1,0,0,0,0,0,0,0,0,0,0,0,0,0,0,1,0,0,0,0,0,0,0,0,0,0,0,0,0,0,1,0,0,0,1,0,0,0,0,1,0,0,0,0,0,0,0,0,1,0,1,0,0,0,0,0,0,0,0,0,0,0,0,0,1,0,0,0,0,1,0
4.110873864173311,9.118334726180159,4,3,7,6,1925,1950,0.0,3,4,3,3,1,3,5.799092654460526,1,0.0,6.548219102762372,1026.0,5,1,7.033506484287697,6.5337888379333435,0.0,7.507141079727608,1.0,0.0,2,0,4,1,3,8,8,0,0,1925.0,1,1.0,240.0,3,3,0,0.0,4.61512051684126,0.0,0.0,0.0,0,0.0,6,2008,7.954021087278037,3.0,83,58,1,1,0,0,0,0,0,0,0,0,0,0,1,0,0,0,0,0,0,0,0,0,1,0,0,1,0,0,0,1,1,0,0,0,0,0,1,0,0,0,1,0,0,0,0,0,0,0,0,0,0,0,0,0,0,0,0,0,0,0,0,0,0,0,1,0,0,0,0,0,0,0,0,1,0,0,0,0,0,1,0,0,0,0,1,0,0,0,0,0,0,0,0,1,0,0,0,0,1,0,0,0,0,0,0,0,0,0,0,0,0,0,0,0,0,0,0,0,1,0,0,0,0,0,0,0,0,0,0,0,0,0,0,0,1,0,0,0,1,0,0,0,1,0,0,0,0,1,0,0,0,0,0,0,0,0,1,0,0,0,0,0,1,0,0,0,0,0,0,0,0,0,1,0,0,0,0,1,0
4.189654742026425,8.962007209588313,4,3,5,7,1967,2004,4.499809670330265,3,3,3,3,1,5,6.111467339502679,1,0.0,6.028278520230698,864.0,5,1,6.802394763324311,0.0,0.0,6.802394763324311,0.0,0.0,1,0,3,1,4,5,8,0,0,1967.0,3,1.0,288.0,3,3,2,4.174387269895637,0.0,0.0,0.0,0.0,0,0.0,6,2009,7.475339236566737,1.0,42,5,1,1,0,0,0,0,0,0,1,0,0,0,0,0,0,0,0,0,0,0,0,0,1,0,0,1,0,0,0,1,1,0,0,0,0,0,1,0,0,0,0,0,0,0,0,0,0,0,0,0,0,0,0,0,0,0,1,0,0,0,0,0,0,0,1,0,0,0,0,0,0,0,0,1,0,0,0,0,0,1,0,0,0,0,0,0,1,0,0,0,0,0,0,0,0,1,0,0,1,0,0,0,0,0,0,0,0,0,0,0,0,1,0,0,0,0,0,0,0,0,0,0,0,0,0,0,1,0,0,0,0,0,0,0,0,0,0,1,0,0,0,0,1,0,0,0,0,1,0,0,0,0,0,0,0,0,1,0,1,0,0,0,0,0,0,0,0,0,0,0,0,0,1,0,0,0,0,1,0
4.2626798770413155,8.927446816256198,3,3,5,7,1958,1985,0.0,3,3,3,3,1,4,4.718498871295094,2,5.634789603169249,6.259581464064923,912.0,2,1,6.816735880594968,0.0,0.0,6.816735880594968,0.0,1.0,1,0,2,1,3,5,8,0,0,1958.0,3,1.0,297.0,3,3,2,2.5649493574615367,5.655991810819852,0.0,0.0,0.0,0,6.175867270105761,6,2007,7.509335266016592,1.5,49,22,1,1,0,0,0,0,0,0,1,0,0,0,0,0,0,0,0,0,0,0,0,0,1,0,0,1,0,0,0,1,1,0,0,0,0,0,1,0,0,0,0,0,0,0,0,0,0,0,0,1,0,0,0,0,0,0,0,0,0,0,0,0,0,0,1,0,0,0,0,0,0,0,0,1,0,0,0,0,0,1,0,0,0,0,0,0,1,0,0,0,0,0,0,1,0,0,0,0,1,0,0,0,0,0,0,0,0,0,0,0,0,0,0,1,0,0,0,0,0,0,0,0,0,0,0,0,0,0,1,0,0,0,0,0,0,0,0,0,1,0,0,1,0,0,0,0,0,1,0,0,0,0,0,0,0,0,1,0,1,0,0,0,0,0,0,0,0,0,0,0,0,0,1,0,0,0,0,1,0
3.091042453358316,7.544861068658458,4,3,6,5,1973,1973,5.655991810819852,3,3,3,3,1,4,5.877735781779639,1,0.0,5.75890177387728,672.0,3,1,6.511745329644728,6.304448802421981,0.0,7.105786129481271,0.0,0.0,1,1,3,1,3,7,8,0,0,1973.0,1,1.0,264.0,3,3,2,4.976733742420574,3.367295829986474,0.0,0.0,0.0,0,0.0,5,2007,7.544861068658458,1.5,34,34,1,1,0,0,0,1,0,0,0,0,0,0,0,0,0,0,0,0,0,0,0,0,0,1,0,1,0,0,0,1,1,0,0,0,0,0,1,0,0,1,0,0,0,0,0,0,0,0,0,0,0,0,0,0,0,0,0,0,0,0,0,0,0,0,1,0,0,0,0,0,0,0,0,1,0,0,0,0,0,0,0,0,1,0,0,0,0,0,0,1,0,0,0,1,0,0,0,0,1,0,0,0,0,0,0,0,0,0,0,0,0,1,0,0,0,0,0,0,0,0,0,0,0,0,0,0,1,0,0,0,0,0,0,0,0,0,0,1,0,0,0,1,0,0,0,0,0,1,0,0,0,0,0,0,0,0,1,0,0,0,0,0,1,0,0,0,0,0,0,0,0,0,1,0,0,0,0,1,0
4.330733340286331,9.190545744648004,4,3,7,5,2005,2005,0.0,4,3,4,3,1,6,5.993961427306569,1,0.0,6.1463292576688975,866.0,4,1,6.7650389767805414,6.805722553416985,0.0,7.478169694159785,0.0,0.0,2,1,3,1,4,7,8,0,0,2005.0,2,2.0,603.0,3,3,2,0.0,4.6913478822291435,0.0,0.0,0.0,0,0.0,2,2008,7.876638460975463,2.5,3,3,1,1,0,0,0,0,0,0,0,0,0,0,0,1,0,0,0,0,0,0,1,0,0,0,0,1,0,0,0,1,1,0,0,0,0,0,1,0,0,0,0,0,0,0,0,0,0,0,0,0,0,0,0,0,0,0,0,0,1,0,0,0,0,0,1,0,0,0,0,0,0,0,0,1,0,0,0,0,0,1,0,0,0,0,0,0,0,0,0,1,0,0,0,1,0,0,0,0,1,0,0,0,0,0,0,0,0,0,0,0,0,0,0,0,0,0,0,1,0,0,0,0,0,0,0,0,0,0,0,0,0,0,0,1,0,0,0,0,1,0,0,0,1,0,0,0,0,1,0,0,0,0,0,0,0,0,1,0,1,0,0,0,0,0,0,0,0,0,0,0,0,0,1,0,0,0,0,1,0
4.2626798770413155,9.123801610558944,4,3,5,7,1965,1965,0.0,3,3,3,3,1,5,6.54965074223381,6,4.574710978503383,6.042632833682381,1214.0,5,1,7.102499355774649,0.0,0.0,7.102499355774649,1.0,0.0,1,0,2,1,3,6,8,0,0,1965.0,1,2.0,461.0,2,2,2,0.0,0.0,5.220355825078324,0.0,0.0,0,5.993961427306569,4,2007,7.795234929002173,2.0,42,42,1,1,0,0,0,0,0,0,1,0,0,0,0,0,0,0,0,0,0,0,0,0,1,0,0,1,0,0,0,1,1,0,1,0,0,0,0,0,0,0,0,0,0,0,1,0,0,0,0,0,0,0,0,0,0,0,0,0,0,0,0,0,0,1,0,0,0,0,0,0,0,0,0,1,0,0,0,0,0,1,0,0,0,0,0,0,1,0,0,0,0,0,0,0,0,1,0,0,1,0,0,0,0,0,0,0,0,0,0,0,0,0,0,1,0,0,0,0,0,0,0,0,0,0,0,0,0,0,1,0,0,0,0,0,0,0,0,0,1,0,0,1,0,0,0,0,0,1,0,0,0,0,0,0,0,0,1,0,0,0,0,0,1,0,0,0,0,0,0,0,0,0,1,0,0,0,0,1,0
4.61512051684126,9.655218482441182,3,3,7,8,1959,1997,0.0,3,3,3,3,1,5,7.129297548929373,1,0.0,5.541263545158426,1501.0,3,1,7.496652438168283,0.0,0.0,7.496652438168283,1.0,0.0,2,0,1,1,3,6,8,2,3,1959.0,3,2.0,484.0,3,3,2,0.0,4.007333185232471,0.0,0.0,5.087596335232384,0,0.0,3,2010,8.10258642539079,3.0,51,13,1,1,1,0,0,0,0,0,1,0,0,0,0,0,0,0,0,0,0,0,0,0,1,0,0,1,0,0,0,1,1,0,0,0,0,0,1,0,0,0,0,0,0,1,0,0,0,0,0,0,0,0,0,0,0,0,0,0,0,0,0,0,0,0,1,0,0,0,0,0,0,0,0,1,0,0,0,0,0,1,0,0,0,0,0,0,1,0,0,0,0,0,0,1,0,0,0,0,1,0,0,0,0,0,0,0,0,0,1,0,0,0,0,0,0,0,0,0,0,0,0,0,0,0,0,0,0,0,0,0,0,0,0,0,1,0,0,0,1,0,0,1,0,0,0,0,0,1,0,0,0,0,0,0,0,0,1,0,1,0,0,0,0,0,0,0,0,0,0,0,0,0,1,0,0,0,0,1,0
3.2188758248682006,7.744569809354496,4,3,6,5,1974,1974,0.0,3,3,3,3,1,5,5.552959584921617,3,6.206575926724928,4.6443908991413725,855.0,3,1,6.752270376141742,6.148468295917647,0.0,7.187657164114956,0.0,1.0,2,1,3,1,3,6,8,1,2,1974.0,1,2.0,440.0,3,3,2,5.564520407322694,0.0,0.0,0.0,0.0,0,0.0,6,2009,7.686162303492906,3.0,35,35,1,1,1,0,0,1,0,0,0,0,0,0,0,0,0,0,0,0,0,0,0,0,1,0,0,1,0,0,0,1,1,0,0,0,0,0,1,0,0,0,0,0,0,0,0,0,0,0,0,0,1,0,0,0,0,0,0,0,0,0,0,0,0,0,1,0,0,0,0,0,0,0,0,1,0,0,0,0,0,0,0,0,0,1,0,0,0,0,0,1,0,0,0,1,0,0,0,0,1,0,0,0,0,0,0,0,0,0,0,0,0,0,0,0,1,0,0,0,0,0,0,0,1,0,0,0,0,0,0,0,0,0,0,0,0,0,0,0,1,0,0,1,0,0,0,0,0,1,0,0,0,0,0,0,0,0,1,0,1,0,0,0,0,0,0,0,0,0,0,0,0,0,1,0,0,0,0,1,0
4.110873864173311,8.935508711503221,4,3,5,5,1952,1952,5.8888779583328805,3,3,3,3,1,1,0.0,1,0.0,6.8679744089702925,960.0,4,1,6.8679744089702925,6.90875477931522,0.0,7.581209826196346,0.0,0.0,2,0,4,2,3,10,8,0,0,1952.0,1,2.0,400.0,3,3,0,0.0,0.0,0.0,0.0,0.0,0,0.0,7,2009,7.979681302387741,2.0,57,57,1,1,0,0,0,0,0,0,0,0,0,0,0,0,0,0,0,0,1,0,0,0,0,1,0,1,0,0,0,1,1,0,0,0,0,0,1,0,0,0,0,0,0,0,0,0,0,0,0,0,0,0,0,0,1,0,0,0,0,0,0,0,1,0,0,0,0,0,0,0,0,0,0,1,0,0,0,0,0,0,0,1,0,0,0,0,0,0,0,1,0,0,0,0,0,1,0,0,1,0,0,0,0,0,0,0,0,0,0,0,0,0,0,0,0,0,0,0,1,0,0,0,0,0,0,0,0,0,0,0,0,0,0,0,1,0,0,1,0,0,0,1,0,0,0,0,0,1,0,0,0,0,0,0,0,0,1,0,0,0,0,0,1,0,1,0,0,0,0,0,0,0,0,0,0,0,0,1,0
4.394449154672439,9.164819856674374,3,3,8,5,1993,1994,4.836281906951478,4,3,4,3,1,6,5.942799375126701,1,0.0,5.986452005284438,777.0,5,1,6.97166860472579,6.741700694652055,0.0,7.555905093611346,0.0,0.0,2,1,3,1,4,8,8,1,3,1993.0,2,2.0,471.0,3,3,2,5.209486152841421,4.406719247264253,0.0,0.0,0.0,0,0.0,9,2006,7.896924656268864,2.5,13,12,1,1,1,0,0,0,0,0,0,0,0,0,0,1,0,0,0,0,0,0,0,0,1,0,0,1,0,0,0,1,1,0,0,0,0,0,1,0,0,0,0,0,0,0,0,0,0,0,0,0,0,0,0,0,0,0,0,1,0,0,0,0,0,0,1,0,0,0,0,0,0,0,0,1,0,0,0,0,0,1,0,0,0,0,0,0,0,0,0,1,0,0,0,1,0,0,0,0,1,0,0,0,0,0,0,0,0,0,0,0,0,0,0,0,0,0,0,1,0,0,0,0,0,0,0,0,0,0,0,0,0,0,0,1,0,0,0,1,0,0,0,0,1,0,0,0,0,1,0,0,0,0,0,0,0,0,1,0,1,0,0,0,0,0,0,0,0,0,0,0,0,0,1,0,0,0,0,1,0
4.330733340286331,8.969923491991516,3,3,6,5,2009,2009,0.0,4,3,4,3,1,6,3.332204510175204,1,0.0,7.083387847625295,1218.0,5,1,7.105786129481271,0.0,0.0,7.105786129481271,0.0,0.0,2,0,2,1,4,4,8,0,0,2009.0,3,2.0,676.0,3,3,2,0.0,4.634728988229636,0.0,0.0,0.0,0,0.0,9,2009,7.798523053625206,2.0,0,0,1,1,0,0,0,0,0,0,1,0,0,0,0,0,0,0,0,0,0,0,1,0,0,0,0,1,0,0,0,1,1,0,0,0,0,0,1,0,0,0,0,0,0,0,0,0,0,0,0,0,0,0,0,0,0,0,0,0,1,0,0,0,0,0,1,0,0,0,0,0,0,0,0,1,0,0,0,0,0,1,0,0,0,0,0,0,1,0,0,0,0,0,0,1,0,0,0,0,1,0,0,0,0,0,0,0,0,0,0,0,0,0,0,0,0,0,0,1,0,0,0,0,0,0,0,0,0,0,0,0,0,0,0,1,0,0,0,0,1,0,0,0,1,0,0,0,0,1,0,0,0,0,0,0,0,0,1,0,1,0,0,0,0,0,0,0,0,0,0,0,1,0,0,0,0,0,0,0,1
4.110873864173311,9.169622538697624,4,3,7,9,1928,2005,0.0,3,5,3,3,1,3,4.955827057601261,1,0.0,6.3080984415095305,689.0,5,1,6.536691597591305,6.536691597591305,0.0,7.229113877793302,0.0,0.0,2,0,3,1,4,7,8,1,4,1928.0,1,2.0,360.0,3,3,0,0.0,0.0,4.762173934797756,0.0,0.0,0,0.0,10,2008,7.63433723562832,2.0,80,3,1,1,1,0,0,0,0,0,0,0,0,0,0,0,1,0,0,0,0,0,0,0,0,1,0,1,0,0,0,1,1,0,0,0,0,0,1,0,0,0,0,0,0,0,0,0,0,0,0,0,0,0,0,0,1,0,0,0,0,0,0,0,0,0,1,0,0,0,0,0,0,0,0,1,0,0,0,0,0,1,0,0,0,0,0,0,0,0,0,1,0,0,0,0,1,0,0,0,1,0,0,0,0,0,0,0,0,0,0,0,0,0,0,1,0,0,0,0,0,0,0,0,0,0,0,0,0,0,1,0,0,0,0,0,0,0,0,0,1,0,1,0,0,0,0,0,0,1,0,0,0,0,0,0,0,0,1,0,0,0,0,0,1,0,0,0,0,0,0,0,0,0,1,0,0,0,0,1,0
4.394449154672439,9.169622538697624,4,3,5,6,1959,1959,4.890349128221754,3,3,3,3,1,5,6.899723107284872,1,0.0,3.9318256327243257,1041.0,5,1,6.948897222313312,0.0,0.0,6.948897222313312,1.0,0.0,1,0,3,1,3,6,8,0,0,1959.0,2,1.0,270.0,3,3,2,5.41610040220442,4.48863636973214,0.0,0.0,0.0,0,0.0,7,2009,7.641564441260972,2.0,50,50,1,1,0,0,0,0,0,0,1,0,0,0,0,0,0,0,0,0,0,0,0,0,1,0,0,1,0,0,0,1,1,0,1,0,0,0,0,0,0,0,0,0,0,0,0,0,0,0,0,1,0,0,0,0,0,0,0,0,0,0,0,0,0,0,1,0,0,0,0,0,0,0,0,1,0,0,0,0,0,1,0,0,0,0,0,0,1,0,0,0,0,0,0,1,0,0,0,0,1,0,0,0,0,0,0,0,0,0,0,0,0,0,0,1,0,0,0,0,0,0,0,0,0,0,0,0,0,0,1,0,0,0,0,0,0,0,0,1,0,0,0,1,0,0,0,0,0,1,0,0,0,0,0,0,0,0,1,0,1,0,0,0,0,0,0,0,0,0,0,0,0,0,1,0,0,0,0,1,0
4.330733340286331,9.586033321750676,4,3,5,7,1951,2000,4.2626798770413155,4,3,3,3,1,4,6.478509642208569,3,5.198497031265826,5.187385805840755,1008.0,5,1,7.218176838403408,0.0,0.0,7.218176838403408,1.0,0.0,1,0,2,1,3,6,7,2,3,1951.0,1,1.0,288.0,3,3,2,5.783825182329737,3.7612001156935624,0.0,0.0,5.1298987149230735,0,7.601402334583733,6,2009,7.771488760117616,2.0,58,9,1,1,1,0,0,0,0,0,1,0,0,0,0,0,0,0,0,0,0,0,0,0,1,0,0,1,0,0,0,1,1,0,0,0,0,0,1,0,0,0,0,0,0,0,0,0,0,0,0,1,0,0,0,0,0,0,0,0,0,0,0,0,0,0,1,0,0,0,0,0,0,0,0,1,0,0,0,0,0,1,0,0,0,0,0,0,1,0,0,0,0,0,0,0,0,1,0,0,1,0,0,0,0,0,0,0,0,0,0,0,0,0,0,0,0,0,0,0,1,0,0,0,0,0,0,0,0,0,0,0,0,0,0,0,1,0,1,0,0,0,0,1,0,0,0,0,0,1,0,0,0,0,0,0,0,0,1,0,0,0,0,1,0,0,0,0,0,0,0,0,0,0,1,0,0,0,0,1,0
3.713572066704308,8.823647949191303,3,3,7,5,2005,2006,4.553876891600541,4,3,4,3,1,1,0.0,1,0.0,7.221835825288449,1368.0,5,1,7.221835825288449,0.0,0.0,7.221835825288449,0.0,0.0,2,0,2,1,4,6,8,1,4,2005.0,2,2.0,474.0,3,3,2,4.890349128221754,3.58351893845611,0.0,0.0,0.0,0,0.0,3,2006,7.914617709040679,2.0,1,0,1,1,1,1,0,0,0,0,0,0,0,0,0,0,0,0,0,0,0,0,0,0,1,0,0,1,0,0,0,1,1,0,0,0,0,0,1,0,0,0,0,0,0,0,0,0,0,0,0,0,0,0,0,1,0,0,0,0,0,0,0,0,0,0,1,0,0,0,0,0,0,0,0,1,0,0,0,0,0,0,0,0,0,1,0,0,1,0,0,0,0,0,0,1,0,0,0,0,1,0,0,0,0,0,0,0,0,0,0,0,0,0,0,0,0,0,0,1,0,0,0,0,0,0,0,0,0,0,0,0,0,0,0,1,0,0,0,0,0,1,0,0,1,0,0,0,0,1,0,0,0,0,0,0,0,0,1,0,1,0,0,0,0,0,0,0,0,0,0,0,1,0,0,0,0,0,0,0,1
4.2626798770413155,9.116139576577355,4,3,5,5,1958,1958,0.0,3,3,3,3,1,4,6.257667587882639,2,5.1647859739235145,5.135798437050262,864.0,3,1,6.762729506931879,0.0,0.0,6.762729506931879,1.0,0.0,1,0,3,1,3,5,8,0,0,1964.0,1,2.0,624.0,3,3,2,0.0,0.0,0.0,0.0,0.0,0,0.0,7,2006,7.455298485683291,2.0,48,48,1,1,0,0,0,0,0,0,1,0,0,0,0,0,0,0,0,0,0,0,0,0,1,0,0,1,0,0,0,1,1,0,1,0,0,0,0,0,0,0,0,0,0,0,0,0,0,0,0,1,0,0,0,0,0,0,0,0,0,0,0,0,0,1,0,0,0,0,0,0,0,0,0,1,0,0,0,0,0,1,0,0,0,0,0,0,1,0,0,0,0,0,0,1,0,0,0,0,1,0,0,0,0,0,0,0,0,0,0,0,0,0,0,0,0,0,0,1,0,0,0,0,0,0,0,0,0,0,0,0,0,0,0,1,0,0,0,0,1,0,0,1,0,0,0,0,0,1,0,0,0,0,0,0,0,0,1,0,0,0,0,0,1,0,0,0,0,0,0,0,0,0,1,0,0,0,0,1,0
4.276666119016055,9.125653563808989,4,3,6,5,1983,1983,0.0,3,4,3,3,1,5,5.820082930352362,1,0.0,6.618738983517219,1084.0,3,1,6.985641817639208,0.0,0.0,6.985641817639208,0.0,0.0,1,1,3,1,3,5,8,0,0,1983.0,1,2.0,484.0,3,3,2,4.795790545596741,0.0,5.0689042022202315,0.0,0.0,0,0.0,6,2007,7.68017564043659,1.5,24,24,1,1,0,0,0,0,0,0,1,0,0,0,0,0,0,0,0,0,0,0,0,0,1,0,0,1,1,0,0,0,1,0,1,0,0,0,0,0,0,0,0,0,0,0,0,0,0,0,1,0,0,0,0,0,0,0,0,0,0,0,0,0,0,0,1,0,0,0,0,0,0,0,0,1,0,0,0,0,0,1,0,0,0,0,0,0,1,0,0,0,0,0,0,1,0,0,0,0,1,0,0,0,0,0,0,0,0,0,0,0,0,0,0,0,0,0,0,1,0,0,0,0,0,0,0,0,0,0,0,0,0,0,0,1,0,0,0,0,1,0,0,0,1,0,0,0,0,1,0,0,0,0,0,0,0,0,1,0,1,0,0,0,0,0,0,0,0,0,0,0,0,0,1,0,0,0,0,1,0
4.02535169073515,9.2681374707024,4,3,5,5,1926,1950,0.0,3,3,3,3,1,1,0.0,1,0.0,6.645090969505644,768.0,2,0,6.672032945461067,0.0,0.0,6.672032945461067,0.0,0.0,1,0,2,1,3,5,8,0,0,1926.0,1,1.0,200.0,1,1,2,0.0,0.0,4.727387818712341,0.0,0.0,0,0.0,6,2007,7.351158226430694,1.0,81,57,1,1,0,0,0,0,0,0,0,0,0,1,0,0,0,0,0,0,0,0,0,0,1,0,0,1,0,0,0,1,1,0,0,0,0,0,1,0,0,0,0,0,0,1,0,0,0,0,0,0,0,0,0,0,0,0,0,0,0,0,0,0,0,0,1,0,0,0,0,0,0,0,0,1,0,0,0,0,0,1,0,0,0,0,0,1,0,0,0,0,0,0,0,1,0,0,0,0,1,0,0,0,0,0,0,0,0,0,0,0,0,0,0,0,0,0,0,0,1,0,0,0,0,0,0,0,0,0,0,0,0,0,0,0,1,0,0,0,1,0,1,0,0,0,0,0,0,0,0,1,0,0,0,0,0,0,1,0,0,0,0,0,1,0,0,0,0,0,0,0,0,0,1,0,0,0,0,1,0
4.553876891600541,9.410911062438,4,3,10,5,2009,2009,5.723585101952381,5,3,5,3,1,6,7.270312886079025,1,0.0,6.3473892096560105,2006.0,5,1,7.611347717403621,0.0,0.0,7.611347717403621,1.0,0.0,2,1,3,1,5,9,8,1,4,2009.0,3,3.0,900.0,3,3,2,5.056245805348308,4.007333185232471,0.0,0.0,0.0,0,0.0,9,2009,8.300776960851454,3.5,0,0,1,1,1,0,0,0,0,0,1,0,0,0,0,0,0,0,0,0,0,0,0,0,1,0,0,1,0,0,0,1,1,0,0,0,0,0,1,0,0,0,0,0,0,0,0,0,0,0,0,0,0,0,0,1,0,0,0,0,0,0,0,0,0,0,1,0,0,0,0,0,0,0,0,1,0,0,0,0,0,1,0,0,0,0,0,0,1,0,0,0,0,0,0,0,0,1,0,0,1,0,0,0,0,0,0,0,0,0,0,0,1,0,0,0,0,0,0,0,0,0,0,0,0,0,0,1,0,0,0,0,0,0,0,0,0,0,0,1,0,0,0,1,0,0,0,0,0,1,0,0,0,0,0,0,0,0,1,0,1,0,0,0,0,0,0,0,0,0,0,0,1,0,0,0,0,0,0,0,1
4.394449154672439,9.254261559034111,3,3,6,6,1972,1972,5.811140992976701,3,3,3,3,1,1,0.0,1,0.0,6.536691597591305,689.0,3,1,7.229113877793302,6.60934924316738,0.0,7.659171367666058,0.0,0.0,2,1,3,1,3,7,8,1,3,1972.0,2,2.0,583.0,3,3,2,0.0,4.653960350157523,0.0,0.0,0.0,0,0.0,8,2009,7.940583827104244,2.5,37,37,1,1,1,0,0,0,0,0,0,0,0,0,0,0,0,0,1,0,0,0,0,0,1,0,0,1,0,0,0,1,1,0,1,0,0,0,0,0,0,0,0,0,0,0,0,0,0,0,0,0,0,1,0,0,0,0,0,0,0,0,0,0,0,0,1,0,0,0,0,0,0,0,0,1,0,0,0,0,0,1,0,0,0,0,0,0,0,0,0,0,0,1,0,1,0,0,0,0,1,0,0,0,0,0,0,0,0,0,0,0,0,1,0,0,0,0,0,0,0,0,0,0,0,0,0,0,1,0,0,0,0,0,0,0,0,0,0,1,0,0,0,1,0,0,0,0,0,1,0,0,0,0,0,0,0,0,1,0,1,0,0,0,0,0,1,0,0,0,0,0,0,0,0,1,0,0,0,0,0
4.382026634673881,9.231024963169016,3,3,7,5,1996,1997,6.826545223556594,4,3,4,3,1,1,0.0,1,0.0,7.142827401161621,1264.0,5,1,7.15305163493748,6.97354301952014,0.0,7.76004068088038,0.0,0.0,2,1,3,1,4,7,8,1,3,1996.0,2,3.0,889.0,3,3,2,5.3981627015177525,0.0,0.0,0.0,0.0,0,0.0,7,2009,8.19118600464279,2.5,13,12,1,1,1,0,0,0,0,0,0,0,0,0,0,1,0,0,0,0,0,0,0,0,1,0,0,1,0,0,0,1,1,0,0,0,0,0,1,0,0,0,0,0,0,0,0,0,0,0,0,0,0,0,1,0,0,0,0,0,0,0,0,0,0,0,1,0,0,0,0,0,0,0,0,1,0,0,0,0,0,1,0,0,0,0,0,0,0,0,0,1,0,0,0,1,0,0,0,0,1,0,0,0,0,0,0,0,0,0,0,0,0,0,0,0,0,0,0,1,0,0,0,0,0,0,0,0,0,0,0,0,0,0,0,1,0,0,0,1,0,0,0,0,1,0,0,0,0,1,0,0,0,0,0,0,0,0,1,0,1,0,0,0,0,0,0,0,0,0,0,0,0,0,1,0,0,0,0,1,0
4.2626798770413155,9.162409838218633,3,3,6,5,1998,1998,0.0,3,3,4,3,2,6,6.561030665896573,1,0.0,4.48863636973214,794.0,5,1,6.78332520060396,6.818924065275521,0.0,7.493873886783559,1.0,0.0,2,1,3,1,3,7,8,0,0,1998.0,2,2.0,546.0,3,3,2,0.0,3.6109179126442243,0.0,0.0,0.0,0,0.0,5,2007,7.85979918056211,3.5,9,9,1,1,0,0,0,0,0,0,0,0,0,0,0,1,0,0,0,0,0,0,0,0,1,0,0,1,0,0,0,1,1,0,0,1,0,0,0,0,0,0,0,0,1,0,0,0,0,0,0,0,0,0,0,0,0,0,0,0,0,0,0,0,0,0,1,0,0,0,0,0,0,0,0,1,0,0,0,0,0,1,0,0,0,0,0,0,0,0,0,1,0,0,0,1,0,0,0,0,1,0,0,0,0,0,0,0,0,0,0,0,0,0,0,0,0,0,0,1,0,0,0,0,0,0,0,0,0,0,0,0,0,0,0,1,0,0,0,0,1,0,0,0,1,0,0,0,0,1,0,0,0,0,0,0,0,0,1,0,1,0,0,0,0,0,0,0,0,0,0,0,0,0,1,0,0,0,0,1,0
3.9889840465642745,9.298259670014065,4,3,7,9,1926,2004,0.0,4,3,4,3,1,1,0.0,1,0.0,7.152268856032539,1276.0,5,1,7.152268856032539,6.690842277418564,0.0,7.640603826393634,0.0,0.0,1,1,3,1,4,9,8,2,4,1926.0,1,1.0,282.0,3,3,2,0.0,0.0,0.0,0.0,4.983606621708336,0,0.0,6,2009,8.118802996980035,1.5,83,5,1,1,1,0,0,0,0,0,0,0,0,0,0,0,1,0,0,0,0,0,0,0,1,0,0,1,0,0,0,1,1,0,0,0,0,0,1,0,0,0,0,0,0,1,0,0,0,0,0,0,0,0,0,0,0,0,0,0,0,0,0,0,0,0,1,0,0,0,0,0,0,0,0,1,0,0,0,0,0,1,0,0,0,0,0,0,0,0,0,1,0,0,0,0,1,0,0,0,1,0,0,0,0,0,0,0,0,0,0,0,0,0,0,1,0,0,0,0,0,0,0,0,0,0,0,0,0,0,1,0,0,0,0,0,0,0,0,0,1,0,1,0,0,0,0,0,0,1,0,0,0,0,0,0,0,0,1,0,0,0,0,0,1,0,0,0,0,0,0,0,0,0,1,0,0,0,0,1,0
4.110873864173311,9.287394001418473,4,3,4,7,1900,2000,0.0,3,3,0,0,0,0,0.0,0,0.0,0.0,0.0,3,0,6.543911845564792,6.398594934535208,0.0,7.166265974133638,0.0,0.0,2,0,3,2,3,7,8,0,0,0.0,0,0.0,0.0,0,0,0,5.3981627015177525,4.74493212836325,5.351858133476067,0.0,0.0,0,0.0,8,2008,7.166265974133638,2.0,108,8,0,0,0,0,0,0,0,1,0,0,0,0,0,0,0,0,0,0,0,0,0,0,1,0,0,1,0,0,0,1,1,0,0,0,0,0,1,0,0,0,0,0,0,0,0,0,0,0,0,0,0,0,0,0,1,0,0,0,0,0,0,0,0,0,1,0,0,0,0,0,0,0,0,1,0,0,0,0,0,0,1,0,0,0,0,0,0,0,0,1,0,0,0,1,0,0,0,0,1,0,0,0,0,0,0,0,0,0,0,0,0,0,0,1,0,0,0,0,0,0,0,0,0,0,0,0,0,0,1,0,0,0,0,0,0,0,0,0,1,0,1,0,0,0,0,0,0,1,0,0,0,0,1,0,0,0,0,0,0,0,0,0,0,1,0,0,0,0,0,0,0,0,1,0,0,0,0,1,0
4.51085950651685,9.391744841707654,3,3,6,6,1957,1957,0.0,3,3,3,3,1,3,6.656726524178391,1,0.0,6.148468295917647,1244.0,5,1,7.126890808898808,0.0,0.0,7.126890808898808,0.0,0.0,1,1,3,1,3,6,8,2,4,1957.0,1,1.0,336.0,3,3,2,0.0,3.713572066704308,0.0,0.0,0.0,0,0.0,5,2007,7.819636302367592,1.5,50,50,1,1,1,0,0,0,0,0,1,0,0,0,0,0,0,0,0,0,0,0,0,0,1,0,0,1,0,0,0,1,1,0,1,0,0,0,0,0,0,0,0,0,0,0,0,0,0,0,0,1,0,0,0,0,0,0,0,0,0,0,0,0,0,1,0,0,0,0,0,0,0,0,0,1,0,0,0,0,0,1,0,0,0,0,0,0,1,0,0,0,0,0,0,1,0,0,0,0,1,0,0,0,0,0,0,0,0,0,0,0,0,0,0,0,0,0,0,1,0,0,0,0,0,0,0,0,0,0,0,0,0,0,0,1,0,0,0,0,1,0,0,1,0,0,0,0,0,1,0,0,0,0,1,0,0,0,0,0,1,0,0,0,0,0,0,0,0,0,0,0,0,0,1,0,0,0,0,1,0
3.9318256327243257,8.517393171418904,4,3,6,7,1947,1950,0.0,3,4,3,3,1,5,5.991464547107982,1,0.0,6.406879986069314,1004.0,5,1,6.912742820493176,6.493753839851686,0.0,7.417580402414544,0.0,0.0,2,0,3,1,3,7,8,2,4,1950.0,1,2.0,420.0,3,3,2,0.0,3.2188758248682006,3.6109179126442243,0.0,0.0,0,0.0,10,2006,7.889459149404524,2.0,59,56,1,1,1,0,0,0,0,0,0,0,0,0,1,0,0,0,0,0,0,0,0,0,0,1,0,1,0,0,0,1,1,0,1,0,0,0,0,0,0,0,1,0,0,0,0,0,0,0,0,0,0,0,0,0,0,0,0,0,0,0,0,0,0,1,0,0,0,0,0,0,0,0,0,1,0,0,0,0,0,1,0,0,0,0,1,0,0,0,0,0,0,0,0,1,0,0,0,0,1,0,0,0,0,0,0,0,0,0,0,0,1,0,0,0,0,0,0,0,0,0,0,0,0,0,0,1,0,0,0,0,0,0,0,0,0,0,0,0,1,0,0,1,0,0,0,0,0,1,0,0,0,0,0,0,0,0,1,0,0,0,0,0,1,0,0,0,0,0,0,0,0,0,1,0,0,0,0,1,0
4.564348191467836,9.374837343857585,3,3,7,5,1996,1997,6.38856140554563,4,3,4,3,1,6,6.579251212010101,1,0.0,6.493753839851686,1379.0,5,1,7.232733136177615,6.923628628138427,0.0,7.782807262839695,1.0,0.0,2,1,3,1,4,8,8,1,3,1996.0,3,3.0,834.0,3,3,2,5.480638923341991,4.110873864173311,0.0,0.0,0.0,0,0.0,8,2007,8.236950048061455,3.5,11,10,1,1,1,0,0,0,0,0,0,0,0,0,0,1,0,0,0,0,0,0,0,0,1,0,0,1,0,0,0,1,1,0,0,0,0,0,1,0,0,0,0,0,0,0,0,0,0,0,0,0,0,0,1,0,0,0,0,0,0,0,0,0,0,0,1,0,0,0,0,0,0,0,0,1,0,0,0,0,0,1,0,0,0,0,0,0,0,0,0,1,0,0,0,1,0,0,0,0,1,0,0,0,0,0,0,0,0,0,0,0,0,0,0,0,0,0,0,1,0,0,0,0,0,0,0,0,0,0,0,0,0,0,0,1,0,0,0,1,0,0,0,0,1,0,0,0,0,1,0,0,0,0,0,0,0,0,1,0,1,0,0,0,0,0,0,0,0,0,0,0,0,0,1,0,0,0,0,1,0
4.143134726391533,8.922791623969637,4,3,7,5,2005,2005,0.0,4,3,4,3,1,1,0.0,1,0.0,7.1372784372603855,1257.0,5,1,7.144407180321139,0.0,0.0,7.144407180321139,0.0,0.0,2,0,3,1,4,6,8,1,3,2005.0,1,2.0,453.0,3,3,2,3.6635616461296463,4.976733742420574,0.0,0.0,0.0,0,0.0,4,2006,7.8336002236611035,2.0,1,1,1,1,1,0,0,0,0,0,1,0,0,0,0,0,0,0,0,0,0,0,1,0,0,0,0,1,0,0,0,1,1,0,0,0,0,0,1,0,0,0,0,0,0,0,0,0,0,0,0,0,0,0,0,0,0,0,0,0,1,0,0,0,0,0,1,0,0,0,0,0,0,0,0,1,0,0,0,0,0,1,0,0,0,0,0,0,1,0,0,0,0,0,0,1,0,0,0,0,1,0,0,0,0,0,0,0,0,0,0,0,0,0,0,0,0,0,0,1,0,0,0,0,0,0,0,0,0,0,0,0,0,0,0,1,0,0,0,0,1,0,0,0,1,0,0,0,0,1,0,0,0,0,0,0,0,0,1,0,1,0,0,0,0,0,0,0,0,0,0,0,0,0,1,0,0,0,0,1,0
4.2626798770413155,9.495594499353297,4,3,5,7,1956,2000,0.0,3,3,4,3,1,3,5.934894195619588,1,0.0,6.313548046277095,928.0,3,1,6.834108738813838,0.0,0.0,6.834108738813838,0.0,0.0,1,0,2,1,3,4,8,0,0,1956.0,1,1.0,252.0,3,3,2,5.568344503761097,0.0,5.056245805348308,0.0,0.0,0,0.0,6,2007,7.526717561352706,1.0,51,7,1,1,0,0,0,0,0,0,1,0,0,0,0,0,0,0,0,0,0,0,0,0,1,0,0,1,0,0,0,1,1,0,0,0,0,0,1,0,0,0,0,0,0,0,0,0,0,0,0,1,0,0,0,0,0,0,0,0,0,0,0,0,0,0,1,0,0,0,0,0,0,0,0,1,0,0,0,0,0,1,0,0,0,0,0,0,1,0,0,0,0,0,0,0,0,1,0,0,1,0,0,0,0,0,0,0,0,0,0,0,0,0,0,0,0,0,0,0,1,0,0,0,0,0,0,0,0,0,0,0,0,0,0,0,1,0,0,0,1,0,0,1,0,0,0,0,0,1,0,0,0,0,0,0,0,0,1,0,1,0,0,0,0,0,0,0,0,0,0,0,0,0,1,0,0,0,0,1,0
4.219507705176107,9.612399686949514,3,3,9,5,2008,2008,5.594711379601839,5,3,5,3,3,6,7.193685818395112,1,0.0,4.812184355372417,1452.0,5,1,7.29776828253138,7.121252453244542,0.0,7.906178840394815,1.0,0.0,2,1,3,1,5,11,8,1,4,2008.0,3,3.0,858.0,3,3,2,4.844187086458591,4.204692619390966,0.0,0.0,0.0,0,0.0,11,2008,8.334711621820917,3.5,0,0,1,1,1,0,0,0,0,0,0,0,0,0,0,1,0,0,0,0,0,0,0,0,1,0,0,1,0,0,0,1,1,0,0,0,0,0,1,0,0,0,0,0,0,0,0,0,0,0,0,0,0,0,0,1,0,0,0,0,0,0,0,0,0,0,1,0,0,0,0,0,0,0,0,1,0,0,0,0,0,1,0,0,0,0,0,0,0,0,0,1,0,0,0,0,0,1,0,0,1,0,0,0,0,0,0,0,0,0,0,0,0,0,0,0,0,0,0,1,0,0,0,0,0,0,0,0,0,0,0,0,0,0,0,1,0,0,0,0,0,1,0,0,1,0,0,0,0,1,0,0,0,0,0,0,0,0,1,0,1,0,0,0,0,0,0,0,0,0,0,0,1,0,0,0,0,0,0,0,1
4.07753744390572,9.11591979635669,3,3,4,7,1920,2002,0.0,3,3,3,3,2,5,5.855071922202427,1,0.0,5.198497031265826,528.0,5,1,6.406879986069314,0.0,0.0,6.406879986069314,1.0,0.0,1,0,2,1,3,5,8,0,0,0.0,0,0.0,0.0,0,0,0,0.0,0.0,4.976733742420574,0.0,0.0,0,0.0,7,2007,7.033506484287697,2.0,87,5,0,1,0,0,0,0,0,0,0,1,0,0,0,0,0,0,0,0,0,0,0,0,1,0,0,1,0,0,0,1,1,0,0,0,0,0,1,0,0,0,0,0,0,0,1,0,0,0,0,0,0,0,0,0,0,0,0,0,0,0,0,0,0,0,1,0,0,0,0,0,0,0,0,1,0,0,0,0,0,1,0,0,0,0,0,0,1,0,0,0,0,0,0,1,0,0,0,0,1,0,0,0,0,0,0,0,0,0,0,0,0,0,0,0,0,0,0,0,1,0,0,0,0,0,0,0,0,0,0,0,0,0,0,0,1,0,0,0,1,0,1,0,0,0,0,0,0,1,0,0,0,0,0,0,0,0,1,0,0,0,0,0,0,1,0,0,0,0,0,0,0,0,1,0,0,0,0,1,0
4.31748811353631,10.39418189500513,3,3,6,3,1957,1975,0.0,4,3,3,3,1,3,7.106606137727303,1,0.0,6.705639094860003,2035.0,3,1,7.830425617820331,0.0,0.0,7.830425617820331,1.0,0.0,3,0,4,2,3,9,4,2,3,1975.0,2,2.0,484.0,3,3,2,0.0,0.0,5.303304908059076,0.0,0.0,0,0.0,3,2007,8.423102268016642,4.0,50,32,1,1,1,0,0,0,0,0,1,0,0,0,0,0,0,0,0,0,0,0,0,0,1,0,0,1,0,0,0,1,1,0,0,1,0,0,0,0,0,0,0,0,0,1,0,0,0,0,0,0,0,0,0,0,0,0,0,0,0,0,0,0,0,0,1,0,0,0,0,0,0,0,0,1,0,0,0,0,0,1,0,0,0,0,0,0,1,0,0,0,0,0,0,0,0,1,0,0,1,0,0,0,0,0,0,0,0,0,0,0,0,0,0,0,0,0,0,0,1,0,0,0,0,0,0,0,0,0,0,0,0,1,0,0,0,0,0,0,1,0,0,0,1,0,0,0,0,1,0,0,0,0,0,0,0,0,1,0,1,0,0,0,0,0,0,0,0,0,0,0,0,0,1,0,0,1,0,0,0
4.454347296253507,9.23024103368252,4,3,6,5,1988,1989,5.393627546352362,4,3,4,3,3,6,6.664409020350408,1,0.0,6.520621127558696,1461.0,5,1,7.31986492980897,0.0,0.0,7.31986492980897,1.0,0.0,2,0,3,1,4,5,8,1,2,1988.0,2,2.0,600.0,3,3,2,5.41610040220442,0.0,0.0,0.0,0.0,0,0.0,8,2008,7.9966538754626075,3.0,20,19,1,1,1,0,0,0,0,0,0,0,0,0,0,0,0,0,1,0,0,0,0,0,1,0,0,1,0,0,0,1,1,0,0,0,0,0,1,0,0,0,0,0,0,0,0,0,0,0,0,0,0,0,0,0,0,0,0,0,0,0,1,0,0,0,1,0,0,0,0,0,0,0,0,1,0,0,0,0,0,1,0,0,0,0,0,0,0,0,0,0,0,1,0,1,0,0,0,0,1,0,0,0,0,0,0,0,0,0,0,0,0,1,0,0,0,0,0,0,0,0,0,0,0,0,0,0,1,0,0,0,0,0,0,0,0,0,0,1,0,0,0,1,0,0,0,0,0,1,0,0,0,0,0,0,0,0,1,0,1,0,0,0,0,0,0,0,0,0,0,0,0,0,1,1,0,0,0,0,0
4.110873864173311,8.72518249495877,3,3,6,8,1920,1999,0.0,3,3,2,2,2,1,0.0,1,0.0,6.416732282512326,611.0,5,1,6.62273632394984,6.416732282512326,0.0,7.217443431696533,0.0,0.0,2,0,3,1,3,6,8,0,0,1920.0,3,2.0,502.0,3,2,2,0.0,0.0,4.442651256490317,0.0,0.0,0,0.0,6,2008,7.587817219993427,2.0,88,9,1,1,0,0,0,0,0,0,0,0,0,0,0,0,1,0,0,0,0,0,0,0,0,1,0,1,0,0,0,1,1,0,0,0,0,1,0,0,0,0,1,0,0,0,0,0,0,0,0,0,0,0,0,0,0,0,0,0,0,0,0,0,0,0,0,0,0,0,0,0,1,0,1,0,0,0,0,0,0,1,0,0,0,0,0,0,0,0,0,1,0,0,0,1,0,0,0,0,1,0,0,0,0,0,0,0,0,0,0,0,0,0,0,0,0,0,0,0,1,0,0,0,0,0,0,0,0,0,0,0,0,0,0,0,1,0,0,0,1,0,1,0,0,0,0,0,0,1,0,0,0,0,0,0,0,0,1,0,0,0,0,0,1,0,0,0,0,0,0,0,0,0,1,0,0,0,0,1,0
4.110873864173311,8.881975184248867,4,3,5,7,1955,2007,0.0,3,3,0,0,0,0,0.0,0,0.0,0.0,0.0,5,1,6.71901315438526,0.0,0.0,6.71901315438526,0.0,0.0,1,0,2,1,3,5,5,1,1,1967.0,1,1.0,392.0,3,3,2,0.0,0.0,0.0,0.0,0.0,0,0.0,4,2010,6.71901315438526,1.0,55,3,1,0,1,0,0,0,0,0,1,0,0,0,0,0,0,0,0,0,0,0,0,0,1,0,0,1,0,0,0,1,1,0,0,0,0,0,1,0,0,0,0,0,0,0,0,0,0,0,0,1,0,0,0,0,0,0,0,0,0,0,0,0,0,0,1,0,0,0,0,0,0,0,0,1,0,0,0,0,0,1,0,0,0,0,0,0,1,0,0,0,0,0,0,1,0,0,0,0,1,0,0,0,0,0,0,0,0,0,0,0,0,0,0,0,0,0,0,1,0,0,0,0,0,0,0,0,0,0,0,0,0,0,0,1,0,0,0,0,1,0,0,0,0,1,0,0,0,1,0,0,0,0,0,0,0,0,1,0,0,0,0,0,1,0,0,0,0,0,0,0,0,0,1,0,0,0,0,1,0
3.9318256327243257,8.517393171418904,4,2,1,3,1946,1950,0.0,2,2,0,0,0,0,0.0,0,0.0,0.0,0.0,2,0,5.814130531825066,0.0,0.0,5.814130531825066,0.0,0.0,1,0,1,1,2,2,8,0,0,0.0,0,0.0,0.0,0,0,0,0.0,0.0,0.0,0.0,0.0,0,0.0,1,2007,5.814130531825066,1.0,61,57,0,0,0,0,0,0,0,0,1,0,0,0,0,0,0,0,0,0,0,0,0,0,1,0,0,1,0,0,1,0,1,0,0,0,0,0,1,0,0,0,1,0,0,0,0,0,0,0,0,0,0,0,0,0,0,0,0,0,0,0,0,0,0,0,1,0,0,0,0,0,0,0,0,1,0,0,0,0,0,1,0,0,0,0,0,0,1,0,0,0,0,0,0,1,0,0,0,0,1,0,0,0,0,0,0,0,0,0,0,0,0,0,0,0,0,0,0,1,0,0,0,0,0,0,0,0,0,0,0,0,0,0,0,1,0,0,0,0,1,0,0,0,0,1,0,0,0,1,0,0,0,0,0,1,0,0,0,0,0,0,0,0,0,1,0,0,0,0,0,0,0,0,1,0,0,0,0,1,0
4.31748811353631,9.111293218374948,3,3,8,5,2004,2004,0.0,4,3,5,4,3,1,0.0,1,0.0,6.56244409369372,707.0,5,1,6.56244409369372,6.56244409369372,0.0,7.254884810077338,0.0,0.0,2,1,3,1,4,6,8,1,4,2004.0,3,2.0,403.0,3,3,2,4.61512051684126,3.58351893845611,0.0,0.0,0.0,0,0.0,10,2006,7.660114319173928,2.5,2,2,1,1,1,0,0,0,0,0,0,0,0,0,0,1,0,0,0,0,0,0,0,0,1,0,0,1,0,0,0,1,1,0,0,0,0,0,1,0,0,0,0,0,0,0,0,1,0,0,0,0,0,0,0,0,0,0,0,0,0,0,0,0,0,0,1,0,0,0,0,0,0,0,0,1,0,0,0,0,0,1,0,0,0,0,0,0,0,0,0,1,0,0,0,1,0,0,0,0,1,0,0,0,0,0,0,0,0,0,0,0,0,0,0,0,0,0,0,1,0,0,0,0,0,0,0,0,0,0,0,0,0,0,0,1,0,0,0,0,1,0,0,0,1,0,0,0,0,1,0,0,0,0,0,0,0,0,1,0,1,0,0,0,0,0,0,0,0,0,0,0,0,0,1,0,0,0,0,1,0
4.2626798770413155,8.853808274977197,4,3,5,7,1910,1991,0.0,3,3,4,3,4,6,6.877296071497429,1,0.0,5.003946305945459,1117.0,3,1,6.710523109452428,6.269096283706261,0.0,7.206377291472252,1.0,0.0,1,0,3,1,3,5,8,0,0,0.0,0,0.0,0.0,0,0,0,4.454347296253507,0.0,5.003946305945459,0.0,0.0,0,0.0,1,2008,7.80994708647679,2.0,98,17,0,1,0,0,0,0,0,1,0,0,0,0,0,0,0,0,0,0,0,0,0,0,1,0,0,1,0,0,0,1,1,0,0,0,0,0,1,0,0,0,0,0,0,0,1,0,0,0,0,0,0,0,0,0,0,0,0,0,0,0,0,0,0,0,1,0,0,0,0,0,0,0,0,1,0,0,0,0,0,0,1,0,0,0,0,0,0,0,0,1,0,0,0,1,0,0,0,0,1,0,0,0,0,0,0,0,0,0,0,0,0,0,0,1,0,0,0,0,0,0,0,0,0,0,0,0,0,0,1,0,0,0,0,0,0,0,0,0,1,0,0,1,0,0,0,0,0,1,0,0,0,0,0,0,0,0,1,0,0,0,0,0,0,1,0,0,0,0,0,0,0,0,1,0,0,0,0,1,0
4.060443010546419,9.09661160664784,3,3,7,5,1998,1999,0.0,3,3,4,3,3,1,0.0,1,0.0,6.78105762593618,880.0,5,1,6.78105762593618,6.739336627357174,0.0,7.45298232946546,0.0,0.0,2,1,3,1,4,8,8,0,0,1998.0,3,2.0,527.0,3,3,2,4.795790545596741,5.049856007249537,0.0,0.0,0.0,0,0.0,7,2008,7.865187954187467,2.5,10,9,1,1,0,0,0,0,0,0,0,0,0,0,0,1,0,0,0,0,0,0,0,0,1,0,0,1,0,0,0,1,1,0,0,1,0,0,0,0,0,0,0,0,1,0,0,0,0,0,0,0,0,0,0,0,0,0,0,0,0,0,0,0,0,0,1,0,0,0,0,0,0,0,0,1,0,0,0,0,0,1,0,0,0,0,0,0,0,0,0,1,0,0,0,1,0,0,0,0,1,0,0,0,0,0,0,0,0,0,0,0,0,0,0,0,0,0,0,1,0,0,0,0,0,0,0,0,0,0,0,0,0,0,0,1,0,0,0,0,1,0,0,0,1,0,0,0,0,1,0,0,0,0,0,0,0,0,1,0,1,0,0,0,0,0,0,0,0,0,0,0,0,0,1,0,0,0,0,1,0
4.30406509320417,9.452187908084165,3,3,4,5,1972,1972,0.0,3,3,3,3,1,4,6.398594934535208,1,0.0,5.579729825986222,864.0,3,1,6.762729506931879,0.0,0.0,6.762729506931879,0.0,0.0,1,0,3,1,3,5,8,0,0,1980.0,1,2.0,576.0,3,3,2,5.37989735354046,0.0,0.0,0.0,0.0,0,0.0,4,2008,7.455298485683291,1.0,36,36,1,1,0,0,0,0,0,0,1,0,0,0,0,0,0,0,0,0,0,0,0,0,1,0,0,1,0,0,0,1,1,0,0,0,1,0,0,0,0,0,0,0,0,0,0,0,0,0,0,1,0,0,0,0,0,0,0,0,0,0,0,0,0,0,1,0,0,0,0,0,0,0,0,1,0,0,0,0,0,1,0,0,0,0,0,0,1,0,0,0,0,0,0,0,0,1,0,0,1,0,0,0,0,0,0,0,0,0,0,0,0,0,0,1,0,0,0,0,0,0,0,0,0,0,0,0,0,0,1,0,0,0,0,0,0,0,0,0,1,0,0,1,0,0,0,0,0,1,0,0,0,0,0,0,0,0,1,0,0,0,0,0,1,0,1,0,0,0,0,0,0,0,0,0,0,0,0,1,0
4.276666119016055,9.354786976341211,3,3,5,5,1968,1968,5.241747015059643,3,3,3,3,1,4,6.513230110912307,1,0.0,5.937536205082426,1051.0,3,1,7.05617528410041,0.0,0.0,7.05617528410041,0.0,0.0,1,1,3,1,3,7,8,1,2,1968.0,1,1.0,336.0,3,3,2,6.1463292576688975,0.0,0.0,0.0,0.0,0,0.0,7,2006,7.701200180857446,1.5,38,38,1,1,1,0,0,0,0,0,1,0,0,0,0,0,0,0,0,0,0,0,0,0,1,0,0,1,0,0,0,1,1,0,0,0,0,0,1,0,0,0,0,0,0,0,0,0,0,0,0,0,0,0,0,0,0,0,1,0,0,0,0,0,0,0,1,0,0,0,0,0,0,0,0,1,0,0,0,0,0,1,0,0,0,0,0,0,1,0,0,0,0,0,0,0,0,1,0,0,1,0,0,0,0,0,0,0,0,0,0,0,0,0,0,0,1,0,0,0,0,0,0,0,0,0,0,0,0,0,0,0,1,0,0,0,0,0,0,1,0,0,0,1,0,0,0,0,0,1,0,0,0,0,0,0,0,0,1,0,1,0,0,0,0,0,0,0,0,0,0,0,0,0,1,0,0,0,0,1,0
4.2626798770413155,9.343471684579365,4,3,8,5,2001,2002,6.173786103901937,4,3,4,3,3,6,7.214504414151143,1,0.0,5.4116460518550396,1581.0,5,1,7.379008127628304,0.0,0.0,7.379008127628304,1.0,0.0,2,0,3,1,4,6,8,1,3,2001.0,2,2.0,670.0,3,3,2,5.198497031265826,0.0,0.0,0.0,0.0,0,7.601402334583733,5,2010,8.065579427282092,3.0,9,8,1,1,1,0,0,0,0,0,1,0,0,0,0,0,0,0,0,0,0,0,0,0,1,0,0,1,0,0,0,1,1,0,0,0,0,0,1,0,0,0,0,0,1,0,0,0,0,0,0,0,0,0,0,0,0,0,0,0,0,0,0,0,0,0,1,0,0,0,0,0,0,0,0,1,0,0,0,0,0,1,0,0,0,0,0,0,1,0,0,0,0,0,0,1,0,0,0,0,1,0,0,0,0,0,0,0,0,0,0,0,0,0,0,0,0,0,0,1,0,0,0,0,0,0,0,0,0,0,0,0,0,0,0,1,0,0,0,1,0,0,0,0,1,0,0,0,0,1,0,0,0,0,0,0,0,0,1,0,1,0,0,0,0,0,0,0,0,0,0,0,0,0,1,0,0,0,0,1,0
4.454347296253507,9.58891378461603,4,3,9,5,2006,2006,6.371611847231857,5,3,5,3,3,6,7.13966033596492,1,0.0,6.361302477572996,1838.0,5,1,7.516977224604321,0.0,0.0,7.516977224604321,1.0,0.0,2,0,2,1,5,8,8,1,4,2006.0,3,3.0,765.0,3,3,2,5.602118820879701,4.23410650459726,0.0,0.0,0.0,0,0.0,3,2009,8.209852481301272,3.0,3,3,1,1,1,0,0,0,0,0,1,0,0,0,0,0,0,0,0,0,0,0,0,0,1,0,0,1,0,0,0,1,1,0,0,0,0,0,1,0,0,0,0,0,0,0,0,0,0,0,0,0,0,0,0,0,0,0,0,0,0,0,1,0,0,0,1,0,0,0,0,0,0,0,0,1,0,0,0,0,0,1,0,0,0,0,0,0,1,0,0,0,0,0,0,0,0,1,0,0,1,0,0,0,0,0,0,0,0,0,0,0,0,0,0,0,0,0,0,1,0,0,0,0,0,0,0,0,0,0,0,0,0,0,0,1,0,0,0,1,0,0,0,0,1,0,0,0,0,1,0,0,0,0,0,0,0,0,1,0,1,0,0,0,0,0,0,0,0,0,0,0,0,0,1,0,0,0,0,1,0
4.5217885770490405,9.305741456739435,4,3,8,5,2000,2000,4.290459441148391,4,3,4,3,1,1,0.0,1,0.0,6.877296071497429,969.0,5,1,6.905753276311464,7.161622002939187,0.0,7.734558844354756,0.0,0.0,2,1,4,1,4,8,8,1,3,2000.0,3,3.0,648.0,3,3,2,0.0,4.04305126783455,0.0,0.0,0.0,0,0.0,6,2007,8.08794755464267,2.5,7,7,1,1,1,0,0,0,0,0,0,0,0,0,0,1,0,0,0,0,0,0,0,0,1,0,0,1,0,0,0,1,1,0,0,0,1,0,0,0,0,0,0,0,0,0,0,0,0,0,0,0,0,0,1,0,0,0,0,0,0,0,0,0,0,0,1,0,0,0,0,0,0,0,0,1,0,0,0,0,0,1,0,0,0,0,0,0,0,0,0,1,0,0,0,1,0,0,0,0,1,0,0,0,0,0,0,0,0,0,0,0,0,0,0,0,0,0,0,1,0,0,0,0,0,0,0,0,0,0,0,0,0,0,0,1,0,0,0,1,0,0,0,0,1,0,0,0,0,1,0,0,0,0,0,0,0,0,1,0,0,0,1,0,0,0,0,0,0,0,0,0,0,0,1,0,0,0,0,1,0
4.3694478524670215,9.224341891611996,4,3,7,5,1998,1999,0.0,4,3,5,3,1,2,4.976733742420574,6,7.028201432058005,5.940171252720432,1650.0,5,1,7.427144133408616,0.0,0.0,7.427144133408616,1.0,0.0,2,0,3,1,4,7,4,1,3,1998.0,3,2.0,583.0,3,3,2,4.3694478524670215,4.30406509320417,0.0,0.0,0.0,0,0.0,6,2009,8.11102783819368,3.0,11,10,1,1,1,0,0,0,0,0,1,0,0,0,0,0,0,0,0,0,0,0,0,0,1,0,0,1,0,0,0,1,1,0,0,0,0,0,1,0,0,0,0,0,0,0,0,0,0,0,0,0,0,1,0,0,0,0,0,0,0,0,0,0,0,0,0,0,0,0,1,0,0,0,0,1,0,0,0,0,0,1,0,0,0,0,0,0,1,0,0,0,0,0,0,0,0,1,0,0,1,0,0,0,0,0,0,0,0,0,0,0,0,0,0,0,0,0,0,1,0,0,0,0,0,0,0,0,0,0,0,0,0,0,0,1,0,0,0,0,1,0,0,0,1,0,0,0,0,1,0,0,0,0,0,0,0,0,1,0,1,0,0,0,0,0,0,0,0,0,0,0,0,0,1,0,0,0,0,1,0
3.5553480614894135,8.308691916838898,4,3,7,5,1998,1998,5.209486152841421,3,3,4,3,3,6,6.371611847231857,2,4.941642422609304,0.0,723.0,5,1,6.643789733147672,0.0,0.0,6.643789733147672,1.0,0.0,1,0,1,1,3,4,8,0,0,1998.0,3,1.0,367.0,3,3,2,4.795790545596741,3.713572066704308,0.0,0.0,0.0,0,0.0,6,2007,7.307202314764738,2.0,9,9,1,1,0,1,0,0,0,0,0,0,0,0,0,0,0,0,0,0,0,0,0,1,0,0,0,1,0,0,0,1,1,0,0,0,0,0,1,0,0,0,0,0,0,0,0,0,0,0,0,1,0,0,0,0,0,0,0,0,0,0,0,0,0,0,1,0,0,0,0,0,0,0,0,1,0,0,0,0,0,0,0,0,0,1,0,0,0,0,0,0,1,0,0,1,0,0,0,0,1,0,0,0,0,0,0,0,0,0,0,0,0,0,0,1,0,0,0,0,0,0,0,0,0,0,0,0,0,0,1,0,0,0,0,0,0,0,0,1,0,0,0,0,1,0,0,0,0,1,0,0,0,0,0,0,0,0,1,0,1,0,0,0,0,0,0,0,0,0,0,0,0,0,1,0,0,0,0,1,0
4.07753744390572,9.747126097411705,3,3,7,5,2006,2006,0.0,4,3,4,4,3,6,6.318968113746434,1,0.0,4.61512051684126,654.0,5,1,6.499787040655854,6.725033642166843,0.0,7.311218384419629,1.0,0.0,2,1,3,1,4,7,8,1,4,2006.0,2,2.0,426.0,3,3,2,4.61512051684126,3.2188758248682006,0.0,0.0,0.0,0,0.0,9,2006,7.67368812926773,3.5,0,0,1,1,1,0,0,0,0,0,0,0,0,0,0,1,0,0,0,0,0,0,0,0,1,0,0,1,0,0,0,1,1,0,0,0,0,0,1,0,0,0,0,0,0,0,0,1,0,0,0,0,0,0,0,0,0,0,0,0,0,0,0,0,0,0,1,0,0,0,0,0,0,0,0,1,0,0,0,0,0,1,0,0,0,0,0,0,0,0,0,1,0,0,0,1,0,0,0,0,1,0,0,0,0,0,0,0,0,0,0,0,0,0,0,0,0,0,0,1,0,0,0,0,0,0,0,0,0,0,0,0,0,0,0,1,0,0,0,0,1,0,0,0,1,0,0,0,0,1,0,0,0,0,0,0,0,0,1,0,1,0,0,0,0,0,0,0,0,0,0,0,1,0,0,0,0,0,0,0,1
4.394449154672439,9.535173710058757,3,3,7,5,1988,1988,5.187385805840755,4,4,4,4,1,6,6.910750787961936,2,5.313205979041787,0.0,1204.0,4,1,7.228388451573604,6.693323668269949,0.0,7.688913336864796,0.0,0.0,2,1,4,1,4,9,8,0,0,1988.0,1,3.0,786.0,3,3,2,0.0,0.0,0.0,0.0,0.0,0,0.0,2,2006,8.127995055771946,2.5,18,18,1,1,0,0,0,0,0,0,0,0,0,0,1,0,0,0,0,0,0,0,0,0,1,0,0,1,0,0,0,1,1,0,1,0,0,0,0,0,0,0,0,0,0,0,0,0,0,0,0,0,0,1,0,0,0,0,0,0,0,0,0,0,0,0,1,0,0,0,0,0,0,0,0,1,0,0,0,0,0,1,0,0,0,0,1,0,0,0,0,0,0,0,0,1,0,0,0,0,1,0,0,0,0,0,0,0,0,0,0,0,0,1,0,0,0,0,0,0,0,0,0,0,0,0,0,0,1,0,0,0,0,0,0,0,0,0,0,1,0,0,0,0,1,0,0,0,0,1,0,0,0,0,0,0,0,0,1,0,1,0,0,0,0,0,0,0,0,0,0,0,0,0,1,0,0,0,0,1,0
4.2626798770413155,9.075436609511382,3,3,6,7,1923,1950,0.0,3,3,4,3,1,3,5.707110264748875,1,0.0,6.641182169740591,1065.0,5,1,6.82001636467413,6.580639137284949,0.0,7.400009517162692,0.0,0.0,1,1,3,1,3,6,8,1,4,1950.0,1,2.0,440.0,3,3,2,0.0,3.6635616461296463,0.0,4.976733742420574,0.0,0,0.0,5,2007,7.901377353792616,1.5,84,57,1,1,1,0,0,0,0,0,0,0,0,0,1,0,0,0,0,0,0,0,0,0,1,0,0,1,1,0,0,0,1,0,0,0,0,0,1,0,0,0,1,0,0,0,0,0,0,0,0,0,0,0,0,0,0,0,0,0,0,0,0,0,0,0,1,0,0,0,0,0,0,0,0,1,0,0,0,0,0,1,0,0,0,0,1,0,0,0,0,0,0,0,0,1,0,0,0,0,1,0,0,0,0,0,0,0,0,0,1,0,0,0,0,0,0,0,0,0,0,0,0,0,0,0,0,0,0,0,0,0,0,0,0,0,1,0,0,0,1,0,1,0,0,0,0,0,0,1,0,0,0,0,1,0,0,0,0,0,0,0,0,0,1,0,0,0,0,0,0,0,0,0,1,0,0,0,0,1,0
4.007333185232471,8.888066854754783,4,3,5,7,1970,1970,0.0,3,4,4,3,3,5,6.429719478039138,1,0.0,5.0106352940962555,768.0,5,1,6.645090969505644,0.0,0.0,6.645090969505644,1.0,0.0,1,0,2,1,3,5,8,0,0,1987.0,1,2.0,624.0,3,3,2,4.653960350157523,0.0,0.0,0.0,0.0,0,0.0,4,2007,7.337587743538596,2.0,37,37,1,1,0,0,0,0,0,0,0,0,0,0,0,0,0,0,0,1,0,0,0,0,1,0,0,1,0,0,0,1,1,0,0,0,0,0,1,0,0,0,0,0,0,0,0,0,0,0,1,0,0,0,0,0,0,0,0,0,0,0,0,0,0,0,1,0,0,0,0,0,0,0,0,1,0,0,0,0,0,1,0,0,0,0,0,0,0,0,0,0,1,0,0,1,0,0,0,0,1,0,0,0,0,0,0,0,0,0,0,0,0,0,0,0,0,0,0,1,0,0,0,0,0,0,0,0,0,0,0,0,0,0,0,1,0,0,0,0,1,0,0,1,0,0,0,0,0,1,0,0,0,0,0,0,0,0,1,0,0,0,0,0,1,0,0,0,0,0,0,0,0,0,1,0,0,0,0,1,0
3.912023005428146,9.01627006814768,3,3,5,7,1955,1995,0.0,3,4,3,3,1,2,5.198497031265826,3,6.470799503782602,0.0,825.0,3,1,6.716594773520978,0.0,0.0,6.716594773520978,1.0,0.0,1,0,2,1,3,4,8,0,0,1963.0,2,2.0,720.0,3,3,2,4.948759890378168,3.9318256327243257,0.0,0.0,0.0,0,0.0,6,2008,7.409136443920128,2.0,53,13,1,1,0,0,0,0,0,0,1,0,0,0,0,0,0,0,0,0,0,0,0,0,0,1,0,1,0,1,0,0,1,0,0,0,0,0,1,0,0,0,0,0,0,0,0,0,0,0,0,0,0,0,0,0,1,0,0,0,0,0,0,0,0,1,0,0,0,0,0,0,0,0,0,0,0,0,0,0,1,1,0,0,0,0,0,0,1,0,0,0,0,0,0,1,0,0,0,0,1,0,0,0,0,0,0,0,0,0,0,0,0,0,0,1,0,0,0,0,0,0,0,0,0,0,0,0,0,0,1,0,0,0,0,0,0,0,0,0,1,0,0,1,0,0,0,0,0,1,0,0,0,0,0,0,0,0,1,0,0,0,0,0,1,0,0,0,0,0,0,0,0,0,1,0,0,0,0,1,0
4.330733340286331,9.145908511816794,4,3,7,5,2003,2004,0.0,4,3,4,3,1,1,0.0,1,0.0,6.816735880594968,912.0,5,1,6.816735880594968,7.075808863978387,0.0,7.647308832356238,0.0,0.0,2,1,4,1,4,8,8,1,4,2003.0,3,2.0,615.0,3,3,2,5.209486152841421,5.209486152841421,0.0,0.0,0.0,0,0.0,11,2009,8.008698182988528,2.5,6,5,1,1,1,0,0,0,0,0,0,0,0,0,0,1,0,0,0,0,0,0,1,0,0,0,0,1,0,0,0,1,1,0,0,0,0,0,1,0,0,0,0,0,0,0,0,0,0,0,0,0,0,0,0,0,0,0,0,0,1,0,0,0,0,0,1,0,0,0,0,0,0,0,0,1,0,0,0,0,0,1,0,0,0,0,0,0,0,0,0,1,0,0,0,1,0,0,0,0,1,0,0,0,0,0,0,0,0,0,0,0,0,0,0,0,0,0,0,1,0,0,0,0,0,0,0,0,0,0,0,0,0,0,0,1,0,0,0,0,1,0,0,0,1,0,0,0,0,1,0,0,0,0,0,0,0,0,1,0,0,0,1,0,0,0,0,0,0,0,0,0,0,0,1,0,0,0,0,1,0
3.9889840465642745,8.304989580140361,4,3,6,6,1977,1977,0.0,3,3,4,3,1,5,6.327936783729195,1,0.0,6.236369590203704,1069.0,3,1,6.975413927455952,0.0,0.0,6.975413927455952,0.0,0.0,2,0,2,1,3,4,8,0,0,1977.0,2,2.0,440.0,3,3,2,0.0,4.02535169073515,0.0,0.0,5.303304908059076,0,0.0,10,2008,7.668093709082406,2.0,31,31,1,1,0,1,0,0,0,0,0,0,0,0,0,0,0,0,0,0,0,0,0,0,1,0,0,1,0,0,0,1,1,0,0,0,0,0,1,0,0,0,0,0,0,0,0,0,0,0,0,0,1,0,0,0,0,0,0,0,0,0,0,0,0,0,1,0,0,0,0,0,0,0,0,1,0,0,0,0,0,0,0,0,0,1,0,0,1,0,0,0,0,0,0,1,0,0,0,0,1,0,0,0,0,0,0,0,0,0,0,0,0,0,0,0,1,0,0,0,0,0,0,0,0,0,0,0,0,0,0,0,1,0,0,0,0,0,0,0,1,0,0,1,0,0,0,0,0,1,0,0,0,0,0,0,0,0,1,0,1,0,0,0,0,0,1,0,0,0,0,0,0,0,0,1,0,0,0,0,0
3.9318256327243257,8.699681400989514,4,3,5,6,1957,1957,0.0,3,3,3,3,1,3,5.733341276897746,1,0.0,6.431331081933479,928.0,4,1,6.834108738813838,0.0,0.0,6.834108738813838,0.0,0.0,1,0,3,1,3,5,8,0,0,1957.0,3,1.0,288.0,3,3,2,0.0,0.0,0.0,0.0,0.0,0,0.0,6,2008,7.526717561352706,1.0,51,51,1,1,0,0,0,0,0,0,1,0,0,0,0,0,0,0,0,0,0,0,0,0,0,1,0,1,0,0,0,1,1,0,0,0,0,0,1,0,0,0,0,0,0,0,0,0,0,0,0,0,0,0,0,0,1,0,0,0,0,0,0,0,0,0,1,0,0,0,0,0,0,0,0,1,0,0,0,0,0,1,0,0,0,0,0,0,1,0,0,0,0,0,0,0,0,1,0,0,1,0,0,0,0,0,0,0,0,0,1,0,0,0,0,0,0,0,0,0,0,0,0,0,0,1,0,0,0,0,0,0,0,0,0,0,0,0,0,0,1,0,0,1,0,0,0,0,0,1,0,0,0,0,1,0,0,0,0,0,1,0,0,0,0,0,0,0,0,0,0,0,0,0,1,0,0,0,0,1,0
4.477336814478207,9.318925682389624,3,3,8,5,2006,2006,5.5254529391317835,4,3,5,3,3,1,0.0,1,0.0,7.444248649496705,1709.0,5,1,7.4489161025442,0.0,0.0,7.4489161025442,0.0,0.0,2,0,3,1,4,7,8,1,4,2006.0,2,3.0,908.0,3,3,2,5.135798437050262,3.6888794541139363,0.0,0.0,0.0,0,0.0,7,2009,8.139440521874608,2.0,3,3,1,1,1,0,0,0,0,0,1,0,0,0,0,0,0,0,0,0,0,0,0,0,1,0,0,1,0,0,0,1,1,0,0,0,0,0,1,0,0,0,0,0,0,0,0,0,0,0,0,0,0,0,0,1,0,0,0,0,0,0,0,0,0,0,1,0,0,0,0,0,0,0,0,1,0,0,0,0,0,1,0,0,0,0,0,0,1,0,0,0,0,0,0,1,0,0,0,0,1,0,0,0,0,0,0,0,0,0,0,0,0,0,0,0,0,0,0,1,0,0,0,0,0,0,0,0,0,0,0,0,0,0,0,1,0,0,0,0,0,1,0,0,1,0,0,0,0,1,0,0,0,0,0,0,0,0,1,0,1,0,0,0,0,0,0,0,0,0,0,0,0,0,1,0,0,0,0,1,0
4.219507705176107,9.080003870248179,4,3,4,5,1949,2003,0.0,3,3,0,0,0,0,0.0,0,0.0,0.0,0.0,5,1,7.027314514039777,0.0,0.0,7.027314514039777,0.0,0.0,2,0,2,1,4,5,8,0,0,2002.0,3,2.0,520.0,3,3,0,0.0,4.574710978503383,0.0,0.0,0.0,0,0.0,5,2009,7.027314514039777,2.0,60,6,1,0,0,0,0,0,0,0,1,0,0,0,0,0,0,0,0,0,0,0,0,0,1,0,0,1,0,0,0,1,1,0,0,0,0,0,1,0,0,0,0,0,0,0,1,0,0,0,0,0,0,0,0,0,0,0,0,0,0,0,0,0,0,1,0,0,0,0,0,0,0,0,0,1,0,0,0,0,0,1,0,0,0,0,0,0,1,0,0,0,0,0,0,1,0,0,0,0,1,0,0,0,0,0,0,0,0,0,0,0,0,0,0,0,0,0,0,1,0,0,0,0,0,0,0,0,0,0,0,0,0,0,0,1,0,0,0,0,1,0,0,1,0,0,0,0,0,1,0,0,0,0,0,0,0,0,1,0,0,0,0,0,1,0,0,0,0,0,0,0,0,0,1,0,0,0,0,1,0
4.454347296253507,9.271059107010888,4,3,7,5,2003,2004,5.680172609017068,4,3,4,3,1,6,6.7650389767805414,1,0.0,4.890349128221754,998.0,5,1,6.914730892718563,6.947937068614969,0.0,7.624130585661289,1.0,0.0,2,1,3,1,4,8,8,1,4,2003.0,2,3.0,871.0,3,3,2,5.771441123130016,4.143134726391533,0.0,0.0,0.0,0,0.0,8,2008,8.021256180143997,3.5,5,4,1,1,1,0,0,0,0,0,0,0,0,0,0,1,0,0,0,0,0,0,0,0,1,0,0,1,0,0,0,1,1,0,0,0,0,0,1,0,0,0,0,0,0,0,0,0,0,0,0,0,0,0,0,1,0,0,0,0,0,0,0,0,0,0,1,0,0,0,0,0,0,0,0,1,0,0,0,0,0,1,0,0,0,0,0,0,0,0,0,1,0,0,0,1,0,0,0,0,1,0,0,0,0,0,0,0,0,0,0,0,0,0,0,0,0,0,0,1,0,0,0,0,0,0,0,0,0,0,0,0,0,0,0,1,0,0,0,1,0,0,0,0,1,0,0,0,0,1,0,0,0,0,0,0,0,0,1,0,0,0,1,0,0,0,0,0,0,0,0,0,0,0,1,0,0,0,0,1,0
4.07753744390572,8.761080103868347,4,3,5,6,1922,1950,0.0,3,3,3,2,1,1,0.0,1,0.0,6.901737206656574,993.0,3,1,6.955592608396297,0.0,0.0,6.955592608396297,0.0,0.0,1,0,2,1,3,5,8,1,4,1922.0,1,1.0,280.0,3,3,2,0.0,0.0,4.762173934797756,0.0,0.0,0,0.0,8,2006,7.621684998724611,1.0,84,56,1,1,1,0,0,0,0,0,0,0,0,1,0,0,0,0,0,0,0,0,0,0,0,1,0,1,0,0,0,1,1,0,0,0,0,0,1,0,0,0,1,0,0,0,0,0,0,0,0,0,0,0,0,0,0,0,0,0,0,0,0,0,0,0,1,0,0,0,0,0,0,0,0,1,0,0,0,0,0,1,0,0,0,0,0,1,0,0,0,0,0,0,0,1,0,0,0,0,1,0,0,0,0,0,0,0,0,0,0,0,0,0,0,1,0,0,0,0,0,0,0,0,0,0,0,0,0,0,1,0,0,0,0,0,0,0,0,0,1,0,1,0,0,0,0,0,0,1,0,0,0,0,1,0,0,0,0,0,0,0,0,0,1,0,0,0,0,0,0,0,0,0,1,0,0,0,0,1,0
4.248495242049359,9.605822482030945,3,3,5,5,1957,1957,0.0,3,3,3,3,1,3,6.79794041297493,1,0.0,5.288267030694535,1092.0,3,1,6.996681488176539,0.0,0.0,6.996681488176539,1.0,0.0,1,0,2,1,3,6,8,1,3,1957.0,3,1.0,299.0,3,3,2,5.594711379601839,0.0,0.0,0.0,4.812184355372417,0,0.0,5,2006,7.68937110752969,2.0,49,49,1,1,1,0,0,0,0,0,1,0,0,0,0,0,0,0,0,0,0,0,0,0,1,0,0,1,0,0,0,1,1,0,0,0,0,0,1,0,0,0,0,0,0,0,0,0,0,0,0,1,0,0,0,0,0,0,0,0,0,0,0,0,0,0,1,0,0,0,0,0,0,0,0,1,0,0,0,0,0,1,0,0,0,0,0,0,1,0,0,0,0,0,0,1,0,0,0,0,1,0,0,0,0,0,0,0,0,0,0,0,0,0,0,0,0,0,0,0,1,0,0,0,0,0,0,0,0,0,0,0,0,0,0,0,1,0,0,0,1,0,0,1,0,0,0,0,0,1,0,0,0,0,1,0,0,0,0,0,1,0,0,0,0,0,0,0,0,0,0,0,0,0,1,0,0,0,0,1,0
4.110873864173311,9.309370895439137,4,2,4,6,1920,1950,0.0,3,3,3,3,1,3,6.45833828334479,1,0.0,0.0,637.0,4,1,6.8001700683022,6.0867747269123065,0.0,7.198183577101943,0.0,0.0,1,1,3,1,3,7,8,0,0,1994.0,1,1.0,570.0,3,3,2,0.0,3.871201010907891,4.795790545596741,0.0,0.0,0,0.0,9,2006,7.587817219993427,1.5,86,56,1,1,0,0,0,0,0,0,0,0,0,0,1,0,0,0,0,0,0,1,0,0,0,0,0,1,0,0,1,0,1,0,0,0,0,0,1,0,0,0,0,0,0,0,0,0,1,0,0,0,0,0,0,0,0,0,0,0,0,0,0,0,0,0,1,0,0,0,0,0,0,0,0,1,0,0,0,0,0,1,0,0,0,0,1,0,0,0,0,0,0,0,0,1,0,0,0,0,1,0,0,0,0,0,0,0,0,0,0,0,0,0,0,1,0,0,0,0,0,0,0,0,0,0,0,0,0,0,1,0,0,0,0,0,0,0,0,0,1,0,0,1,0,0,0,0,0,1,0,0,0,0,0,0,0,0,1,0,0,0,0,1,0,0,1,0,0,0,0,0,0,0,0,0,0,0,0,1,0
4.060443010546419,9.99300827847454,2,3,7,5,1996,1997,0.0,3,3,4,3,4,6,6.405228458030842,1,0.0,4.836281906951478,729.0,5,1,6.593044534142437,6.576469569048224,0.0,7.277247726631484,0.0,1.0,2,1,3,1,3,6,8,1,3,1996.0,1,2.0,406.0,3,3,2,5.579729825986222,3.1354942159291497,0.0,0.0,0.0,0,0.0,8,2008,7.685243607975833,3.0,12,11,1,1,1,0,0,0,0,0,0,0,0,0,0,1,0,0,0,0,0,0,0,0,1,0,0,1,0,1,0,0,1,0,0,0,1,0,0,0,0,0,0,0,0,0,0,1,0,0,0,0,0,0,0,0,0,0,0,0,0,0,0,0,0,0,1,0,0,0,0,0,0,0,0,1,0,0,0,0,0,1,0,0,0,0,0,0,0,0,0,1,0,0,0,1,0,0,0,0,1,0,0,0,0,0,0,0,0,0,0,0,0,1,0,0,0,0,0,0,0,0,0,0,0,0,0,0,1,0,0,0,0,0,0,0,0,0,0,0,1,0,0,0,1,0,0,0,0,1,0,0,0,0,0,0,0,0,1,0,1,0,0,0,0,0,0,0,0,0,0,0,0,0,1,0,0,0,0,1,0
3.784189633918261,8.069968149059841,4,3,7,5,2003,2004,2.9444389791664403,4,3,4,3,4,1,0.0,1,0.0,7.226209010100671,1374.0,5,1,7.351158226430694,0.0,0.0,7.351158226430694,0.0,0.0,2,0,2,1,4,7,8,1,3,2003.0,3,2.0,420.0,3,3,2,4.969813299576001,3.044522437723423,0.0,0.0,0.0,0,0.0,10,2006,7.983440063006542,2.0,3,2,1,1,1,1,0,0,0,0,0,0,0,0,0,0,0,0,0,0,0,0,0,0,1,0,0,1,0,0,0,1,1,0,0,0,0,0,1,1,0,0,0,0,0,0,0,0,0,0,0,0,0,0,0,0,0,0,0,0,0,0,0,0,0,0,1,0,0,0,0,0,0,0,0,1,0,0,0,0,0,0,0,0,0,1,0,0,1,0,0,0,0,0,0,1,0,0,0,0,1,0,0,0,0,0,0,0,0,0,0,0,0,0,0,0,0,0,0,1,0,0,0,0,0,0,0,0,0,0,0,0,0,0,0,1,0,0,0,1,0,0,0,0,1,0,0,0,0,1,0,0,0,0,0,0,0,0,1,0,1,0,0,0,0,0,0,0,0,0,0,0,0,0,1,0,0,0,0,1,0
4.276666119016055,9.336267928573973,3,3,5,6,1957,1996,5.198497031265826,3,3,4,3,1,5,7.172424577124845,1,0.0,4.51085950651685,1392.0,3,1,7.239214973779806,0.0,0.0,7.239214973779806,1.0,0.0,1,1,3,1,3,5,5,1,4,1957.0,1,2.0,528.0,3,3,2,0.0,0.0,0.0,0.0,4.564348191467836,0,0.0,5,2010,7.932003152361385,2.5,53,14,1,1,1,0,0,0,0,0,1,0,0,0,0,0,0,0,0,0,0,0,0,0,1,0,0,1,0,0,0,1,1,0,0,0,0,0,1,0,0,0,0,0,0,0,0,0,0,0,0,0,0,0,0,0,0,0,1,0,0,0,0,0,0,0,1,0,0,0,0,0,0,0,0,1,0,0,0,0,0,1,0,0,0,0,0,0,1,0,0,0,0,0,0,0,0,1,0,0,1,0,0,0,0,0,0,0,0,0,0,0,0,0,0,0,0,0,0,0,1,0,0,0,0,0,0,0,0,0,0,0,0,0,0,0,1,0,0,1,0,0,0,1,0,0,0,0,0,1,0,0,0,0,0,0,0,0,1,0,0,0,0,0,1,0,0,0,0,0,0,0,0,0,1,0,0,0,0,1,0
4.356708826689592,9.211439767419483,4,2,5,5,1974,1975,0.0,3,3,4,3,3,5,6.977281341630747,2,4.820281565605037,5.278114659230517,1389.0,4,1,7.237059026124737,0.0,0.0,7.237059026124737,1.0,0.0,1,0,2,1,3,6,8,1,3,1975.0,2,2.0,418.0,3,3,2,5.484796933490655,3.6635616461296463,0.0,0.0,0.0,0,0.0,4,2006,7.929846429742503,2.0,32,31,1,1,1,0,0,0,0,0,1,0,0,0,0,0,0,0,0,0,0,0,0,0,1,0,0,1,0,0,0,1,1,0,0,0,0,0,1,0,0,0,0,0,0,0,0,0,0,0,1,0,0,0,0,0,0,0,0,0,0,0,0,0,0,0,1,0,0,0,0,0,0,0,0,1,0,0,0,0,0,1,0,0,0,0,0,0,1,0,0,0,0,0,0,1,0,0,0,0,1,0,0,0,0,0,0,0,0,0,0,0,0,1,0,0,0,0,0,0,0,0,0,0,0,0,0,0,1,0,0,0,0,0,0,0,0,0,0,0,1,0,0,1,0,0,0,0,0,1,0,0,0,0,0,0,0,0,1,0,1,0,0,0,0,0,0,0,0,0,0,0,0,0,1,0,0,0,0,1,0
4.1588830833596715,9.540219493127752,4,3,5,6,1940,1969,0.0,3,3,3,3,1,4,5.673323267171493,1,0.0,6.561030665896573,996.0,5,1,6.904750769961838,0.0,0.0,6.904750769961838,1.0,0.0,1,0,3,1,3,6,8,1,4,0.0,0,0.0,0.0,0,0,2,4.976733742420574,0.0,0.0,0.0,0.0,0,0.0,7,2008,7.597396320212795,2.0,68,39,0,1,1,0,0,0,0,0,0,1,0,0,0,0,0,0,0,0,0,0,0,0,1,0,0,1,0,0,0,1,1,0,0,0,0,0,1,0,0,0,0,0,0,0,1,0,0,0,0,0,0,0,0,0,0,0,0,0,0,0,0,0,0,0,1,0,0,0,0,0,0,0,0,1,0,0,0,0,0,1,0,0,0,0,0,0,1,0,0,0,0,0,0,1,0,0,0,0,1,0,0,0,0,0,0,0,0,0,0,0,0,0,0,0,0,0,0,0,0,1,0,0,0,0,0,0,0,0,0,0,0,0,0,0,0,1,0,0,1,0,0,1,0,0,0,0,0,1,0,0,0,0,0,0,0,0,1,0,0,0,0,0,0,1,0,0,0,0,0,0,0,0,1,0,0,0,0,1,0
4.204692619390966,9.988793309115229,4,3,6,7,1918,1950,0.0,3,3,4,3,2,1,0.0,1,0.0,7.059617628291383,1163.0,5,1,7.059617628291383,6.238324625039508,0.0,7.423568444259167,0.0,0.0,2,0,4,1,3,8,8,1,4,1955.0,3,2.0,396.0,3,3,0,4.290459441148391,3.6109179126442243,0.0,0.0,4.976733742420574,0,0.0,7,2008,7.950854857719988,2.0,90,58,1,1,1,0,0,0,0,0,0,0,0,0,1,0,0,0,0,0,0,0,0,0,1,0,0,1,0,0,0,1,1,0,0,0,0,0,1,0,0,0,0,0,0,0,1,0,0,0,0,0,0,0,0,0,0,0,0,0,0,0,0,0,0,0,1,0,0,0,0,0,0,0,0,1,0,0,0,0,0,1,0,0,0,0,1,0,0,0,0,0,0,0,0,1,0,0,0,0,1,0,0,0,0,0,0,0,0,0,0,0,0,0,0,0,0,0,0,0,1,0,0,0,0,0,0,0,0,0,0,0,0,0,0,0,1,0,0,0,1,0,1,0,0,0,0,0,0,1,0,0,0,0,0,0,0,0,1,0,0,0,0,0,1,0,0,0,0,0,0,0,0,0,1,0,0,0,0,1,0
4.5217885770490405,9.499046919474152,3,3,7,5,1992,2000,0.0,4,3,4,3,1,6,6.591673732008658,1,0.0,5.908082938168931,1095.0,5,1,7.062191632286556,7.029972911706386,0.0,7.738923757439457,1.0,0.0,2,1,4,1,4,9,8,1,3,1992.0,2,2.0,590.0,3,3,2,0.0,3.713572066704308,0.0,0.0,0.0,0,0.0,7,2006,8.128880142125638,3.5,14,6,1,1,1,0,0,0,0,0,0,0,0,0,0,1,0,0,0,0,0,0,0,0,1,0,0,1,0,0,0,1,1,0,0,1,0,0,0,0,0,0,0,0,0,0,0,0,0,0,0,0,0,0,1,0,0,0,0,0,0,0,0,0,0,0,1,0,0,0,0,0,0,0,0,1,0,0,0,0,0,1,0,0,0,0,0,0,0,0,0,1,0,0,0,1,0,0,0,0,1,0,0,0,0,0,0,0,0,0,0,0,0,1,0,0,0,0,0,0,0,0,0,0,0,0,0,0,1,0,0,0,0,0,0,0,0,0,0,0,1,0,0,0,1,0,0,0,0,1,0,0,0,0,0,0,0,0,1,0,1,0,0,0,0,0,0,0,0,0,0,0,0,0,1,0,0,0,0,1,0
4.204692619390966,8.83331693749932,4,3,6,4,1915,1950,0.0,3,3,4,3,1,1,0.0,1,0.0,6.693323668269949,806.0,3,0,6.7357800142423265,6.693323668269949,0.0,7.4073177104694174,1.0,0.0,1,1,4,1,2,6,8,0,0,1920.0,1,1.0,216.0,3,3,2,0.0,4.204692619390966,4.919980925828125,0.0,0.0,0,0.0,5,2010,7.805474625270857,2.5,95,60,1,1,0,0,0,0,0,0,0,0,0,0,0,0,1,0,0,0,0,0,0,0,1,0,0,1,1,0,0,0,1,0,1,0,0,0,0,0,0,0,0,0,0,0,0,0,0,0,0,0,0,0,0,0,0,1,0,0,0,0,0,0,0,0,1,0,0,0,0,0,0,0,0,1,0,0,0,0,0,1,0,0,0,0,0,0,0,0,0,1,0,0,0,1,0,0,0,0,1,0,0,0,0,0,0,0,0,0,0,0,0,0,0,0,0,0,0,0,1,0,0,0,0,0,0,0,0,0,0,0,0,0,0,0,1,0,0,0,1,0,0,0,1,0,0,0,0,1,0,0,0,0,0,1,0,0,0,0,0,0,0,0,1,0,0,0,0,0,0,0,0,0,1,0,0,0,0,1,0
4.356708826689592,9.323579767582693,3,3,9,5,2005,2007,5.5053315359323625,4,3,4,4,1,1,0.0,1,0.0,7.023758954738443,1122.0,5,1,7.034387929915503,7.223295679562314,0.0,7.826044013518965,0.0,0.0,2,1,4,1,5,11,8,1,4,2005.0,3,3.0,656.0,3,3,2,4.976733742420574,3.6888794541139363,0.0,0.0,0.0,0,0.0,6,2008,8.196161139282902,2.5,3,1,1,1,1,0,0,0,0,0,0,0,0,0,0,1,0,0,0,0,0,0,0,0,1,0,0,1,0,0,0,1,1,0,0,0,0,0,1,0,0,0,0,0,0,0,0,0,0,0,0,0,0,0,0,0,0,0,0,0,0,1,0,0,0,0,1,0,0,0,0,0,0,0,0,1,0,0,0,0,0,1,0,0,0,0,0,0,0,0,0,1,0,0,0,0,0,1,0,0,1,0,0,0,0,0,0,0,0,0,0,0,0,0,0,0,0,0,0,1,0,0,0,0,0,0,0,0,0,0,0,0,0,0,0,1,0,0,0,1,0,0,0,0,1,0,0,0,0,1,0,0,0,0,0,0,0,0,1,0,0,0,1,0,0,0,0,0,0,0,0,0,0,0,1,0,0,0,0,1,0
4.2626798770413155,9.227394126542011,3,3,7,5,2004,2004,5.1298987149230735,4,3,4,3,1,6,1.0986122886681098,1,0.0,7.323830566202317,1517.0,5,1,7.336936913707618,0.0,0.0,7.336936913707618,0.0,0.0,2,0,3,1,4,7,8,0,0,2004.0,2,2.0,532.0,3,3,2,0.0,0.0,0.0,0.0,0.0,0,0.0,3,2010,8.023879992734878,2.0,6,6,1,1,0,0,0,0,0,0,1,0,0,0,0,0,0,0,0,0,0,0,0,0,1,0,0,1,0,0,0,1,1,0,0,0,0,0,1,0,0,0,0,0,0,0,0,0,0,0,0,0,0,0,0,1,0,0,0,0,0,0,0,0,0,0,1,0,0,0,0,0,0,0,0,1,0,0,0,0,0,1,0,0,0,0,0,0,1,0,0,0,0,0,0,1,0,0,0,0,1,0,0,0,0,0,0,0,0,0,0,0,0,0,0,0,0,0,0,1,0,0,0,0,0,0,0,0,0,0,0,0,0,0,0,1,0,0,0,1,0,0,0,0,1,0,0,0,0,1,0,0,0,0,0,0,0,0,1,0,1,0,0,0,0,0,0,0,0,0,0,0,0,0,1,0,0,0,0,1,0
4.382026634673881,9.419628376999952,3,2,8,8,1983,2009,0.0,4,3,4,3,4,6,7.273786317844895,1,0.0,4.02535169073515,1496.0,5,1,7.311218384419629,6.456769655572163,0.0,7.665284718471351,1.0,0.0,1,1,1,1,4,5,6,1,4,1983.0,3,2.0,612.0,4,3,2,5.857933154483459,3.713572066704308,0.0,0.0,0.0,0,0.0,9,2009,8.19671240721307,2.5,26,0,1,1,1,0,0,0,0,0,0,0,0,0,1,0,0,0,0,0,0,0,0,0,1,0,0,1,0,0,1,0,1,0,0,0,0,0,1,0,0,0,0,0,0,0,0,0,0,0,0,0,0,0,0,0,0,0,0,1,0,0,0,0,0,0,1,0,0,0,0,0,0,0,0,1,0,0,0,0,0,1,0,0,0,0,1,0,0,0,0,0,0,0,0,1,0,0,0,0,1,0,0,0,0,0,0,0,0,0,0,0,0,0,0,0,0,0,0,0,1,0,0,0,0,0,0,0,0,0,0,0,0,0,0,0,1,0,0,0,1,0,0,1,0,0,0,0,0,1,0,0,0,0,0,0,0,0,1,0,0,0,1,0,0,0,0,0,0,0,0,0,0,0,1,0,0,0,0,1,0
4.30406509320417,8.858368636308018,3,3,5,5,1979,1979,0.0,3,3,4,3,4,6,6.8501261661455,1,0.0,0.0,943.0,3,1,6.8501261661455,0.0,0.0,6.8501261661455,1.0,0.0,1,0,2,1,3,4,8,2,3,1979.0,1,2.0,600.0,3,3,2,3.7612001156935624,0.0,0.0,0.0,0.0,0,0.0,12,2006,7.54274354536855,2.0,27,27,1,1,1,0,0,0,0,0,0,0,0,0,0,0,0,0,0,0,1,0,0,0,1,0,0,1,0,0,0,1,1,0,1,0,0,0,0,0,0,0,0,0,0,0,0,0,0,0,0,1,0,0,0,0,0,0,0,0,0,0,0,0,0,0,1,0,0,0,0,0,0,0,0,1,0,0,0,0,0,0,0,1,0,0,0,0,0,0,0,0,1,0,0,1,0,0,0,0,1,0,0,0,0,0,0,0,0,0,0,0,0,0,0,1,0,0,0,0,0,0,0,0,0,0,0,0,0,0,1,0,0,0,0,0,0,0,0,0,1,0,0,1,0,0,0,0,0,1,0,0,0,0,0,0,0,0,1,0,0,0,0,0,1,0,0,0,0,0,0,0,0,0,1,0,0,0,0,1,0
4.31748811353631,9.480520169291822,3,3,5,5,1965,1965,4.6913478822291435,3,3,3,3,1,2,5.44673737166631,1,0.0,7.311886164077165,1728.0,3,1,7.455298485683291,0.0,0.0,7.455298485683291,0.0,0.0,2,0,6,2,3,10,8,0,0,1987.0,1,2.0,576.0,3,3,2,0.0,0.0,0.0,0.0,0.0,0,0.0,11,2008,8.148156439921625,2.0,43,43,1,1,0,0,0,0,0,0,0,0,0,0,0,0,0,0,0,0,1,0,0,0,1,0,0,1,0,0,0,1,1,0,0,0,0,0,1,0,0,0,0,0,0,0,0,0,0,0,0,1,0,0,0,0,0,0,0,0,0,0,0,0,0,0,1,0,0,0,0,0,0,0,0,1,0,0,0,0,0,0,0,1,0,0,0,0,1,0,0,0,0,0,0,1,0,0,0,0,1,0,0,0,0,0,0,0,0,0,0,0,0,1,0,0,0,0,0,0,0,0,0,0,0,0,0,0,1,0,0,0,0,0,0,0,0,0,0,1,0,0,0,1,0,0,0,0,0,1,0,0,0,0,0,0,0,0,1,0,0,0,0,0,1,0,0,0,0,0,0,0,0,0,1,0,0,0,0,1,0
4.110873864173311,8.9001399880938,4,3,6,6,1959,1959,5.337538079701318,3,3,3,3,1,4,6.028278520230698,1,0.0,6.111467339502679,864.0,5,1,6.762729506931879,0.0,0.0,6.762729506931879,1.0,0.0,1,0,2,1,4,4,8,0,0,1959.0,1,1.0,288.0,3,3,2,5.1298987149230735,0.0,0.0,0.0,0.0,0,0.0,10,2006,7.455298485683291,2.0,47,47,1,1,0,0,0,0,0,0,1,0,0,0,0,0,0,0,0,0,0,0,0,0,1,0,0,1,0,0,0,1,1,0,0,0,0,0,1,0,0,0,0,0,0,0,0,0,0,0,0,1,0,0,0,0,0,0,0,0,0,0,0,0,0,0,1,0,0,0,0,0,0,0,0,1,0,0,0,0,0,1,0,0,0,0,0,0,1,0,0,0,0,0,0,1,0,0,0,0,1,0,0,0,0,0,0,0,0,0,0,0,0,0,0,0,0,0,0,0,0,1,0,0,0,0,0,0,0,0,0,0,0,0,0,0,0,1,0,1,0,0,0,1,0,0,0,0,0,1,0,0,0,0,0,0,0,0,1,0,1,0,0,0,0,0,0,0,0,0,0,0,0,0,1,1,0,0,0,0,0
4.430816798843313,9.484937204879309,3,3,7,5,2009,2009,0.0,3,3,5,3,3,1,0.0,1,0.0,6.741700694652055,846.0,4,1,6.741700694652055,6.741700694652055,0.0,7.4342573821331355,0.0,0.0,2,1,3,1,4,6,8,0,0,2009.0,2,2.0,650.0,3,3,2,5.342334251964811,4.74493212836325,0.0,0.0,0.0,0,0.0,7,2009,7.839525581704678,2.5,0,0,1,1,0,0,0,0,0,0,0,0,0,0,0,1,0,0,0,0,0,0,0,0,1,0,0,1,0,1,0,0,1,0,1,0,0,0,0,0,0,0,0,0,0,0,0,0,0,0,0,0,0,0,0,0,0,0,0,0,0,0,1,0,0,0,1,0,0,0,0,0,0,0,0,1,0,0,0,0,0,1,0,0,0,0,0,0,0,0,0,1,0,0,0,1,0,0,0,0,1,0,0,0,0,0,0,0,0,0,0,0,0,0,0,0,0,0,0,1,0,0,0,0,0,0,0,0,0,0,0,0,0,0,0,1,0,0,0,0,1,0,0,0,1,0,0,0,0,1,0,0,0,0,0,0,0,0,1,0,1,0,0,0,0,0,0,0,0,0,0,0,1,0,0,0,0,0,0,0,1
4.343805421853684,9.207135241027235,3,3,7,5,2000,2000,0.0,3,3,4,3,1,1,0.0,1,0.0,5.953243334287785,384.0,5,1,6.652863029353347,6.48768401848461,0.0,7.266128779556451,0.0,0.0,2,1,3,1,3,8,8,1,3,2000.0,2,2.0,400.0,3,3,2,4.61512051684126,0.0,0.0,0.0,0.0,0,0.0,12,2007,7.503840746698951,2.5,7,7,1,1,1,0,0,0,0,0,0,0,0,0,0,0,0,0,1,0,0,0,0,0,1,0,0,1,0,0,0,1,1,0,0,0,0,0,1,0,0,0,0,0,0,0,0,1,0,0,0,0,0,0,0,0,0,0,0,0,0,0,0,0,0,0,1,0,0,0,0,0,0,0,0,1,0,0,0,0,0,1,0,0,0,0,0,0,0,0,0,0,0,1,0,1,0,0,0,0,1,0,0,0,0,0,0,0,0,0,0,0,0,0,0,0,0,0,0,1,0,0,0,0,0,0,0,0,0,0,0,0,0,0,0,1,0,0,0,0,1,0,0,0,1,0,0,0,0,1,0,0,0,0,0,0,0,0,1,0,0,0,1,0,0,0,0,0,0,0,0,0,0,0,1,0,0,0,0,1,0
4.2626798770413155,9.259225769705994,4,3,5,7,1971,2005,4.418840607796598,3,3,3,3,3,5,5.857933154483459,1,0.0,3.1780538303479458,372.0,3,1,6.3578422665081,6.280395838960195,0.0,7.01211529430638,0.0,1.0,1,0,3,1,3,5,8,0,0,1971.0,1,1.0,288.0,3,3,2,3.58351893845611,0.0,0.0,0.0,0.0,0,0.0,12,2007,7.301147805856032,1.5,36,2,1,1,0,0,0,0,0,0,0,0,0,0,0,0,0,0,1,0,0,0,0,0,1,0,0,1,0,0,0,1,1,0,0,0,1,0,0,0,0,0,0,0,0,0,0,0,0,0,0,1,0,0,0,0,0,0,0,0,0,0,0,0,0,0,1,0,0,0,0,0,0,0,0,1,0,0,0,0,0,1,0,0,0,0,0,0,0,0,0,0,0,1,0,0,1,0,0,0,1,0,0,0,0,0,0,0,0,0,0,0,0,0,0,1,0,0,0,0,0,0,0,1,0,0,0,0,0,0,0,0,0,0,0,0,0,0,0,1,0,0,0,1,0,0,0,0,0,1,0,0,0,0,0,0,0,0,1,0,0,0,1,0,0,0,0,0,0,0,0,0,0,0,1,0,0,0,0,1,0
4.394449154672439,9.0455836463617,4,3,5,5,1947,1950,0.0,3,3,3,3,1,3,6.093569770045136,1,0.0,5.968707559985366,832.0,3,1,6.725033642166843,5.953243334287785,0.0,7.104144092987527,0.0,0.0,1,0,2,1,3,6,8,0,0,1947.0,1,1.0,336.0,3,3,2,5.0689042022202315,0.0,4.634728988229636,0.0,0.0,0,0.0,10,2008,7.6251071482389,1.0,61,58,1,1,0,0,0,0,0,0,0,0,0,0,1,0,0,0,0,0,0,0,0,0,1,0,0,1,0,0,0,1,1,0,0,0,0,0,1,0,0,0,0,0,0,0,0,0,0,0,0,1,0,0,0,0,0,0,0,0,0,0,0,0,0,0,1,0,0,0,0,0,0,0,0,1,0,0,0,0,0,1,0,0,0,0,1,0,0,0,0,0,0,0,0,1,0,0,0,0,1,0,0,0,0,0,0,0,0,0,0,0,0,0,0,1,0,0,0,0,0,0,0,0,0,0,0,0,0,0,1,0,0,0,0,0,0,0,0,0,1,0,0,1,0,0,0,0,0,1,0,0,0,0,0,0,0,0,1,0,0,0,0,0,1,0,1,0,0,0,0,0,0,0,0,1,0,0,0,0,0
3.970291913552122,8.747193183526933,4,3,7,7,1928,1950,0.0,3,3,3,3,1,1,0.0,1,0.0,6.759255270663693,861.0,4,1,6.777646593635117,6.398594934535208,0.0,7.298445101508147,0.0,1.0,2,0,3,1,3,6,8,1,4,1928.0,1,1.0,216.0,3,3,2,0.0,3.9318256327243257,0.0,0.0,0.0,0,0.0,8,2009,7.757478766584179,2.5,81,59,1,1,1,0,0,0,0,0,0,0,0,0,1,0,0,0,0,0,0,0,0,0,1,0,0,1,0,0,0,1,1,0,0,0,0,0,1,0,0,0,0,0,0,0,0,0,0,0,0,0,0,0,0,0,0,1,0,0,0,0,0,0,0,0,1,0,0,0,0,0,0,0,0,1,0,0,0,0,0,1,0,0,0,0,1,0,0,0,0,0,0,0,0,1,0,0,0,0,1,0,0,0,0,0,0,0,0,0,0,0,0,0,0,0,0,0,0,0,1,0,0,0,0,0,0,0,0,0,0,0,0,0,0,0,1,0,0,0,1,0,1,0,0,0,0,0,0,1,0,0,0,0,0,0,0,0,1,0,0,0,0,0,1,0,0,0,0,0,0,0,0,0,1,0,0,0,0,1,0
4.574710978503383,9.373988663504516,3,3,5,6,1966,1966,4.584967478670572,3,3,3,3,3,2,5.796057750765372,5,6.313548046277095,5.655991810819852,1164.0,5,1,7.186144304522325,0.0,0.0,7.186144304522325,1.0,0.0,1,0,3,1,3,6,8,2,2,1966.0,2,2.0,564.0,3,3,2,5.081404364984463,4.23410650459726,5.484796933490655,0.0,0.0,0,0.0,5,2006,7.818027938530729,2.0,40,40,1,1,1,0,0,0,0,0,0,0,0,0,0,0,0,0,1,0,0,0,0,0,1,0,0,1,0,0,0,1,1,0,0,0,0,0,1,0,0,0,0,0,0,0,0,0,0,0,0,0,0,0,0,0,0,0,1,0,0,0,0,0,0,0,1,0,0,0,0,0,0,0,0,1,0,0,0,0,0,1,0,0,0,0,0,0,0,0,0,0,0,1,0,1,0,0,0,0,1,0,0,0,0,0,0,0,0,0,0,0,0,0,0,0,0,0,0,1,0,0,0,0,0,0,0,0,0,0,0,0,0,0,0,1,0,0,0,1,0,0,0,1,0,0,0,0,0,1,0,0,0,0,0,0,0,0,1,0,1,0,0,0,0,0,0,0,0,0,0,0,0,0,1,1,0,0,0,0,0
3.5553480614894135,8.190077049719049,4,3,7,5,2007,2007,0.0,4,3,4,3,1,1,0.0,1,0.0,6.536691597591305,689.0,5,1,6.556778356158042,6.536691597591305,0.0,7.239214973779806,0.0,0.0,2,0,2,1,4,5,8,0,0,2007.0,1,2.0,540.0,3,3,2,0.0,4.634728988229636,0.0,0.0,0.0,0,0.0,2,2008,7.641084249174914,2.0,1,1,1,1,0,0,0,1,0,0,0,0,0,0,0,0,0,0,0,0,0,0,1,0,0,0,0,1,0,0,0,1,1,0,1,0,0,0,0,0,0,0,0,0,0,0,0,0,0,0,0,0,0,0,0,0,0,0,0,0,1,0,0,0,0,0,1,0,0,0,0,0,0,0,0,1,0,0,0,0,0,0,0,0,0,1,0,0,0,0,0,1,0,0,0,1,0,0,0,0,1,0,0,0,0,0,0,0,0,0,0,0,0,0,0,0,0,0,0,1,0,0,0,0,0,0,0,0,0,0,0,0,0,0,0,1,0,0,0,0,1,0,0,0,1,0,0,0,0,1,0,0,0,0,0,0,0,0,1,0,0,0,0,0,1,0,0,0,0,0,0,0,0,0,1,1,0,0,0,0,0
4.406719247264253,9.405166749908611,4,3,5,5,1954,1954,5.817111159963204,3,3,3,3,1,1,0.0,1,0.0,6.957497370876951,1050.0,5,0,6.957497370876951,6.61472560020376,0.0,7.493317248862145,0.0,0.0,2,0,4,1,3,7,8,0,0,1954.0,1,1.0,352.0,2,3,2,0.0,0.0,0.0,0.0,0.0,0,0.0,11,2008,7.953669778649798,2.0,54,54,1,1,0,0,0,0,0,0,0,0,0,0,1,0,0,0,0,0,0,0,0,0,0,1,0,1,0,0,0,1,1,0,0,0,0,0,1,0,0,0,0,0,0,0,0,0,0,0,0,0,0,0,0,0,1,0,0,0,0,0,0,0,0,0,1,0,0,0,0,0,0,0,0,1,0,0,0,0,0,1,0,0,0,0,1,0,0,0,0,0,0,0,0,1,0,0,0,0,1,0,0,0,0,0,0,0,0,0,0,0,0,0,0,1,0,0,0,0,0,0,0,0,0,0,0,0,0,0,1,0,0,0,0,0,0,0,0,1,0,0,1,0,0,0,0,0,0,1,0,0,0,0,0,1,0,0,0,0,1,0,0,0,0,0,0,0,0,0,0,0,0,0,1,0,0,0,0,1,0
4.30406509320417,9.587817443544179,3,3,6,6,1960,1987,4.454347296253507,3,3,3,3,1,4,6.38856140554563,3,5.393627546352362,5.805134968916488,1144.0,5,1,7.265429723253953,0.0,0.0,7.265429723253953,0.0,1.0,1,0,3,1,4,7,8,2,4,1960.0,1,2.0,572.0,3,3,2,5.37989735354046,4.709530201312334,0.0,0.0,0.0,0,0.0,6,2007,7.853216388156072,1.5,47,20,1,1,1,0,0,0,0,0,1,0,0,0,0,0,0,0,0,0,0,0,0,0,1,0,0,1,0,0,0,1,1,0,0,1,0,0,0,0,0,0,0,0,0,0,0,0,0,0,0,1,0,0,0,0,0,0,0,0,0,0,0,0,0,0,1,0,0,0,0,0,0,0,0,1,0,0,0,0,0,1,0,0,0,0,0,0,1,0,0,0,0,0,0,1,0,0,0,0,1,0,0,0,0,0,0,0,0,0,0,0,0,0,0,0,0,0,0,0,1,0,0,0,0,0,0,0,0,0,0,0,0,0,0,0,1,0,0,1,0,0,0,1,0,0,0,0,0,1,0,0,0,0,0,0,0,0,1,0,1,0,0,0,0,0,0,0,0,0,0,0,0,0,1,0,0,0,0,1,0
4.59511985013459,9.449750895754265,4,3,8,5,2008,2009,5.726847747587197,5,3,5,3,1,1,0.0,1,0.0,7.622174594817622,2042.0,5,1,7.622174594817622,0.0,0.0,7.622174594817622,0.0,0.0,2,1,3,1,5,8,8,1,4,2009.0,2,3.0,1390.0,3,3,2,0.0,4.51085950651685,0.0,0.0,0.0,0,0.0,8,2009,8.315077007294104,2.5,1,0,1,1,1,0,0,0,0,0,1,0,0,0,0,0,0,0,0,0,0,0,0,0,1,0,0,1,0,0,0,1,1,0,0,0,0,0,1,0,0,0,0,0,0,0,0,0,0,0,0,0,0,0,0,1,0,0,0,0,0,0,0,0,0,0,1,0,0,0,0,0,0,0,0,1,0,0,0,0,0,1,0,0,0,0,0,0,1,0,0,0,0,0,0,0,0,1,0,0,1,0,0,0,0,0,0,0,0,0,0,0,0,0,0,0,0,0,0,1,0,0,0,0,0,0,0,0,0,0,0,0,0,0,0,1,0,0,0,1,0,0,0,0,1,0,0,0,0,1,0,0,0,0,0,0,0,0,1,0,1,0,0,0,0,0,0,0,0,0,0,0,1,0,0,0,0,0,0,0,1
4.406719247264253,9.37940781309172,4,3,6,5,1990,1990,4.653960350157523,3,4,4,3,3,6,6.705639094860003,1,0.0,0.0,816.0,3,1,6.705639094860003,0.0,0.0,6.705639094860003,1.0,0.0,1,0,3,1,3,5,8,0,0,0.0,0,0.0,0.0,0,0,2,0.0,3.4965075614664802,0.0,0.0,0.0,0,0.0,5,2007,7.398174092970465,2.0,17,17,0,1,0,0,0,0,0,0,0,0,0,0,0,0,0,0,0,0,1,0,0,0,1,0,1,0,0,0,0,1,1,0,0,0,0,0,1,0,0,0,0,0,0,0,1,0,0,0,0,0,0,0,0,0,0,0,0,0,0,0,0,0,0,0,1,0,0,0,0,0,0,0,0,1,0,0,0,0,0,0,0,1,0,0,0,0,0,0,0,0,1,0,0,1,0,0,0,0,1,0,0,0,0,0,0,0,0,0,0,0,0,1,0,0,0,0,0,0,0,0,0,0,0,0,0,0,1,0,0,0,0,0,0,0,0,0,0,1,0,0,0,1,0,0,0,0,0,1,0,0,0,0,0,0,0,0,1,0,0,0,0,0,0,1,0,0,0,0,0,0,0,0,1,0,0,0,0,1,0
4.330733340286331,9.510519035757246,4,3,10,9,1893,2000,0.0,5,5,3,3,1,1,0.0,1,0.0,7.121252453244542,1237.0,4,1,7.3277805384216315,7.134890851565884,0.0,7.9287663216266955,0.0,0.0,3,1,3,1,4,9,8,1,4,1988.0,1,2.0,880.0,4,3,2,4.663439094112067,6.220590170099739,0.0,0.0,0.0,0,0.0,7,2008,8.297294370266917,3.5,115,8,1,1,1,0,0,0,0,0,0,0,0,0,0,0,0,1,0,0,0,0,0,0,0,1,0,1,0,0,0,1,1,0,0,0,0,0,1,0,0,0,0,0,0,0,0,0,0,0,0,0,0,0,0,0,1,0,0,0,0,0,0,0,1,0,0,0,0,0,0,0,0,0,0,0,1,0,0,0,0,1,0,0,0,0,0,0,0,0,1,0,0,0,0,1,0,0,0,0,1,0,0,0,0,0,0,0,0,0,0,0,0,0,0,0,0,0,0,0,1,0,0,0,0,0,0,0,0,0,0,0,0,0,0,0,1,0,0,0,1,0,1,0,0,0,0,0,0,1,0,0,0,0,0,0,0,0,1,0,0,0,0,0,1,0,0,0,0,0,0,0,0,0,1,0,0,0,0,1,0
3.9512437185814275,8.71948076085107,4,3,4,7,1935,1995,0.0,3,3,3,3,1,1,0.0,1,0.0,6.785587645007929,884.0,5,1,6.897704943128636,6.371611847231857,0.0,7.3613754289773485,0.0,0.0,1,0,3,1,4,6,8,0,0,1935.0,1,1.0,240.0,3,3,2,0.0,0.0,4.007333185232471,0.0,4.795790545596741,0,0.0,7,2009,7.80710329012598,1.0,74,14,1,1,0,0,0,0,0,0,0,0,0,0,1,0,0,0,0,0,0,0,0,0,0,1,0,1,0,0,0,1,1,0,0,0,0,0,1,0,0,0,1,0,0,0,0,0,0,0,0,0,0,0,0,0,0,0,0,0,0,0,0,0,0,0,1,0,0,0,0,0,0,0,0,1,0,0,0,0,0,1,0,0,0,0,1,0,0,0,0,0,0,0,0,1,0,0,0,0,1,0,0,0,0,0,0,1,0,0,0,0,0,0,0,0,0,0,0,0,0,0,1,0,0,0,0,0,0,0,0,0,0,0,0,0,0,0,0,0,1,0,1,0,0,0,0,0,0,1,0,0,0,0,0,0,0,0,1,0,0,0,0,0,1,0,0,0,0,0,0,0,0,0,1,0,0,0,0,1,0
4.48863636973214,9.345220854170002,4,3,8,5,2005,2006,5.342334251964811,4,3,5,3,4,6,7.2868764117507,1,0.0,6.013715156042802,1868.0,5,1,7.615298339825815,0.0,0.0,7.615298339825815,1.0,0.0,2,0,2,1,4,7,8,2,4,2005.0,2,3.0,880.0,3,3,2,5.7899601708972535,4.204692619390966,0.0,0.0,0.0,0,0.0,3,2006,8.26796230533871,3.0,1,0,1,1,1,0,0,0,0,0,1,0,0,0,0,0,0,0,0,0,0,0,0,0,1,0,0,1,0,0,0,1,1,0,0,0,0,0,1,0,0,0,0,0,0,0,0,0,0,0,0,0,0,0,0,0,0,0,0,0,0,0,1,0,0,0,1,0,0,0,0,0,0,0,0,1,0,0,0,0,0,1,0,0,0,0,0,0,1,0,0,0,0,0,0,0,0,1,0,0,1,0,0,0,0,0,0,0,0,0,0,0,0,0,0,0,0,0,0,1,0,0,0,0,0,0,0,0,0,0,0,0,0,0,0,1,0,0,0,1,0,0,0,0,1,0,0,0,0,1,0,0,0,0,0,0,0,0,1,0,1,0,0,0,0,0,0,0,0,0,0,0,1,0,0,0,0,0,0,0,1
4.02535169073515,9.236787541991031,4,3,6,7,1918,2000,0.0,3,4,3,4,2,3,5.351858133476067,5,6.408528791059498,0.0,816.0,5,1,6.732210706467206,0.0,0.0,6.732210706467206,1.0,0.0,1,0,2,1,2,5,8,0,0,1961.0,3,1.0,275.0,3,3,0,0.0,0.0,4.727387818712341,0.0,0.0,0,0.0,5,2008,7.411556287811163,2.0,90,8,1,1,0,0,0,0,0,0,0,1,0,0,0,0,0,0,0,0,0,0,0,0,1,0,0,1,0,0,0,1,1,0,0,0,0,0,1,0,0,0,1,0,0,0,0,0,0,0,0,0,0,0,0,0,0,0,0,0,0,0,0,0,0,0,0,0,0,0,1,0,0,0,0,1,0,0,0,0,0,1,0,0,0,0,0,0,1,0,0,0,0,0,0,1,0,0,0,0,1,0,0,0,0,0,0,0,0,0,0,0,0,0,0,0,0,0,1,0,0,0,0,0,0,0,0,0,0,0,0,0,0,0,0,0,0,1,0,0,1,0,1,0,0,0,0,0,0,1,0,0,0,0,0,0,0,0,1,0,0,0,0,0,1,0,0,0,0,0,0,0,0,0,1,0,0,0,0,1,0
4.31748811353631,9.075779878580487,3,3,5,6,1982,1982,0.0,3,3,3,3,3,5,6.511745329644728,1,0.0,5.1298987149230735,840.0,3,1,6.7580945044277305,0.0,0.0,6.7580945044277305,1.0,0.0,1,0,2,1,3,4,8,0,0,1996.0,1,2.0,528.0,3,3,2,0.0,0.0,0.0,0.0,0.0,0,0.0,7,2009,7.438971592395862,2.0,27,27,1,1,0,0,0,0,0,0,0,0,0,0,0,0,0,0,0,1,0,0,0,0,1,0,0,1,0,0,0,1,1,0,0,0,0,0,1,0,0,0,0,0,0,0,0,0,0,0,0,0,0,0,0,0,0,0,1,0,0,0,0,0,0,0,1,0,0,0,0,0,0,0,0,1,0,0,0,0,0,1,0,0,0,0,0,0,0,0,0,0,1,0,0,0,0,1,0,0,1,0,0,0,0,0,0,0,0,0,0,0,0,1,0,0,0,0,0,0,0,0,0,0,0,0,0,0,1,0,0,0,0,0,0,0,0,0,0,0,1,0,0,1,0,0,0,0,0,1,0,0,0,0,0,0,0,0,1,0,0,0,0,0,1,0,0,0,0,0,0,0,0,0,1,0,0,0,0,1,0
4.189654742026425,10.130463749870515,3,1,5,8,1968,2003,0.0,3,3,3,3,4,6,7.1891677384203225,1,0.0,4.736198448394496,1437.0,5,1,7.295735072749282,0.0,0.0,7.295735072749282,2.0,0.0,1,0,1,1,5,5,8,2,4,1968.0,1,1.0,452.0,3,3,2,0.0,3.8918202981106265,0.0,0.0,4.110873864173311,0,0.0,6,2009,7.976251943745623,3.0,41,6,1,1,1,0,0,0,0,0,1,0,0,0,0,0,0,0,0,0,0,0,0,0,1,0,0,1,0,0,1,0,1,0,0,0,0,0,1,0,0,0,0,1,0,0,0,0,0,0,0,0,0,0,0,0,0,0,0,0,0,0,0,0,0,0,1,0,0,0,0,0,0,0,0,1,0,0,0,0,0,1,0,0,0,0,0,0,1,0,0,0,0,0,1,0,0,0,0,0,0,0,0,0,1,0,0,0,0,0,0,0,0,0,0,0,0,0,0,0,1,0,0,0,0,0,0,0,0,0,0,0,0,0,0,0,1,0,0,0,1,0,0,1,0,0,0,0,0,1,0,0,0,0,0,0,0,0,1,0,1,0,0,0,0,0,0,0,0,0,0,0,0,0,1,0,0,0,0,0,1
3.9318256327243257,9.116139576577355,4,3,5,6,1930,1960,0.0,3,3,3,3,1,1,0.0,1,0.0,6.610696044717759,742.0,3,1,6.659293919683638,0.0,5.056245805348308,6.841615476477592,0.0,0.0,1,0,2,1,3,4,8,0,0,1988.0,1,1.0,308.0,3,3,1,0.0,0.0,0.0,0.0,0.0,0,6.398594934535208,8,2008,7.3277805384216315,1.0,78,48,1,1,0,0,0,0,0,0,0,0,1,0,0,0,0,0,0,0,0,0,0,0,0,1,0,1,0,0,0,1,1,0,0,0,0,0,1,0,0,0,1,0,0,0,0,0,0,0,0,0,0,0,0,0,0,0,0,0,0,0,0,0,0,0,0,0,0,0,1,0,0,0,1,0,0,0,0,0,0,1,0,0,0,0,0,0,1,0,0,0,0,0,0,1,0,0,0,0,1,0,0,0,0,0,0,0,0,0,0,0,0,0,0,0,0,0,0,1,0,0,0,0,0,0,0,0,0,0,0,0,0,0,0,1,0,0,0,0,1,0,1,0,0,0,0,0,0,1,0,0,0,0,1,0,0,0,0,0,0,0,0,0,1,0,0,0,0,0,0,0,0,0,1,0,0,0,0,1,0
4.174387269895637,9.02653771890043,4,3,7,5,2004,2004,0.0,4,3,4,3,1,6,6.19644412779452,1,0.0,5.638354669333745,770.0,5,1,6.647688373563329,6.70073110954781,0.0,7.367077059881012,0.0,0.0,2,1,3,1,4,6,8,0,0,2004.0,2,2.0,520.0,3,3,2,0.0,3.828641396489095,0.0,0.0,0.0,0,0.0,9,2008,7.763446388727362,2.5,4,4,1,1,0,0,0,0,0,0,0,0,0,0,0,1,0,0,0,0,0,0,0,0,1,0,0,1,0,0,0,1,1,0,0,0,0,0,1,0,0,0,0,0,1,0,0,0,0,0,0,0,0,0,0,0,0,0,0,0,0,0,0,0,0,0,1,0,0,0,0,0,0,0,0,1,0,0,0,0,0,1,0,0,0,0,0,0,0,0,0,1,0,0,0,1,0,0,0,0,1,0,0,0,0,0,0,0,0,0,0,0,0,0,0,0,0,0,0,1,0,0,0,0,0,0,0,0,0,0,0,0,0,0,0,1,0,0,0,0,1,0,0,0,1,0,0,0,0,1,0,0,0,0,0,0,0,0,1,0,1,0,0,0,0,0,0,0,0,0,0,0,0,0,1,0,0,0,0,1,0
4.584967478670572,9.508888197738269,3,3,10,5,2008,2008,6.042632833682381,5,3,5,3,4,6,7.199678345691172,1,0.0,5.953243334287785,1722.0,5,1,7.455298485683291,6.343880434126331,0.0,7.739359202689098,1.0,0.0,2,1,3,1,5,10,8,1,4,2008.0,2,3.0,842.0,3,3,2,5.948034989180646,5.616771097666572,0.0,0.0,0.0,0,0.0,6,2009,8.2987883944492,3.5,1,1,1,1,1,0,0,0,0,0,0,0,0,0,0,1,0,0,0,0,0,0,0,0,1,0,0,1,0,0,0,1,1,0,1,0,0,0,0,0,0,0,0,0,0,0,0,0,0,0,0,0,0,0,0,1,0,0,0,0,0,0,0,0,0,0,1,0,0,0,0,0,0,0,0,1,0,0,0,0,0,1,0,0,0,0,0,0,0,0,0,1,0,0,0,1,0,0,0,0,1,0,0,0,0,0,0,0,0,0,0,0,1,0,0,0,0,0,0,0,0,0,0,0,0,0,0,1,0,0,0,0,0,0,0,0,0,0,0,0,0,1,0,0,1,0,0,0,0,1,0,0,0,0,0,0,0,0,1,0,0,0,1,0,0,0,0,0,0,0,1,0,0,0,0,0,0,0,0,1,0
4.110873864173311,8.79497643168877,4,3,5,8,1982,2003,0.0,3,4,3,4,1,6,6.705639094860003,1,0.0,0.0,816.0,5,1,6.705639094860003,0.0,0.0,6.705639094860003,1.0,0.0,1,0,2,1,3,4,8,0,0,1985.0,3,2.0,816.0,3,3,2,0.0,0.0,0.0,0.0,0.0,0,0.0,6,2008,7.398174092970465,2.0,26,5,1,1,0,0,0,0,0,0,1,0,0,0,0,0,0,0,0,0,0,0,0,0,1,0,0,1,0,0,0,1,1,0,0,0,0,0,1,0,0,0,0,0,0,0,0,0,0,0,1,0,0,0,0,0,0,0,0,0,0,0,0,0,0,0,1,0,0,0,0,0,0,0,0,1,0,0,0,0,0,1,0,0,0,0,0,0,1,0,0,0,0,0,0,1,0,0,0,0,1,0,0,0,0,0,0,0,0,0,0,0,0,1,0,0,0,0,0,0,0,0,0,0,0,0,0,0,1,0,0,0,0,0,0,0,0,0,0,0,1,0,0,0,1,0,0,0,0,1,0,0,0,0,0,0,0,0,1,0,0,0,0,0,1,0,0,0,0,0,0,0,0,0,1,0,0,0,0,1,0
4.2626798770413155,8.397508348470257,4,3,6,5,2003,2003,5.14166355650266,4,3,4,3,3,6,6.530877627725885,1,0.0,5.099866427824199,848.0,5,1,6.744059186311348,0.0,0.0,6.744059186311348,1.0,0.0,1,0,1,1,4,4,8,0,0,2003.0,3,2.0,420.0,3,3,2,4.948759890378168,0.0,0.0,0.0,0.0,0,0.0,5,2009,7.436617265234227,2.0,6,6,1,1,0,1,0,0,0,0,0,0,0,0,0,0,0,0,0,0,0,0,0,0,0,1,0,1,0,0,0,1,1,0,0,0,0,0,1,0,0,0,0,0,1,0,0,0,0,0,0,0,0,0,0,0,0,0,0,0,0,0,0,0,0,0,1,0,0,0,0,0,0,0,0,1,0,0,0,0,0,0,0,0,0,1,0,0,1,0,0,0,0,0,0,1,0,0,0,0,1,0,0,0,0,0,0,0,0,0,0,0,0,0,0,0,0,0,0,1,0,0,0,0,0,0,0,0,0,0,0,0,0,0,0,1,0,0,0,1,0,0,0,0,1,0,0,0,0,1,0,0,0,0,0,0,0,0,1,0,1,0,0,0,0,0,0,0,0,0,0,0,0,0,1,0,0,0,0,1,0
4.48863636973214,8.986071187374463,3,3,5,6,1975,1975,0.0,3,3,4,3,1,1,0.0,1,0.0,6.829793737512425,924.0,3,1,6.829793737512425,0.0,0.0,6.829793737512425,0.0,0.0,1,0,3,1,3,5,8,0,0,1981.0,1,1.0,280.0,3,3,2,0.0,0.0,0.0,0.0,0.0,0,0.0,4,2008,7.522400231387125,1.0,33,33,1,1,0,0,0,0,0,0,1,0,0,0,0,0,0,0,0,0,0,0,0,0,1,0,0,1,0,0,0,1,1,0,0,0,0,0,1,0,0,0,0,0,1,0,0,0,0,0,0,0,0,0,0,0,0,0,0,0,0,0,0,0,0,0,1,0,0,0,0,0,0,0,0,1,0,0,0,0,0,1,0,0,0,0,0,0,1,0,0,0,0,0,0,0,0,1,0,0,1,0,0,0,0,0,0,0,0,0,0,0,0,1,0,0,0,0,0,0,0,0,0,0,0,0,0,0,1,0,0,0,0,0,0,0,0,0,0,0,1,0,0,1,0,0,0,0,0,1,0,0,0,0,0,0,0,0,1,0,0,0,0,0,1,0,0,0,0,0,0,0,0,0,1,0,0,0,0,1,0
4.248495242049359,9.33282345619073,3,3,8,5,2005,2006,5.476463551931511,4,3,4,3,4,6,7.260522598089852,1,0.0,5.973809611869261,1814.0,5,1,7.510430556378006,0.0,0.0,7.510430556378006,1.0,0.0,2,0,3,1,4,7,8,1,3,2005.0,3,3.0,758.0,3,3,2,5.198497031265826,4.330733340286331,0.0,0.0,4.795790545596741,0,0.0,8,2006,8.200013648175434,3.0,1,0,1,1,1,0,0,0,0,0,1,0,0,0,0,0,0,0,0,0,0,0,0,0,1,0,0,1,0,0,0,1,1,0,0,0,0,0,1,0,0,0,0,0,0,0,0,0,0,0,0,0,0,0,0,0,0,0,0,0,0,1,0,0,0,0,1,0,0,0,0,0,0,0,0,1,0,0,0,0,0,1,0,0,0,0,0,0,1,0,0,0,0,0,0,1,0,0,0,0,1,0,0,0,0,0,0,0,0,0,0,0,0,0,0,0,0,0,0,1,0,0,0,0,0,0,0,0,0,0,0,1,0,0,0,0,0,0,0,1,0,0,0,0,1,0,0,0,0,1,0,0,0,0,0,0,0,0,1,0,1,0,0,0,0,0,0,0,0,0,0,0,1,0,0,0,0,0,0,0,1
4.110873864173311,8.188966863648876,4,3,6,7,1910,1993,0.0,3,3,3,3,1,1,0.0,1,0.0,6.529418838262226,684.0,5,0,6.529418838262226,6.529418838262226,0.0,7.221835825288449,0.0,0.0,1,0,3,1,3,7,8,0,0,1930.0,1,1.0,216.0,3,2,0,0.0,5.0689042022202315,0.0,0.0,0.0,0,0.0,10,2006,7.627057417018934,1.0,96,13,1,1,0,0,0,0,0,0,0,0,0,0,0,0,1,0,0,0,0,0,0,0,0,1,0,1,0,0,0,1,1,0,0,0,0,0,1,0,0,0,0,0,0,0,0,0,0,0,0,0,0,0,0,0,1,0,0,0,0,0,0,0,0,0,1,0,0,0,0,0,0,0,0,1,0,0,0,0,0,1,0,0,0,0,0,0,0,0,0,1,0,0,0,1,0,0,0,0,1,0,0,0,0,0,0,0,0,0,0,0,0,0,0,0,0,0,0,1,0,0,0,0,0,0,0,0,0,0,0,0,0,0,0,1,0,0,0,0,1,0,0,1,0,0,0,0,0,1,0,0,0,0,1,0,0,0,0,0,0,0,0,0,1,0,0,0,0,0,0,0,0,0,1,0,0,0,0,1,0
3.9889840465642745,8.274611946209552,4,3,7,5,2006,2007,4.290459441148391,4,3,5,3,3,1,0.0,1,0.0,7.138073034044347,1258.0,5,1,7.246368080102461,0.0,0.0,7.246368080102461,0.0,2.0,0,2,2,1,4,7,8,1,4,2006.0,3,3.0,648.0,3,3,2,4.795790545596741,2.833213344056216,0.0,0.0,0.0,0,0.0,2,2007,7.886457270977689,2.0,1,0,1,1,1,1,0,0,0,0,0,0,0,0,0,0,0,0,0,0,0,0,0,0,1,0,0,1,0,0,0,1,1,0,0,0,0,0,1,1,0,0,0,0,0,0,0,0,0,0,0,0,0,0,0,0,0,0,0,0,0,0,0,0,0,0,1,0,0,0,0,0,0,0,0,1,0,0,0,0,0,0,0,0,0,1,0,0,1,0,0,0,0,0,0,1,0,0,0,0,1,0,0,0,0,0,0,0,0,0,0,0,0,0,0,0,0,0,0,1,0,0,0,0,0,0,0,0,0,0,0,0,0,0,0,1,0,0,0,1,0,0,0,0,1,0,0,0,0,1,0,0,0,0,0,0,0,0,1,0,1,0,0,0,0,0,0,0,0,0,0,0,1,0,0,0,0,0,0,0,1
4.394449154672439,9.471550124096849,4,3,5,6,1977,1977,6.131226489483141,3,3,4,3,2,5,7.157735484249907,2,4.997212273764115,0.0,1430.0,5,1,7.4073177104694174,0.0,0.0,7.4073177104694174,1.0,0.0,2,0,3,1,4,7,8,1,3,1977.0,3,2.0,621.0,3,3,2,0.0,0.0,0.0,0.0,0.0,0,0.0,3,2006,8.032035314398824,3.0,29,29,1,1,1,0,0,0,0,0,1,0,0,0,0,0,0,0,0,0,0,0,0,0,1,0,0,1,1,0,0,0,1,0,0,0,0,0,1,0,0,0,0,0,0,1,0,0,0,0,0,0,0,0,0,0,0,0,0,0,0,0,0,0,0,0,1,0,0,0,0,0,0,0,0,1,0,0,0,0,0,1,0,0,0,0,0,0,1,0,0,0,0,0,0,1,0,0,0,0,1,0,0,0,0,0,0,0,0,0,0,0,0,0,0,0,1,0,0,0,0,0,0,0,0,0,0,0,0,0,0,0,1,0,0,0,0,0,0,1,0,0,0,1,0,0,0,0,0,1,0,0,0,0,0,0,0,0,1,0,1,0,0,0,0,0,0,0,0,0,0,0,0,0,1,0,0,0,0,1,0
3.2188758248682006,7.576097340623111,4,3,6,6,1980,1980,0.0,3,4,4,3,1,2,4.406719247264253,6,6.418364935936212,3.1780538303479458,716.0,3,1,6.57507584059962,6.734591659972948,0.0,7.350516171833998,1.0,0.0,2,1,3,1,3,6,8,1,3,1980.0,3,2.0,452.0,3,3,2,5.087596335232384,0.0,0.0,0.0,0.0,0,0.0,7,2008,7.728855823852543,3.5,28,28,1,1,1,0,0,1,0,0,0,0,0,0,0,0,0,0,0,0,0,0,0,0,0,1,0,1,0,0,0,1,1,0,0,0,0,0,1,0,1,0,0,0,0,0,0,0,0,0,0,0,0,0,0,0,0,0,0,0,0,0,0,0,0,0,1,0,0,0,0,0,0,0,0,1,0,0,0,0,0,0,0,0,1,0,0,0,0,0,0,1,0,0,0,1,0,0,0,0,1,0,0,0,0,0,0,0,0,0,0,0,0,0,0,1,0,0,0,0,0,0,0,0,0,0,0,0,0,0,1,0,0,0,0,0,0,0,0,0,1,0,0,1,0,0,0,0,0,1,0,0,0,0,0,0,0,0,1,0,1,0,0,0,0,0,1,0,0,0,0,0,0,0,0,0,0,0,0,1,0
4.31748811353631,9.29908358181057,4,3,8,5,2005,2005,5.638354669333745,4,3,4,3,3,6,6.304448802421981,1,0.0,6.240275845170769,1058.0,5,1,6.9650803456014065,6.741700694652055,0.0,7.552237287560802,1.0,0.0,2,1,3,1,5,8,8,1,4,2003.0,3,2.0,736.0,3,3,2,5.19295685089021,4.110873864173311,0.0,0.0,0.0,0,0.0,6,2006,7.993957547573565,3.5,1,1,1,1,1,0,0,0,0,0,0,0,0,0,0,1,0,0,0,0,0,0,0,0,1,0,0,1,0,0,0,1,1,0,0,0,0,0,1,0,0,0,0,0,0,0,0,0,0,0,0,0,0,0,0,1,0,0,0,0,0,0,0,0,0,0,1,0,0,0,0,0,0,0,0,1,0,0,0,0,0,1,0,0,0,0,0,0,0,0,0,1,0,0,0,1,0,0,0,0,1,0,0,0,0,0,0,0,0,0,0,0,0,0,0,0,0,0,0,1,0,0,0,0,0,0,0,0,0,0,0,0,0,0,0,1,0,0,0,1,0,0,0,0,1,0,0,0,0,1,0,0,0,0,0,0,0,0,1,0,0,0,1,0,0,0,0,0,0,0,0,0,0,0,1,0,0,0,0,1,0
3.9318256327243257,9.105090961257085,4,3,6,6,1937,1950,0.0,3,4,3,3,1,1,0.0,1,0.0,6.660575149839686,780.0,3,1,6.660575149839686,6.39024066706535,0.0,7.226936018493289,0.0,0.0,1,1,3,1,4,6,8,1,4,1979.0,1,1.0,544.0,3,3,1,0.0,5.093750200806762,0.0,0.0,4.844187086458591,0,0.0,12,2007,7.6760099320288875,1.5,70,57,1,1,1,0,0,0,0,0,0,0,0,0,1,0,0,0,0,0,0,0,0,0,0,1,0,1,1,0,0,0,1,0,0,0,0,0,1,0,0,0,0,0,0,0,0,0,1,0,0,0,0,0,0,0,0,0,0,0,0,0,0,0,0,0,1,0,0,0,0,0,0,0,0,1,0,0,0,0,0,1,0,0,0,0,1,0,0,0,0,0,0,0,0,1,0,0,0,0,1,0,0,0,0,0,0,0,0,0,0,0,0,0,0,0,0,0,0,0,1,0,0,0,0,0,0,0,0,0,0,0,0,0,0,0,1,0,0,0,1,0,0,0,1,0,0,0,0,1,0,0,0,0,0,0,0,0,1,0,0,0,0,0,1,0,0,0,0,0,0,0,0,0,1,0,0,0,0,1,0
4.394449154672439,9.21453157659465,3,3,8,5,1992,1992,0.0,4,3,4,3,2,6,6.672032945461067,1,0.0,4.787491742782046,908.0,5,1,6.833031732786201,6.8966943316227125,0.0,7.557994958530806,1.0,0.0,2,1,3,1,4,8,8,1,3,1992.0,3,2.0,506.0,3,3,2,4.795790545596741,5.017279836814924,0.0,0.0,0.0,0,0.0,2,2006,7.945909598613133,3.5,14,14,1,1,1,0,0,0,0,0,0,0,0,0,0,1,0,0,0,0,0,0,0,0,1,0,0,1,0,0,0,1,1,0,0,0,0,0,1,0,0,0,0,0,0,0,0,0,0,0,0,0,0,0,0,0,0,0,0,1,0,0,0,0,0,0,1,0,0,0,0,0,0,0,0,1,0,0,0,0,0,1,0,0,0,0,0,0,0,0,0,1,0,0,0,1,0,0,0,0,1,0,0,0,0,0,0,0,0,0,0,0,0,1,0,0,0,0,0,0,0,0,0,0,0,0,0,0,1,0,0,0,0,0,0,0,0,0,0,0,1,0,0,0,1,0,0,0,0,1,0,0,0,0,0,0,0,0,1,0,1,0,0,0,0,0,0,0,0,0,0,0,0,0,1,1,0,0,0,0,0
3.4339872044851463,8.065579427282092,4,3,7,5,2004,2005,0.0,4,3,4,3,1,1,0.0,1,0.0,6.398594934535208,600.0,5,1,6.398594934535208,6.398594934535208,0.0,7.0909098220799835,0.0,0.0,2,1,2,1,4,4,8,0,0,2004.0,2,2.0,480.0,3,3,2,0.0,5.153291594497779,0.0,0.0,0.0,0,0.0,6,2010,7.496097345175956,2.5,6,5,1,1,0,0,0,1,0,0,0,0,0,0,0,0,0,0,0,0,0,0,1,0,0,0,0,1,0,0,0,1,1,0,0,0,0,0,1,0,0,0,0,0,0,0,0,0,0,0,0,0,0,0,0,0,0,0,0,0,1,0,0,0,0,0,1,0,0,0,0,0,0,0,0,1,0,0,0,0,0,0,0,0,0,1,0,0,0,0,0,1,0,0,0,1,0,0,0,0,1,0,0,0,0,0,0,0,0,0,0,0,0,0,0,1,0,0,0,0,0,0,0,0,0,0,0,0,0,0,1,0,0,0,0,0,0,0,0,0,1,0,0,0,1,0,0,0,0,1,0,0,0,0,0,0,0,0,1,0,0,0,0,0,1,0,0,0,0,0,0,0,0,0,1,0,0,0,0,1,0
4.48863636973214,9.457512901089753,3,3,7,5,2002,2002,4.605170185988092,4,3,4,3,2,6,6.827629234502852,1,0.0,6.35088571671474,1494.0,5,1,7.3098814858247865,0.0,0.0,7.3098814858247865,1.0,0.0,2,0,3,1,4,6,8,1,3,2002.0,2,2.0,530.0,3,3,2,5.262690188904886,3.6109179126442243,0.0,0.0,0.0,0,0.0,9,2008,8.002694162283937,3.0,6,6,1,1,1,0,0,0,0,0,1,0,0,0,0,0,0,0,0,0,0,0,0,0,1,0,0,1,0,0,0,1,1,0,0,0,0,0,1,0,0,0,0,0,1,0,0,0,0,0,0,0,0,0,0,0,0,0,0,0,0,0,0,0,0,0,1,0,0,0,0,0,0,0,0,1,0,0,0,0,0,1,0,0,0,0,0,0,1,0,0,0,0,0,0,1,0,0,0,0,1,0,0,0,0,0,0,0,0,0,0,0,0,0,0,0,0,0,0,1,0,0,0,0,0,0,0,0,0,0,0,0,0,0,0,1,0,0,0,1,0,0,0,0,1,0,0,0,0,1,0,0,0,0,0,0,0,0,1,0,1,0,0,0,0,0,0,0,0,0,0,0,0,0,1,0,0,0,0,1,0
4.454347296253507,9.517898598432753,4,3,7,6,1965,1990,5.176149732573829,3,3,3,3,1,4,6.12029741895095,1,0.0,5.752572638825633,768.0,3,1,7.079184394609668,6.68586094706836,0.0,7.594381242551817,0.0,0.0,2,1,3,1,3,7,8,3,2,1965.0,1,2.0,486.0,3,3,2,0.0,3.7612001156935624,0.0,0.0,5.247024072160486,0,0.0,10,2009,7.9211727215870145,2.5,44,19,1,1,1,0,0,0,0,0,0,0,0,0,0,1,0,0,0,0,0,0,0,0,1,0,0,1,0,0,0,1,1,0,0,0,0,0,1,0,0,0,0,0,0,0,0,0,0,0,0,1,0,0,0,0,0,0,0,0,0,0,0,0,0,0,1,0,0,0,0,0,0,0,0,1,0,0,0,0,0,1,0,0,0,0,0,0,0,0,0,1,0,0,0,1,0,0,0,0,1,0,0,0,0,0,0,0,0,0,0,0,0,1,0,0,0,0,0,0,0,0,0,0,0,0,0,0,1,0,0,0,0,0,0,0,0,0,0,1,0,0,0,1,0,0,0,0,0,1,0,0,0,0,0,0,0,0,1,0,1,0,0,0,0,0,0,0,0,0,0,0,0,0,1,0,0,0,0,1,0
4.418840607796598,9.430679995957659,2,2,5,5,1996,1996,0.0,3,4,4,3,1,6,6.597145701886651,1,0.0,5.733341276897746,1040.0,4,1,6.947937068614969,0.0,0.0,6.947937068614969,1.0,0.0,1,0,3,1,4,6,8,0,0,2000.0,1,2.0,576.0,3,3,2,5.1298987149230735,0.0,0.0,0.0,0.0,0,0.0,11,2009,7.640603826393634,2.0,13,13,1,1,0,0,0,0,0,0,1,0,0,0,0,0,0,0,0,0,0,0,0,0,1,0,0,1,0,0,1,0,1,0,1,0,0,0,0,0,0,0,0,0,1,0,0,0,0,0,0,0,0,0,0,0,0,0,0,0,0,0,0,0,0,0,1,0,0,0,0,0,0,0,0,1,0,0,0,0,0,1,0,0,0,0,0,0,1,0,0,0,0,0,0,1,0,0,0,0,1,0,0,0,0,0,0,0,0,0,0,0,0,0,0,0,0,0,0,1,0,0,0,0,0,0,0,0,0,0,0,0,0,0,0,1,0,0,0,0,1,0,0,0,1,0,0,0,0,1,0,0,0,0,0,0,0,0,1,0,0,0,0,0,1,0,0,0,0,0,0,0,0,0,1,0,0,0,0,1,0
4.3694478524670215,8.962007209588313,4,2,5,8,1948,2002,0.0,3,4,3,4,1,6,6.403574197934815,1,0.0,5.683579767338681,896.0,5,1,7.014814351275545,6.799055862058796,0.0,7.605392364814935,1.0,0.0,3,0,3,1,5,8,8,0,0,1948.0,1,1.0,230.0,3,3,2,4.6443908991413725,0.0,0.0,0.0,0.0,0,0.0,8,2006,7.974188669286011,4.0,58,4,1,1,0,0,0,0,0,0,1,0,0,0,0,0,0,0,0,0,0,0,0,0,1,0,0,1,1,0,0,0,1,0,0,0,0,0,1,0,0,0,0,0,0,0,1,0,0,0,0,0,0,0,0,0,0,0,0,0,0,0,0,0,0,0,1,0,0,0,0,0,0,0,0,1,0,0,0,0,0,1,0,0,0,0,0,0,0,0,0,1,0,0,0,1,0,0,0,0,1,0,0,0,0,0,0,0,0,0,0,0,0,0,0,1,0,0,0,0,0,0,0,0,0,0,0,0,0,0,1,0,0,0,0,0,0,0,0,0,1,0,0,1,0,0,0,0,0,1,0,0,0,0,0,0,0,0,1,0,1,0,0,0,0,0,0,0,0,0,0,0,0,0,1,0,0,0,0,1,0
4.3694478524670215,9.4066470133368,4,2,8,6,1934,1998,0.0,3,3,4,3,2,4,6.061456918928017,1,0.0,6.2878585601617845,965.0,3,1,7.57095858316901,7.134890851565884,0.0,8.069342366811636,0.0,0.0,2,1,4,1,3,10,8,2,4,1934.0,1,2.0,380.0,3,3,2,0.0,0.0,0.0,0.0,0.0,0,0.0,9,2007,8.333270353255308,2.5,73,9,1,1,1,0,0,0,0,0,0,0,0,0,0,0,1,0,0,0,0,0,0,0,1,0,0,1,0,1,0,0,1,0,0,0,0,0,1,0,0,0,0,0,0,1,0,0,0,0,0,0,0,0,0,0,0,0,0,0,0,0,0,0,0,0,1,0,0,0,0,0,0,0,0,1,0,0,0,0,0,1,0,0,0,0,0,0,0,0,0,1,0,0,0,1,0,0,0,0,1,0,0,0,0,0,0,0,0,0,1,0,0,0,0,0,0,0,0,0,0,0,0,0,0,0,0,0,0,0,0,0,0,0,0,0,1,0,0,0,1,0,0,0,1,0,0,0,0,1,0,0,0,0,0,0,0,0,1,0,0,1,0,0,0,0,0,0,0,0,0,0,0,0,1,0,0,1,0,0,0
4.127134385045092,8.980172205725008,4,3,4,5,1961,1961,5.262690188904886,3,2,3,3,2,3,6.806829360392176,1,0.0,4.844187086458591,1029.0,4,1,6.937314081223682,0.0,0.0,6.937314081223682,1.0,0.0,1,0,3,1,3,5,8,0,0,1961.0,1,1.0,261.0,3,3,2,4.174387269895637,0.0,3.6888794541139363,0.0,0.0,0,0.0,4,2007,7.629975707027789,2.0,46,46,1,1,0,0,0,0,0,0,1,0,0,0,0,0,0,0,0,0,0,0,0,0,1,0,0,1,0,0,0,1,1,0,0,0,0,0,1,0,0,0,0,0,0,0,0,0,0,0,0,0,0,0,0,0,0,0,1,0,0,0,0,0,0,1,0,0,0,0,0,0,0,0,0,1,0,0,0,0,0,1,0,0,0,0,0,0,1,0,0,0,0,0,0,1,0,0,0,0,1,0,0,0,0,0,0,0,0,0,0,0,0,0,0,0,0,0,0,1,0,0,0,0,0,0,0,0,0,0,0,0,0,0,0,1,0,0,1,0,0,0,0,1,0,0,0,0,0,1,0,0,0,0,0,0,0,0,1,0,1,0,0,0,0,0,0,0,0,0,0,0,0,0,1,0,0,0,0,1,0
4.2626798770413155,9.310276200588783,4,3,9,5,2000,2000,5.3230099791384085,4,3,5,3,2,6,6.807934943699926,1,0.0,6.285998094508865,1440.0,5,1,7.29776828253138,6.519147287940395,0.0,7.675081857716334,1.0,0.0,2,1,3,1,5,8,8,2,5,2000.0,3,3.0,736.0,3,3,2,5.537334267018537,4.962844630259907,0.0,0.0,0.0,0,0.0,5,2009,8.187021067343505,3.5,9,9,1,1,1,0,0,0,0,0,0,0,0,0,0,1,0,0,0,0,0,0,0,0,1,0,0,1,0,0,0,1,1,0,0,0,0,0,1,0,0,0,0,0,1,0,0,0,0,0,0,0,0,0,0,0,0,0,0,0,0,0,0,0,0,0,0,0,1,0,0,0,0,0,0,1,0,0,0,0,0,1,0,0,0,0,0,0,0,0,0,1,0,0,0,0,0,1,0,0,1,0,0,0,0,0,0,0,0,0,0,0,0,0,0,0,0,0,0,1,0,0,0,0,0,0,0,0,0,0,0,0,0,0,0,1,0,0,0,1,0,0,0,0,1,0,0,0,0,1,0,0,0,0,0,0,0,0,1,0,1,0,0,0,0,0,0,0,0,0,0,0,0,0,1,0,0,0,0,1,0
4.394449154672439,9.249176395761381,3,3,6,6,1978,1978,5.455321115357702,3,3,4,3,3,5,6.406879986069314,1,0.0,6.059123195581797,1032.0,3,1,6.940222469119639,0.0,0.0,6.940222469119639,0.0,1.0,2,0,3,1,3,6,8,1,3,1978.0,1,2.0,564.0,3,3,2,0.0,0.0,0.0,0.0,0.0,0,6.2166061010848646,7,2007,7.632885505395133,2.5,29,29,1,1,1,0,0,0,0,0,0,0,0,0,0,0,0,0,1,0,0,0,0,0,1,0,0,1,0,0,0,1,1,0,0,0,1,0,0,0,0,0,0,0,0,0,0,0,0,0,0,0,0,1,0,0,0,0,0,0,0,0,0,0,0,0,1,0,0,0,0,0,0,0,0,1,0,0,0,0,0,1,0,0,0,0,0,0,0,0,0,0,0,1,0,1,0,0,0,0,1,0,0,0,0,0,0,0,0,0,0,0,0,1,0,0,0,0,0,0,0,0,0,0,0,0,0,0,1,0,0,0,0,0,0,0,0,0,0,1,0,0,0,1,0,0,0,0,0,1,0,0,0,0,0,0,0,0,1,0,1,0,0,0,0,0,0,0,0,0,0,0,0,0,1,0,0,0,0,1,0
4.2626798770413155,9.383116515926606,4,3,8,5,2001,2001,4.6913478822291435,4,3,4,3,3,6,6.898714534329988,1,0.0,5.736572297479192,1299.0,5,1,7.170119543449628,6.352629396319567,0.0,7.5352967024440884,1.0,0.0,2,1,3,1,5,7,8,1,3,2001.0,2,2.0,531.0,3,3,2,5.081404364984463,4.812184355372417,0.0,0.0,0.0,0,0.0,11,2009,8.06211758275474,3.5,8,8,1,1,1,0,0,0,0,0,0,0,0,0,0,1,0,0,0,0,0,0,0,0,1,0,0,1,0,0,0,1,1,0,0,0,0,0,1,0,0,0,0,0,1,0,0,0,0,0,0,0,0,0,0,0,0,0,0,0,0,0,0,0,0,0,1,0,0,0,0,0,0,0,0,1,0,0,0,0,0,1,0,0,0,0,0,0,0,0,0,1,0,0,0,1,0,0,0,0,1,0,0,0,0,0,0,0,0,0,0,0,0,0,0,0,0,0,0,1,0,0,0,0,0,0,0,0,0,0,0,0,0,0,0,1,0,0,0,1,0,0,0,0,1,0,0,0,0,1,0,0,0,0,0,0,0,0,1,0,0,0,1,0,0,0,0,0,0,0,0,0,0,0,1,0,0,0,0,1,0
4.2626798770413155,9.036344063928219,4,3,5,5,2007,2007,0.0,3,3,4,3,1,5,5.332718793265369,1,0.0,6.818924065275521,1120.0,5,1,7.02197642307216,0.0,0.0,7.02197642307216,0.0,0.0,1,0,3,1,3,6,8,0,0,0.0,0,0.0,0.0,0,0,2,0.0,3.4339872044851463,0.0,0.0,0.0,0,0.0,12,2007,7.714677473800927,1.0,0,0,0,1,0,0,0,0,0,0,1,0,0,0,0,0,0,0,0,0,0,0,0,0,1,0,0,1,0,0,0,1,1,0,0,0,0,0,1,0,0,0,0,0,0,0,0,0,0,0,1,0,0,0,0,0,0,0,0,0,0,0,0,0,0,1,0,0,0,0,0,0,0,0,0,1,0,0,0,0,0,1,0,0,0,0,0,0,1,0,0,0,0,0,0,1,0,0,0,0,1,0,0,0,0,0,0,0,0,0,0,0,0,0,0,0,0,0,0,1,0,0,0,0,0,0,0,0,0,0,0,0,0,0,0,1,0,0,0,0,1,0,0,0,1,0,0,0,0,1,0,0,0,0,0,0,0,0,1,0,0,0,0,0,0,1,0,0,0,0,0,0,1,0,0,0,0,0,0,0,1
3.091042453358316,7.307872780763706,4,3,4,6,1972,1972,0.0,3,3,4,3,3,2,5.017279836814924,6,6.175867270105761,0.0,630.0,5,1,6.447305862541213,0.0,0.0,6.447305862541213,1.0,0.0,1,0,1,1,3,3,8,0,0,0.0,0,0.0,0.0,0,0,2,4.574710978503383,3.2188758248682006,0.0,0.0,0.0,0,0.0,5,2010,7.13966033596492,2.0,38,38,0,1,0,0,0,0,1,0,0,0,0,0,0,0,0,0,0,0,0,0,0,0,0,1,0,1,0,0,0,1,1,0,0,0,0,0,1,0,0,0,0,0,0,0,0,0,0,1,0,0,0,0,0,0,0,0,0,0,0,0,0,0,0,0,1,0,0,0,0,0,0,0,0,1,0,0,0,0,0,0,0,0,0,1,0,0,0,0,0,0,1,0,0,1,0,0,0,0,1,0,0,0,0,0,0,0,0,0,0,0,1,0,0,0,0,0,0,0,0,0,0,0,0,0,0,1,0,0,0,0,0,0,0,0,0,0,0,0,1,0,0,1,0,0,0,0,0,1,0,0,0,0,0,0,0,0,1,0,0,0,0,0,0,1,0,0,0,0,0,0,0,0,1,0,0,0,0,1,0
4.394449154672439,9.082620630373812,4,3,6,7,1963,1963,5.056245805348308,3,4,3,3,4,6,6.638567789166521,1,0.0,5.159055299214529,936.0,5,1,6.961296045910167,0.0,0.0,6.961296045910167,1.0,0.0,1,0,3,1,4,6,8,0,0,1963.0,2,2.0,480.0,3,3,2,4.795790545596741,0.0,0.0,0.0,0.0,0,0.0,5,2010,7.596392304064196,2.0,47,47,1,1,0,0,0,0,0,0,0,0,0,0,0,0,0,0,0,1,0,0,0,0,1,0,0,1,0,0,0,1,1,0,0,0,0,0,1,0,0,0,0,0,0,0,0,0,0,0,0,1,0,0,0,0,0,0,0,0,0,0,0,0,0,1,0,0,0,0,0,0,0,0,0,1,0,0,0,0,0,1,0,0,0,0,0,0,0,0,0,0,1,0,0,1,0,0,0,0,1,0,0,0,0,0,0,0,0,0,0,0,0,0,0,1,0,0,0,0,0,0,0,0,0,0,0,0,0,0,1,0,0,0,0,0,0,0,0,1,0,0,0,0,1,0,0,0,0,1,0,0,0,0,0,0,0,0,1,0,1,0,0,0,0,0,0,0,0,0,0,0,0,0,1,1,0,0,0,0,0
4.189654742026425,8.969796305981806,3,3,6,5,2002,2003,0.0,4,3,4,3,1,6,6.126869184114185,1,0.0,5.7899601708972535,783.0,5,1,6.694562058521095,6.555356891810665,0.0,7.31986492980897,1.0,0.0,2,1,3,1,4,7,8,1,4,2002.0,3,2.0,393.0,3,3,2,4.61512051684126,4.330733340286331,0.0,0.0,0.0,0,0.0,6,2006,7.737616282857904,3.5,4,3,1,1,1,0,0,0,0,0,0,0,0,0,0,1,0,0,0,0,0,0,0,0,1,0,0,1,0,0,0,1,1,0,0,0,0,0,1,0,0,0,0,0,0,0,0,1,0,0,0,0,0,0,0,0,0,0,0,0,0,0,0,0,0,0,1,0,0,0,0,0,0,0,0,1,0,0,0,0,0,1,0,0,0,0,0,0,0,0,0,1,0,0,0,1,0,0,0,0,1,0,0,0,0,0,0,0,0,0,0,0,0,0,0,0,0,0,0,1,0,0,0,0,0,0,0,0,0,0,0,0,0,0,0,1,0,0,0,0,1,0,0,0,1,0,0,0,0,1,0,0,0,0,0,0,0,0,1,0,1,0,0,0,0,0,0,0,0,0,0,0,0,0,1,0,0,0,0,1,0
4.0943445622221,8.885717651712119,4,2,6,6,1954,1954,0.0,3,3,3,3,1,1,0.0,1,0.0,6.725033642166843,832.0,4,1,6.725033642166843,0.0,0.0,6.725033642166843,0.0,0.0,1,0,2,1,4,4,8,0,0,1962.0,1,2.0,528.0,3,3,2,0.0,0.0,0.0,0.0,0.0,0,0.0,6,2008,7.417580402414544,1.0,54,54,1,1,0,0,0,0,0,0,0,0,0,1,0,0,0,0,0,0,0,0,0,0,1,0,0,1,0,1,0,0,1,0,1,0,0,0,0,0,0,0,0,0,0,0,0,0,0,0,0,1,0,0,0,0,0,0,0,0,0,0,0,0,1,0,0,0,0,0,0,0,0,0,0,1,0,0,0,0,0,1,0,0,0,0,0,1,0,0,0,0,0,0,0,1,0,0,0,0,1,0,0,0,0,0,0,0,0,0,0,0,0,0,0,1,0,0,0,0,0,0,0,0,0,0,0,0,0,0,1,0,0,0,0,0,0,0,0,0,1,0,0,1,0,0,0,0,0,1,0,0,0,0,0,0,0,0,1,0,0,0,0,0,1,0,0,0,0,0,0,0,0,0,1,0,0,0,0,1,0
4.51085950651685,9.36691667901828,4,3,9,5,2007,2007,6.115892125483034,5,3,5,3,3,6,3.8918202981106265,1,0.0,7.4815557019095165,1822.0,5,1,7.511524648390866,0.0,0.0,7.511524648390866,0.0,0.0,2,0,3,1,4,9,8,1,4,2007.0,1,3.0,774.0,3,3,2,0.0,4.6913478822291435,0.0,0.0,5.564520407322694,0,0.0,7,2007,8.202756381655638,2.0,0,0,1,1,1,0,0,0,0,0,1,0,0,0,0,0,0,0,0,0,0,0,0,0,1,0,0,1,0,0,0,1,1,0,0,0,0,0,1,0,0,0,0,0,0,0,0,0,0,0,0,0,0,0,0,1,0,0,0,0,0,0,0,0,0,0,1,0,0,0,0,0,0,0,0,1,0,0,0,0,0,1,0,0,0,0,0,0,1,0,0,0,0,0,0,0,0,1,0,0,1,0,0,0,0,0,0,0,0,0,0,0,1,0,0,0,0,0,0,0,0,0,0,0,0,0,0,1,0,0,0,0,0,0,0,0,0,0,0,1,0,0,0,0,1,0,0,0,0,1,0,0,0,0,0,0,0,0,1,0,1,0,0,0,0,0,0,0,0,0,0,0,1,0,0,0,0,0,0,0,1
4.454347296253507,9.412872969386267,4,3,8,5,2003,2003,5.424950017481403,4,3,4,3,4,6,6.77078942390898,1,0.0,6.416732282512326,1482.0,5,1,7.301822342137932,6.660575149839686,0.0,7.724446645633537,1.0,0.0,2,1,4,1,4,10,8,2,4,2003.0,3,3.0,749.0,3,3,2,5.1298987149230735,0.0,0.0,0.0,0.0,0,0.0,8,2008,8.22817689595132,3.5,5,5,1,1,1,0,0,0,0,0,0,0,0,0,0,1,0,0,0,0,0,0,0,0,1,0,0,1,0,0,0,1,1,0,0,0,0,0,1,0,0,0,0,0,0,0,0,0,0,0,0,0,0,0,0,0,0,0,0,0,0,0,1,0,0,0,1,0,0,0,0,0,0,0,0,1,0,0,0,0,0,1,0,0,0,0,0,0,0,0,0,1,0,0,0,0,0,1,0,0,1,0,0,0,0,0,0,0,0,0,0,0,0,0,0,0,0,0,0,1,0,0,0,0,0,0,0,0,0,0,0,0,0,0,0,1,0,0,0,0,0,1,0,0,1,0,0,0,0,1,0,0,0,0,0,0,0,0,1,0,1,0,0,0,0,0,0,0,0,0,0,0,0,0,1,0,0,0,0,1,0
3.828641396489095,9.017847259860732,4,3,3,3,1914,1950,0.0,3,3,3,3,1,4,3.7376696182833684,1,0.0,6.714170529909472,864.0,3,0,6.762729506931879,0.0,0.0,6.762729506931879,1.0,0.0,1,0,2,1,3,5,8,0,0,0.0,0,0.0,0.0,0,0,0,0.0,0.0,4.61512051684126,0.0,0.0,0,0.0,9,2008,7.455298485683291,2.0,94,58,0,1,0,0,0,0,0,0,0,1,0,0,0,0,0,0,0,0,0,0,0,0,1,0,0,1,0,0,0,1,1,0,0,0,0,0,1,0,0,0,0,0,0,0,1,0,0,0,0,0,0,0,0,0,0,0,0,0,0,0,0,0,0,0,1,0,0,0,0,0,0,0,0,1,0,0,0,0,0,1,0,0,0,0,0,0,1,0,0,0,0,0,0,1,0,0,0,0,1,0,0,0,0,0,0,0,0,0,0,0,0,0,0,0,0,0,1,0,0,0,0,0,0,0,0,0,0,0,0,0,0,0,1,0,0,0,0,0,1,0,1,0,0,0,0,0,0,1,0,0,0,0,0,1,0,0,0,0,0,0,0,0,0,1,0,0,0,0,0,0,0,0,1,0,0,0,0,1,0
4.51085950651685,9.287394001418473,4,3,6,7,1974,1997,0.0,3,3,3,3,1,5,6.863803391452954,3,5.209486152841421,5.953243334287785,1522.0,3,1,7.3453648404168685,6.9726062513017535,0.0,7.869019376499023,0.0,0.0,2,1,4,1,3,9,8,1,3,1974.0,2,2.0,624.0,3,3,2,3.6635616461296463,5.497168225293202,0.0,0.0,0.0,0,0.0,6,2008,8.327726166461412,2.5,34,11,1,1,1,0,0,0,0,0,0,0,0,0,0,1,0,0,0,0,0,0,0,0,1,0,0,1,0,0,0,1,1,0,0,0,0,0,1,0,0,0,0,0,0,0,0,0,0,0,0,0,0,1,0,0,0,0,0,0,0,0,0,0,0,0,1,0,0,0,0,0,0,0,0,1,0,0,0,0,0,1,0,0,0,0,0,0,0,0,0,1,0,0,0,1,0,0,0,0,1,0,0,0,0,0,0,0,0,0,0,0,0,1,0,0,0,0,0,0,0,0,0,0,0,0,0,0,1,0,0,0,0,0,0,0,0,0,0,0,1,0,0,1,0,0,0,0,0,1,0,0,0,0,0,0,0,0,1,0,1,0,0,0,0,0,0,0,0,0,0,0,0,0,1,0,0,0,0,1,0
4.276666119016055,8.862908295118627,4,3,5,6,1977,1977,5.0369526024136295,3,3,3,3,1,4,6.329720905522696,1,0.0,6.042632833682381,980.0,3,1,6.8885724595653635,0.0,0.0,6.8885724595653635,0.0,0.0,1,0,3,1,3,6,8,0,0,1986.0,1,2.0,484.0,3,3,2,5.262690188904886,0.0,0.0,0.0,0.0,0,0.0,7,2009,7.581209826196346,1.0,32,32,1,1,0,0,0,0,0,0,1,0,0,0,0,0,0,0,0,0,0,0,0,0,1,0,0,1,0,0,0,1,1,0,0,0,0,0,1,0,0,0,0,0,0,0,0,0,0,0,0,0,0,0,0,0,0,0,1,0,0,0,0,0,0,0,1,0,0,0,0,0,0,0,0,1,0,0,0,0,0,1,0,0,0,0,0,0,1,0,0,0,0,0,0,1,0,0,0,0,1,0,0,0,0,0,0,0,0,0,0,0,0,0,0,0,1,0,0,0,0,0,0,0,0,0,0,0,0,0,0,0,1,0,0,0,0,0,0,1,0,0,0,1,0,0,0,0,0,1,0,0,0,0,0,0,0,0,1,0,0,0,0,0,1,0,0,0,0,0,0,0,0,0,1,0,0,0,0,1,0
4.310799125385514,7.658227526161352,4,3,6,5,2000,2000,6.2422232654551655,4,3,4,3,1,6,6.042632833682381,1,0.0,5.820082930352362,756.0,5,1,6.6293632534374485,6.6293632534374485,0.0,7.321849713788356,0.0,0.0,2,1,2,1,4,4,8,1,3,2000.0,1,2.0,440.0,3,3,2,0.0,3.4965075614664802,0.0,0.0,0.0,0,0.0,6,2007,7.727094484779841,2.5,7,7,1,1,1,0,0,1,0,0,0,0,0,0,0,0,0,0,0,0,0,0,1,0,0,0,0,1,0,0,0,1,1,0,0,0,0,0,1,0,0,0,0,0,0,0,0,0,0,0,0,0,0,0,0,0,0,0,0,0,1,0,0,0,0,0,1,0,0,0,0,0,0,0,0,1,0,0,0,0,0,0,0,0,0,1,0,0,0,0,0,1,0,0,0,1,0,0,0,0,1,0,0,0,0,0,0,0,0,0,0,0,0,0,0,1,0,0,0,0,0,0,0,0,0,0,0,0,0,0,1,0,0,0,0,0,0,0,0,1,0,0,0,0,1,0,0,0,0,1,0,0,0,0,0,0,0,0,1,0,0,0,0,0,1,0,0,0,0,0,0,0,0,0,1,0,0,0,0,1,0
4.394449154672439,9.249657234353133,4,3,6,5,1972,1972,5.666426688112432,3,3,3,3,1,3,5.5134287461649825,1,0.0,6.186208623900494,732.0,4,1,6.920671504248683,6.658011045870748,0.0,7.490529402060711,1.0,0.0,1,2,4,1,3,8,6,1,3,1972.0,2,2.0,484.0,3,3,2,5.003946305945459,0.0,0.0,0.0,4.997212273764115,0,0.0,11,2006,7.833203948641057,3.0,34,34,1,1,1,0,0,0,0,0,0,0,0,0,0,1,0,0,0,0,0,0,0,0,1,0,0,1,0,0,0,1,1,0,0,0,0,0,1,0,0,0,0,0,0,0,0,0,0,0,0,0,0,1,0,0,0,0,0,0,0,0,0,0,0,0,1,0,0,0,0,0,0,0,0,1,0,0,0,0,0,1,0,0,0,0,0,0,0,0,0,1,0,0,0,1,0,0,0,0,1,0,0,0,0,0,0,0,0,0,0,0,0,0,0,0,0,0,0,1,0,0,0,0,0,0,0,0,0,0,0,0,0,0,0,1,0,0,0,0,1,0,0,1,0,0,0,0,0,1,0,0,0,0,0,0,0,0,1,0,1,0,0,0,0,0,0,0,0,0,0,0,0,0,1,0,0,0,0,1,0
4.477336814478207,9.210440366976517,3,3,6,6,1962,1962,5.568344503761097,3,3,3,3,1,1,0.0,1,0.0,7.018401799069201,1116.0,3,1,7.018401799069201,0.0,0.0,7.018401799069201,0.0,0.0,1,1,3,1,3,5,8,0,0,1962.0,1,2.0,440.0,3,3,2,0.0,0.0,0.0,0.0,5.955837369464831,0,0.0,2,2010,7.711101251840158,1.5,48,48,1,1,0,0,0,0,0,0,1,0,0,0,0,0,0,0,0,0,0,0,0,0,1,0,0,1,0,0,0,1,1,0,1,0,0,0,0,0,0,0,0,0,0,0,0,0,0,0,0,1,0,0,0,0,0,0,0,0,0,0,0,0,0,0,1,0,0,0,0,0,0,0,0,1,0,0,0,0,0,1,0,0,0,0,0,0,1,0,0,0,0,0,0,0,0,1,0,0,1,0,0,0,0,0,0,0,0,0,0,0,0,0,0,0,0,0,0,0,1,0,0,0,0,0,0,0,0,0,0,0,0,0,0,0,1,0,0,1,0,0,0,1,0,0,0,0,0,1,0,0,0,0,0,0,0,0,1,0,1,0,0,0,0,0,0,0,0,0,0,0,0,0,1,0,0,0,0,1,0
4.30406509320417,9.42084437974393,3,3,5,5,1960,1978,0.0,3,3,3,3,1,1,0.0,1,0.0,6.88653164253051,978.0,3,1,7.260522598089852,0.0,0.0,7.260522598089852,0.0,0.0,1,0,3,1,3,6,7,1,3,1960.0,2,1.0,286.0,3,3,2,0.0,0.0,3.6109179126442243,0.0,0.0,0,6.398594934535208,8,2007,7.783640596221253,1.0,47,29,1,1,1,0,0,0,0,0,1,0,0,0,0,0,0,0,0,0,0,0,0,0,1,0,0,1,0,0,0,1,1,0,0,0,0,0,1,0,0,0,0,0,0,0,0,0,0,0,0,1,0,0,0,0,0,0,0,0,0,0,0,0,0,0,1,0,0,0,0,0,0,0,0,1,0,0,0,0,0,1,0,0,0,0,0,0,1,0,0,0,0,0,0,0,0,1,0,0,1,0,0,0,0,0,0,0,0,0,0,0,0,0,0,0,0,0,0,0,1,0,0,0,0,0,0,0,0,0,0,0,0,0,0,0,1,0,0,0,1,0,0,1,0,0,0,0,0,1,0,0,0,0,0,0,0,0,1,0,1,0,0,0,0,0,0,0,0,0,0,0,0,0,1,0,0,0,0,1,0
4.394449154672439,9.169622538697624,4,3,6,6,1955,1972,5.10594547390058,3,3,3,3,3,4,6.51471269087253,2,4.890349128221754,5.860786223465865,1156.0,5,1,7.327123292259293,0.0,0.0,7.327123292259293,1.0,0.0,1,0,3,1,3,7,8,2,4,1955.0,2,1.0,364.0,3,3,2,0.0,0.0,5.247024072160486,0.0,0.0,0,0.0,3,2010,7.892452043520352,2.0,55,38,1,1,1,0,0,0,0,0,0,0,0,0,0,0,0,0,1,0,0,0,0,0,1,0,0,1,0,0,0,1,1,0,0,0,0,0,1,0,0,0,0,0,0,0,0,0,0,0,0,1,0,0,0,0,0,0,0,0,0,0,0,0,0,0,1,0,0,0,0,0,0,0,0,1,0,0,0,0,0,1,0,0,0,0,0,0,0,0,0,0,0,1,0,1,0,0,0,0,1,0,0,0,0,0,0,1,0,0,0,0,0,0,0,0,0,0,0,0,0,0,1,0,0,0,0,0,0,0,0,0,0,0,0,0,0,0,0,1,0,0,0,1,0,0,0,0,0,1,0,0,0,0,0,0,0,0,1,0,0,1,0,0,0,0,0,0,0,0,0,0,0,0,1,0,0,0,0,1,0
4.2626798770413155,9.359363643368622,3,1,5,5,1969,1969,5.262690188904886,3,3,4,3,3,3,6.478509642208569,1,0.0,5.968707559985366,1040.0,3,1,6.947937068614969,6.947937068614969,0.0,7.640603826393634,0.0,1.0,1,2,5,1,2,9,8,2,3,1969.0,1,2.0,504.0,3,3,2,5.817111159963204,0.0,0.0,0.0,0.0,0,0.0,9,2007,8.045908742270779,2.5,38,38,1,1,1,0,0,0,0,0,0,0,0,0,0,1,0,0,0,0,0,0,0,0,1,0,0,1,0,1,0,0,1,0,0,0,0,0,1,0,0,0,0,0,0,0,0,0,0,0,0,1,0,0,0,0,0,0,0,0,0,0,0,0,0,0,1,0,0,0,0,0,0,0,0,1,0,0,0,0,0,1,0,0,0,0,0,0,0,0,0,1,0,0,0,1,0,0,0,0,1,0,0,0,0,0,0,0,0,0,0,0,0,0,0,0,1,0,0,0,0,0,0,0,0,0,0,0,0,0,0,0,1,0,0,0,0,0,0,1,0,0,0,0,1,0,0,0,0,1,0,0,0,0,0,0,0,0,1,0,1,0,0,0,0,0,0,0,0,0,0,0,0,0,1,0,0,0,1,0,0
4.418840607796598,9.107310471656639,4,3,6,5,1964,1964,5.560681631015528,3,3,3,3,4,6,6.437751649736401,3,5.820082930352362,5.666426688112432,1248.0,3,1,7.208600337960199,0.0,0.0,7.208600337960199,1.0,0.0,1,1,3,1,3,6,8,0,0,1964.0,2,2.0,520.0,3,3,2,5.176149732573829,0.0,0.0,0.0,0.0,0,0.0,6,2008,7.8628820346414905,2.5,44,44,1,1,0,0,0,0,0,0,0,0,0,0,0,0,0,0,1,0,0,0,0,0,1,0,0,1,0,0,0,1,1,0,1,0,0,0,0,0,0,0,0,0,0,0,0,0,0,0,0,1,0,0,0,0,0,0,0,0,0,0,0,0,0,1,0,0,0,0,0,0,0,0,0,1,0,0,0,0,0,1,0,0,0,0,0,0,0,0,0,0,0,1,0,1,0,0,0,0,0,0,0,0,0,0,1,0,0,0,0,0,0,0,0,0,1,0,0,0,0,0,0,0,0,0,0,0,0,0,0,0,0,0,0,0,1,0,0,1,0,0,0,1,0,0,0,0,0,1,0,0,0,0,0,0,0,0,1,0,1,0,0,0,0,0,0,0,0,0,0,0,0,0,1,0,0,0,0,1,0
3.9318256327243257,9.105090961257085,4,3,5,6,1880,1991,0.0,3,3,2,2,1,1,0.0,1,0.0,6.456769655572163,636.0,3,1,6.993932975223189,6.495265555937008,0.0,7.467942332285852,0.0,0.0,1,0,3,1,5,8,8,0,0,1937.0,1,1.0,240.0,2,1,0,0.0,0.0,5.683579767338681,0.0,0.0,0,0.0,6,2006,7.77779262633883,1.0,126,15,1,1,0,0,0,0,0,0,0,0,0,0,0,0,1,0,0,0,0,0,0,0,0,1,0,1,0,0,0,1,1,0,1,0,0,0,0,0,0,0,0,0,0,0,0,0,0,0,0,0,0,0,0,0,1,0,0,0,0,0,0,0,1,0,0,0,0,0,0,0,0,0,0,1,0,0,0,0,0,1,0,0,0,0,0,0,0,0,0,1,0,0,0,1,0,0,0,0,1,0,0,0,0,0,0,0,0,0,0,0,0,0,0,0,0,0,0,1,0,0,0,0,0,0,0,0,0,0,0,0,0,0,0,1,0,0,0,0,1,0,1,0,0,0,0,0,0,1,0,0,0,0,1,0,0,0,0,0,0,0,0,0,1,0,0,0,0,0,0,0,0,0,1,1,0,0,0,0,0
3.5553480614894135,8.431853144249223,4,3,8,5,2006,2006,4.6913478822291435,4,3,4,4,2,6,3.2188758248682006,1,0.0,7.333676395657684,1554.0,5,1,7.349230824613334,0.0,0.0,7.349230824613334,0.0,0.0,2,0,2,1,4,6,8,1,4,2006.0,2,2.0,627.0,3,3,2,5.056245805348308,4.30406509320417,0.0,0.0,0.0,0,0.0,8,2007,8.042056410058754,2.0,1,1,1,1,1,1,0,0,0,0,0,0,0,0,0,0,0,0,0,0,0,0,0,0,1,0,0,1,0,0,0,1,1,0,0,0,0,0,1,0,0,0,0,0,0,0,0,0,0,0,0,0,0,0,0,1,0,0,0,0,0,0,0,0,0,0,1,0,0,0,0,0,0,0,0,1,0,0,0,0,0,0,0,0,1,0,0,0,1,0,0,0,0,0,0,1,0,0,0,0,1,0,0,0,0,0,0,0,0,0,0,0,0,0,0,0,0,0,0,1,0,0,0,0,0,0,0,0,0,0,0,0,0,0,0,1,0,0,0,0,0,1,0,0,1,0,0,0,0,1,0,0,0,0,0,0,0,0,1,0,1,0,0,0,0,0,0,0,0,0,0,0,0,0,1,0,0,0,0,1,0
4.454347296253507,9.38437770918244,4,3,7,5,1977,1977,5.3471075307174685,3,4,3,3,1,5,6.71295620067707,1,0.0,6.336825731146441,1386.0,3,1,7.252762418053187,0.0,0.0,7.252762418053187,0.0,0.0,2,0,3,1,3,6,8,1,3,1977.0,3,2.0,544.0,3,3,2,5.262690188904886,0.0,0.0,0.0,0.0,0,0.0,4,2009,7.936660155225426,2.0,32,32,1,1,1,0,0,0,0,0,1,0,0,0,0,0,0,0,0,0,0,0,0,0,1,0,0,1,0,0,0,1,1,0,0,0,0,0,1,0,0,0,0,0,0,0,0,0,0,0,0,0,0,1,0,0,0,0,0,0,0,0,0,0,0,0,1,0,0,0,0,0,0,0,0,1,0,0,0,0,0,1,0,0,0,0,0,0,1,0,0,0,0,0,0,0,0,1,0,0,1,0,0,0,0,0,0,0,0,0,0,0,0,0,0,0,1,0,0,0,0,0,0,0,0,0,0,0,0,0,0,0,1,0,0,0,0,0,0,1,0,0,0,1,0,0,0,0,0,1,0,0,0,0,0,0,0,0,1,0,1,0,0,0,0,0,0,0,0,0,0,0,0,0,1,0,0,0,1,0,0
4.394449154672439,9.132486932771318,4,3,5,7,1954,2005,0.0,3,3,3,3,1,4,6.175867270105761,2,6.150602768446279,4.6913478822291435,1056.0,3,1,6.963189985870238,0.0,0.0,6.963189985870238,0.0,1.0,1,0,3,1,3,6,8,0,0,1954.0,1,1.0,260.0,3,3,2,5.968707559985366,0.0,0.0,0.0,0.0,0,0.0,7,2007,7.655864017616056,1.5,53,2,1,1,0,0,0,0,0,0,1,0,0,0,0,0,0,0,0,0,0,0,0,0,1,0,0,1,0,0,0,1,1,0,1,0,0,0,0,0,0,0,0,0,0,0,0,0,0,0,0,1,0,0,0,0,0,0,0,0,0,0,0,0,0,0,1,0,0,0,0,0,0,0,0,1,0,0,0,0,0,1,0,0,0,0,0,0,1,0,0,0,0,0,0,1,0,0,0,0,1,0,0,0,0,0,0,0,0,0,0,0,0,0,0,0,0,0,0,0,1,0,0,0,0,0,0,0,0,0,0,0,0,0,0,0,1,0,0,0,1,0,0,1,0,0,0,0,0,1,0,0,0,0,0,0,0,0,1,0,1,0,0,0,0,0,0,0,0,0,0,0,0,0,1,0,0,0,0,1,0
4.174387269895637,8.850804195756417,4,3,6,5,1980,1980,0.0,3,3,3,3,1,6,6.963189985870238,1,0.0,0.0,1056.0,4,1,6.963189985870238,0.0,0.0,6.963189985870238,2.0,0.0,0,0,0,2,3,4,8,0,0,1980.0,1,2.0,576.0,3,3,2,5.579729825986222,4.04305126783455,0.0,0.0,0.0,0,6.398594934535208,6,2010,7.655864017616056,2.0,30,30,1,1,0,0,0,0,0,0,0,0,0,0,0,0,0,0,0,0,1,0,0,0,1,0,0,1,0,0,0,1,1,0,0,0,0,0,1,0,0,0,0,0,0,0,0,0,0,0,0,0,0,0,0,0,1,0,0,0,0,0,0,0,0,0,1,0,0,0,0,0,0,0,0,1,0,0,0,0,0,0,0,1,0,0,0,0,0,0,0,0,1,0,0,1,0,0,0,0,1,0,0,0,0,0,0,0,0,0,0,0,0,0,0,0,1,0,0,0,0,0,0,0,0,0,0,0,0,0,0,0,1,0,0,0,0,0,0,0,1,0,0,1,0,0,0,0,0,1,0,0,0,0,0,0,0,0,1,0,0,0,0,0,1,0,0,0,0,0,0,0,0,0,1,0,0,0,0,1,0
4.110873864173311,9.296242800976886,4,3,6,7,1914,1995,0.0,2,3,3,2,1,2,5.54907608489522,1,0.0,7.077498053569231,1440.0,5,1,7.273092595999522,7.273092595999522,6.246106765481563,8.130353547431238,0.0,0.0,2,0,8,2,2,14,8,0,0,0.0,0,0.0,0.0,0,0,0,0.0,4.709530201312334,0.0,0.0,0.0,0,0.0,3,2007,8.371242135931933,2.0,93,12,0,1,0,0,0,0,0,1,0,0,0,0,0,0,0,0,0,0,0,0,0,1,0,0,0,1,1,0,0,0,1,0,0,0,0,0,1,0,0,0,0,0,0,0,0,0,0,0,0,0,0,0,0,0,0,1,0,0,0,0,0,0,0,1,0,0,0,0,0,0,0,0,0,1,0,0,0,0,0,0,1,0,0,0,0,0,0,1,0,0,0,0,0,0,0,1,0,0,1,0,0,0,0,0,0,0,0,0,0,0,0,0,0,0,0,0,0,1,0,0,0,0,0,0,0,0,0,0,0,0,0,0,0,1,0,0,0,0,1,0,0,1,0,0,0,0,0,1,0,0,0,0,1,0,0,0,0,0,0,0,0,0,0,1,0,0,0,0,0,0,0,0,1,1,0,0,0,0,0
3.9512437185814275,8.71948076085107,4,3,2,3,1936,1950,0.0,2,2,3,2,1,1,0.0,1,0.0,5.579729825986222,264.0,2,0,6.68586094706836,0.0,0.0,6.68586094706836,0.0,0.0,1,0,1,1,2,4,4,1,1,0.0,0,0.0,0.0,0,0,0,0.0,0.0,0.0,0.0,0.0,0,0.0,1,2009,6.970730078143525,1.0,73,59,0,1,1,0,0,0,0,0,0,1,0,0,0,0,0,0,0,0,0,0,0,0,0,1,0,1,0,0,0,1,1,0,0,0,0,0,1,0,0,0,1,0,0,0,0,0,0,0,0,0,0,0,0,0,0,0,0,0,0,0,0,0,0,0,1,0,0,0,0,0,0,0,0,1,0,0,0,0,0,1,0,0,0,0,0,0,1,0,0,0,0,0,0,1,0,0,0,0,1,0,0,0,0,0,0,1,0,0,0,0,0,0,0,0,0,0,0,0,0,0,1,0,0,0,0,0,0,0,0,0,0,0,0,0,0,0,0,0,1,0,1,0,0,0,0,0,0,0,0,1,0,0,1,0,0,0,0,0,0,0,0,0,0,1,0,0,0,0,0,1,0,0,0,0,0,0,0,1,0
3.9318256327243257,8.699681400989514,4,3,5,4,1954,1954,0.0,3,3,3,3,1,1,0.0,1,0.0,6.699500340161678,811.0,3,1,6.699500340161678,6.3578422665081,0.0,7.23561914106675,0.0,0.0,2,0,3,2,4,7,8,0,0,1954.0,1,1.0,256.0,3,3,2,0.0,0.0,0.0,0.0,0.0,0,0.0,11,2009,7.695757990554761,2.0,55,55,1,1,0,0,0,0,0,1,0,0,0,0,0,0,0,0,0,0,0,0,0,0,0,1,0,1,0,0,0,1,1,0,0,0,0,0,1,0,0,0,0,0,0,0,0,0,0,0,0,0,0,0,0,0,1,0,0,0,0,0,0,0,0,0,1,0,0,0,0,0,0,0,0,1,0,0,0,0,0,0,1,0,0,0,1,0,0,0,0,0,0,0,0,1,0,0,0,0,1,0,0,0,0,0,0,0,0,0,0,0,0,0,0,0,0,0,0,0,1,0,0,0,0,0,0,0,0,0,0,0,0,0,0,0,1,0,0,0,1,0,0,1,0,0,0,0,0,1,0,0,0,0,1,0,0,0,0,0,0,0,1,0,0,0,0,0,0,0,0,0,0,0,1,0,0,0,0,1,0
4.219507705176107,9.080003870248179,4,3,5,7,1910,1950,0.0,3,3,2,3,1,1,0.0,1,0.0,6.680854678790215,796.0,4,1,6.680854678790215,0.0,0.0,6.680854678790215,0.0,0.0,1,0,2,1,3,4,8,0,0,0.0,0,0.0,0.0,0,0,1,5.796057750765372,0.0,5.10594547390058,0.0,0.0,0,0.0,5,2008,7.373374309910049,1.0,98,58,0,1,0,0,0,0,0,0,0,1,0,0,0,0,0,0,0,0,0,0,0,0,1,0,0,1,0,0,0,1,1,0,0,0,0,0,1,0,0,0,0,0,0,0,1,0,0,0,0,0,0,0,0,0,0,0,0,0,0,0,0,0,0,1,0,0,0,0,0,0,0,0,0,1,0,0,0,0,0,1,0,0,0,0,0,0,1,0,0,0,0,0,0,1,0,0,0,0,1,0,0,0,0,0,0,0,0,0,0,0,0,0,0,1,0,0,0,0,0,0,0,0,0,0,0,0,0,0,0,0,0,0,0,0,1,0,0,0,1,0,0,1,0,0,0,0,0,1,0,0,0,0,1,0,0,0,0,0,0,0,0,0,0,1,0,0,0,0,0,0,0,0,1,0,0,0,0,1,0
3.9889840465642745,8.289790583181643,4,3,8,5,2006,2006,0.0,4,3,4,4,3,6,7.051855622955894,1,0.0,5.905361848054571,1520.0,5,1,7.357556200910353,0.0,0.0,7.357556200910353,1.0,0.0,2,0,1,1,5,7,8,1,4,2006.0,3,3.0,648.0,3,3,2,5.746203190540153,0.0,0.0,0.0,0.0,0,0.0,10,2006,8.035278911144667,3.0,0,0,1,1,1,1,0,0,0,0,0,0,0,0,0,0,0,0,0,0,0,0,0,0,1,0,0,1,0,0,0,1,1,0,0,0,0,0,1,1,0,0,0,0,0,0,0,0,0,0,0,0,0,0,0,0,0,0,0,0,0,0,0,0,0,0,1,0,0,0,0,0,0,0,0,1,0,0,0,0,0,0,0,0,0,1,0,0,1,0,0,0,0,0,0,0,0,1,0,0,1,0,0,0,0,0,0,0,0,0,0,0,0,0,0,0,0,0,0,1,0,0,0,0,0,0,0,0,0,0,0,0,0,0,0,1,0,0,0,0,1,0,0,0,1,0,0,0,0,1,0,0,0,0,0,0,0,0,1,0,1,0,0,0,0,0,0,0,0,0,0,0,1,0,0,0,0,0,0,0,1
4.143134726391533,9.447623486844112,3,3,8,5,2003,2004,6.159095388491933,5,3,5,3,4,6,7.105786129481271,1,0.0,5.707110264748875,1518.0,5,1,7.325807502595773,0.0,0.0,7.325807502595773,0.0,0.0,1,1,1,1,5,6,8,1,4,2003.0,2,2.0,588.0,3,3,2,5.225746673713202,4.948759890378168,0.0,0.0,0.0,0,0.0,4,2008,8.01862546504575,1.5,5,4,1,1,1,1,0,0,0,0,0,0,0,0,0,0,0,0,0,0,0,0,0,0,1,0,0,1,0,0,0,1,1,0,0,0,0,0,1,0,0,0,0,0,0,0,0,0,0,0,0,0,0,0,0,1,0,0,0,0,0,0,0,0,0,0,1,0,0,0,0,0,0,0,0,1,0,0,0,0,0,0,0,0,0,1,0,0,1,0,0,0,0,0,0,0,0,1,0,0,1,0,0,0,0,0,0,0,0,0,0,0,0,0,0,1,0,0,0,0,0,0,0,0,0,0,0,0,0,0,1,0,0,0,0,0,0,0,0,1,0,0,0,0,1,0,0,0,0,1,0,0,0,0,0,0,0,0,1,0,1,0,0,0,0,0,0,0,0,0,0,0,0,0,1,0,0,0,0,1,0
4.310799125385514,8.860924729719041,4,3,7,5,2001,2001,0.0,4,3,4,3,1,6,6.6052979209482015,1,0.0,5.768320995793772,1057.0,5,1,6.964135612418245,6.771935555839602,0.0,7.5652752818989315,1.0,0.0,2,1,3,1,4,7,8,1,3,2001.0,3,2.0,650.0,3,3,2,0.0,5.4638318050256105,0.0,0.0,0.0,0,0.0,5,2007,8.00202481821611,3.5,6,6,1,1,1,0,0,0,0,0,0,0,0,0,0,1,0,0,0,0,0,0,1,0,0,0,0,1,0,0,0,1,1,0,0,0,0,0,1,0,0,0,0,0,0,0,0,0,0,0,0,0,0,0,0,0,0,0,0,0,1,0,0,0,0,0,1,0,0,0,0,0,0,0,0,1,0,0,0,0,0,1,0,0,0,0,0,0,0,0,0,1,0,0,0,1,0,0,0,0,1,0,0,0,0,0,0,0,0,0,0,0,0,0,0,0,0,0,0,1,0,0,0,0,0,0,0,0,0,0,0,0,0,0,0,1,0,0,0,0,1,0,0,0,1,0,0,0,0,1,0,0,0,0,0,0,0,0,1,0,1,0,0,0,0,0,0,0,0,0,0,0,0,0,1,0,0,0,0,1,0
4.330733340286331,9.536834420213353,4,3,8,7,1972,1995,0.0,4,3,4,3,4,6,7.252053951852814,1,0.0,6.297109319933935,1952.0,4,1,7.601402334583733,6.558197802812269,0.0,7.902857191280582,1.0,0.0,2,1,4,1,5,9,8,3,3,1972.0,3,2.0,538.0,3,3,2,5.598421958998375,4.718498871295094,0.0,0.0,0.0,0,0.0,7,2009,8.446126742982377,3.5,37,14,1,1,1,0,0,0,0,0,0,0,0,0,0,0,0,0,1,0,0,0,0,0,1,0,0,1,0,0,0,1,1,0,0,0,0,0,1,0,0,0,0,0,0,0,0,0,0,0,0,1,0,0,0,0,0,0,0,0,0,0,0,0,0,0,1,0,0,0,0,0,0,0,0,1,0,0,0,0,0,1,0,0,0,0,0,0,0,0,0,0,0,1,0,1,0,0,0,0,1,0,0,0,0,0,0,0,0,0,0,0,0,0,0,0,1,0,0,0,0,0,0,0,0,0,0,0,0,0,0,0,0,0,0,0,1,0,0,0,1,0,0,1,0,0,0,0,0,1,0,0,0,0,0,0,0,0,1,0,1,0,0,0,0,0,0,0,0,0,0,0,0,0,1,0,0,0,0,1,0
4.394449154672439,9.286745703178589,4,3,5,5,1969,1969,5.575949103146316,3,3,3,3,1,3,6.202535517187923,4,5.662960480135946,0.0,780.0,5,1,6.660575149839686,6.734591659972948,0.0,7.390798521735676,0.0,0.0,2,1,4,1,3,7,7,0,0,1969.0,3,2.0,462.0,3,3,2,5.342334251964811,0.0,0.0,0.0,0.0,0,0.0,4,2007,7.783640596221253,2.5,38,38,1,1,0,0,0,0,0,0,0,0,0,0,0,1,0,0,0,0,0,0,0,0,1,0,0,1,0,0,0,1,1,0,0,0,0,0,1,0,0,0,0,0,0,0,0,0,0,0,0,0,0,1,0,0,0,0,0,0,0,0,0,0,0,0,0,0,0,0,1,0,0,0,0,1,0,0,0,0,0,1,0,0,0,0,0,0,0,0,0,1,0,0,0,0,0,0,1,0,1,0,0,0,0,0,0,0,0,0,0,0,0,0,0,0,0,0,0,0,0,1,0,0,0,0,0,0,1,0,0,0,0,0,0,0,0,0,0,1,0,0,0,1,0,0,0,0,0,1,0,0,0,0,0,0,0,0,1,0,1,0,0,0,0,0,0,0,0,0,0,0,0,0,1,0,0,0,0,1,0
4.454347296253507,9.125653563808989,4,3,9,5,2009,2009,5.093750200806762,5,3,5,3,2,6,7.022868086082641,1,0.0,6.470799503782602,1766.0,5,1,7.4770384723196965,0.0,0.0,7.4770384723196965,1.0,0.0,2,1,2,1,5,7,8,1,4,2009.0,3,3.0,478.0,3,3,2,5.278114659230517,4.875197323201151,0.0,0.0,0.0,0,0.0,10,2009,8.169902647359145,3.5,0,0,1,1,1,0,0,0,0,0,1,0,0,0,0,0,0,0,0,0,0,0,1,0,0,0,0,1,0,0,0,1,1,0,0,0,0,0,1,0,0,0,0,0,0,0,0,0,0,0,0,0,0,0,0,0,0,0,0,0,1,0,0,0,0,0,1,0,0,0,0,0,0,0,0,1,0,0,0,0,0,1,0,0,0,0,0,0,1,0,0,0,0,0,0,1,0,0,0,0,1,0,0,0,0,0,0,0,0,0,0,0,1,0,0,0,0,0,0,0,0,0,0,0,0,0,0,1,0,0,0,0,0,0,0,0,0,0,0,0,0,1,0,0,1,0,0,0,0,1,0,0,0,0,0,0,0,0,1,0,1,0,0,0,0,0,0,0,0,0,0,0,1,0,0,0,0,0,0,0,1
4.30406509320417,9.262078567380597,3,3,6,5,1971,1971,0.0,3,3,3,3,1,5,5.645446897643238,2,3.58351893845611,6.499787040655854,981.0,3,1,6.889591308354466,0.0,0.0,6.889591308354466,1.0,0.0,1,1,3,1,3,5,8,0,0,1979.0,1,2.0,576.0,3,3,2,0.0,5.746203190540153,3.713572066704308,0.0,0.0,0,0.0,3,2007,7.5822291942764615,2.5,36,36,1,1,0,0,0,0,0,0,1,0,0,0,0,0,0,0,0,0,0,0,0,0,1,0,0,1,0,0,0,1,1,0,1,0,0,0,0,0,0,0,0,0,0,0,0,0,0,0,0,1,0,0,0,0,0,0,0,0,0,0,0,0,0,0,1,0,0,0,0,0,0,0,0,1,0,0,0,0,0,1,0,0,0,0,0,0,1,0,0,0,0,0,0,0,0,1,0,0,1,0,0,0,0,0,0,0,0,0,0,0,0,0,0,0,1,0,0,0,0,0,0,0,0,0,0,0,0,0,0,0,1,0,0,0,0,0,0,0,1,0,0,1,0,0,0,0,0,1,0,0,0,0,0,0,0,0,1,0,0,0,0,0,1,0,0,0,0,0,0,0,0,0,1,0,0,0,0,1,0
4.110873864173311,8.881975184248867,4,3,5,5,1950,1950,0.0,3,3,0,0,0,0,0.0,0,0.0,0.0,0.0,4,1,6.955592608396297,0.0,0.0,6.955592608396297,0.0,0.0,1,0,3,1,3,7,7,0,0,1950.0,1,2.0,420.0,3,3,2,0.0,3.332204510175204,0.0,0.0,0.0,0,0.0,7,2008,6.955592608396297,1.0,58,58,1,0,0,0,0,0,0,0,1,0,0,0,0,0,0,0,0,0,0,0,0,0,1,0,0,1,0,0,0,1,1,0,0,0,0,0,1,0,0,0,0,0,0,0,0,0,0,0,0,1,0,0,0,0,0,0,0,0,0,0,0,0,0,0,1,0,0,0,0,0,0,0,0,1,0,0,0,0,0,1,0,0,0,0,0,0,1,0,0,0,0,0,0,0,0,1,0,0,1,0,0,0,0,0,0,0,0,0,0,0,0,0,0,1,0,0,0,0,0,0,0,0,0,0,0,0,0,0,1,0,0,0,0,0,0,0,0,0,1,0,0,1,0,0,0,0,0,1,0,0,0,0,0,0,0,0,1,0,0,0,0,0,1,0,0,0,0,0,0,0,0,0,1,0,0,0,0,1,0
4.454347296253507,9.254644297532707,3,3,6,5,1953,1953,5.37989735354046,3,3,3,3,2,3,6.2166061010848646,1,0.0,6.38856140554563,1094.0,5,1,6.9985096422506015,0.0,0.0,6.9985096422506015,0.0,0.0,1,0,3,1,3,5,8,2,4,1953.0,2,2.0,495.0,3,3,2,0.0,0.0,0.0,0.0,5.662960480135946,0,0.0,6,2008,7.691200097522863,1.0,55,55,1,1,1,0,0,0,0,0,1,0,0,0,0,0,0,0,0,0,0,0,0,0,1,0,0,1,0,0,0,1,1,0,0,0,0,0,1,0,0,0,0,0,0,0,1,0,0,0,0,0,0,0,0,0,0,0,0,0,0,0,0,0,0,0,1,0,0,0,0,0,0,0,0,1,0,0,0,0,0,1,0,0,0,0,0,0,1,0,0,0,0,0,0,0,0,1,0,0,1,0,0,0,0,0,0,0,0,0,0,0,0,0,0,0,0,0,0,0,1,0,0,0,0,0,0,0,0,0,0,0,0,0,0,0,1,0,0,0,0,1,0,1,0,0,0,0,0,1,0,0,0,0,0,0,0,0,1,0,1,0,0,0,0,0,0,0,0,0,0,0,0,0,1,0,0,0,0,1,0
4.2626798770413155,8.94910546953925,4,3,6,5,1966,1966,5.863631175598097,3,3,3,3,1,1,0.0,1,0.0,6.6293632534374485,756.0,3,1,6.9584483932976555,6.670766320845874,0.0,7.517520850603031,0.0,0.0,1,1,4,1,3,7,8,1,3,1966.0,1,2.0,442.0,3,3,2,0.0,4.8283137373023015,5.37989735354046,0.0,0.0,0,0.0,6,2010,7.86172707782398,1.5,44,44,1,1,1,0,0,0,0,0,0,0,0,0,0,1,0,0,0,0,0,0,0,0,1,0,0,1,0,0,0,1,1,0,0,0,0,0,1,0,0,0,0,0,0,0,0,0,0,0,0,1,0,0,0,0,0,0,0,0,0,0,0,0,0,0,0,0,1,0,0,0,0,0,0,1,0,0,0,0,0,1,0,0,0,0,0,0,0,0,0,1,0,0,0,1,0,0,0,0,1,0,0,0,0,0,0,0,0,0,0,0,0,0,0,1,0,0,0,0,0,0,0,0,0,0,0,0,0,0,1,0,0,0,0,0,0,0,0,1,0,0,0,1,0,0,0,0,0,1,0,0,0,0,0,0,0,0,1,0,1,0,0,0,0,0,0,0,0,0,0,0,0,0,1,0,0,0,0,1,0
3.091042453358316,7.5688956634069955,4,3,4,6,1970,1970,0.0,3,3,4,3,3,4,4.882801922586371,6,6.214608098422191,0.0,630.0,4,1,6.447305862541213,0.0,0.0,6.447305862541213,1.0,0.0,1,0,1,1,3,3,8,0,0,0.0,0,0.0,0.0,0,0,2,0.0,0.0,0.0,0.0,0.0,0,0.0,12,2007,7.13966033596492,2.0,37,37,0,1,0,0,0,0,1,0,0,0,0,0,0,0,0,0,0,0,0,0,0,0,0,1,0,1,0,0,0,1,1,0,0,0,0,0,1,0,0,0,0,0,0,0,0,0,0,1,0,0,0,0,0,0,0,0,0,0,0,0,0,0,0,0,1,0,0,0,0,0,0,0,0,1,0,0,0,0,0,0,0,0,1,0,0,0,0,0,0,0,1,0,0,1,0,0,0,0,1,0,0,0,0,0,0,0,0,0,0,0,1,0,0,0,0,0,0,0,0,0,0,0,0,0,0,1,0,0,0,0,0,0,0,0,0,0,0,0,1,0,0,1,0,0,0,0,0,1,0,0,0,0,0,0,0,0,1,0,0,0,0,0,0,1,0,0,0,0,0,0,0,0,1,0,0,0,0,1,0
4.189654742026425,9.002824076547672,4,3,7,6,2007,2007,0.0,4,3,4,3,1,1,0.0,1,0.0,6.70196036600254,813.0,5,1,6.71295620067707,6.738152494595957,0.0,7.418180822726788,0.0,0.0,2,1,3,1,4,7,8,0,0,2007.0,2,2.0,562.0,3,3,2,0.0,0.0,0.0,0.0,0.0,0,0.0,5,2008,7.8156105320351905,2.5,1,1,1,1,0,0,0,0,0,0,0,0,0,0,0,1,0,0,0,0,0,0,1,0,0,0,0,1,0,0,0,1,1,0,0,0,0,0,1,0,0,0,0,0,0,0,0,0,0,0,0,0,0,0,0,0,0,0,0,0,1,0,0,0,0,0,1,0,0,0,0,0,0,0,0,1,0,0,0,0,0,1,0,0,0,0,0,0,0,0,0,1,0,0,0,1,0,0,0,0,1,0,0,0,0,0,0,0,0,0,0,0,1,0,0,0,0,0,0,0,0,0,0,0,0,0,0,1,0,0,0,0,0,0,0,0,0,0,0,0,1,0,0,0,1,0,0,0,0,1,0,0,0,0,0,0,0,0,1,0,1,0,0,0,0,0,0,0,0,0,0,0,0,0,1,0,0,0,0,1,0
4.110873864173311,9.114379980830272,4,3,4,5,1940,1950,0.0,3,3,3,3,2,1,0.0,1,0.0,6.628041376179533,755.0,3,1,6.628041376179533,6.628041376179533,0.0,7.32052696227274,1.0,0.0,1,0,4,1,3,7,8,1,4,1940.0,1,1.0,296.0,2,1,1,4.795790545596741,0.0,0.0,0.0,0.0,0,0.0,10,2009,7.725771441587952,2.0,69,59,1,1,1,0,0,0,0,0,0,0,0,0,0,0,1,0,0,0,0,0,0,0,1,0,0,1,0,0,0,1,1,0,0,0,0,0,1,0,0,0,0,0,0,0,1,0,0,0,0,0,0,0,0,0,0,0,0,0,0,0,0,0,1,0,0,0,0,0,0,0,0,0,0,1,0,0,0,0,0,1,0,0,0,0,0,0,0,0,0,1,0,0,0,1,0,0,0,0,1,0,0,0,0,0,0,0,0,0,0,0,0,0,0,1,0,0,0,0,0,0,0,0,0,0,0,0,0,0,1,0,0,0,0,0,0,0,0,0,1,0,0,1,0,0,0,0,0,1,0,0,0,0,0,0,0,0,1,0,0,0,0,0,1,0,0,0,0,0,0,0,0,0,1,0,0,0,0,1,0
4.2626798770413155,9.076923258535832,4,3,7,5,1996,1996,0.0,4,3,4,3,1,1,0.0,1,0.0,6.78105762593618,880.0,5,1,6.813444599510896,6.694562058521095,0.0,7.448333860897476,0.0,0.0,2,1,2,1,4,7,8,1,3,1996.0,2,2.0,512.0,3,3,2,0.0,4.795790545596741,0.0,0.0,0.0,0,0.0,7,2009,7.862112211662748,2.5,13,13,1,1,1,0,0,0,0,0,0,0,0,0,0,1,0,0,0,0,0,0,0,0,1,0,0,1,0,0,0,1,1,0,0,0,0,0,1,0,0,0,0,0,1,0,0,0,0,0,0,0,0,0,0,0,0,0,0,0,0,0,0,0,0,0,1,0,0,0,0,0,0,0,0,1,0,0,0,0,0,1,0,0,0,0,0,0,0,0,0,1,0,0,0,1,0,0,0,0,1,0,0,0,0,0,0,0,0,0,0,0,0,0,0,0,0,0,0,1,0,0,0,0,0,0,0,0,0,0,0,0,0,0,0,1,0,0,0,0,1,0,0,0,1,0,0,0,0,1,0,0,0,0,0,0,0,0,1,0,1,0,0,0,0,0,0,0,0,0,0,0,0,0,1,0,0,0,0,1,0
4.110873864173311,9.241935933565934,4,3,6,7,1906,1995,0.0,3,3,3,3,1,1,0.0,1,0.0,6.6293632534374485,756.0,5,1,6.6293632534374485,6.570882962339584,0.0,7.293017679772782,0.0,0.0,1,0,3,1,3,7,8,0,0,1906.0,1,1.0,216.0,3,3,2,4.060443010546419,0.0,5.480638923341991,0.0,0.0,0,0.0,6,2008,7.70796153183549,1.0,102,13,1,1,0,0,0,0,0,0,0,0,0,0,1,0,0,0,0,0,0,0,0,0,0,1,0,1,0,0,0,1,1,0,0,0,0,0,1,0,0,0,0,0,0,0,0,0,1,0,0,0,0,0,0,0,0,0,0,0,0,0,0,0,0,0,1,0,0,0,0,0,0,0,0,1,0,0,0,0,0,1,0,0,0,0,1,0,0,0,0,0,0,0,0,1,0,0,0,0,1,0,0,0,0,0,0,0,0,0,0,0,0,0,0,1,0,0,0,0,0,0,0,0,0,0,0,0,0,0,1,0,0,0,0,0,0,0,0,0,1,0,0,1,0,0,0,0,0,1,0,0,0,0,0,0,0,0,1,0,0,0,0,0,1,0,0,0,0,0,0,0,0,0,1,0,0,0,0,1,0
4.5217885770490405,9.25320827220336,3,3,8,6,1995,1995,6.493753839851686,4,4,4,3,4,6,7.436617265234227,1,0.0,6.025865973825314,2109.0,5,1,7.656337166430183,0.0,0.0,7.656337166430183,1.0,0.0,2,1,2,1,4,7,8,1,3,1995.0,3,3.0,839.0,3,3,2,5.4680601411351315,3.8501476017100584,0.0,0.0,0.0,0,0.0,8,2008,8.348301054933943,3.5,13,13,1,1,1,0,0,0,0,0,1,0,0,0,0,0,0,0,0,0,0,0,0,0,1,0,0,1,0,0,0,1,1,0,0,0,0,0,1,0,0,0,0,0,0,0,0,0,0,0,0,0,0,0,1,0,0,0,0,0,0,0,0,0,0,0,1,0,0,0,0,0,0,0,0,1,0,0,0,0,0,1,0,0,0,0,0,0,1,0,0,0,0,0,0,0,0,1,0,0,1,0,0,0,0,0,0,0,0,0,0,0,0,0,0,1,0,0,0,0,0,0,0,0,0,0,0,0,0,0,1,0,0,0,0,0,0,0,0,1,0,0,0,0,1,0,0,0,0,1,0,0,0,0,0,0,0,0,1,0,1,0,0,0,0,0,0,0,0,0,0,0,0,0,1,0,0,0,0,1,0
3.091042453358316,7.427144133408616,4,3,6,5,1971,1971,5.945420608606575,3,3,3,3,1,1,0.0,1,0.0,6.26530121273771,525.0,3,1,6.26530121273771,6.342121418721152,0.0,6.996681488176539,0.0,0.0,1,1,3,1,3,6,8,0,0,1971.0,1,1.0,264.0,3,3,2,0.0,0.0,0.0,0.0,0.0,0,0.0,3,2010,7.388946097618437,1.5,39,39,1,1,0,0,0,1,0,0,0,0,0,0,0,0,0,0,0,0,0,0,0,0,0,1,0,1,0,0,0,1,1,0,0,0,0,0,1,0,0,1,0,0,0,0,0,0,0,0,0,0,0,0,0,0,0,0,0,0,0,0,0,0,0,0,1,0,0,0,0,0,0,0,0,1,0,0,0,0,0,0,0,0,1,0,0,0,0,0,0,1,0,0,0,1,0,0,0,0,1,0,0,0,0,0,0,0,0,0,0,0,0,1,0,0,0,0,0,0,0,0,0,0,0,0,0,0,0,1,0,0,0,0,0,0,0,0,0,1,0,0,0,1,0,0,0,0,0,1,0,0,0,0,0,0,0,0,1,0,0,0,0,0,1,0,0,0,0,0,0,0,0,0,1,0,0,0,1,0,0
4.290459441148391,9.211140052146748,3,3,5,7,1959,2006,4.007333185232471,4,3,3,3,1,5,6.693323668269949,1,0.0,5.5134287461649825,1053.0,5,1,6.960347729101308,0.0,0.0,6.960347729101308,1.0,0.0,1,1,3,1,4,5,8,0,0,1959.0,2,1.0,312.0,3,3,2,0.0,0.0,0.0,0.0,0.0,0,0.0,8,2008,7.653020413804189,2.5,49,2,1,1,0,0,0,0,0,0,1,0,0,0,0,0,0,0,0,0,0,0,0,0,1,0,0,1,0,0,0,1,1,0,0,0,0,0,1,0,0,0,0,0,0,0,0,0,0,0,0,1,0,0,0,0,0,0,0,0,0,0,0,0,0,0,1,0,0,0,0,0,0,0,0,1,0,0,0,0,0,1,0,0,0,0,0,0,1,0,0,0,0,0,0,1,0,0,0,0,1,0,0,0,0,0,0,0,0,0,0,0,0,1,0,0,0,0,0,0,0,0,0,0,0,0,0,0,1,0,0,0,0,0,0,0,0,0,0,1,0,0,0,1,0,0,0,0,0,1,0,0,0,0,0,0,0,0,1,0,1,0,0,0,0,0,0,0,0,0,0,0,0,0,1,0,0,0,0,1,0
4.110873864173311,8.881975184248867,4,2,7,6,1931,2000,0.0,3,2,4,3,1,1,0.0,1,0.0,6.655440350367647,776.0,3,1,6.747586526829315,6.480044561926653,0.0,7.315218389752975,0.0,0.0,1,1,3,1,3,6,8,1,4,1931.0,2,1.0,270.0,3,3,1,0.0,0.0,4.727387818712341,0.0,0.0,0,0.0,2,2008,7.731492029245684,1.5,77,8,1,1,1,0,0,0,0,0,0,0,0,0,0,0,1,0,0,0,0,0,0,0,1,0,0,1,0,1,0,0,1,0,0,0,0,0,1,0,0,0,0,0,0,1,0,0,0,0,0,0,0,0,0,0,0,0,0,0,0,0,0,0,0,0,1,0,0,0,0,0,0,0,0,1,0,0,0,0,0,1,0,0,0,0,0,0,0,0,0,1,0,0,0,1,0,0,0,0,1,0,0,0,0,0,0,0,0,0,0,0,0,0,0,0,0,0,1,0,0,0,0,0,0,0,0,0,0,0,0,0,0,0,0,0,0,1,0,0,1,0,1,0,0,0,0,0,0,1,0,0,0,0,0,0,0,0,1,0,1,0,0,0,0,0,0,0,0,0,0,0,0,0,1,0,0,0,0,1,0
4.3694478524670215,9.770184705221707,4,3,6,5,1948,1950,0.0,3,3,3,3,1,1,0.0,1,0.0,6.816735880594968,912.0,3,1,6.816735880594968,6.304448802421981,0.0,7.285506548522785,0.0,1.0,1,0,3,1,3,6,8,1,4,1948.0,1,1.0,330.0,3,3,2,5.262690188904886,0.0,0.0,0.0,0.0,0,0.0,1,2010,7.771067086065406,1.5,62,60,1,1,1,0,0,0,0,0,0,0,0,0,1,0,0,0,0,0,0,0,0,0,1,0,0,1,0,0,0,1,1,0,0,0,0,0,1,0,0,0,0,0,0,0,0,0,0,0,0,1,0,0,0,0,0,0,0,0,0,0,0,0,1,0,0,0,0,0,0,0,0,0,0,1,0,0,0,0,0,1,0,0,0,0,1,0,0,0,0,0,0,0,0,1,0,0,0,0,1,0,0,0,0,0,0,0,0,0,0,0,0,0,0,0,0,0,0,1,0,0,0,0,0,0,0,0,0,0,0,0,0,0,0,1,0,0,0,0,1,0,0,1,0,0,0,0,0,1,0,0,0,0,0,0,0,0,1,0,1,0,0,0,0,0,0,0,0,0,0,0,0,0,1,1,0,0,0,0,0
4.330733340286331,9.204121072162266,4,3,5,7,1964,1999,0.0,3,4,3,3,1,4,6.45833828334479,1,0.0,6.745236349484363,1486.0,5,1,7.304515946460155,0.0,0.0,7.304515946460155,1.0,0.0,1,0,3,1,3,7,8,0,0,1968.0,3,2.0,480.0,3,3,2,0.0,0.0,0.0,0.0,0.0,0,0.0,3,2009,7.997326822998097,2.0,45,10,1,1,0,0,0,0,0,0,1,0,0,0,0,0,0,0,0,0,0,0,0,0,1,0,0,1,0,0,0,1,1,0,1,0,0,0,0,0,0,0,0,0,0,0,1,0,0,0,0,0,0,0,0,0,0,0,0,0,0,0,0,0,0,0,1,0,0,0,0,0,0,0,0,1,0,0,0,0,0,1,0,0,0,0,0,0,1,0,0,0,0,0,0,0,0,1,0,0,1,0,0,0,0,0,0,0,0,0,0,0,0,0,0,1,0,0,0,0,0,0,0,0,0,0,0,0,0,0,1,0,0,0,0,0,0,0,0,0,1,0,0,0,1,0,0,0,0,1,0,0,0,0,0,0,0,0,1,0,0,0,0,0,1,0,0,0,0,0,0,0,0,0,1,0,0,0,0,1,0
4.394449154672439,9.42424134192346,4,3,7,7,1976,1976,5.455321115357702,3,3,4,3,1,1,0.0,1,0.0,6.677083461247136,793.0,3,1,7.04141166379481,6.677083461247136,0.0,7.568379267836522,0.0,0.0,2,1,3,1,3,7,8,1,3,1976.0,2,2.0,550.0,3,3,2,0.0,4.736198448394496,5.53338948872752,0.0,0.0,0,0.0,11,2007,7.911690520708339,2.5,31,31,1,1,1,0,0,0,0,0,0,0,0,0,0,1,0,0,0,0,0,0,0,0,1,0,0,1,0,0,0,1,1,0,0,1,0,0,0,0,0,0,0,0,0,0,0,0,0,0,0,0,0,1,0,0,0,0,0,0,0,0,0,0,0,0,1,0,0,0,0,0,0,0,0,1,0,0,0,0,0,1,0,0,0,0,0,0,0,0,0,1,0,0,0,1,0,0,0,0,1,0,0,0,0,0,0,0,0,0,0,0,0,0,0,0,1,0,0,0,0,0,0,0,0,0,0,0,0,0,0,0,1,0,0,0,0,0,0,1,0,0,0,1,0,0,0,0,0,1,0,0,0,0,0,0,0,0,1,0,1,0,0,0,0,0,0,0,0,0,0,0,0,0,1,0,0,0,0,1,0
3.970291913552122,10.749141204810842,2,3,8,7,1994,2005,6.270988431858299,4,3,4,4,1,6,7.216709486709457,3,5.198497031265826,4.48863636973214,1629.0,5,1,7.430707082545968,6.637258031284457,0.0,7.803435056952168,1.0,0.0,2,1,4,1,4,8,8,1,3,1994.0,2,3.0,711.0,3,3,2,6.249975242259483,4.343805421853684,0.0,0.0,0.0,0,0.0,7,2009,8.3133619511344,3.5,15,4,1,1,1,0,0,0,0,0,0,0,0,0,0,1,0,0,0,0,0,0,0,0,1,0,0,1,0,0,0,1,1,0,0,1,0,0,0,0,0,0,0,0,0,0,0,0,0,0,0,0,0,0,1,0,0,0,0,0,0,0,0,0,0,0,1,0,0,0,0,0,0,0,0,1,0,0,0,0,0,1,0,0,0,0,0,0,0,0,0,1,0,0,0,0,0,1,0,0,1,0,0,0,0,0,0,0,0,0,0,0,0,0,0,0,0,0,0,1,0,0,0,0,0,0,0,0,0,0,0,0,0,0,0,1,0,0,0,1,0,0,0,0,1,0,0,0,0,1,0,0,0,0,0,0,0,0,1,0,1,0,0,0,0,0,0,0,0,0,0,0,0,0,1,0,0,0,0,1,0
4.795790545596741,9.514953305087944,4,3,6,3,1968,1968,5.37989735354046,3,3,2,2,1,1,0.0,1,0.0,7.239214973779806,1392.0,4,1,7.239214973779806,0.0,0.0,7.239214973779806,1.0,0.0,1,0,2,1,3,5,3,2,3,1968.0,2,2.0,576.0,3,3,2,0.0,0.0,5.484796933490655,0.0,0.0,0,0.0,7,2009,7.932003152361385,2.0,41,41,1,1,1,0,0,0,0,0,1,0,0,0,0,0,0,0,0,0,0,0,0,0,1,0,0,1,0,0,0,1,1,0,1,0,0,0,0,0,0,0,0,0,0,0,0,0,0,0,0,1,0,0,0,0,0,0,0,0,0,0,0,0,0,0,1,0,0,0,0,0,0,0,0,1,0,0,0,0,0,1,0,0,0,0,0,0,1,0,0,0,0,0,0,0,0,1,0,0,1,0,0,0,0,0,0,0,0,0,0,0,0,0,0,0,0,0,0,0,1,0,0,0,0,0,0,0,0,0,0,0,0,0,0,0,1,0,0,1,0,0,0,1,0,0,0,0,0,1,0,0,0,0,0,0,0,0,1,0,1,0,0,0,0,0,0,0,0,0,0,0,0,0,1,0,0,0,0,1,0
4.51085950651685,9.211639527707803,4,3,4,5,1972,1972,0.0,3,3,4,3,3,4,6.825460036255307,3,5.198497031265826,3.6635616461296463,1138.0,3,1,7.074963197966044,0.0,0.0,7.074963197966044,1.0,0.0,2,0,3,1,3,6,8,0,0,1974.0,2,2.0,588.0,3,3,2,0.0,0.0,5.198497031265826,0.0,0.0,0,0.0,4,2008,7.749322464660356,3.0,36,36,1,1,0,0,0,0,0,0,0,0,0,0,0,0,0,0,0,1,0,0,0,0,1,0,0,1,0,0,0,1,1,0,0,0,0,0,1,0,0,0,0,0,0,0,1,0,0,0,0,0,0,0,0,0,0,0,0,0,0,0,0,0,0,0,1,0,0,0,0,0,0,0,0,1,0,0,0,0,0,1,0,0,0,0,0,0,0,0,0,0,1,0,0,1,0,0,0,0,1,0,0,0,0,0,0,0,0,0,0,0,0,0,0,0,1,0,0,0,0,0,0,0,0,0,0,0,0,0,0,0,1,0,0,0,0,0,0,0,1,0,0,1,0,0,0,0,0,1,0,0,0,0,0,0,0,0,1,0,0,0,0,0,1,0,0,0,0,0,0,0,0,0,1,0,0,0,0,1,0
3.912023005428146,9.947360886980098,2,3,8,5,2005,2006,0.0,4,3,5,3,2,6,7.451241684987676,1,0.0,5.877735781779639,2077.0,5,1,7.6487397889562425,0.0,0.0,7.6487397889562425,1.0,0.0,1,1,1,1,5,8,8,1,5,2005.0,3,3.0,1134.0,3,3,2,5.262690188904886,5.5909869805108565,0.0,0.0,0.0,0,0.0,1,2006,8.336869637284956,2.5,1,0,1,1,1,0,0,0,0,0,1,0,0,0,0,0,0,0,0,0,0,0,0,0,1,0,0,1,0,0,0,1,1,0,0,1,0,0,0,0,0,0,0,0,0,0,0,0,0,0,0,0,0,0,0,0,0,0,0,0,1,0,0,0,0,0,0,0,0,0,1,0,0,0,0,1,0,0,0,0,0,1,0,0,0,0,0,0,1,0,0,0,0,0,0,1,0,0,0,0,1,0,0,0,0,0,0,0,0,0,0,0,0,0,0,0,0,0,0,1,0,0,0,0,0,0,0,0,0,0,0,0,0,0,0,1,0,0,0,0,1,0,0,0,1,0,0,0,0,1,0,0,0,0,0,0,0,0,1,0,1,0,0,0,0,0,0,0,0,0,0,0,1,0,0,0,0,0,0,0,1
4.672828834461906,9.323222529032856,3,3,8,5,2000,2000,3.713572066704308,4,3,4,3,1,1,0.0,1,0.0,7.249215057114389,1406.0,5,1,7.282761179605593,6.180016653652572,0.0,7.5688956634069955,0.0,0.0,2,1,3,1,4,7,8,1,3,2000.0,2,2.0,504.0,3,3,2,5.241747015059643,4.8283137373023015,0.0,0.0,0.0,0,0.0,11,2006,8.114623886420098,2.5,6,6,1,1,1,0,0,0,0,0,0,0,0,0,0,1,0,0,0,0,0,0,0,0,1,0,0,1,0,0,0,1,1,0,1,0,0,0,0,0,0,0,0,0,0,0,0,1,0,0,0,0,0,0,0,0,0,0,0,0,0,0,0,0,0,0,1,0,0,0,0,0,0,0,0,1,0,0,0,0,0,1,0,0,0,0,0,0,0,0,0,1,0,0,0,1,0,0,0,0,1,0,0,0,0,0,0,0,0,0,0,0,0,0,0,0,0,0,0,1,0,0,0,0,0,0,0,0,0,0,0,0,0,0,0,1,0,0,0,1,0,0,0,0,1,0,0,0,0,1,0,0,0,0,0,0,0,0,1,0,1,0,0,0,0,0,0,0,0,0,0,0,0,0,1,0,0,0,0,1,0
4.30406509320417,9.822873848541882,3,3,6,5,1965,1979,4.736198448394496,3,4,4,3,1,2,5.236441962829949,3,6.584791392385716,4.718498871295094,1021.0,3,1,7.290292882446597,6.82001636467413,0.0,7.7752758464868625,0.0,0.0,2,1,3,1,3,7,2,1,1,1965.0,1,2.0,596.0,3,3,2,0.0,5.583496308781699,0.0,0.0,0.0,0,0.0,8,2007,8.132118772955806,2.5,42,28,1,1,1,0,0,0,0,0,0,0,0,0,0,1,0,0,0,0,0,0,0,0,1,0,0,1,0,0,0,1,1,0,0,0,0,0,1,0,0,0,0,0,0,0,0,0,0,0,0,1,0,0,0,0,0,0,0,0,0,0,0,0,0,0,1,0,0,0,0,0,0,0,0,1,0,0,0,0,0,1,0,0,0,0,0,0,0,0,0,1,0,0,1,0,0,0,0,0,0,0,0,0,1,0,0,0,0,0,0,0,0,0,0,0,1,0,0,0,0,0,0,0,0,0,0,0,0,0,0,0,1,0,0,0,0,0,1,0,0,0,0,1,0,0,0,0,0,1,0,0,0,0,0,0,0,0,1,0,0,0,0,1,0,0,0,0,0,0,0,0,0,0,1,1,0,0,0,0,0
4.189654742026425,9.002824076547672,4,3,6,5,1994,1998,5.556828061699537,3,3,4,3,1,6,7.037905963447182,1,0.0,5.602118820879701,1408.0,5,1,7.426549072397305,0.0,0.0,7.426549072397305,1.0,0.0,2,0,3,1,4,7,8,1,2,1994.0,2,2.0,575.0,3,3,2,5.41610040220442,3.7612001156935624,0.0,0.0,0.0,0,0.0,10,2008,8.035278911144667,3.0,14,10,1,1,1,0,0,0,0,0,1,0,0,0,0,0,0,0,0,0,0,0,0,0,1,0,0,1,0,0,0,1,1,0,0,0,0,0,1,0,0,0,0,0,0,0,0,0,0,0,0,0,0,0,0,0,0,0,0,1,0,0,0,0,0,0,1,0,0,0,0,0,0,0,0,1,0,0,0,0,0,1,0,0,0,0,0,0,1,0,0,0,0,0,0,1,0,0,0,0,1,0,0,0,0,0,0,0,0,0,0,0,0,1,0,0,0,0,0,0,0,0,0,0,0,0,0,0,1,0,0,0,0,0,0,0,0,0,0,1,0,0,0,0,1,0,0,0,0,1,0,0,0,0,0,0,0,0,1,0,1,0,0,0,0,0,0,0,0,0,0,0,0,0,1,0,0,0,0,1,0
4.276666119016055,9.559305672844863,4,2,5,6,1956,1987,0.0,3,3,3,3,1,3,6.8966943316227125,1,0.0,5.303304908059076,1188.0,4,1,7.271008538280992,0.0,0.0,7.271008538280992,1.0,0.0,1,1,3,1,3,6,6,1,3,1999.0,1,2.0,576.0,3,3,2,5.720311776607412,0.0,0.0,0.0,0.0,0,0.0,11,2006,7.873217054862741,2.5,50,19,1,1,1,0,0,0,0,0,1,0,0,0,0,0,0,0,0,0,0,0,0,0,1,0,0,1,1,0,0,0,1,0,1,0,0,0,0,0,0,0,0,0,0,0,0,0,0,0,0,0,0,0,0,0,0,0,1,0,0,0,0,0,0,0,1,0,0,0,0,0,0,0,0,1,0,0,0,0,0,1,0,0,0,0,0,0,1,0,0,0,0,0,0,1,0,0,0,0,1,0,0,0,0,0,0,0,0,0,0,0,1,0,0,0,0,0,0,0,0,0,0,0,0,0,0,0,0,0,0,0,0,0,0,0,1,0,0,0,1,0,0,1,0,0,0,0,0,1,0,0,0,0,0,0,0,0,1,0,0,0,0,0,1,0,0,0,0,0,0,0,0,0,1,0,0,0,0,1,0
4.394449154672439,9.358846580275406,4,3,4,5,1922,1950,0.0,3,3,2,3,1,1,0.0,1,0.0,6.55250788703459,700.0,5,1,7.074116816197362,0.0,0.0,7.074116816197362,0.0,0.0,1,0,2,1,2,5,8,1,4,1922.0,1,1.0,252.0,3,2,2,0.0,0.0,4.219507705176107,0.0,0.0,0,0.0,7,2006,7.53955882930103,1.0,84,56,1,1,1,0,0,0,0,0,0,1,0,0,0,0,0,0,0,0,0,0,0,0,1,0,0,1,0,0,0,1,1,0,0,0,0,0,1,0,0,0,0,0,0,1,0,0,0,0,0,0,0,0,0,0,0,0,0,0,0,0,0,0,0,0,1,0,0,0,0,0,0,0,0,1,0,0,0,0,0,1,0,0,0,0,0,0,1,0,0,0,0,0,0,1,0,0,0,0,1,0,0,0,0,0,0,0,0,0,0,0,0,0,0,1,0,0,0,0,0,0,0,0,0,0,0,0,0,0,1,0,0,0,0,0,0,0,0,0,1,0,1,0,0,0,0,0,0,1,0,0,0,0,0,0,0,0,1,0,0,0,0,0,1,0,0,0,0,0,0,0,0,0,1,0,0,0,0,1,0
4.174387269895637,9.063463176115423,4,3,6,5,2005,2005,0.0,4,3,4,3,1,6,5.267858159063328,1,0.0,6.302618975744905,738.0,5,1,6.6052979209482015,6.6052979209482015,0.0,7.29776828253138,1.0,0.0,2,1,3,1,4,7,8,0,0,2005.0,3,2.0,540.0,3,3,2,4.61512051684126,3.58351893845611,0.0,0.0,0.0,0,0.0,2,2009,7.703007682479236,3.5,4,4,1,1,0,0,0,0,0,0,0,0,0,0,0,1,0,0,0,0,0,0,0,0,1,0,0,1,0,0,0,1,1,0,0,0,1,0,0,0,0,0,0,0,1,0,0,0,0,0,0,0,0,0,0,0,0,0,0,0,0,0,0,0,0,0,1,0,0,0,0,0,0,0,0,1,0,0,0,0,0,1,0,0,0,0,0,0,0,0,0,1,0,0,0,1,0,0,0,0,1,0,0,0,0,0,0,0,0,0,0,0,0,0,0,0,0,0,0,1,0,0,0,0,0,0,0,0,0,0,0,0,0,0,0,1,0,0,0,0,1,0,0,0,1,0,0,0,0,1,0,0,0,0,0,0,0,0,1,0,1,0,0,0,0,0,0,0,0,0,0,0,0,0,1,0,0,0,0,1,0
4.007333185232471,8.799360083179907,4,3,6,6,1925,1950,0.0,3,4,3,3,1,4,6.313548046277095,1,0.0,4.804021044733257,672.0,3,0,6.548219102762372,6.511745329644728,0.0,7.222566018822171,1.0,0.0,2,0,3,1,3,6,8,0,0,1930.0,1,1.0,300.0,3,3,2,4.997212273764115,0.0,0.0,0.0,0.0,0,0.0,7,2009,7.621684998724611,3.0,84,59,1,1,0,0,0,0,0,0,0,0,0,0,0,0,1,0,0,0,0,0,0,1,0,0,0,1,0,0,0,1,1,0,0,0,0,0,1,0,0,0,0,0,0,0,1,0,0,0,0,0,0,0,0,0,0,0,0,0,0,0,0,0,1,0,0,0,0,0,0,0,0,0,0,1,0,0,0,0,0,1,0,0,0,0,0,0,0,0,0,1,0,0,0,0,1,0,0,0,1,0,0,0,0,0,0,0,0,0,0,0,0,0,0,0,0,0,0,0,1,0,0,0,0,0,0,0,0,0,0,0,0,0,0,0,1,0,0,0,1,0,1,0,0,0,0,0,0,1,0,0,0,0,0,0,0,0,1,0,0,0,0,0,1,0,0,0,0,0,0,0,0,0,1,0,0,0,0,1,0
4.23410650459726,9.328212292571072,3,3,6,6,1977,1977,0.0,4,3,4,3,1,5,6.643789733147672,1,0.0,6.091309882077698,1208.0,3,1,7.097548850614793,0.0,0.0,7.097548850614793,1.0,0.0,1,1,3,1,3,6,8,1,3,1977.0,2,2.0,546.0,3,3,2,5.293304824724492,3.7612001156935624,0.0,0.0,0.0,0,0.0,6,2006,7.790282380703483,2.5,29,29,1,1,1,0,0,0,0,0,1,0,0,0,0,0,0,0,0,0,0,0,0,0,1,0,0,1,0,0,0,1,1,0,0,0,0,0,1,0,0,0,0,0,0,0,0,0,0,0,0,0,0,0,0,0,0,0,0,0,0,0,0,1,0,0,1,0,0,0,0,0,0,0,0,1,0,0,0,0,0,1,0,0,0,0,0,0,1,0,0,0,0,0,0,1,0,0,0,0,1,0,0,0,0,0,0,0,0,0,0,0,0,0,0,0,1,0,0,0,0,0,0,0,0,0,0,0,0,0,0,0,1,0,0,0,0,0,0,0,1,0,0,1,0,0,0,0,0,1,0,0,0,0,0,0,0,0,1,0,1,0,0,0,0,0,0,0,0,0,0,0,0,0,1,0,0,0,0,1,0
4.709530201312334,9.577965147101168,4,3,6,7,1957,2004,4.672828834461906,3,3,3,3,1,6,7.079184394609668,1,0.0,5.676753802268282,1477.0,5,1,7.517520850603031,0.0,0.0,7.517520850603031,1.0,0.0,2,0,3,1,4,7,8,2,3,1957.0,3,2.0,416.0,3,3,2,0.0,4.477336814478207,0.0,0.0,5.303304908059076,0,0.0,6,2007,8.106816038947052,3.0,50,3,1,1,1,0,0,0,0,0,1,0,0,0,0,0,0,0,0,0,0,0,0,0,1,0,0,1,0,0,0,1,1,0,0,0,0,0,1,0,0,0,0,0,0,1,0,0,0,0,0,0,0,0,0,0,0,0,0,0,0,0,0,0,0,0,1,0,0,0,0,0,0,0,0,1,0,0,0,0,0,1,0,0,0,0,0,0,1,0,0,0,0,0,0,0,0,1,0,0,1,0,0,0,0,0,0,0,0,0,0,0,1,0,0,0,0,0,0,0,0,0,0,0,0,0,0,1,0,0,0,0,0,0,0,0,0,0,0,1,0,0,0,0,1,0,0,0,0,1,0,0,0,0,0,0,0,0,1,0,1,0,0,0,0,0,0,0,0,0,0,0,0,0,1,0,0,0,0,1,0
4.394449154672439,9.127067452782361,4,3,6,6,1965,1965,0.0,3,3,3,3,1,3,6.794586580876499,1,0.0,5.501258210544727,1136.0,3,1,7.036148493750536,0.0,0.0,7.036148493750536,1.0,0.0,1,0,3,1,3,5,8,1,4,1965.0,2,1.0,384.0,3,3,2,6.056784013228625,0.0,0.0,0.0,0.0,0,0.0,7,2008,7.728855823852543,2.0,43,43,1,1,1,0,0,0,0,0,1,0,0,0,0,0,0,0,0,0,0,0,0,0,1,0,0,1,0,0,0,1,1,0,0,0,0,0,1,0,0,0,0,0,0,0,0,0,0,0,0,1,0,0,0,0,0,0,0,0,0,0,0,0,0,0,1,0,0,0,0,0,0,0,0,1,0,0,0,0,0,1,0,0,0,0,0,0,1,0,0,0,0,0,0,1,0,0,0,0,1,0,0,0,0,0,0,0,0,0,0,0,0,1,0,0,0,0,0,0,0,0,0,0,0,0,0,0,1,0,0,0,0,0,0,0,0,0,0,0,1,0,0,1,0,0,0,0,0,1,0,0,0,0,0,0,0,0,1,0,1,0,0,0,0,0,0,0,0,0,0,0,0,0,1,0,0,0,0,1,0
3.2188758248682006,7.736307096548285,4,3,6,6,1978,1978,0.0,3,3,3,3,1,5,5.7430031878094825,1,0.0,6.300785794663244,855.0,3,1,6.752270376141742,6.375024819828097,0.0,7.273786317844895,0.0,0.0,2,1,3,1,3,7,8,1,3,1978.0,1,2.0,440.0,3,3,2,3.367295829986474,0.0,0.0,0.0,0.0,0,0.0,4,2009,7.739359202689098,2.5,31,31,1,1,1,0,0,1,0,0,0,0,0,0,0,0,0,0,0,0,0,0,0,0,1,0,0,1,0,0,0,1,1,0,0,0,0,0,1,0,0,0,0,0,0,0,0,0,0,0,0,0,1,0,0,0,0,0,0,0,0,0,0,0,0,0,1,0,0,0,0,0,0,0,0,1,0,0,0,0,0,0,0,0,1,0,0,0,0,0,0,1,0,0,0,1,0,0,0,0,1,0,0,0,0,0,0,0,0,0,0,0,0,0,0,0,1,0,0,0,0,0,0,0,1,0,0,0,0,0,0,0,0,0,0,0,0,0,0,0,1,0,0,1,0,0,0,0,0,1,0,0,0,0,0,0,0,0,1,0,1,0,0,0,0,0,0,0,0,0,0,0,0,0,1,0,0,0,0,1,0
4.110873864173311,9.169622538697624,4,3,4,2,1900,1950,0.0,3,3,3,2,1,1,0.0,1,0.0,6.999422467507961,1095.0,2,0,6.999422467507961,6.522092798170152,0.0,7.4815557019095165,1.0,0.0,2,0,4,2,3,8,6,0,0,1920.0,1,3.0,779.0,2,2,0,0.0,0.0,4.51085950651685,0.0,0.0,0,0.0,5,2006,7.962067308753666,3.0,106,56,1,1,0,0,0,0,0,0,0,0,0,0,0,0,1,0,0,0,0,0,0,0,0,1,0,1,0,0,0,1,1,0,0,0,0,0,1,0,0,0,0,0,0,0,0,0,0,0,0,0,0,0,0,0,1,0,0,0,0,0,0,0,0,0,1,0,0,0,0,0,0,0,0,1,0,0,0,0,0,1,0,0,0,0,0,0,0,0,0,1,0,0,0,1,0,0,0,0,1,0,0,0,0,0,0,1,0,0,0,0,0,0,0,0,0,0,0,0,0,0,0,0,0,0,0,0,0,0,0,0,0,0,1,0,0,0,0,0,1,0,1,0,0,0,0,0,0,0,1,0,0,0,0,0,0,0,1,1,0,0,0,0,0,0,0,0,0,0,0,0,0,0,1,0,0,0,0,1,0
3.970291913552122,9.107532151994501,4,3,5,8,1924,2006,0.0,4,3,3,3,1,1,0.0,1,0.0,6.645090969505644,768.0,5,1,6.675823221634848,0.0,0.0,6.675823221634848,0.0,0.0,1,0,2,1,4,5,8,0,0,1924.0,1,1.0,240.0,2,2,0,5.75890177387728,0.0,4.795790545596741,0.0,0.0,0,0.0,5,2009,7.353081920515432,1.0,85,3,1,1,0,0,0,0,0,0,0,1,0,0,0,0,0,0,0,0,0,0,0,0,1,0,0,1,0,0,0,1,1,0,0,0,0,0,1,0,0,0,0,0,0,0,0,0,0,0,0,0,0,0,0,0,1,0,0,0,0,0,0,0,0,0,1,0,0,0,0,0,0,0,0,1,0,0,0,0,0,1,0,0,0,0,0,0,1,0,0,0,0,0,0,1,0,0,0,0,1,0,0,0,0,0,0,0,0,0,0,0,0,0,0,0,0,0,0,1,0,0,0,0,0,0,0,0,0,0,0,0,0,0,0,1,0,0,0,0,1,0,1,0,0,0,0,0,0,1,0,0,0,0,0,0,0,0,1,0,0,0,0,0,1,0,0,0,0,0,0,0,0,0,1,0,0,0,0,1,0
4.394449154672439,9.379661116592885,3,3,8,5,2008,2008,6.142037405587356,4,3,5,3,2,1,0.0,1,0.0,7.624130585661289,2046.0,5,1,7.624130585661289,0.0,0.0,7.624130585661289,0.0,0.0,2,1,3,1,4,7,8,1,4,2008.0,3,3.0,834.0,3,3,2,5.777652323222656,4.418840607796598,0.0,0.0,0.0,0,0.0,7,2009,8.317033476492403,2.5,1,1,1,1,1,0,0,0,0,0,1,0,0,0,0,0,0,0,0,0,0,0,0,0,1,0,0,1,0,0,0,1,1,0,0,0,0,0,1,0,0,0,0,0,0,0,0,0,0,0,0,0,0,0,0,0,0,0,0,0,0,1,0,0,0,0,1,0,0,0,0,0,0,0,0,1,0,0,0,0,0,1,0,0,0,0,0,0,1,0,0,0,0,0,0,0,0,1,0,0,1,0,0,0,0,0,0,0,0,0,0,0,0,0,0,0,0,0,0,1,0,0,0,0,0,0,0,0,0,0,0,0,0,0,0,1,0,0,0,0,0,1,0,0,1,0,0,0,0,1,0,0,0,0,0,0,0,0,1,0,1,0,0,0,0,0,0,0,0,0,0,0,1,0,0,0,0,0,0,0,1
4.276666119016055,9.204925739274683,3,3,5,5,1961,1961,4.060443010546419,3,3,3,3,1,3,6.71901315438526,1,0.0,5.087596335232384,988.0,3,1,6.8966943316227125,0.0,0.0,6.8966943316227125,1.0,0.0,1,0,3,1,3,5,8,0,0,1963.0,1,2.0,572.0,3,3,2,0.0,0.0,0.0,0.0,0.0,0,0.0,10,2007,7.589335823170617,2.0,46,46,1,1,0,0,0,0,0,0,1,0,0,0,0,0,0,0,0,0,0,0,0,0,1,0,0,1,0,0,0,1,1,0,0,0,0,0,1,0,0,0,0,0,0,0,0,0,0,0,0,0,0,0,0,0,0,0,1,0,0,0,0,0,0,0,1,0,0,0,0,0,0,0,0,1,0,0,0,0,0,1,0,0,0,0,0,0,1,0,0,0,0,0,0,0,0,1,0,0,1,0,0,0,0,0,0,0,0,0,0,0,0,0,0,0,0,0,0,0,1,0,0,0,0,0,0,0,0,0,0,0,0,0,0,0,1,0,0,1,0,0,0,1,0,0,0,0,0,1,0,0,0,0,0,0,0,0,1,0,0,0,0,0,1,0,0,0,0,0,0,0,0,0,1,0,0,0,0,1,0
3.9318256327243257,8.98882050177807,4,3,6,5,1980,1980,0.0,3,3,4,3,1,4,6.298949246855942,4,4.787491742782046,5.568344503761097,923.0,3,1,6.828712071641684,0.0,0.0,6.828712071641684,0.0,0.0,2,0,2,1,3,5,8,1,3,1980.0,2,1.0,264.0,3,3,2,4.394449154672439,0.0,0.0,0.0,0.0,0,0.0,5,2010,7.52131798019924,2.0,30,30,1,1,1,1,0,0,0,0,0,0,0,0,0,0,0,0,0,0,0,0,0,0,1,0,0,1,0,0,0,1,1,0,0,0,0,0,1,0,0,0,0,0,0,0,0,0,0,0,0,0,0,0,0,0,0,0,0,1,0,0,0,0,0,0,1,0,0,0,0,0,0,0,0,1,0,0,0,0,0,0,0,0,0,1,0,0,1,0,0,0,0,0,0,1,0,0,0,0,1,0,0,0,0,0,0,0,0,0,0,0,0,0,0,0,1,0,0,0,0,0,0,0,0,0,0,0,0,0,0,0,1,0,0,0,0,0,0,0,1,0,0,1,0,0,0,0,0,1,0,0,0,0,0,0,0,0,1,0,1,0,0,0,0,0,0,0,0,0,0,0,0,0,1,0,0,0,0,1,0
4.02535169073515,8.412054873292933,2,3,5,5,1932,2000,0.0,3,3,3,3,1,3,5.209486152841421,1,0.0,6.416732282512326,793.0,5,1,6.744059186311348,6.511745329644728,0.0,7.327123292259293,0.0,0.0,1,0,3,1,3,6,8,0,0,1968.0,1,1.0,281.0,3,3,2,0.0,0.0,4.04305126783455,0.0,0.0,0,0.0,7,2009,7.746732907753622,1.0,77,9,1,1,0,0,0,0,0,0,0,0,0,0,1,0,0,0,0,0,0,0,0,1,0,0,0,1,1,0,0,0,1,0,0,0,0,0,1,0,0,0,0,0,0,0,0,0,0,0,0,0,0,0,0,0,0,1,0,0,0,0,0,0,0,0,1,0,0,0,0,0,0,0,0,1,0,0,0,0,0,1,0,0,0,0,1,0,0,0,0,0,0,0,0,1,0,0,0,0,1,0,0,0,0,0,0,0,0,0,0,0,0,0,0,0,0,0,0,1,0,0,0,0,0,0,0,0,0,0,0,0,0,0,1,0,0,0,0,0,1,0,1,0,0,0,0,0,0,1,0,0,0,0,0,0,0,0,1,0,0,0,0,0,1,0,0,0,0,0,0,0,0,0,1,1,0,0,0,0,0
4.394449154672439,7.968319500012717,4,3,6,5,1996,1997,0.0,3,3,4,3,2,6,6.911747300251674,1,0.0,5.666426688112432,1291.0,5,1,7.163946684342547,0.0,0.0,7.163946684342547,1.0,0.0,1,0,2,1,4,6,8,1,4,1996.0,1,2.0,431.0,3,3,2,5.730099782973574,0.0,0.0,0.0,0.0,0,0.0,11,2008,7.8567067930958405,2.0,12,11,1,1,1,1,0,0,0,0,0,0,0,0,0,0,0,0,0,0,0,0,0,0,1,0,0,1,0,1,0,0,1,0,0,0,0,0,1,0,0,0,0,1,0,0,0,0,0,0,0,0,0,0,0,0,0,0,0,0,0,0,0,0,0,0,1,0,0,0,0,0,0,0,0,1,0,0,0,0,0,1,0,0,0,0,0,0,1,0,0,0,0,0,0,1,0,0,0,0,1,0,0,0,0,0,0,0,0,0,0,0,0,0,0,0,0,0,0,0,1,0,0,0,0,0,0,0,0,0,0,0,0,0,0,0,1,0,0,0,1,0,0,0,1,0,0,0,0,1,0,0,0,0,0,0,0,0,1,0,1,0,0,0,0,0,0,0,0,0,0,0,0,0,1,0,0,0,0,1,0
4.51085950651685,9.328034514792826,3,3,9,5,2002,2002,5.375278407684165,4,3,4,3,3,6,6.966024187106113,1,0.0,6.342121418721152,1626.0,5,1,7.419979923661835,0.0,0.0,7.419979923661835,1.0,0.0,2,0,3,1,4,7,8,1,3,2002.0,3,3.0,702.0,3,3,2,5.552959584921617,3.828641396489095,0.0,0.0,0.0,0,0.0,7,2007,8.100161446936607,3.0,5,5,1,1,1,0,0,0,0,0,1,0,0,0,0,0,0,0,0,0,0,0,0,0,1,0,0,1,0,0,0,1,1,0,1,0,0,0,0,0,0,0,0,0,1,0,0,0,0,0,0,0,0,0,0,0,0,0,0,0,0,0,0,0,0,0,1,0,0,0,0,0,0,0,0,1,0,0,0,0,0,1,0,0,0,0,0,0,1,0,0,0,0,0,0,0,0,1,0,0,1,0,0,0,0,0,0,0,0,0,0,0,0,0,0,0,0,0,0,1,0,0,0,0,0,0,0,0,0,0,0,0,0,0,0,1,0,0,0,0,0,1,0,0,1,0,0,0,0,1,0,0,0,0,0,0,0,0,1,0,1,0,0,0,0,0,0,0,0,0,0,0,0,0,1,0,0,0,0,1,0
4.07753744390572,9.727406483331627,2,3,7,5,1998,1998,3.4339872044851463,4,3,4,3,1,1,0.0,1,0.0,7.086737934510577,1195.0,4,1,7.086737934510577,6.4692503167957724,0.0,7.517520850603031,0.0,0.0,2,1,4,1,3,7,8,0,0,1998.0,3,2.0,486.0,3,3,2,0.0,4.406719247264253,0.0,0.0,0.0,0,0.0,6,2010,8.017966703493599,2.5,12,12,1,1,0,0,0,0,0,0,0,0,0,0,0,1,0,0,0,0,0,0,0,0,1,0,0,1,0,0,0,1,1,0,0,1,0,0,0,0,0,0,0,0,0,0,0,0,0,0,0,0,0,0,1,0,0,0,0,0,0,0,0,0,0,0,1,0,0,0,0,0,0,0,0,1,0,0,0,0,0,1,0,0,0,0,0,0,0,0,0,1,0,0,0,1,0,0,0,0,1,0,0,0,0,0,0,0,0,0,0,0,0,0,0,0,0,0,0,1,0,0,0,0,0,0,0,0,0,0,0,0,0,0,0,1,0,0,0,1,0,0,0,0,1,0,0,0,0,1,0,0,0,0,0,0,0,0,1,0,1,0,0,0,0,0,0,0,0,0,0,0,0,0,1,0,0,0,0,1,0
4.135166556742356,8.529714471969909,3,3,7,5,1984,1984,0.0,4,3,4,3,2,6,6.720220155135295,2,5.209486152841421,5.198497031265826,1190.0,4,1,7.0825485693553,6.803505257608338,0.0,7.645397699428633,1.0,0.0,2,0,3,1,4,6,7,1,3,1984.0,3,2.0,577.0,3,3,2,5.393627546352362,0.0,0.0,0.0,0.0,0,0.0,9,2007,8.0959035329611,3.0,23,23,1,1,1,0,0,1,0,0,0,0,0,0,0,0,0,0,0,0,0,0,0,0,1,0,0,1,0,0,0,1,1,0,0,1,0,0,0,0,0,0,0,0,0,0,0,0,0,0,0,0,0,0,0,0,0,0,0,0,0,1,0,0,0,0,1,0,0,0,0,0,0,0,0,1,0,0,0,0,0,0,0,0,0,1,0,0,0,0,0,1,0,0,0,1,0,0,0,0,1,0,0,0,0,0,0,0,0,0,0,0,0,1,0,0,0,0,0,0,0,0,0,0,0,0,0,0,1,0,0,0,0,0,0,0,0,0,0,0,1,0,0,1,0,0,0,0,0,1,0,0,0,0,0,0,0,0,1,0,1,0,0,0,0,0,0,0,0,0,0,0,0,0,1,0,0,0,0,1,0
4.442651256490317,9.23092700558457,4,3,7,6,2007,2007,0.0,4,3,4,3,1,1,0.0,1,0.0,6.774223886357614,874.0,5,1,6.774223886357614,6.78897174299217,0.0,7.474204806496124,0.0,0.0,3,0,3,1,4,7,8,0,0,2007.0,3,2.0,578.0,3,3,2,4.976733742420574,4.663439094112067,0.0,0.0,0.0,0,0.0,8,2007,7.877017895622398,3.0,0,0,1,1,0,0,0,0,0,0,0,0,0,0,0,1,0,0,0,0,0,0,1,0,0,0,0,1,0,0,0,1,1,0,0,0,0,0,1,0,0,0,0,0,0,0,0,0,0,0,0,0,0,0,0,0,0,0,0,0,1,0,0,0,0,0,1,0,0,0,0,0,0,0,0,1,0,0,0,0,0,1,0,0,0,0,0,0,0,0,0,1,0,0,0,1,0,0,0,0,1,0,0,0,0,0,0,0,0,0,0,0,0,0,0,0,0,0,0,1,0,0,0,0,0,0,0,0,0,0,0,0,0,0,0,1,0,0,0,0,1,0,0,0,1,0,0,0,0,1,0,0,0,0,0,0,0,0,1,0,1,0,0,0,0,0,0,0,0,0,0,0,1,0,0,0,0,0,0,0,1
4.310799125385514,8.53817159780143,2,3,7,5,2004,2004,0.0,4,3,4,3,1,6,5.480638923341991,1,0.0,5.746203190540153,551.0,5,1,6.313548046277095,6.313548046277095,0.0,7.005789019253503,0.0,0.0,2,1,2,1,4,4,8,0,0,2004.0,1,2.0,480.0,3,3,2,0.0,4.110873864173311,0.0,0.0,0.0,0,0.0,3,2007,7.4109518755836366,2.5,3,3,1,1,0,0,0,1,0,0,0,0,0,0,0,0,0,0,0,0,0,0,1,0,0,0,0,1,0,0,0,1,1,0,0,0,1,0,0,0,0,0,0,0,0,0,0,0,0,0,0,0,0,0,0,0,0,0,0,0,1,0,0,0,0,0,1,0,0,0,0,0,0,0,0,1,0,0,0,0,0,0,0,0,0,1,0,0,0,0,0,1,0,0,0,1,0,0,0,0,1,0,0,0,0,0,0,0,0,0,0,0,0,0,0,1,0,0,0,0,0,0,0,0,0,0,0,0,0,0,1,0,0,0,0,0,0,0,0,0,1,0,0,0,1,0,0,0,0,1,0,0,0,0,0,0,0,0,1,0,0,0,0,0,1,0,0,0,0,0,0,0,0,0,1,0,0,0,0,1,0
4.110873864173311,8.998384010052538,4,3,8,6,2007,2007,0.0,4,3,4,3,3,6,6.852242569051878,1,0.0,6.163314804034641,1419.0,5,1,7.258412150595307,0.0,0.0,7.258412150595307,1.0,0.0,2,0,2,1,4,7,8,1,4,2007.0,2,2.0,567.0,3,3,2,4.948759890378168,0.0,0.0,0.0,0.0,0,0.0,10,2007,7.951207156472972,3.0,0,0,1,1,1,0,0,0,0,0,1,0,0,0,0,0,0,0,0,0,0,0,0,0,1,0,0,1,0,1,0,0,1,0,0,0,0,0,1,0,0,0,0,0,0,0,0,0,0,0,0,0,0,0,0,0,0,0,0,0,0,1,0,0,0,0,1,0,0,0,0,0,0,0,0,1,0,0,0,0,0,1,0,0,0,0,0,0,1,0,0,0,0,0,0,1,0,0,0,0,1,0,0,0,0,0,0,0,0,0,0,0,0,0,0,1,0,0,0,0,0,0,0,0,0,0,0,0,0,0,1,0,0,0,0,0,0,0,0,1,0,0,0,0,1,0,0,0,0,1,0,0,0,0,0,0,0,0,1,0,1,0,0,0,0,0,0,0,0,0,0,0,1,0,0,0,0,0,0,0,1
4.127134385045092,8.933004591578547,3,3,6,5,2005,2006,5.54907608489522,4,3,4,3,3,5,3.044522437723423,1,0.0,7.202661196523238,1362.0,5,1,7.217443431696533,0.0,0.0,7.217443431696533,0.0,0.0,2,0,2,1,4,6,8,1,4,2005.0,2,2.0,460.0,3,3,2,5.262690188904886,3.367295829986474,0.0,0.0,0.0,0,0.0,6,2007,7.9102237070973445,2.0,2,1,1,1,1,1,0,0,0,0,0,0,0,0,0,0,0,0,0,0,0,0,0,0,1,0,0,1,0,0,0,1,1,0,1,0,0,0,0,0,0,0,0,0,0,0,0,0,0,0,0,0,0,0,0,1,0,0,0,0,0,0,0,0,0,0,1,0,0,0,0,0,0,0,0,1,0,0,0,0,0,0,0,0,0,1,0,0,1,0,0,0,0,0,0,1,0,0,0,0,1,0,0,0,0,0,0,0,0,0,0,0,0,0,0,0,0,0,0,1,0,0,0,0,0,0,0,0,0,0,0,0,0,0,0,1,0,0,0,0,0,1,0,0,1,0,0,0,0,1,0,0,0,0,0,0,0,0,1,0,1,0,0,0,0,0,0,0,0,0,0,0,0,0,1,0,0,0,0,1,0
4.2626798770413155,8.395477432732141,4,3,6,5,2004,2004,4.997212273764115,4,3,4,3,4,6,6.548219102762372,1,0.0,5.0238805208462765,848.0,5,1,6.744059186311348,0.0,0.0,6.744059186311348,1.0,0.0,1,0,1,1,4,3,8,1,3,2004.0,2,2.0,420.0,3,3,2,5.0106352940962555,0.0,0.0,0.0,0.0,0,0.0,5,2008,7.436617265234227,2.0,4,4,1,1,1,1,0,0,0,0,0,0,0,0,0,0,0,0,0,0,0,0,0,0,0,1,0,1,0,0,0,1,1,0,0,0,0,0,1,0,0,0,0,0,1,0,0,0,0,0,0,0,0,0,0,0,0,0,0,0,0,0,0,0,0,0,1,0,0,0,0,0,0,0,0,1,0,0,0,0,0,0,0,0,0,1,0,0,1,0,0,0,0,0,0,1,0,0,0,0,1,0,0,0,0,0,0,0,0,0,0,0,0,0,0,0,0,0,0,1,0,0,0,0,0,0,0,0,0,0,0,0,0,0,0,1,0,0,0,1,0,0,0,0,1,0,0,0,0,1,0,0,0,0,0,0,0,0,1,0,1,0,0,0,0,0,0,0,0,0,0,0,0,0,1,0,0,0,0,1,0
4.653960350157523,9.977481232444454,3,3,10,6,1994,1995,7.065613363597717,5,3,5,3,4,6,7.283448228756631,1,0.0,6.897704943128636,2444.0,5,1,7.801800401908973,7.5352967024440884,0.0,8.370315995555478,0.0,1.0,3,1,4,1,5,10,8,2,5,1994.0,3,3.0,832.0,3,3,2,5.948034989180646,3.9318256327243257,0.0,0.0,0.0,0,0.0,1,2007,8.818926087090677,4.0,13,12,1,1,1,0,0,0,0,0,0,0,0,0,0,1,0,0,0,0,0,0,0,0,1,0,0,1,0,0,0,1,1,0,1,0,0,0,0,0,0,0,0,0,0,0,0,0,0,0,0,0,0,0,1,0,0,0,0,0,0,0,0,0,0,0,1,0,0,0,0,0,0,0,0,1,0,0,0,0,0,1,0,0,0,0,0,0,0,0,0,1,0,0,0,1,0,0,0,0,0,0,0,0,0,0,1,0,0,0,0,0,0,1,0,0,0,0,0,0,0,0,0,0,0,0,0,0,1,0,0,0,0,0,0,0,0,0,0,1,0,0,0,0,1,0,0,0,0,1,0,0,0,0,0,0,0,0,1,0,1,0,0,0,0,0,0,0,0,0,0,0,0,0,1,0,0,0,0,1,0
3.7612001156935624,10.172712841637342,3,2,7,5,1989,1990,5.683579767338681,4,3,4,3,4,6,6.873163834212518,1,0.0,5.5053315359323625,1210.0,5,1,7.122059881629142,7.156176637480615,0.0,7.832014180505469,1.0,0.0,2,1,4,1,4,9,8,2,4,1989.0,2,2.0,628.0,3,3,2,5.771441123130016,3.332204510175204,0.0,0.0,0.0,0,0.0,4,2006,8.224163512637862,3.5,17,16,1,1,1,0,0,0,0,0,0,0,0,0,0,1,0,0,0,0,0,0,0,0,1,0,0,1,0,0,0,1,1,0,0,0,0,0,1,0,0,0,0,0,0,0,0,0,0,0,0,0,0,0,0,0,0,0,0,0,0,0,1,0,0,0,1,0,0,0,0,0,0,0,0,1,0,0,0,0,0,1,0,0,0,0,0,0,0,0,0,1,0,0,0,0,0,1,0,0,1,0,0,0,0,0,0,0,0,0,0,0,0,0,0,1,0,0,0,0,0,0,0,0,0,0,0,0,0,0,1,0,0,0,0,0,0,0,0,1,0,0,0,0,1,0,0,0,0,1,0,0,0,0,0,0,0,0,1,0,1,0,0,0,0,0,0,0,0,0,0,0,0,0,1,0,0,0,0,1,0
4.110873864173311,8.594339400592892,4,1,5,6,1921,1968,0.0,3,3,3,3,1,1,0.0,1,0.0,6.97914527506881,1073.0,5,1,6.97914527506881,0.0,0.0,6.97914527506881,0.0,0.0,1,0,2,1,3,4,8,0,0,1968.0,1,1.0,326.0,3,3,2,0.0,0.0,4.727387818712341,0.0,0.0,0,0.0,12,2006,7.671826797878781,1.0,85,38,1,1,0,0,0,0,0,0,0,1,0,0,0,0,0,0,0,0,0,0,0,0,1,0,0,1,0,0,0,1,1,0,1,0,0,0,0,0,0,0,0,0,0,0,0,0,0,0,0,0,0,0,0,0,1,0,0,0,0,0,0,0,0,0,1,0,0,0,0,0,0,0,0,1,0,0,0,0,0,1,0,0,0,0,0,0,1,0,0,0,0,0,0,1,0,0,0,0,1,0,0,0,0,0,0,0,0,0,0,0,0,0,0,1,0,0,0,0,0,0,0,0,0,0,0,0,0,0,1,0,0,0,0,0,0,0,0,0,1,0,1,0,0,0,0,0,0,1,0,0,0,0,0,0,0,0,1,0,0,0,0,0,1,0,0,0,0,0,0,0,0,0,1,1,0,0,0,0,0
3.9512437185814275,8.71948076085107,4,3,5,6,1936,1950,0.0,3,2,3,3,1,1,0.0,1,0.0,6.833031732786201,927.0,3,1,6.97354301952014,6.159095388491933,0.0,7.3395376954076745,0.0,0.0,1,1,3,1,3,5,8,0,0,1995.0,1,2.0,576.0,3,3,2,4.727387818712341,0.0,0.0,0.0,0.0,0,0.0,4,2009,7.810758116529357,1.5,73,59,1,1,0,0,0,0,0,0,0,0,0,0,1,0,0,0,0,0,0,0,0,0,0,1,0,1,0,0,0,1,1,0,1,0,0,0,0,0,0,0,1,0,0,0,0,0,0,0,0,0,0,0,0,0,0,0,0,0,0,0,0,0,0,0,1,0,0,0,0,0,0,0,0,1,0,0,0,0,0,1,0,0,0,0,1,0,0,0,0,0,0,0,0,1,0,0,0,0,1,0,0,0,0,0,0,0,0,0,0,0,0,0,0,0,0,0,0,0,1,0,0,0,0,0,0,0,0,0,0,0,0,0,0,0,1,0,0,0,1,0,1,0,0,0,0,0,0,1,0,0,0,0,0,0,0,0,1,0,0,0,0,0,1,0,0,0,0,0,0,0,0,0,1,0,0,0,0,1,0
4.007333185232471,9.533293058509884,3,3,6,6,1987,1987,4.290459441148391,3,3,4,4,1,6,6.8885724595653635,2,3.713572066704308,4.532599493153256,1112.0,4,1,7.037027614686276,0.0,0.0,7.037027614686276,1.0,0.0,2,0,2,1,4,5,8,1,3,1987.0,1,2.0,551.0,3,3,2,4.836281906951478,0.0,0.0,0.0,0.0,0,0.0,7,2006,7.718685495198466,3.0,19,19,1,1,1,0,0,0,0,0,1,0,0,0,0,0,0,0,0,0,0,0,0,0,1,0,0,1,0,0,0,1,1,0,0,0,0,0,1,0,0,0,0,0,0,0,0,0,0,0,0,0,0,0,0,0,0,0,0,0,0,0,1,0,0,0,1,0,0,0,0,0,0,0,0,1,0,0,0,0,0,1,0,0,0,0,0,0,1,0,0,0,0,0,0,1,0,0,0,0,1,0,0,0,0,0,0,0,0,0,0,0,0,1,0,0,0,0,0,0,0,0,0,0,0,0,0,0,1,0,0,0,0,0,0,0,0,0,0,1,0,0,0,1,0,0,0,0,0,1,0,0,0,0,0,0,0,0,1,0,1,0,0,0,0,0,0,0,0,0,0,0,0,0,1,0,0,0,0,1,0
3.9318256327243257,8.699681400989514,4,3,5,7,1921,1950,0.0,3,3,3,3,1,2,6.424869023905388,1,0.0,0.0,616.0,4,1,6.424869023905388,0.0,0.0,6.424869023905388,0.0,0.0,1,0,2,1,3,4,8,0,0,1921.0,1,1.0,205.0,3,3,2,0.0,0.0,4.867534450455582,0.0,0.0,0,0.0,6,2006,7.117205503164344,1.0,85,56,1,1,0,0,0,0,0,0,0,1,0,0,0,0,0,0,0,0,0,0,0,0,0,1,0,1,0,0,0,1,1,0,0,0,0,0,1,0,0,0,1,0,0,0,0,0,0,0,0,0,0,0,0,0,0,0,0,0,0,0,0,0,0,0,1,0,0,0,0,0,0,0,0,1,0,0,0,0,0,1,0,0,0,0,0,0,1,0,0,0,0,0,0,1,0,0,0,0,1,0,0,0,0,0,0,0,0,0,0,0,0,0,0,0,0,0,0,0,1,0,0,0,0,0,0,0,0,0,0,0,0,0,0,0,0,1,0,0,1,0,0,1,0,0,0,0,0,1,0,0,0,0,0,0,0,0,1,0,0,0,0,0,1,0,0,0,0,0,0,0,0,0,1,0,0,0,0,1,0
4.060443010546419,8.76732914779405,3,3,5,7,1952,1952,0.0,3,3,5,4,2,2,5.351858133476067,5,6.313548046277095,5.393627546352362,980.0,2,1,7.046647277848756,0.0,0.0,7.046647277848756,0.0,1.0,1,0,2,1,3,6,8,0,0,1952.0,1,1.0,308.0,3,3,2,0.0,0.0,0.0,0.0,0.0,0,0.0,9,2006,7.663407664893479,1.5,54,54,1,1,0,0,0,0,0,0,1,0,0,0,0,0,0,0,0,0,0,0,0,0,1,0,0,1,0,0,0,1,1,0,0,0,0,0,1,0,0,0,0,0,0,0,1,0,0,0,0,0,0,0,0,0,0,0,0,0,0,0,0,0,0,0,1,0,0,0,0,0,0,0,0,1,0,0,0,0,0,1,0,0,0,0,0,0,1,0,0,0,0,0,0,1,0,0,0,0,1,0,0,0,0,0,0,0,0,0,0,0,0,0,0,0,0,0,0,0,1,0,0,0,0,0,0,0,0,0,0,0,0,0,0,0,1,0,0,0,1,0,0,0,1,0,0,0,0,1,0,0,0,0,1,0,0,0,0,0,0,0,0,0,1,0,0,0,0,0,0,0,0,0,1,0,0,0,0,1,0
4.189654742026425,9.042040056544483,4,3,5,8,1965,2009,0.0,3,4,3,3,1,6,6.317164686747284,4,4.770684624465665,5.41610040220442,894.0,5,1,6.796823718274855,0.0,0.0,6.796823718274855,1.0,0.0,1,0,3,1,3,5,8,1,4,1973.0,1,1.0,336.0,3,3,2,6.0330862217988015,4.976733742420574,0.0,0.0,0.0,0,0.0,4,2010,7.489412083508719,2.0,45,1,1,1,1,0,0,0,0,0,1,0,0,0,0,0,0,0,0,0,0,0,0,0,1,0,0,1,0,0,0,1,1,0,0,0,0,0,1,0,0,0,0,0,0,0,0,0,0,0,0,0,0,0,0,0,0,0,1,0,0,0,0,0,0,0,0,0,0,1,0,0,0,0,0,1,0,0,0,0,0,1,0,0,0,0,0,0,1,0,0,0,0,0,0,1,0,0,0,0,1,0,0,0,0,0,0,0,0,0,0,0,0,0,0,1,0,0,0,0,0,0,0,0,0,0,0,0,0,0,1,0,0,0,0,0,0,0,0,0,1,0,0,1,0,0,0,0,0,1,0,0,0,0,0,0,0,0,1,0,0,0,0,0,1,0,0,0,0,0,0,0,0,0,1,0,0,0,0,1,0
4.0943445622221,8.36240897761537,2,3,7,5,2004,2004,0.0,4,3,4,3,2,6,2.833213344056216,1,0.0,7.226936018493289,1391.0,5,1,7.238496840894365,0.0,0.0,7.238496840894365,0.0,0.0,2,0,2,1,4,5,8,0,0,2004.0,2,2.0,530.0,3,3,2,5.056245805348308,5.0689042022202315,0.0,0.0,0.0,0,0.0,7,2008,7.931284761525891,2.0,4,4,1,1,0,1,0,0,0,0,0,0,0,0,0,0,0,0,0,0,0,0,1,0,0,0,0,1,0,0,0,1,1,0,0,0,0,0,1,0,0,0,0,0,0,0,0,0,0,0,0,0,0,0,0,0,0,0,0,0,1,0,0,0,0,0,1,0,0,0,0,0,0,0,0,1,0,0,0,0,0,0,0,0,0,1,0,0,1,0,0,0,0,0,0,1,0,0,0,0,1,0,0,0,0,0,0,0,0,0,0,0,0,0,0,1,0,0,0,0,0,0,0,0,0,0,0,0,0,0,1,0,0,0,0,0,0,0,0,0,1,0,0,0,1,0,0,0,0,1,0,0,0,0,0,0,0,0,1,0,1,0,0,0,0,0,0,0,0,0,0,0,0,0,1,0,0,0,0,1,0
4.454347296253507,9.570250078424845,4,3,8,5,2002,2002,6.447305862541213,4,3,5,3,4,6,7.150701457592526,1,0.0,6.267200548541362,1800.0,5,1,7.496097345175956,0.0,0.0,7.496097345175956,1.0,0.0,2,0,3,1,4,7,8,1,4,2002.0,3,3.0,765.0,3,3,2,5.602118820879701,4.3694478524670215,0.0,0.0,0.0,0,0.0,5,2006,8.188966863648876,3.0,4,4,1,1,1,0,0,0,0,0,1,0,0,0,0,0,0,0,0,0,0,0,0,0,1,0,0,1,0,0,0,1,1,0,0,0,0,0,1,0,0,0,0,0,0,0,0,0,0,0,0,0,0,0,0,0,0,0,0,0,0,0,1,0,0,0,1,0,0,0,0,0,0,0,0,1,0,0,0,0,0,1,0,0,0,0,0,0,1,0,0,0,0,0,0,0,0,1,0,0,1,0,0,0,0,0,0,0,0,0,0,0,0,0,0,0,0,0,0,1,0,0,0,0,0,0,0,0,0,0,0,0,0,0,0,1,0,0,0,1,0,0,0,0,1,0,0,0,0,1,0,0,0,0,0,0,0,0,1,0,1,0,0,0,0,0,0,0,0,0,0,0,0,0,1,0,0,0,0,1,0
4.394449154672439,9.169622538697624,4,3,7,5,1969,1969,5.1298987149230735,3,3,3,3,1,1,0.0,1,0.0,7.060476365999801,1164.0,3,1,7.060476365999801,0.0,0.0,7.060476365999801,0.0,0.0,1,1,3,1,3,6,8,0,0,1969.0,1,2.0,528.0,3,3,2,0.0,0.0,0.0,0.0,0.0,0,0.0,7,2006,7.753194269884341,1.5,37,37,1,1,0,0,0,0,0,0,1,0,0,0,0,0,0,0,0,0,0,0,0,0,1,0,0,1,0,0,0,1,1,0,0,0,0,0,1,0,0,0,0,0,0,0,0,0,0,0,0,0,0,1,0,0,0,0,0,0,0,0,0,0,0,0,1,0,0,0,0,0,0,0,0,1,0,0,0,0,0,1,0,0,0,0,0,0,1,0,0,0,0,0,0,0,0,1,0,0,1,0,0,0,0,0,0,0,0,0,0,0,0,1,0,0,0,0,0,0,0,0,0,0,0,0,0,0,1,0,0,0,0,0,0,0,0,0,0,1,0,0,0,1,0,0,0,0,0,1,0,0,0,0,0,0,0,0,1,0,1,0,0,0,0,0,1,0,0,0,0,0,0,0,0,0,0,0,0,1,0
4.418840607796598,9.428591977209965,3,3,8,5,2006,2006,6.1463292576688975,5,3,5,4,1,1,0.0,1,0.0,7.118826249062078,1234.0,5,1,7.142827401161621,7.180069874302796,0.0,7.854381210652365,0.0,0.0,2,1,4,1,5,10,8,1,4,2006.0,3,3.0,666.0,3,3,2,5.783825182329737,4.61512051684126,0.0,0.0,0.0,0,0.0,7,2006,8.24564690087386,2.5,0,0,1,1,1,0,0,0,0,0,0,0,0,0,0,1,0,0,0,0,0,0,0,0,1,0,0,1,0,0,0,1,1,0,0,0,0,0,1,0,0,0,0,0,0,0,0,0,0,0,0,0,0,0,0,0,0,0,0,0,0,1,0,0,0,0,1,0,0,0,0,0,0,0,0,1,0,0,0,0,0,1,0,0,0,0,0,0,0,0,0,1,0,0,0,0,0,1,0,0,1,0,0,0,0,0,0,0,0,0,0,0,0,0,0,0,0,0,0,1,0,0,0,0,0,0,0,0,0,0,0,0,0,0,0,1,0,0,0,1,0,0,0,0,1,0,0,0,0,1,0,0,0,0,0,0,0,0,1,0,0,0,1,0,0,0,0,0,0,0,0,0,1,0,0,0,0,0,0,0,1
4.343805421853684,8.939974177289633,4,3,5,9,1900,1996,0.0,3,4,4,3,1,1,0.0,1,0.0,5.8888779583328805,360.0,4,1,6.940222469119639,6.660575149839686,0.0,7.502738210754851,0.0,0.0,2,0,4,2,4,8,8,1,1,1999.0,1,2.0,672.0,3,3,0,5.84354441703136,0.0,3.713572066704308,0.0,0.0,0,0.0,5,2010,7.6838639802564295,2.0,110,14,1,1,1,0,0,0,0,1,0,0,0,0,0,0,0,0,0,0,0,0,0,0,0,1,0,1,0,0,0,1,1,0,0,0,0,0,1,0,0,0,0,0,0,0,0,0,0,0,0,0,0,0,0,0,1,0,0,0,0,0,0,0,0,1,0,0,0,0,0,0,0,0,0,1,0,0,0,0,0,0,1,0,0,0,0,0,0,0,0,1,0,0,0,1,0,0,0,0,1,0,0,0,0,0,0,0,0,0,0,0,0,0,0,0,0,0,0,0,1,0,0,0,0,0,0,0,0,0,0,0,0,0,0,0,1,0,0,0,1,0,1,0,0,0,0,0,0,1,0,0,0,0,0,0,0,0,1,0,0,0,0,0,1,0,0,0,0,0,0,0,0,0,1,0,0,0,0,1,0
4.2626798770413155,9.036106025364846,4,3,7,5,2004,2005,4.700480365792417,4,3,4,3,3,6,6.569481420414296,1,0.0,6.635946555686647,1473.0,5,1,7.3031700512368,0.0,0.0,7.3031700512368,1.0,0.0,2,0,3,1,4,7,8,0,0,2004.0,2,2.0,606.0,3,3,2,0.0,3.58351893845611,0.0,4.976733742420574,0.0,0,0.0,5,2010,7.992268643270745,3.0,6,5,1,1,0,0,0,0,0,0,1,0,0,0,0,0,0,0,0,0,0,0,0,0,1,0,0,1,0,0,0,1,1,0,0,0,0,0,1,0,0,0,0,0,1,0,0,0,0,0,0,0,0,0,0,0,0,0,0,0,0,0,0,0,0,0,1,0,0,0,0,0,0,0,0,1,0,0,0,0,0,1,0,0,0,0,0,0,1,0,0,0,0,0,0,1,0,0,0,0,1,0,0,0,0,0,0,0,0,0,0,0,0,0,0,0,0,0,0,1,0,0,0,0,0,0,0,0,0,0,0,0,0,0,0,1,0,0,0,1,0,0,0,0,1,0,0,0,0,1,0,0,0,0,0,0,0,0,1,0,1,0,0,0,0,0,0,0,0,0,0,0,0,0,1,0,0,0,0,1,0
4.2626798770413155,8.630700432209832,4,3,4,5,1930,1950,0.0,2,2,0,0,0,0,0.0,0,0.0,0.0,0.0,2,0,5.921578419643816,6.580639137284949,0.0,6.996681488176539,0.0,0.0,2,0,3,2,2,7,5,0,0,0.0,0,0.0,0.0,0,0,0,0.0,0.0,0.0,0.0,0.0,0,8.160803920954665,7,2010,6.996681488176539,2.0,80,60,0,0,0,0,0,0,0,1,0,0,0,0,0,0,0,0,0,0,0,0,0,0,0,1,0,1,0,0,0,1,1,0,0,0,0,0,1,0,0,0,0,0,0,0,0,0,1,0,0,0,0,0,0,0,0,0,0,0,0,0,0,0,0,0,1,0,0,0,0,0,0,0,0,1,0,0,0,0,0,0,1,0,0,0,0,0,0,0,0,1,0,0,0,0,0,1,0,0,1,0,0,0,0,0,0,0,0,0,0,0,0,0,0,0,0,0,0,1,0,0,0,0,0,0,0,0,0,0,0,0,0,0,0,0,0,1,0,0,1,0,0,0,0,1,0,0,0,1,0,0,0,0,0,0,0,0,1,0,0,0,0,0,0,1,0,0,0,0,0,0,0,0,1,0,0,0,0,1,0
4.394449154672439,11.65399090524883,2,1,7,5,1971,2002,5.863631175598097,3,3,4,3,4,6,7.106606137727303,1,0.0,6.052089168924417,1643.0,3,1,7.509335266016592,0.0,0.0,7.509335266016592,1.0,0.0,2,0,2,1,4,5,8,2,3,1971.0,1,2.0,739.0,3,3,2,5.942799375126701,3.8918202981106265,0.0,0.0,0.0,0,0.0,6,2007,8.151333337900432,3.0,36,5,1,1,1,0,0,0,0,0,1,0,0,0,0,0,0,0,0,0,0,0,0,0,1,0,0,1,0,0,1,0,1,0,0,1,0,0,0,0,0,0,0,1,0,0,0,0,0,0,0,0,0,0,0,0,0,0,0,0,0,0,0,0,0,0,1,0,0,0,0,0,0,0,0,1,0,0,0,0,0,1,0,0,0,0,0,0,1,0,0,0,0,0,0,1,0,0,0,0,1,0,0,0,0,0,0,0,0,0,0,0,0,0,0,0,1,0,0,0,0,0,0,0,0,0,0,0,0,0,0,0,1,0,0,0,0,0,0,0,0,1,0,1,0,0,0,0,0,1,0,0,0,0,0,0,0,0,1,0,1,0,0,0,0,0,0,0,0,0,0,0,0,0,1,0,0,0,0,1,0
3.8918202981106265,8.738895704934043,4,3,8,5,2006,2006,5.176149732573829,4,3,4,3,1,6,6.761572768804055,1,0.0,6.135564891081739,1324.0,5,1,7.1891677384203225,0.0,0.0,7.1891677384203225,1.0,0.0,2,0,2,1,4,6,8,1,4,2006.0,3,2.0,550.0,3,3,2,5.262690188904886,3.6635616461296463,0.0,0.0,0.0,0,0.0,12,2009,7.88193748927207,3.0,3,3,1,1,1,1,0,0,0,0,0,0,0,0,0,0,0,0,0,0,0,0,0,0,1,0,0,1,0,0,0,1,1,0,0,0,0,0,1,0,0,0,0,0,0,0,0,0,0,0,0,0,0,0,0,1,0,0,0,0,0,0,0,0,0,0,1,0,0,0,0,0,0,0,0,1,0,0,0,0,0,0,0,0,0,1,0,0,1,0,0,0,0,0,0,0,0,1,0,0,1,0,0,0,0,0,0,0,0,0,0,0,0,0,0,1,0,0,0,0,0,0,0,0,0,0,0,0,0,0,1,0,0,0,0,0,0,0,0,1,0,0,0,0,1,0,0,0,0,1,0,0,0,0,0,0,0,0,1,0,1,0,0,0,0,0,0,0,0,0,0,0,0,0,1,0,0,0,0,1,0
4.189654742026425,9.107088742165708,3,3,7,5,2007,2007,0.0,4,3,4,3,3,1,0.0,1,0.0,6.591673732008658,728.0,5,1,6.591673732008658,6.591673732008658,0.0,7.284134806195205,0.0,0.0,2,1,3,1,4,8,8,1,4,2007.0,3,2.0,400.0,3,3,2,4.61512051684126,3.2188758248682006,0.0,0.0,0.0,0,0.0,7,2007,7.68937110752969,2.5,0,0,1,1,1,0,0,0,0,0,0,0,0,0,0,1,0,0,0,0,0,0,0,0,1,0,0,1,0,0,0,1,1,0,0,0,0,0,1,0,0,0,0,0,0,0,0,1,0,0,0,0,0,0,0,0,0,0,0,0,0,0,0,0,0,0,1,0,0,0,0,0,0,0,0,1,0,0,0,0,0,1,0,0,0,0,0,0,0,0,0,1,0,0,0,0,0,1,0,0,1,0,0,0,0,0,0,0,0,0,0,0,0,0,0,0,0,0,0,1,0,0,0,0,0,0,0,0,0,0,0,0,0,0,0,1,0,0,0,0,1,0,0,0,1,0,0,0,0,1,0,0,0,0,0,0,0,0,1,0,1,0,0,0,0,0,0,0,0,0,0,0,1,0,0,0,0,0,0,0,1
4.276666119016055,8.876684166614451,3,3,5,7,1966,1966,3.7376696182833684,3,3,3,3,1,1,0.0,1,0.0,6.776506992372183,876.0,3,1,6.807934943699926,0.0,0.0,6.807934943699926,0.0,0.0,1,0,3,1,3,6,8,0,0,1966.0,1,1.0,408.0,3,3,2,0.0,0.0,0.0,0.0,0.0,0,0.0,12,2008,7.484930283289661,1.0,42,42,1,1,0,0,0,0,0,0,1,0,0,0,0,0,0,0,0,0,0,0,0,0,1,0,0,1,0,0,0,1,1,0,0,0,0,0,1,0,0,0,0,0,0,0,0,0,0,0,0,0,0,0,0,0,0,0,1,0,0,0,0,0,0,0,1,0,0,0,0,0,0,0,0,1,0,0,0,0,0,1,0,0,0,0,0,0,1,0,0,0,0,0,0,1,0,0,0,0,1,0,0,0,0,0,0,0,0,0,0,0,0,1,0,0,0,0,0,0,0,0,0,0,0,0,0,0,1,0,0,0,0,0,0,0,0,0,1,0,0,0,0,0,1,0,0,0,0,1,0,0,0,0,0,0,0,0,1,0,1,0,0,0,0,0,0,0,0,0,0,0,0,0,1,1,0,0,0,0,0
4.04305126783455,8.326274787396764,3,3,3,6,1935,2003,0.0,4,3,3,3,1,1,0.0,1,0.0,5.602118820879701,270.0,4,1,6.593044534142437,0.0,0.0,6.593044534142437,0.0,0.0,1,0,2,1,3,5,3,0,0,0.0,0,0.0,0.0,0,0,0,0.0,0.0,0.0,0.0,0.0,0,0.0,7,2008,6.907755278982137,1.0,73,5,0,1,0,0,0,0,0,0,0,1,0,0,0,0,0,0,0,0,0,0,0,0,1,0,0,1,0,0,0,1,1,0,0,0,0,0,1,0,0,0,1,0,0,0,0,0,0,0,0,0,0,0,0,0,0,0,0,0,0,0,0,0,0,0,1,0,0,0,0,0,0,0,0,1,0,0,0,0,0,1,0,0,0,0,0,0,1,0,0,0,0,0,0,1,0,0,0,0,1,0,0,0,0,0,0,0,0,0,0,0,0,0,0,0,0,0,0,1,0,0,0,0,0,0,0,0,0,0,0,0,0,0,0,1,0,0,0,0,1,0,0,1,0,0,0,0,0,1,0,0,0,0,0,0,0,0,1,0,0,0,0,0,0,1,0,0,0,0,0,0,0,0,1,0,0,0,0,1,0
4.204692619390966,9.072571442231286,4,2,4,7,1900,1950,0.0,3,3,3,3,2,1,0.0,1,0.0,6.756932389247553,859.0,4,1,6.756932389247553,5.768320995793772,0.0,7.072421900537371,0.0,0.0,1,0,2,1,3,7,8,0,0,1964.0,2,1.0,384.0,3,3,0,4.23410650459726,0.0,4.59511985013459,0.0,0.0,0,0.0,1,2010,7.61972421378267,1.0,110,60,1,1,0,0,0,0,0,0,0,0,0,0,1,0,0,0,0,0,0,1,0,0,0,0,0,1,0,1,0,0,1,0,0,0,0,0,1,0,0,0,0,0,0,0,0,0,1,0,0,0,0,0,0,0,0,0,0,0,0,0,0,0,0,0,1,0,0,0,0,0,0,0,0,1,0,0,0,0,0,1,0,0,0,0,1,0,0,0,0,0,0,0,0,1,0,0,0,0,1,0,0,0,0,0,0,0,0,0,0,0,0,0,0,1,0,0,0,0,0,0,0,0,0,0,0,0,0,0,1,0,0,0,0,0,0,0,0,0,1,0,0,0,0,0,1,0,0,1,0,0,0,0,0,0,0,0,1,0,0,0,0,0,1,0,0,0,0,0,0,0,0,0,1,1,0,0,0,0,0
3.713572066704308,8.449342524508063,3,3,8,5,1988,1989,0.0,4,3,4,3,2,6,6.643789733147672,1,0.0,6.135564891081739,1228.0,4,1,7.113956109566034,0.0,0.0,7.113956109566034,1.0,0.0,2,0,2,1,4,5,8,1,4,1988.0,3,2.0,472.0,3,3,2,5.1298987149230735,4.795790545596741,0.0,0.0,0.0,0,0.0,10,2008,7.806696372521179,3.0,20,19,1,1,1,1,0,0,0,0,0,0,0,0,0,0,0,0,0,0,0,0,0,0,1,0,0,1,0,1,0,0,1,0,0,0,0,0,1,0,0,0,0,0,0,0,0,0,0,0,0,0,0,0,0,0,0,0,0,0,0,1,0,0,0,0,1,0,0,0,0,0,0,0,0,1,0,0,0,0,0,0,0,0,0,1,0,0,1,0,0,0,0,0,0,1,0,0,0,0,1,0,0,0,0,0,0,0,0,0,0,0,0,1,0,0,0,0,0,0,0,0,0,0,0,0,0,0,1,0,0,0,0,0,0,0,0,0,0,0,1,0,0,0,1,0,0,0,0,1,0,0,0,0,0,0,0,0,1,0,1,0,0,0,0,0,0,0,0,0,0,0,0,0,1,0,0,0,0,1,0
4.110873864173311,9.197660318818809,4,3,4,5,1970,1970,5.081404364984463,3,3,3,3,3,5,6.672032945461067,1,0.0,5.147494476813453,960.0,3,0,6.8679744089702925,0.0,0.0,6.8679744089702925,1.0,0.0,1,0,3,1,3,6,8,0,0,1970.0,1,2.0,576.0,3,3,2,0.0,5.666426688112432,0.0,0.0,0.0,0,0.0,5,2006,7.560601162768557,2.0,36,36,1,1,0,0,0,0,0,1,0,0,0,0,0,0,0,0,0,0,0,0,0,0,1,0,0,1,0,0,0,1,1,0,0,0,0,0,1,0,0,0,1,0,0,0,0,0,0,0,0,0,0,0,0,0,0,0,0,0,0,0,0,0,0,0,0,0,0,0,1,0,0,0,0,1,0,0,0,0,0,0,1,0,0,0,0,0,1,0,0,0,0,0,0,1,0,0,0,0,1,0,0,0,0,0,0,0,0,0,0,0,0,1,0,0,0,0,0,0,0,0,0,0,0,0,0,0,1,0,0,0,0,0,0,0,0,0,0,1,0,0,0,1,0,0,0,0,0,0,1,0,0,0,0,0,0,0,1,0,0,0,0,0,1,0,0,0,0,0,0,0,0,0,1,0,0,0,0,1,0
4.276666119016055,9.511777409660299,3,3,6,8,1976,2005,5.66988092298052,4,3,3,3,1,6,6.280395838960195,1,0.0,5.262690188904886,725.0,5,1,6.587550014824796,6.626717749249025,0.0,7.299797366758161,0.0,0.0,2,1,3,1,4,6,8,0,0,1976.0,2,2.0,475.0,3,3,2,0.0,3.8066624897703196,0.0,0.0,0.0,0,0.0,3,2010,7.6984827878809465,2.5,34,5,1,1,0,0,0,0,0,0,0,0,0,0,0,1,0,0,0,0,0,0,0,0,1,0,0,1,0,0,0,1,1,0,0,1,0,0,0,0,0,0,0,0,0,0,0,0,0,0,0,0,0,0,0,0,0,0,1,0,0,0,0,0,0,0,0,0,0,1,0,0,0,0,0,1,0,0,0,0,0,1,0,0,0,0,0,0,0,0,0,1,0,0,0,1,0,0,0,0,1,0,0,0,0,0,0,0,0,0,0,0,0,1,0,0,0,0,0,0,0,0,0,0,0,0,0,0,0,0,0,0,1,0,0,0,0,0,0,1,0,0,0,1,0,0,0,0,0,1,0,0,0,0,0,0,0,0,1,0,1,0,0,0,0,0,0,0,0,0,0,0,0,0,1,0,0,0,0,1,0
4.3694478524670215,9.224341891611996,4,3,6,5,1974,1974,5.1647859739235145,3,3,4,3,1,1,0.0,1,0.0,6.970730078143525,1064.0,3,1,7.208600337960199,0.0,0.0,7.208600337960199,0.0,0.0,2,0,3,1,3,7,8,1,3,1974.0,2,2.0,478.0,3,3,2,0.0,0.0,0.0,0.0,0.0,0,0.0,8,2009,7.789454566086673,2.0,35,35,1,1,1,0,0,0,0,0,1,0,0,0,0,0,0,0,0,0,0,0,0,0,1,0,0,1,0,0,0,1,1,0,0,0,0,0,1,0,0,0,0,0,0,0,0,0,0,0,0,0,0,1,0,0,0,0,0,0,0,0,0,0,0,0,1,0,0,0,0,0,0,0,0,1,0,0,0,0,0,1,0,0,0,0,0,0,1,0,0,0,0,0,0,0,0,1,0,0,1,0,0,0,0,0,0,0,0,0,0,0,0,1,0,0,0,0,0,0,0,0,0,0,0,0,0,0,1,0,0,0,0,0,0,0,0,0,0,1,0,0,0,1,0,0,0,0,0,1,0,0,0,0,0,0,0,0,1,0,1,0,0,0,0,0,0,0,0,0,0,0,0,0,1,0,0,0,0,1,0
4.110873864173311,9.287394001418473,4,3,7,8,1890,1998,0.0,3,4,3,3,1,1,0.0,1,0.0,6.577861357721047,718.0,5,1,7.3632795869630385,6.88653164253051,0.0,7.845807502637805,0.0,0.0,1,1,3,1,3,8,8,0,0,1996.0,1,2.0,704.0,3,3,1,0.0,3.8918202981106265,4.969813299576001,0.0,0.0,0,0.0,7,2007,8.09346227450118,1.5,117,9,1,1,0,0,0,0,0,0,0,0,0,0,0,0,1,0,0,0,0,0,0,0,0,1,0,1,1,0,0,0,1,0,0,0,0,0,1,0,0,0,0,0,0,0,0,0,0,0,0,0,0,0,0,0,1,0,0,0,0,0,0,0,0,0,1,0,0,0,0,0,0,0,0,1,0,0,0,0,0,1,0,0,0,0,0,0,0,0,0,1,0,0,0,1,0,0,0,0,1,0,0,0,0,0,0,0,0,0,0,0,0,0,0,0,0,0,0,0,1,0,0,0,0,0,0,0,0,0,0,0,0,0,0,1,0,0,0,0,1,0,1,0,0,0,0,0,0,1,0,0,0,0,0,0,0,0,1,0,0,0,0,0,1,0,0,0,0,0,0,0,0,0,1,0,0,0,0,1,0
4.394449154672439,9.210440366976517,4,3,5,6,1973,2000,0.0,3,3,4,3,1,4,6.98933526597456,1,0.0,4.532599493153256,1176.0,4,1,7.072421900537371,0.0,0.0,7.072421900537371,0.0,1.0,1,1,3,1,4,5,8,1,2,1973.0,1,2.0,439.0,3,3,2,5.41610040220442,0.0,0.0,0.0,0.0,0,0.0,11,2008,7.764296006450518,2.0,35,8,1,1,1,0,0,0,0,0,1,0,0,0,0,0,0,0,0,0,0,0,0,0,1,0,0,1,0,0,0,1,1,0,0,0,0,0,1,0,0,0,0,0,0,0,0,0,0,0,0,0,0,1,0,0,0,0,0,0,0,0,0,0,0,0,1,0,0,0,0,0,0,0,0,1,0,0,0,0,0,1,0,0,0,0,0,0,1,0,0,0,0,0,0,1,0,0,0,0,1,0,0,0,0,0,0,0,0,0,0,0,0,1,0,0,0,0,0,0,0,0,0,0,0,0,0,0,1,0,0,0,0,0,0,0,0,0,0,0,1,0,0,1,0,0,0,0,0,1,0,0,0,0,0,0,0,0,1,0,1,0,0,0,0,0,0,0,0,0,0,0,0,0,1,0,0,0,0,1,0
4.574710978503383,9.26321741157695,4,3,7,5,1993,1994,6.480044561926653,4,3,4,3,4,6,7.068172000388042,1,0.0,4.9344739331306915,1311.0,5,1,7.189922170745808,6.9975959829819265,0.0,7.791109510610028,1.0,0.0,2,1,3,1,4,9,8,1,3,1993.0,2,3.0,983.0,3,3,2,5.5254529391317835,5.043425116919247,5.37989735354046,0.0,0.0,0,0.0,8,2008,8.224163512637862,3.5,15,14,1,1,1,0,0,0,0,0,0,0,0,0,0,1,0,0,0,0,0,0,0,0,1,0,0,1,0,0,0,1,1,0,0,0,0,0,1,0,0,0,0,0,0,0,0,0,0,0,0,0,0,0,1,0,0,0,0,0,0,0,0,0,0,0,1,0,0,0,0,0,0,0,0,1,0,0,0,0,0,1,0,0,0,0,0,0,0,0,0,1,0,0,0,0,0,1,0,0,1,0,0,0,0,0,0,0,0,0,0,0,0,0,0,0,0,0,0,0,1,0,0,0,0,0,0,0,0,1,0,0,0,0,0,0,0,0,0,1,0,0,0,0,1,0,0,0,0,1,0,0,0,0,0,0,0,0,1,0,1,0,0,0,0,0,0,0,0,0,0,0,0,0,1,0,0,0,0,1,0
4.248495242049359,9.202409001649903,3,3,5,6,1969,1969,0.0,3,3,4,3,4,5,6.261491684321042,1,0.0,6.1070228877422545,971.0,3,1,6.879355804460439,0.0,0.0,6.879355804460439,0.0,0.0,1,1,3,1,3,5,8,1,1,1969.0,1,1.0,300.0,3,3,2,0.0,0.0,0.0,0.0,0.0,0,0.0,5,2006,7.57198844937744,1.5,37,37,1,1,1,0,0,0,0,0,1,0,0,0,0,0,0,0,0,0,0,0,0,0,1,0,0,1,0,0,0,1,1,0,0,0,0,0,1,0,0,0,0,0,1,0,0,0,0,0,0,0,0,0,0,0,0,0,0,0,0,0,0,0,0,0,1,0,0,0,0,0,0,0,0,1,0,0,0,0,0,1,0,0,0,0,0,0,1,0,0,0,0,0,0,1,0,0,0,0,1,0,0,0,0,0,0,0,0,0,0,0,0,1,0,0,0,0,0,0,0,0,0,0,0,0,0,0,0,0,0,0,1,0,0,0,0,0,0,0,1,0,0,1,0,0,0,0,0,1,0,0,0,0,0,0,0,0,1,0,1,0,0,0,0,0,0,0,0,0,0,0,0,0,1,0,0,0,0,1,0
4.135166556742356,8.789355452209982,3,2,8,5,1985,1985,0.0,4,3,4,3,4,6,7.046647277848756,1,0.0,6.38856140554563,1742.0,3,1,7.463363045520021,0.0,0.0,7.463363045520021,1.0,0.0,2,0,2,1,4,5,8,1,3,1985.0,2,2.0,564.0,3,3,2,4.74493212836325,3.367295829986474,5.459585514144159,0.0,0.0,0,0.0,12,2006,8.156223323194624,3.0,21,21,1,1,1,1,0,0,0,0,0,0,0,0,0,0,0,0,0,0,0,0,0,0,1,0,0,1,0,0,1,0,1,0,0,1,0,0,0,0,0,0,0,0,0,0,0,0,0,0,0,0,0,0,0,0,0,0,0,0,0,1,0,0,0,0,1,0,0,0,0,0,0,0,0,1,0,0,0,0,0,1,0,0,0,0,0,0,1,0,0,0,0,0,0,1,0,0,0,0,1,0,0,0,0,0,0,0,0,0,0,0,0,1,0,0,0,0,0,0,0,0,0,0,0,0,0,0,1,0,0,0,0,0,0,0,0,0,0,0,1,0,0,0,1,0,0,0,0,1,0,0,0,0,0,0,0,0,1,0,1,0,0,0,0,0,0,0,0,0,0,0,0,0,1,0,0,0,0,1,0
4.2626798770413155,8.395477432732141,4,3,6,5,2004,2004,5.135798437050262,4,3,4,3,3,6,6.4967749901858625,1,0.0,5.231108616854587,848.0,5,1,6.744059186311348,0.0,0.0,6.744059186311348,1.0,0.0,1,0,1,1,4,3,8,0,0,2004.0,2,2.0,420.0,3,3,2,5.081404364984463,0.0,0.0,0.0,0.0,0,0.0,5,2010,7.436617265234227,2.0,6,6,1,1,0,1,0,0,0,0,0,0,0,0,0,0,0,0,0,0,0,0,0,0,0,1,0,1,0,0,0,1,1,0,0,0,0,0,1,0,0,0,0,0,1,0,0,0,0,0,0,0,0,0,0,0,0,0,0,0,0,0,0,0,0,0,1,0,0,0,0,0,0,0,0,1,0,0,0,0,0,0,0,0,0,1,0,0,1,0,0,0,0,0,0,1,0,0,0,0,1,0,0,0,0,0,0,0,0,0,0,0,0,0,0,0,0,0,0,1,0,0,0,0,0,0,0,0,0,0,0,0,0,0,0,1,0,0,0,1,0,0,0,0,1,0,0,0,0,1,0,0,0,0,0,0,0,0,1,0,1,0,0,0,0,0,0,0,0,0,0,0,0,0,1,0,0,0,0,1,0
4.2626798770413155,9.002208578282412,4,3,4,7,1970,1970,0.0,3,4,3,3,1,5,5.2574953720277815,1,0.0,6.513230110912307,864.0,5,1,6.762729506931879,0.0,0.0,6.762729506931879,0.0,0.0,1,0,3,1,3,5,8,0,0,1994.0,1,2.0,463.0,3,3,2,0.0,0.0,0.0,0.0,0.0,0,0.0,7,2009,7.455298485683291,1.0,39,39,1,1,0,0,0,0,0,0,1,0,0,0,0,0,0,0,0,0,0,0,0,0,1,0,0,1,0,0,0,1,1,0,0,0,0,0,1,0,0,0,0,0,0,0,0,0,0,0,0,1,0,0,0,0,0,0,0,0,0,0,0,0,0,0,1,0,0,0,0,0,0,0,0,1,0,0,0,0,0,1,0,0,0,0,0,0,1,0,0,0,0,0,0,1,0,0,0,0,1,0,0,0,0,0,0,0,0,0,0,0,0,0,0,1,0,0,0,0,0,0,0,0,0,0,0,0,0,0,1,0,0,0,0,0,0,0,0,0,1,0,0,1,0,0,0,0,0,1,0,0,0,0,0,0,0,0,1,0,0,0,0,0,1,0,0,0,0,0,0,0,0,0,1,0,0,0,0,1,0
4.110873864173311,9.00859131751613,4,3,4,6,1954,1972,0.0,3,3,3,3,1,1,0.0,1,0.0,6.848005274576363,941.0,5,1,6.905753276311464,6.161207321695077,0.0,7.293697720601438,0.0,0.0,2,0,4,1,3,7,8,0,0,1958.0,1,1.0,548.0,3,3,2,0.0,0.0,0.0,0.0,5.056245805348308,0,0.0,5,2008,7.788211557847076,2.0,54,36,1,1,0,0,0,0,0,0,0,0,0,0,1,0,0,0,0,0,0,0,0,0,1,0,0,1,0,0,0,1,1,0,0,0,0,0,1,0,0,0,0,0,0,0,1,0,0,0,0,0,0,0,0,0,0,0,0,0,0,0,0,0,0,0,1,0,0,0,0,0,0,0,0,1,0,0,0,0,0,1,0,0,0,0,1,0,0,0,0,0,0,0,0,1,0,0,0,0,1,0,0,0,0,0,0,0,0,0,0,0,0,0,0,1,0,0,0,0,0,0,0,0,0,0,0,0,0,0,1,0,0,0,0,0,0,0,0,0,1,0,0,0,1,0,0,0,0,1,0,0,0,0,0,0,0,0,1,0,0,0,0,0,1,0,0,0,0,0,0,0,0,0,1,0,0,0,0,1,0
4.465908118654584,9.494541392591309,3,3,9,5,2007,2008,5.831882477283517,5,3,5,3,1,6,7.118826249062078,1,0.0,6.142037405587356,1698.0,5,1,7.4377951216719325,0.0,0.0,7.4377951216719325,1.0,0.0,2,0,3,1,5,8,8,1,4,2007.0,3,3.0,768.0,3,3,2,5.793013608384144,4.174387269895637,0.0,0.0,0.0,0,0.0,2,2009,8.130647968160584,3.0,2,1,1,1,1,0,0,0,0,0,1,0,0,0,0,0,0,0,0,0,0,0,0,0,1,0,0,1,0,0,0,1,1,0,0,0,0,0,1,0,0,0,0,0,0,0,1,0,0,0,0,0,0,0,0,0,0,0,0,0,0,0,0,0,0,0,1,0,0,0,0,0,0,0,0,1,0,0,0,0,0,1,0,0,0,0,0,0,1,0,0,0,0,0,0,0,0,1,0,0,1,0,0,0,0,0,0,0,0,0,0,0,1,0,0,0,0,0,0,0,0,0,0,0,0,0,0,1,0,0,0,0,0,0,0,0,0,0,0,0,0,1,0,0,1,0,0,0,0,1,0,0,0,0,0,0,0,0,1,0,1,0,0,0,0,0,0,0,0,0,0,0,0,0,1,0,0,0,0,1,0
4.110873864173311,8.848078421168667,4,3,4,6,1970,1970,0.0,3,3,3,3,1,5,5.929589143389895,4,5.480638923341991,5.5254529391317835,864.0,3,1,6.762729506931879,0.0,0.0,6.762729506931879,0.0,0.0,1,0,3,1,4,5,8,0,0,1989.0,1,2.0,660.0,3,3,2,4.574710978503383,0.0,0.0,0.0,0.0,0,6.2166061010848646,11,2009,7.455298485683291,1.0,39,39,1,1,0,0,0,0,0,0,1,0,0,0,0,0,0,0,0,0,0,0,0,0,1,0,0,1,0,0,0,1,1,0,0,0,0,0,1,0,0,0,0,0,0,0,0,0,0,0,0,1,0,0,0,0,0,0,0,0,0,0,0,0,0,0,1,0,0,0,0,0,0,0,0,1,0,0,0,0,0,1,0,0,0,0,0,0,1,0,0,0,0,0,0,1,0,0,0,0,1,0,0,0,0,0,0,0,0,0,0,0,0,1,0,0,0,0,0,0,0,0,0,0,0,0,0,0,0,0,0,0,1,0,0,0,0,0,0,0,1,0,0,1,0,0,0,0,0,1,0,0,0,0,0,0,0,0,1,0,0,0,0,0,1,0,0,0,0,0,0,0,0,0,1,0,0,0,0,1,0
4.31748811353631,9.984883190740122,3,3,6,9,1988,2007,5.564520407322694,4,4,4,3,1,6,6.695798917058491,1,0.0,4.290459441148391,880.0,5,1,7.427144133408616,0.0,0.0,7.427144133408616,1.0,0.0,2,0,3,1,4,5,8,1,4,1988.0,3,2.0,540.0,3,3,2,5.680172609017068,3.8066624897703196,0.0,5.209486152841421,0.0,0,0.0,12,2009,7.848153086199526,3.0,21,2,1,1,1,0,0,0,0,0,1,0,0,0,0,0,0,0,0,0,0,0,0,0,1,0,0,1,0,0,0,1,1,0,1,0,0,0,0,0,0,0,0,0,0,1,0,0,0,0,0,0,0,0,0,0,0,0,0,0,0,0,0,0,0,0,1,0,0,0,0,0,0,0,0,1,0,0,0,0,0,1,0,0,0,0,0,0,1,0,0,0,0,0,0,0,0,1,0,0,1,0,0,0,0,0,0,0,0,0,0,0,0,0,0,0,0,0,0,0,1,0,0,0,0,0,0,0,0,0,0,0,1,0,0,0,0,0,0,1,0,0,0,1,0,0,0,0,0,1,0,0,0,0,0,0,0,0,1,0,1,0,0,0,0,0,0,0,0,0,0,0,0,0,1,0,0,0,0,1,0
4.174387269895637,8.897682313454224,4,3,7,5,2007,2007,4.418840607796598,4,3,4,3,3,6,6.586171654854675,1,0.0,6.2324480165505225,1232.0,5,1,7.117205503164344,0.0,0.0,7.117205503164344,1.0,0.0,2,0,2,1,4,6,8,0,0,2007.0,2,2.0,632.0,3,3,2,4.890349128221754,0.0,0.0,0.0,0.0,0,0.0,2,2009,7.80994708647679,3.0,2,2,1,1,0,0,0,0,0,0,1,0,0,0,0,0,0,0,0,0,0,0,0,0,1,0,0,1,0,0,0,1,1,0,0,0,0,0,1,0,0,0,0,0,1,0,0,0,0,0,0,0,0,0,0,0,0,0,0,0,0,0,0,0,0,0,1,0,0,0,0,0,0,0,0,1,0,0,0,0,0,1,0,0,0,0,0,0,1,0,0,0,0,0,0,1,0,0,0,0,1,0,0,0,0,0,0,0,0,0,0,0,0,0,0,0,0,0,0,1,0,0,0,0,0,0,0,0,0,0,0,0,0,0,0,1,0,0,0,0,0,1,0,0,1,0,0,0,0,1,0,0,0,0,0,0,0,0,1,0,1,0,0,0,0,0,0,0,0,0,0,0,0,0,1,0,0,0,0,1,0
4.454347296253507,9.348013177101256,4,3,5,5,1958,1958,4.564348191467836,3,3,3,3,1,1,0.0,1,0.0,7.368339686311381,1584.0,3,1,7.482681828154651,0.0,0.0,7.482681828154651,1.0,0.0,2,0,4,2,3,9,8,0,0,1968.0,1,3.0,888.0,3,3,2,0.0,3.258096538021482,0.0,0.0,0.0,0,0.0,7,2009,8.119993827725105,3.0,51,51,1,1,0,0,0,0,0,0,0,0,0,0,0,0,0,0,0,0,1,0,0,0,1,0,0,1,0,0,0,1,1,0,1,0,0,0,0,0,0,0,0,0,0,0,0,0,0,0,0,1,0,0,0,0,0,0,0,0,0,0,0,0,0,0,1,0,0,0,0,0,0,0,0,1,0,0,0,0,0,0,0,1,0,0,0,0,1,0,0,0,0,0,0,1,0,0,0,0,1,0,0,0,0,0,0,0,0,0,0,0,0,0,0,0,0,0,0,1,0,0,0,0,0,0,0,0,0,0,0,0,0,0,0,1,0,0,0,1,0,0,0,1,0,0,0,0,0,1,0,0,0,0,0,0,0,0,1,0,0,0,0,0,1,0,1,0,0,0,0,0,0,0,0,1,0,0,0,0,0
3.970291913552122,8.738895704934043,4,3,4,5,1925,1950,0.0,3,3,3,3,1,4,5.030437921392435,1,0.0,6.444131256700441,780.0,3,1,6.744059186311348,0.0,5.8888779583328805,7.097548850614793,0.0,0.0,1,0,2,1,3,5,8,0,0,1962.0,1,2.0,539.0,3,3,2,0.0,3.1780538303479458,4.727387818712341,0.0,0.0,0,0.0,1,2009,7.395721608602045,1.0,84,59,1,1,0,0,0,0,0,0,0,1,0,0,0,0,0,0,0,0,0,0,0,0,0,1,0,1,0,0,0,1,1,0,0,0,0,0,1,0,0,0,0,0,0,0,0,0,1,0,0,0,0,0,0,0,0,0,0,0,0,0,0,0,0,0,1,0,0,0,0,0,0,0,0,1,0,0,0,0,0,1,0,0,0,0,1,0,0,0,0,0,0,0,0,1,0,0,0,0,1,0,0,0,0,0,0,0,0,0,0,0,0,0,0,1,0,0,0,0,0,0,0,0,0,0,0,0,0,0,1,0,0,0,0,0,0,0,0,0,1,0,0,1,0,0,0,0,0,1,0,0,0,0,1,0,0,0,0,0,0,0,0,0,1,0,0,0,0,0,0,0,0,0,1,0,0,0,0,1,0
3.6888794541139363,8.592300663903043,3,3,8,5,1995,1996,0.0,4,3,4,3,1,6,7.074116816197362,1,0.0,6.030685260261263,1595.0,5,1,7.388327859577107,0.0,0.0,7.388327859577107,1.0,0.0,2,0,2,1,4,5,8,1,3,1995.0,2,2.0,608.0,3,3,2,5.472270673671475,5.030437921392435,0.0,0.0,0.0,0,0.0,3,2010,8.074649075066652,3.0,15,14,1,1,1,1,0,0,0,0,0,0,0,0,0,0,0,0,0,0,0,0,0,0,1,0,0,1,0,0,0,1,1,0,0,0,0,0,1,0,0,0,0,0,0,0,0,0,0,0,0,0,0,0,0,0,0,0,0,0,0,1,0,0,0,0,1,0,0,0,0,0,0,0,0,1,0,0,0,0,0,0,0,0,0,1,0,0,1,0,0,0,0,0,0,1,0,0,0,0,1,0,0,0,0,0,0,0,0,0,0,0,1,0,0,0,0,0,0,0,0,0,0,0,0,0,0,1,0,0,0,0,0,0,0,0,0,0,0,0,1,0,0,0,1,0,0,0,0,1,0,0,0,0,0,0,0,0,1,0,1,0,0,0,0,0,0,0,0,0,0,0,0,0,1,0,0,0,0,1,0
4.30406509320417,9.16858043772795,3,3,7,5,2003,2003,6.093569770045136,4,3,5,3,3,6,6.668228248417403,1,0.0,4.418840607796598,868.0,5,1,7.044905117129371,0.0,0.0,7.044905117129371,1.0,0.0,2,0,3,1,4,6,8,1,4,2003.0,3,2.0,438.0,3,3,2,5.081404364984463,3.1354942159291497,0.0,0.0,0.0,0,0.0,5,2007,7.608374474380783,3.0,4,4,1,1,1,0,0,0,0,0,0,0,0,0,0,0,0,0,1,0,0,0,0,0,1,0,0,1,0,0,0,1,1,0,1,0,0,0,0,0,0,0,0,0,0,0,0,0,0,0,0,0,0,0,0,0,0,0,0,0,0,0,1,0,0,0,1,0,0,0,0,0,0,0,0,1,0,0,0,0,0,1,0,0,0,0,0,0,0,0,0,0,0,1,0,1,0,0,0,0,1,0,0,0,0,0,0,0,0,0,0,0,0,0,0,0,0,0,0,1,0,0,0,0,0,0,0,0,0,0,0,0,0,0,0,1,0,0,0,1,0,0,0,0,1,0,0,0,0,1,0,0,0,0,0,0,0,0,1,0,1,0,0,0,0,0,0,0,0,0,0,0,0,0,1,0,0,0,0,1,0
4.330733340286331,9.341807134718488,3,3,7,5,1998,1999,5.313205979041787,4,3,4,3,3,5,5.53338948872752,1,0.0,6.804614520062624,1153.0,5,1,7.050989447068045,6.778784897685177,0.0,7.616775808698373,0.0,0.0,2,1,3,1,4,8,8,1,3,1998.0,3,2.0,541.0,3,3,2,5.262690188904886,4.442651256490317,0.0,0.0,0.0,0,0.0,7,2008,8.066207568006265,2.5,10,9,1,1,1,0,0,0,0,0,0,0,0,0,0,1,0,0,0,0,0,0,0,0,1,0,0,1,0,0,0,1,1,0,0,0,0,0,1,0,0,0,0,0,1,0,0,0,0,0,0,0,0,0,0,0,0,0,0,0,0,0,0,0,0,0,1,0,0,0,0,0,0,0,0,1,0,0,0,0,0,1,0,0,0,0,0,0,0,0,0,1,0,0,0,1,0,0,0,0,1,0,0,0,0,0,0,0,0,0,0,0,0,0,0,0,0,0,0,1,0,0,0,0,0,0,0,0,0,0,0,0,0,0,0,1,0,0,0,1,0,0,0,0,1,0,0,0,0,1,0,0,0,0,0,0,0,0,1,0,1,0,0,0,0,0,0,0,0,0,0,0,0,0,1,0,0,0,0,1,0
4.394449154672439,9.210440366976517,4,3,5,6,1961,1983,0.0,3,3,3,3,1,4,6.38856140554563,1,0.0,5.602118820879701,864.0,5,1,7.0431599159883405,0.0,0.0,7.0431599159883405,1.0,0.0,1,0,3,1,3,6,8,1,3,1961.0,2,1.0,264.0,3,3,2,5.111987788356544,0.0,0.0,0.0,0.0,0,5.993961427306569,3,2009,7.605392364814935,2.0,48,26,1,1,1,0,0,0,0,0,1,0,0,0,0,0,0,0,0,0,0,0,0,0,1,0,0,1,0,0,0,1,1,0,1,0,0,0,0,0,0,0,0,0,0,0,0,0,0,0,0,0,0,0,0,0,0,0,1,0,0,0,0,0,0,1,0,0,0,0,0,0,0,0,0,1,0,0,0,0,0,1,0,0,0,0,0,0,1,0,0,0,0,0,0,0,0,1,0,0,1,0,0,0,0,0,0,0,0,0,0,0,0,1,0,0,0,0,0,0,0,0,0,0,0,0,0,0,1,0,0,0,0,0,0,0,0,0,0,0,1,0,0,1,0,0,0,0,0,1,0,0,0,0,0,0,0,0,1,0,1,0,0,0,0,0,0,0,0,0,0,0,0,0,1,0,0,0,0,1,0
4.276666119016055,9.102643796520809,3,3,5,5,1968,1968,0.0,3,3,3,3,1,1,0.0,1,0.0,6.855408798609928,948.0,3,1,6.855408798609928,0.0,0.0,6.855408798609928,0.0,0.0,1,0,3,1,3,6,8,0,0,1968.0,1,1.0,300.0,3,3,2,4.997212273764115,0.0,0.0,0.0,0.0,0,0.0,5,2007,7.5480289699350145,1.0,39,39,1,1,0,0,0,0,0,0,1,0,0,0,0,0,0,0,0,0,0,0,0,0,1,0,0,1,0,0,0,1,1,0,1,0,0,0,0,0,0,0,0,0,0,0,0,0,0,0,0,0,0,0,0,0,0,0,1,0,0,0,0,0,0,0,1,0,0,0,0,0,0,0,0,1,0,0,0,0,0,1,0,0,0,0,0,0,1,0,0,0,0,0,0,1,0,0,0,0,1,0,0,0,0,0,0,0,0,0,0,0,0,0,0,0,1,0,0,0,0,0,0,0,0,0,0,0,0,0,0,0,1,0,0,0,0,0,0,0,1,0,0,0,1,0,0,0,0,1,0,0,0,0,0,0,0,0,1,0,1,0,0,0,0,0,0,0,0,0,0,0,0,0,1,0,0,0,1,0,0
4.110873864173311,9.287394001418473,4,3,7,7,1914,1970,0.0,3,3,4,3,2,3,5.968707559985366,1,0.0,6.19644412779452,880.0,2,0,6.78105762593618,6.790097235513905,0.0,7.478169694159785,0.0,0.0,1,1,2,1,3,6,8,2,3,1914.0,1,2.0,320.0,3,3,0,0.0,5.834810737062605,0.0,0.0,0.0,0,0.0,10,2006,7.88193748927207,1.5,92,36,1,1,1,0,0,0,0,0,0,0,0,0,0,0,0,1,0,0,0,0,0,0,0,1,0,1,0,0,0,1,1,0,0,0,0,0,1,0,0,0,0,0,0,0,0,0,0,0,0,0,0,0,0,0,1,0,0,0,0,0,0,0,0,0,1,0,0,0,0,0,0,0,0,1,0,0,0,0,0,1,0,0,0,0,0,0,0,0,1,0,0,0,0,1,0,0,0,0,1,0,0,0,0,0,0,0,0,0,0,0,0,0,0,0,0,0,0,0,1,0,0,0,0,0,0,0,0,0,0,0,0,0,0,0,1,0,0,0,1,0,1,0,0,0,0,0,0,0,1,0,0,0,0,0,0,0,1,0,0,0,0,0,1,0,0,0,0,0,0,0,0,0,1,0,0,0,0,1,0
4.110873864173311,9.053101595549691,4,3,3,4,1950,1950,0.0,3,3,0,0,0,0,0.0,0,0.0,0.0,0.0,4,0,6.947937068614969,0.0,0.0,6.947937068614969,0.0,0.0,2,0,2,2,3,6,8,0,0,1949.0,1,2.0,400.0,3,3,2,0.0,0.0,0.0,0.0,0.0,0,0.0,7,2006,6.947937068614969,2.0,56,56,1,0,0,0,0,0,0,0,0,0,0,0,0,0,0,0,0,0,1,0,0,0,1,0,0,1,0,0,0,1,1,0,0,0,0,0,1,0,0,0,0,0,0,0,0,0,0,0,0,1,0,0,0,0,0,0,0,0,0,0,0,0,0,0,1,0,0,0,0,0,0,0,0,1,0,0,0,0,0,0,0,1,0,0,0,0,1,0,0,0,0,0,0,1,0,0,0,0,1,0,0,0,0,0,0,0,0,0,0,0,0,0,0,0,0,0,1,0,0,0,0,0,0,0,0,0,0,0,0,0,0,1,0,0,0,0,0,0,1,0,0,1,0,0,0,0,0,1,0,0,0,0,0,1,0,0,0,0,0,0,0,0,1,0,0,0,0,0,0,0,0,0,1,0,0,0,0,1,0
4.290459441148391,9.25569607369698,3,3,8,5,2005,2005,0.0,4,3,4,3,1,1,0.0,1,0.0,6.795705775173514,893.0,5,1,6.804614520062624,6.803505257608338,0.0,7.496652438168283,0.0,0.0,2,1,3,1,4,8,8,1,4,2005.0,3,3.0,800.0,3,3,2,0.0,4.762173934797756,0.0,0.0,0.0,0,0.0,6,2006,7.899153483343097,2.5,1,1,1,1,1,0,0,0,0,0,0,0,0,0,0,1,0,0,0,0,0,0,0,0,1,0,0,1,0,1,0,0,1,0,0,1,0,0,0,0,0,0,0,0,0,0,0,1,0,0,0,0,0,0,0,0,0,0,0,0,0,0,0,0,0,0,1,0,0,0,0,0,0,0,0,1,0,0,0,0,0,1,0,0,0,0,0,0,0,0,0,1,0,0,0,1,0,0,0,0,1,0,0,0,0,0,0,0,0,0,0,0,0,0,0,0,0,0,0,1,0,0,0,0,0,0,0,0,0,0,0,0,0,0,0,1,0,0,0,0,1,0,0,0,1,0,0,0,0,1,0,0,0,0,0,0,0,0,1,0,1,0,0,0,0,0,0,0,0,0,0,0,0,0,1,0,0,0,0,1,0
4.110873864173311,9.287394001418473,4,3,5,5,1987,1988,0.0,3,3,4,4,4,6,7.0909098220799835,1,0.0,0.0,1200.0,3,1,7.0909098220799835,0.0,0.0,7.0909098220799835,3.0,0.0,3,0,3,1,3,5,8,0,0,0.0,0,0.0,0.0,0,0,2,4.795790545596741,0.0,0.0,0.0,0.0,0,0.0,3,2009,7.783640596221253,6.0,22,21,0,1,0,0,0,0,0,0,0,0,0,0,0,0,0,0,0,0,1,0,0,0,1,0,0,1,0,0,0,1,1,0,0,0,0,0,1,0,0,0,0,0,0,0,1,0,0,0,0,0,0,0,0,0,0,0,0,0,0,0,0,0,0,0,1,0,0,0,0,0,0,0,0,1,0,0,0,0,0,0,0,1,0,0,0,0,1,0,0,0,0,0,0,1,0,0,0,0,1,0,0,0,0,0,0,0,0,0,0,0,0,0,0,0,1,0,0,0,0,0,0,0,0,0,0,0,0,0,0,0,1,0,0,0,0,0,0,0,1,0,0,1,0,0,0,0,0,1,0,0,0,0,0,0,0,0,1,0,0,0,0,0,0,1,0,0,0,0,0,0,0,0,1,0,0,1,0,0,0
4.189654742026425,9.139273923542323,3,3,7,5,2004,2004,0.0,4,3,4,3,1,1,0.0,1,0.0,6.762729506931879,864.0,5,1,6.762729506931879,6.762729506931879,0.0,7.455298485683291,0.0,0.0,2,1,3,1,4,7,8,0,0,2004.0,2,2.0,572.0,3,3,2,5.236441962829949,4.04305126783455,0.0,0.0,0.0,0,0.0,4,2009,7.860570785538664,2.5,5,5,1,1,0,0,0,0,0,0,0,0,0,0,0,1,0,0,0,0,0,0,0,0,1,0,0,1,0,0,0,1,1,0,0,0,0,0,1,0,0,0,0,0,1,0,0,0,0,0,0,0,0,0,0,0,0,0,0,0,0,0,0,0,0,0,1,0,0,0,0,0,0,0,0,1,0,0,0,0,0,1,0,0,0,0,0,0,0,0,0,1,0,0,0,1,0,0,0,0,1,0,0,0,0,0,0,0,0,0,0,0,0,0,0,0,0,0,0,1,0,0,0,0,0,0,0,0,0,0,0,0,0,0,0,1,0,0,0,0,1,0,0,0,1,0,0,0,0,1,0,0,0,0,0,0,0,0,1,0,1,0,0,0,0,0,0,0,0,0,0,0,0,0,1,0,0,0,0,1,0
4.110873864173311,9.169622538697624,4,3,5,7,1910,2002,0.0,3,4,2,2,1,1,0.0,1,0.0,5.579729825986222,264.0,5,1,6.645090969505644,6.499787040655854,0.0,7.267525427828172,0.0,0.0,2,0,2,1,3,7,8,0,0,1910.0,1,2.0,360.0,3,4,2,5.602118820879701,0.0,4.727387818712341,0.0,0.0,0,0.0,5,2007,7.436617265234227,2.0,97,5,1,1,0,0,0,0,0,0,0,0,0,0,0,0,1,0,0,0,0,0,0,0,0,1,0,1,0,0,0,1,1,0,0,0,0,0,1,0,0,0,0,0,0,0,0,0,0,0,0,0,0,0,0,0,1,0,0,0,0,0,0,0,0,0,1,0,0,0,0,0,0,0,0,1,0,0,0,0,0,1,0,0,0,0,0,0,0,0,0,1,0,0,0,1,0,0,0,0,1,0,0,0,0,0,0,0,0,0,0,0,0,0,0,0,0,0,0,0,1,0,0,0,0,0,0,0,0,0,0,0,0,0,0,0,0,1,0,0,1,0,1,0,0,0,0,0,0,1,0,0,0,0,0,0,0,0,1,0,0,0,0,0,1,0,0,0,0,0,0,0,0,0,1,1,0,0,0,0,0
4.189654742026425,8.820108644508608,3,3,6,8,1961,1996,0.0,3,4,3,3,2,6,6.725033642166843,1,0.0,4.394449154672439,912.0,4,1,6.816735880594968,0.0,0.0,6.816735880594968,1.0,1.0,1,0,3,1,4,5,8,0,0,1962.0,1,1.0,288.0,3,3,2,5.1298987149230735,0.0,0.0,0.0,0.0,0,0.0,5,2008,7.509335266016592,2.5,47,12,1,1,0,0,0,0,0,0,1,0,0,0,0,0,0,0,0,0,0,0,0,0,1,0,0,1,0,0,0,1,1,0,0,0,0,0,1,0,0,0,0,0,0,0,0,0,0,0,0,0,0,0,0,0,0,0,1,0,0,0,0,0,0,1,0,0,0,0,0,0,0,0,0,1,0,0,0,0,0,1,0,0,0,0,0,0,1,0,0,0,0,0,0,0,0,1,0,0,1,0,0,0,0,0,0,0,0,0,0,0,0,1,0,0,0,0,0,0,0,0,0,0,0,0,0,0,1,0,0,0,0,0,0,0,0,0,0,0,1,0,0,1,0,0,0,0,0,1,0,0,0,0,0,0,0,0,1,0,0,0,0,0,1,0,0,0,0,0,0,0,0,0,1,0,0,0,0,1,0
4.189654742026425,9.042040056544483,4,3,7,5,2000,2001,4.6913478822291435,3,3,4,3,1,1,0.0,1,0.0,7.2078598714324755,1349.0,5,1,7.2078598714324755,0.0,0.0,7.2078598714324755,0.0,0.0,2,0,3,1,3,6,8,0,0,2000.0,1,2.0,539.0,3,3,2,4.795790545596741,4.02535169073515,0.0,0.0,0.0,0,0.0,12,2007,7.900636613018005,2.0,7,6,1,1,0,0,0,0,0,0,1,0,0,0,0,0,0,0,0,0,0,0,0,0,1,0,0,1,0,0,0,1,1,0,0,0,0,0,1,0,0,0,0,0,0,0,0,0,0,0,0,0,0,0,0,0,0,0,0,1,0,0,0,0,0,0,1,0,0,0,0,0,0,0,0,1,0,0,0,0,0,1,0,0,0,0,0,0,1,0,0,0,0,0,0,1,0,0,0,0,1,0,0,0,0,0,0,0,0,0,0,0,0,0,0,0,0,0,0,1,0,0,0,0,0,0,0,0,0,0,0,0,0,0,0,1,0,0,0,1,0,0,0,0,1,0,0,0,0,1,0,0,0,0,0,0,0,0,1,0,1,0,0,0,0,0,0,0,0,0,0,0,0,0,1,0,0,0,0,1,0
4.2626798770413155,9.46397433028839,3,3,5,6,1963,1999,0.0,3,3,4,3,3,5,6.09807428216624,1,0.0,4.343805421853684,520.0,5,1,7.289610521451167,0.0,0.0,7.289610521451167,0.0,1.0,2,0,3,1,3,6,6,1,3,1997.0,2,2.0,480.0,3,3,2,5.713732805509369,0.0,0.0,0.0,4.61512051684126,0,0.0,10,2009,7.59337419312129,2.5,46,10,1,1,1,0,0,0,0,0,0,0,0,0,0,0,0,0,1,0,0,0,0,0,1,0,0,1,0,0,0,1,1,0,0,0,0,0,1,0,0,0,0,0,0,0,0,0,0,0,0,0,0,0,0,0,0,0,1,0,0,0,0,0,0,0,1,0,0,0,0,0,0,0,0,1,0,0,0,0,0,1,0,0,0,0,0,0,0,0,0,0,0,1,0,1,0,0,0,0,1,0,0,0,0,0,0,0,0,0,0,0,0,1,0,0,0,0,0,0,0,0,0,0,0,0,0,0,1,0,0,0,0,0,0,0,0,0,0,0,1,0,0,1,0,0,0,0,0,1,0,0,0,0,0,0,0,0,1,0,1,0,0,0,0,0,0,0,0,0,0,0,0,0,1,0,0,0,0,1,0
3.7376696182833684,8.593413217327646,3,3,8,5,1993,1993,0.0,4,3,4,3,1,6,6.598509028614515,1,0.0,6.405228458030842,1337.0,4,1,7.198931240688173,0.0,0.0,7.198931240688173,1.0,0.0,2,0,2,1,4,5,8,1,3,1993.0,2,2.0,462.0,3,3,2,4.574710978503383,0.0,4.2626798770413155,5.1298987149230735,0.0,0,0.0,10,2008,7.891704659330107,3.0,15,15,1,1,1,1,0,0,0,0,0,0,0,0,0,0,0,0,0,0,0,0,0,0,1,0,0,1,0,1,0,0,1,0,0,0,0,0,1,0,0,0,0,0,0,0,0,0,0,0,0,0,0,0,0,0,0,0,0,0,0,1,0,0,0,0,1,0,0,0,0,0,0,0,0,1,0,0,0,0,0,0,0,0,0,1,0,0,1,0,0,0,0,0,0,1,0,0,0,0,1,0,0,0,0,0,0,0,0,0,0,0,0,1,0,0,0,0,0,0,0,0,0,0,0,0,0,0,1,0,0,0,0,0,0,0,0,0,0,0,1,0,0,0,1,0,0,0,0,1,0,0,0,0,0,0,0,0,1,0,1,0,0,0,0,0,0,0,0,0,0,0,0,0,1,0,0,0,0,1,0
4.394449154672439,9.100971834920818,3,3,8,9,1976,1996,5.66988092298052,5,4,3,4,1,6,6.3561076606958915,5,4.394449154672439,6.1903154058531475,1142.0,5,1,7.069874128458572,7.340186835320115,0.0,7.906915488678587,0.0,1.0,3,1,4,1,4,11,8,2,3,1994.0,3,2.0,831.0,3,3,2,0.0,5.3230099791384085,0.0,0.0,0.0,0,0.0,7,2008,8.257904193465674,4.0,32,12,1,1,1,0,0,0,0,0,0,0,0,0,0,1,0,0,0,0,0,0,0,0,1,0,0,1,0,0,0,1,1,0,0,0,0,0,1,0,0,0,0,0,0,0,0,0,0,0,0,0,0,1,0,0,0,0,0,0,0,0,0,0,0,0,1,0,0,0,0,0,0,0,0,1,0,0,0,0,0,1,0,0,0,0,0,0,0,0,0,1,0,0,0,0,0,1,0,0,1,0,0,0,0,0,0,0,0,0,0,0,0,0,0,0,0,0,0,1,0,0,0,0,0,0,0,0,0,0,0,0,0,0,0,1,0,0,0,1,0,0,0,1,0,0,0,0,0,1,0,0,0,0,0,0,0,0,1,0,0,0,1,0,0,0,0,0,0,0,0,0,0,0,1,0,0,0,0,1,0
4.189654742026425,9.082052351674651,3,3,7,5,2000,2000,0.0,4,3,4,3,1,6,5.707110264748875,1,0.0,6.481577129276431,952.0,5,1,6.8885724595653635,7.152268856032539,0.0,7.721791776817535,0.0,0.0,2,1,4,1,4,8,8,1,3,2000.0,3,2.0,554.0,3,3,2,5.41610040220442,4.007333185232471,0.0,0.0,0.0,0,0.0,4,2009,8.073714641109857,2.5,9,9,1,1,1,0,0,0,0,0,0,0,0,0,0,1,0,0,0,0,0,0,0,0,1,0,0,1,0,0,0,1,1,0,0,0,0,0,1,0,0,0,0,0,0,0,0,1,0,0,0,0,0,0,0,0,0,0,0,0,0,0,0,0,0,0,1,0,0,0,0,0,0,0,0,1,0,0,0,0,0,1,0,0,0,0,0,0,0,0,0,1,0,0,0,1,0,0,0,0,1,0,0,0,0,0,0,0,0,0,0,0,0,0,0,0,0,0,0,1,0,0,0,0,0,0,0,0,0,0,0,0,0,0,0,1,0,0,0,0,1,0,0,0,1,0,0,0,0,1,0,0,0,0,0,0,0,0,1,0,0,0,1,0,0,0,0,0,0,0,0,0,0,0,1,0,0,0,0,1,0
4.189654742026425,9.367429587218957,3,3,7,7,1880,2003,0.0,4,3,3,2,1,1,0.0,1,0.0,7.123672785204607,1240.0,3,0,7.186144304522325,7.186144304522325,0.0,7.878912912297133,0.0,0.0,1,1,4,1,4,8,8,1,4,1950.0,1,4.0,864.0,3,3,0,5.204006687076795,0.0,5.958424693029782,0.0,0.0,0,0.0,5,2009,8.263848131368906,1.5,129,6,1,1,1,0,0,0,0,0,0,0,0,0,0,0,1,0,0,0,0,0,0,0,0,1,0,1,0,0,0,1,1,0,1,0,0,0,0,0,0,0,0,0,0,0,0,0,0,0,0,0,0,0,0,0,1,0,0,0,0,0,0,0,0,0,1,0,0,0,0,0,0,0,0,1,0,0,0,0,0,1,0,0,0,0,0,0,0,0,0,1,0,0,0,0,0,0,1,0,1,0,0,0,0,0,0,0,0,0,0,0,0,0,0,0,0,0,1,0,0,0,0,0,0,0,0,0,0,0,0,0,0,0,1,0,0,0,0,0,1,0,0,0,0,0,1,0,0,0,1,0,0,0,0,0,0,0,1,0,0,0,0,0,1,0,0,0,0,0,0,0,0,0,1,0,0,0,0,1,0
4.0943445622221,9.268043082104471,3,3,7,5,1996,1996,5.82600010738045,4,3,4,3,1,6,6.824373670043086,1,0.0,6.687108607866515,1720.0,5,1,7.450660796211539,0.0,0.0,7.450660796211539,1.0,0.0,2,0,3,1,4,7,8,1,3,1996.0,3,2.0,527.0,3,3,2,5.484796933490655,4.04305126783455,5.043425116919247,0.0,0.0,0,0.0,3,2010,8.14351740579748,3.0,14,14,1,1,1,0,0,0,0,0,1,0,0,0,0,0,0,0,0,0,0,0,0,0,1,0,0,1,0,0,0,1,1,0,0,0,0,0,1,0,0,0,0,0,0,0,0,0,0,0,0,0,0,0,1,0,0,0,0,0,0,0,0,0,0,0,1,0,0,0,0,0,0,0,0,1,0,0,0,0,0,1,0,0,0,0,0,0,1,0,0,0,0,0,0,0,0,1,0,0,1,0,0,0,0,0,0,0,0,0,0,0,0,0,0,0,0,0,0,1,0,0,0,0,0,0,0,0,0,0,0,0,0,0,0,1,0,0,0,1,0,0,0,0,1,0,0,0,0,1,0,0,0,0,0,0,0,0,1,0,1,0,0,0,0,0,0,0,0,0,0,0,0,0,1,0,0,0,0,1,0
3.9318256327243257,9.036701015565063,4,3,4,3,1945,1950,0.0,3,3,0,0,0,0,0.0,0,0.0,0.0,0.0,3,0,6.9930151229329605,6.091309882077698,0.0,7.333023014386481,0.0,0.0,2,0,4,1,3,9,5,0,0,1945.0,1,1.0,240.0,3,3,0,4.532599493153256,0.0,5.225746673713202,0.0,0.0,0,0.0,4,2009,7.333023014386481,2.0,64,59,1,0,0,0,0,0,0,0,0,0,0,0,1,0,0,0,0,0,0,0,0,0,1,0,0,1,0,0,0,1,1,0,0,0,0,0,1,0,0,0,0,0,0,0,1,0,0,0,0,0,0,0,0,0,0,0,0,0,0,0,0,0,0,0,1,0,0,0,0,0,0,0,0,1,0,0,0,0,0,1,0,0,0,0,1,0,0,0,0,0,0,0,0,1,0,0,0,0,1,0,0,0,0,0,0,0,0,0,0,0,0,0,0,0,0,0,0,0,0,1,0,0,0,0,0,0,0,0,0,0,0,0,0,0,0,1,0,0,1,0,0,0,0,1,0,0,0,0,0,0,0,1,0,1,0,0,0,0,0,0,0,0,1,0,0,0,0,0,0,0,0,0,1,0,0,0,0,1,0
4.02535169073515,9.082620630373812,4,3,4,7,1910,2004,0.0,3,3,3,2,1,1,0.0,1,0.0,6.3578422665081,576.0,4,1,6.675823221634848,5.855071922202427,0.0,7.039660349862076,0.0,0.0,1,0,3,1,3,7,6,0,0,0.0,0,0.0,0.0,0,0,0,0.0,5.081404364984463,0.0,0.0,0.0,0,0.0,6,2010,7.448333860897476,1.0,100,6,0,1,0,0,0,0,0,0,0,0,0,0,1,0,0,0,0,0,0,0,0,0,0,1,0,1,0,0,0,1,1,0,1,0,0,0,0,0,0,0,0,0,0,0,0,0,0,0,0,0,0,0,0,0,1,0,0,0,0,0,0,0,0,0,1,0,0,0,0,0,0,0,0,1,0,0,0,0,0,1,0,0,0,0,1,0,0,0,0,0,0,0,0,1,0,0,0,0,1,0,0,0,0,0,0,0,0,0,0,0,0,0,0,0,0,0,0,0,1,0,0,0,0,0,0,0,0,0,0,0,0,0,0,0,1,0,0,0,1,0,1,0,0,0,0,0,0,1,0,0,0,0,0,0,0,0,1,0,0,0,0,0,0,1,0,0,0,0,0,0,0,0,1,0,0,0,0,1,0
4.189654742026425,8.955577146281511,4,3,7,5,2003,2003,0.0,4,3,4,3,1,1,0.0,1,0.0,6.493753839851686,660.0,5,1,6.493753839851686,6.493753839851686,0.0,7.186144304522325,0.0,0.0,2,1,3,1,4,6,8,0,0,2003.0,3,2.0,400.0,3,3,2,0.0,3.8918202981106265,0.0,0.0,0.0,0,0.0,8,2007,7.591357046698551,2.5,4,4,1,1,0,0,0,0,0,0,0,0,0,0,0,1,0,0,0,0,0,0,0,0,1,0,0,1,0,0,0,1,1,0,0,0,0,0,1,0,0,0,0,0,0,0,0,1,0,0,0,0,0,0,0,0,0,0,0,0,0,0,0,0,0,0,0,0,0,0,1,0,0,0,0,1,0,0,0,0,0,1,0,0,0,0,0,0,0,0,0,1,0,0,0,1,0,0,0,0,1,0,0,0,0,0,0,0,0,0,0,0,0,0,0,0,0,0,0,1,0,0,0,0,0,0,0,0,0,0,0,0,0,0,0,1,0,0,0,0,1,0,0,0,1,0,0,0,0,1,0,0,0,0,0,0,0,0,1,0,1,0,0,0,0,0,0,0,0,0,0,0,0,0,1,0,0,0,0,1,0
4.382026634673881,9.13097243659261,3,3,6,5,1997,1997,0.0,3,4,4,3,4,6,7.0909098220799835,1,0.0,5.634789603169249,1479.0,5,1,7.3098814858247865,0.0,0.0,7.3098814858247865,1.0,0.0,2,0,3,1,4,6,8,0,0,1997.0,2,2.0,576.0,3,3,2,5.1298987149230735,3.332204510175204,0.0,0.0,0.0,0,0.0,7,2006,7.9976631270201,3.0,9,9,1,1,0,0,0,0,0,0,1,0,0,0,0,0,0,0,0,0,0,0,0,0,1,0,0,1,0,0,0,1,1,0,0,0,0,0,1,0,0,0,0,0,1,0,0,0,0,0,0,0,0,0,0,0,0,0,0,0,0,0,0,0,0,0,1,0,0,0,0,0,0,0,0,1,0,0,0,0,0,1,0,0,0,0,0,0,1,0,0,0,0,0,0,1,0,0,0,0,1,0,0,0,0,0,0,0,0,0,0,0,0,0,0,0,0,0,0,1,0,0,0,0,0,0,0,0,0,0,0,0,0,0,0,1,0,0,0,0,1,0,0,0,1,0,0,0,0,1,0,0,0,0,0,0,0,0,1,0,1,0,0,0,0,0,0,0,0,0,0,0,0,0,1,0,0,0,0,1,0
4.394449154672439,9.234154550075438,4,3,8,5,2005,2005,5.187385805840755,4,3,4,3,2,1,0.0,1,0.0,6.93828448401696,1030.0,4,1,6.946013991099227,6.966967138613983,0.0,7.649216319820633,0.0,0.0,2,1,3,1,5,8,8,1,4,2005.0,2,3.0,878.0,3,3,2,5.262690188904886,3.970291913552122,0.0,0.0,0.0,0,0.0,3,2006,8.048468743668883,2.5,1,1,1,1,1,0,0,0,0,0,0,0,0,0,0,1,0,0,0,0,0,0,0,0,1,0,0,1,0,0,0,1,1,0,0,0,0,0,1,0,0,0,0,0,0,0,0,0,0,0,0,0,0,0,0,1,0,0,0,0,0,0,0,0,0,0,1,0,0,0,0,0,0,0,0,1,0,0,0,0,0,1,0,0,0,0,0,0,0,0,0,1,0,0,0,1,0,0,0,0,1,0,0,0,0,0,0,0,0,0,0,0,0,0,0,0,0,0,0,1,0,0,0,0,0,0,0,0,0,0,0,0,0,0,0,1,0,0,0,1,0,0,0,0,1,0,0,0,0,1,0,0,0,0,0,0,0,0,1,0,1,0,0,0,0,0,0,0,0,0,0,0,0,0,1,0,0,0,0,1,0
4.127134385045092,8.97853441008332,4,3,6,8,1969,2005,0.0,3,3,3,3,1,6,6.0867747269123065,2,6.159095388491933,4.7535901911063645,1026.0,4,1,6.934397209928558,0.0,0.0,6.934397209928558,1.0,0.0,1,0,3,1,4,5,8,0,0,1969.0,2,2.0,440.0,3,3,2,5.147494476813453,3.8918202981106265,0.0,0.0,0.0,0,0.0,7,2009,7.627057417018934,2.0,40,4,1,1,0,0,0,0,0,0,1,0,0,0,0,0,0,0,0,0,0,0,0,0,1,0,0,1,0,0,0,1,1,0,0,0,0,0,1,0,0,0,0,0,0,0,0,0,0,0,0,1,0,0,0,0,0,0,0,0,0,0,0,0,0,0,1,0,0,0,0,0,0,0,0,1,0,0,0,0,0,1,0,0,0,0,0,0,1,0,0,0,0,0,0,1,0,0,0,0,1,0,0,0,0,0,0,0,0,0,0,0,0,0,0,0,1,0,0,0,0,0,0,0,0,0,0,0,0,0,0,0,1,0,0,0,0,0,0,0,1,0,0,1,0,0,0,0,0,1,0,0,0,0,0,0,0,0,1,0,0,0,0,0,1,0,0,0,0,0,0,0,0,0,1,0,0,0,0,1,0
3.5553480614894135,8.080546965824498,4,3,6,5,1999,1999,6.796823718274855,3,3,4,3,1,6,5.945420608606575,1,0.0,5.855071922202427,729.0,4,1,6.610696044717759,6.593044534142437,0.0,7.294377299288821,0.0,0.0,2,1,3,1,3,6,8,0,0,1999.0,1,2.0,440.0,3,3,2,0.0,3.2188758248682006,0.0,0.0,0.0,0,0.0,3,2009,7.696667081526462,2.5,10,10,1,1,0,0,0,1,0,0,0,0,0,0,0,0,0,0,0,0,0,0,1,0,0,0,0,1,0,0,0,1,1,0,0,0,0,0,1,0,0,0,0,0,0,0,0,0,0,0,0,0,0,0,0,0,0,0,0,0,1,0,0,0,0,0,1,0,0,0,0,0,0,0,0,1,0,0,0,0,0,0,0,0,0,1,0,0,0,0,0,1,0,0,0,1,0,0,0,0,1,0,0,0,0,0,0,0,0,0,0,0,0,0,0,1,0,0,0,0,0,0,0,0,0,0,0,0,0,0,1,0,0,0,0,0,0,0,0,1,0,0,0,0,1,0,0,0,0,1,0,0,0,0,0,0,0,0,1,0,0,0,0,0,1,0,0,0,0,0,0,0,0,0,1,0,0,0,0,1,0
4.23410650459726,9.284519770150434,3,3,8,5,2007,2007,0.0,4,3,4,3,3,6,3.044522437723423,1,0.0,6.741700694652055,866.0,5,1,6.7650389767805414,6.805722553416985,0.0,7.478169694159785,0.0,0.0,2,1,3,1,4,7,8,0,0,2007.0,2,2.0,578.0,3,3,2,4.976733742420574,4.663439094112067,0.0,0.0,0.0,0,0.0,4,2009,7.876638460975463,2.5,2,2,1,1,0,0,0,0,0,0,0,0,0,0,0,1,0,0,0,0,0,0,0,0,1,0,0,1,0,0,0,1,1,0,0,0,0,0,1,0,0,0,0,0,1,0,0,0,0,0,0,0,0,0,0,0,0,0,0,0,0,0,0,0,0,0,1,0,0,0,0,0,0,0,0,1,0,0,0,0,0,1,0,0,0,0,0,0,0,0,0,1,0,0,0,1,0,0,0,0,1,0,0,0,0,0,0,0,0,0,0,0,0,0,0,0,0,0,0,1,0,0,0,0,0,0,0,0,0,0,0,0,0,0,0,1,0,0,0,0,1,0,0,0,1,0,0,0,0,1,0,0,0,0,0,0,0,0,1,0,1,0,0,0,0,0,0,0,0,0,0,0,0,0,1,0,0,0,0,1,0
4.276666119016055,9.360224821513475,3,3,6,5,1978,1978,5.796057750765372,3,3,3,3,2,3,6.0844994130751715,1,0.0,5.459585514144159,672.0,3,1,6.511745329644728,6.5722825426940075,0.0,7.234898420314831,0.0,0.0,2,1,3,1,3,6,8,1,3,1978.0,3,2.0,440.0,3,3,2,5.817111159963204,0.0,0.0,0.0,0.0,0,0.0,4,2010,7.629975707027789,2.5,32,32,1,1,1,0,0,0,0,0,0,0,0,0,0,1,0,0,0,0,0,0,0,0,1,0,0,1,0,0,0,1,1,0,0,1,0,0,0,0,0,0,0,0,0,0,0,0,0,0,0,0,0,0,0,0,0,0,1,0,0,0,0,0,0,0,1,0,0,0,0,0,0,0,0,1,0,0,0,0,0,1,0,0,0,0,0,0,0,0,0,1,0,0,0,0,0,1,0,0,1,0,0,0,0,0,0,0,0,0,0,0,0,1,0,0,0,0,0,0,0,0,0,0,0,0,0,0,1,0,0,0,0,0,0,0,0,0,1,0,0,0,0,1,0,0,0,0,0,1,0,0,0,0,0,0,0,0,1,0,1,0,0,0,0,0,0,0,0,0,0,0,0,0,1,1,0,0,0,0,0
3.2188758248682006,7.732369222284388,4,3,7,5,1999,1999,5.8888779583328805,3,3,4,3,1,5,6.309918278226516,1,0.0,5.278114659230517,744.0,4,1,6.630683385642372,6.61338421837956,0.0,7.31455283232408,0.0,0.0,2,1,3,1,3,6,8,0,0,1999.0,1,2.0,440.0,3,3,2,0.0,0.0,0.0,0.0,0.0,0,0.0,8,2008,7.716906135298388,2.5,9,9,1,1,0,0,0,1,0,0,0,0,0,0,0,0,0,0,0,0,0,0,1,0,0,0,0,1,0,0,0,1,1,0,0,0,0,0,1,0,0,0,0,0,0,0,0,0,0,0,0,0,0,0,0,0,0,0,0,0,1,0,0,0,0,0,1,0,0,0,0,0,0,0,0,1,0,0,0,0,0,0,0,0,1,0,0,0,0,0,0,1,0,0,0,1,0,0,0,0,1,0,0,0,0,0,0,0,0,0,0,0,0,0,0,1,0,0,0,0,0,0,0,0,0,0,0,0,0,0,1,0,0,0,0,0,0,0,0,1,0,0,0,0,1,0,0,0,0,1,0,0,0,0,0,0,0,0,1,0,0,0,0,0,1,0,0,0,0,0,0,0,0,0,1,0,0,0,0,1,0
4.189654742026425,9.413934064045677,3,3,8,5,1995,1995,6.2422232654551655,4,3,4,3,3,2,4.04305126783455,5,4.174387269895637,7.089243155027514,1318.0,5,1,7.192182058713246,7.093404625868766,0.0,7.836764783264067,0.0,0.0,2,1,4,1,4,9,8,1,3,1995.0,2,3.0,752.0,3,3,2,5.407171771460119,4.59511985013459,0.0,0.0,0.0,0,0.0,11,2007,8.25582842728183,2.5,12,12,1,1,1,0,0,0,0,0,0,0,0,0,0,1,0,0,0,0,0,0,0,0,1,0,0,1,0,0,0,1,1,0,0,0,0,0,1,0,0,0,0,0,0,0,0,0,0,0,0,0,0,0,1,0,0,0,0,0,0,0,0,0,0,0,1,0,0,0,0,0,0,0,0,1,0,0,0,0,0,1,0,0,0,0,0,0,0,0,0,1,0,0,0,1,0,0,0,0,1,0,0,0,0,0,0,0,0,0,0,0,0,0,0,0,0,0,0,1,0,0,0,0,0,0,0,0,0,0,0,0,0,0,0,1,0,0,0,1,0,0,0,0,1,0,0,0,0,1,0,0,0,0,0,0,0,0,1,0,1,0,0,0,0,0,0,0,0,0,0,0,0,0,1,0,0,0,0,1,0
4.2626798770413155,9.116139576577355,4,3,6,6,1959,1959,0.0,3,3,3,3,1,3,6.418364935936212,1,0.0,5.53338948872752,864.0,5,1,6.762729506931879,0.0,0.0,6.762729506931879,0.0,0.0,1,0,2,1,3,5,8,0,0,2008.0,1,1.0,300.0,5,5,2,0.0,0.0,0.0,0.0,0.0,0,6.111467339502679,10,2009,7.455298485683291,1.0,50,50,1,1,0,0,0,0,0,0,1,0,0,0,0,0,0,0,0,0,0,0,0,0,1,0,0,1,0,0,0,1,1,0,0,0,0,0,1,0,0,0,0,0,0,0,0,0,0,0,0,1,0,0,0,0,0,0,0,0,0,0,0,0,0,0,1,0,0,0,0,0,0,0,0,1,0,0,0,0,0,1,0,0,0,0,0,0,1,0,0,0,0,0,0,0,0,1,0,0,1,0,0,0,0,0,0,0,0,0,0,0,0,0,0,0,0,0,0,0,1,0,0,0,0,0,0,0,0,0,0,0,0,0,0,0,1,0,0,0,1,0,0,1,0,0,0,0,0,1,0,0,0,0,0,0,0,0,1,0,0,0,0,0,1,0,0,0,0,0,0,0,0,0,1,0,0,0,0,1,0
4.110873864173311,8.841014310483892,4,3,5,5,1924,1950,0.0,3,3,3,3,2,2,6.0063531596017325,1,0.0,6.608000625296087,1145.0,3,1,7.171656822768514,0.0,0.0,7.171656822768514,0.0,0.0,1,0,2,1,2,5,7,0,0,1965.0,1,2.0,440.0,3,3,2,0.0,0.0,0.0,0.0,0.0,0,0.0,10,2009,7.802618063442671,1.0,85,59,1,1,0,0,0,0,0,0,0,1,0,0,0,0,0,0,0,0,0,0,0,0,0,1,0,1,0,0,0,1,1,0,0,0,1,0,0,0,0,0,1,0,0,0,0,0,0,0,0,0,0,0,0,0,0,0,0,0,0,0,0,0,0,1,0,0,0,0,0,0,0,0,0,1,0,0,0,0,0,1,0,0,0,0,0,0,1,0,0,0,0,0,0,1,0,0,0,0,1,0,0,0,0,0,0,0,0,0,0,0,0,0,0,0,0,0,0,0,1,0,0,0,0,0,0,0,0,0,0,0,0,0,0,0,1,0,0,0,1,0,0,0,1,0,0,0,0,1,0,0,0,0,0,0,0,0,1,0,0,0,0,0,1,0,0,0,0,0,0,0,0,0,1,0,0,0,0,1,0
4.290459441148391,9.0642735958414,4,3,7,5,2009,2009,0.0,3,3,4,3,2,6,3.2188758248682006,1,0.0,6.597145701886651,756.0,5,1,6.639875833826536,6.664409020350408,0.0,7.344719054149673,0.0,0.0,2,1,3,1,4,7,8,0,0,2009.0,1,2.0,614.0,3,3,2,5.135798437050262,3.828641396489095,0.0,0.0,0.0,0,0.0,6,2010,7.742402021815782,2.5,1,1,1,1,0,0,0,0,0,0,0,0,0,0,0,1,0,0,0,0,0,0,1,0,0,0,0,1,0,0,0,1,1,0,0,0,0,0,1,0,0,0,0,0,0,0,0,0,0,0,0,0,0,0,0,0,0,0,0,0,1,0,0,0,0,0,1,0,0,0,0,0,0,0,0,1,0,0,0,0,0,1,0,0,0,0,0,0,0,0,0,1,0,0,0,1,0,0,0,0,1,0,0,0,0,0,0,0,0,0,0,0,0,0,0,0,0,0,0,1,0,0,0,0,0,0,0,0,0,0,0,0,0,0,0,1,0,0,0,0,1,0,0,0,1,0,0,0,0,1,0,0,0,0,0,0,0,0,1,0,1,0,0,0,0,0,0,0,1,0,0,0,0,0,0,0,0,0,0,1,0
4.418840607796598,9.151757414543885,4,3,8,5,1999,1999,6.513230110912307,4,3,4,3,2,6,7.059617628291383,1,0.0,4.499809670330265,1252.0,5,1,7.1459844677143876,7.001245622069476,0.0,7.768956044538332,1.0,0.0,2,1,3,1,4,8,8,1,4,1999.0,2,3.0,856.0,3,3,2,0.0,4.859812404361672,0.0,0.0,5.198497031265826,0,0.0,7,2009,8.193676665955241,3.5,10,10,1,1,1,0,0,0,0,0,0,0,0,0,0,1,0,0,0,0,0,0,0,0,1,0,0,1,0,0,0,1,1,0,0,0,0,0,1,0,0,0,0,0,0,0,0,0,0,0,0,0,0,0,1,0,0,0,0,0,0,0,0,0,0,0,1,0,0,0,0,0,0,0,0,1,0,0,0,0,0,1,0,0,0,0,0,0,0,0,0,1,0,0,0,1,0,0,0,0,1,0,0,0,0,0,0,0,0,0,0,0,0,0,0,0,0,0,0,1,0,0,0,0,0,0,0,0,0,0,0,0,0,0,0,1,0,0,0,1,0,0,0,0,1,0,0,0,0,1,0,0,0,0,0,0,0,0,1,0,1,0,0,0,0,0,0,0,0,0,0,0,0,0,1,0,0,0,0,1,0
3.4339872044851463,9.164296433474776,3,3,8,5,1995,1996,0.0,4,4,4,4,3,2,6.082218910376446,6,6.964135612418245,0.0,1494.0,5,1,7.3098814858247865,0.0,0.0,7.3098814858247865,1.0,0.0,1,1,2,1,5,6,8,1,4,1995.0,3,2.0,481.0,3,3,2,0.0,3.4339872044851463,0.0,0.0,5.37989735354046,0,0.0,4,2006,8.002694162283937,2.5,11,10,1,1,1,1,0,0,0,0,0,0,0,0,0,0,0,0,0,0,0,0,0,0,1,0,0,1,0,0,0,1,1,0,0,1,0,0,0,0,0,0,0,0,0,0,0,0,0,0,0,0,0,0,0,0,0,0,0,0,0,0,0,1,0,0,1,0,0,0,0,0,0,0,0,1,0,0,0,0,0,0,0,0,0,1,0,0,1,0,0,0,0,0,0,0,0,1,0,0,1,0,0,0,0,0,0,0,0,0,1,0,0,0,0,0,0,0,0,0,0,0,0,0,0,1,0,0,0,0,0,0,0,0,0,0,0,0,0,0,1,0,0,0,1,0,0,0,0,1,0,0,0,0,0,0,0,0,1,0,1,0,0,0,0,0,0,0,0,0,0,0,0,0,1,0,0,0,0,1,0
4.330733340286331,9.58795455192857,3,3,9,5,2008,2008,5.652489180268651,4,3,4,3,1,1,0.0,1,0.0,7.312553498102598,1498.0,5,1,7.317876198626496,0.0,0.0,7.317876198626496,0.0,0.0,2,0,2,1,5,6,8,1,4,2008.0,3,2.0,592.0,3,3,2,0.0,5.1647859739235145,0.0,0.0,0.0,0,0.0,8,2008,8.008032846969307,2.0,0,0,1,1,1,0,0,0,0,0,1,0,0,0,0,0,0,0,0,0,0,0,0,0,1,0,0,1,0,0,0,1,1,0,0,0,0,0,1,0,0,0,0,0,0,0,0,0,0,0,0,0,0,0,0,0,0,0,0,0,1,0,0,0,0,0,1,0,0,0,0,0,0,0,0,1,0,0,0,0,0,1,0,0,0,0,0,0,1,0,0,0,0,0,0,1,0,0,0,0,1,0,0,0,0,0,0,0,0,0,0,0,0,0,0,0,0,0,0,1,0,0,0,0,0,0,0,0,0,0,0,0,0,0,0,1,0,0,0,0,0,1,0,0,1,0,0,0,0,1,0,0,0,0,0,0,0,0,1,0,1,0,0,0,0,0,0,0,0,0,0,0,1,0,0,0,0,0,0,0,1
4.394449154672439,9.25167423546916,4,3,7,5,1988,1988,3.7612001156935624,3,3,4,3,1,6,5.978885764901122,1,0.0,6.375024819828097,980.0,3,1,6.8885724595653635,6.5998704992128365,0.0,7.44716835960004,0.0,0.0,2,1,3,1,3,7,8,1,3,1988.0,1,2.0,496.0,3,3,2,5.43372200355424,4.204692619390966,5.056245805348308,0.0,0.0,0,6.2166061010848646,3,2010,7.899153483343097,2.5,22,22,1,1,1,0,0,0,0,0,0,0,0,0,0,1,0,0,0,0,0,0,0,0,1,0,0,1,0,0,0,1,1,0,0,0,0,0,1,0,0,0,0,0,0,0,0,0,0,0,0,0,0,1,0,0,0,0,0,0,0,0,0,0,0,0,1,0,0,0,0,0,0,0,0,1,0,0,0,0,0,1,0,0,0,0,0,0,0,0,0,1,0,0,0,1,0,0,0,0,1,0,0,0,0,0,0,0,0,0,0,0,0,1,0,0,0,0,0,0,0,0,0,0,0,0,0,0,1,0,0,0,0,0,0,0,0,0,0,1,0,0,0,1,0,0,0,0,0,1,0,0,0,0,0,0,0,0,1,0,1,0,0,0,0,0,0,0,0,0,0,0,0,0,1,0,0,0,0,1,0
4.330733340286331,9.434203664214742,3,3,6,7,1940,1985,0.0,3,3,4,3,2,5,6.493753839851686,1,0.0,5.780743515792329,983.0,5,1,6.891625897052253,6.643789733147672,0.0,7.467942332285852,1.0,0.0,2,0,4,1,3,7,5,0,0,1989.0,1,1.0,423.0,3,3,2,5.5053315359323625,0.0,5.056245805348308,0.0,0.0,0,7.170888478512505,7,2008,7.913521017283895,3.0,68,23,1,1,0,0,0,0,0,0,0,0,0,0,1,0,0,0,0,0,0,0,0,0,1,0,0,1,0,0,0,1,1,0,0,0,0,0,1,0,0,0,0,0,0,0,0,0,0,0,1,0,0,0,0,0,0,0,0,0,0,0,0,0,0,0,1,0,0,0,0,0,0,0,0,1,0,0,0,0,0,1,0,0,0,0,1,0,0,0,0,0,0,0,0,1,0,0,0,0,1,0,0,0,0,0,0,0,0,0,0,0,0,0,0,0,0,0,0,1,0,0,0,0,0,0,0,0,0,0,0,0,0,0,0,1,0,0,0,0,1,0,0,1,0,0,0,0,0,1,0,0,0,0,0,0,0,0,1,0,1,0,0,0,0,0,0,0,0,0,0,0,0,0,1,0,0,0,0,1,0
4.2626798770413155,9.116139576577355,4,3,7,5,2004,2005,0.0,4,3,4,3,1,6,3.2188758248682006,1,0.0,7.515889085215125,1860.0,5,1,7.515889085215125,0.0,0.0,7.515889085215125,0.0,0.0,2,0,3,1,4,8,8,1,4,2004.0,3,2.0,484.0,3,3,2,4.795790545596741,3.5263605246161616,0.0,0.0,0.0,0,0.0,10,2006,8.215276958936633,2.0,2,1,1,1,1,0,0,0,0,0,1,0,0,0,0,0,0,0,0,0,0,0,0,0,1,0,0,1,0,0,0,1,1,0,0,0,0,0,1,0,0,0,0,0,1,0,0,0,0,0,0,0,0,0,0,0,0,0,0,0,0,0,0,0,0,0,1,0,0,0,0,0,0,0,0,1,0,0,0,0,0,1,0,0,0,0,0,0,1,0,0,0,0,0,0,0,0,1,0,0,1,0,0,0,0,0,0,0,0,0,0,0,0,0,0,0,0,0,0,1,0,0,0,0,0,0,0,0,0,0,0,0,0,0,0,1,0,0,0,0,1,0,0,0,1,0,0,0,0,1,0,0,0,0,0,0,0,0,1,0,1,0,0,0,0,0,0,0,0,0,0,0,0,0,1,0,0,0,0,1,0
3.871201010907891,10.887530386461101,2,2,8,5,2003,2003,6.403574197934815,5,3,4,3,4,5,7.256297239690681,1,0.0,5.459585514144159,1650.0,5,1,7.43307534889858,7.371489295214277,0.0,8.09559870137819,1.0,0.0,3,1,4,1,5,12,5,1,4,2003.0,3,3.0,841.0,3,3,2,6.222576268071369,3.6109179126442243,0.0,0.0,5.351858133476067,0,0.0,6,2010,8.503094267036737,4.5,7,7,1,1,1,0,0,0,0,0,0,0,0,0,0,1,0,0,0,0,0,0,0,0,1,0,0,1,0,1,0,0,1,0,0,1,0,0,0,0,0,0,0,0,0,0,0,0,0,0,0,0,0,0,0,0,0,0,0,0,0,1,0,0,0,0,1,0,0,0,0,0,0,0,0,1,0,0,0,0,0,1,0,0,0,0,0,0,0,0,0,1,0,0,0,0,0,1,0,0,1,0,0,0,0,0,0,0,0,0,0,0,1,0,0,0,0,0,0,0,0,0,0,0,0,0,0,0,0,0,0,0,0,0,0,0,0,1,0,1,0,0,0,0,1,0,0,0,0,1,0,0,0,0,0,0,0,0,1,0,0,0,1,0,0,0,0,0,0,0,0,0,0,0,1,0,0,0,0,1,0
4.276666119016055,8.889170455363413,3,3,5,5,1982,1982,0.0,3,3,4,3,3,6,6.530877627725885,1,0.0,5.159055299214529,858.0,3,1,6.755768921984255,0.0,0.0,6.755768921984255,1.0,0.0,1,0,2,1,3,5,8,0,0,1983.0,1,2.0,576.0,3,3,2,4.795790545596741,0.0,0.0,0.0,0.0,0,0.0,4,2009,7.448333860897476,2.0,27,27,1,1,0,0,0,0,0,0,0,0,0,0,0,0,0,0,0,1,0,0,0,0,1,0,0,1,0,0,0,1,1,0,0,1,0,0,0,0,0,0,0,0,0,0,0,0,0,0,0,0,0,0,0,0,0,0,1,0,0,0,0,0,0,0,1,0,0,0,0,0,0,0,0,1,0,0,0,0,0,1,0,0,0,0,0,0,0,0,0,0,1,0,0,0,0,1,0,0,1,0,0,0,0,0,0,0,0,0,0,0,0,0,0,0,0,0,0,0,1,0,0,0,0,0,0,0,0,0,0,0,0,0,0,0,1,0,0,0,1,0,0,1,0,0,0,0,0,1,0,0,0,0,0,0,0,0,1,0,0,0,0,0,1,0,0,0,0,0,0,0,0,0,1,0,0,0,0,1,0
4.219507705176107,9.09133158539398,4,3,4,5,1951,1951,0.0,3,3,2,2,1,2,6.729824070489475,1,0.0,0.0,836.0,3,1,7.107425474110705,0.0,0.0,7.107425474110705,0.0,0.0,1,0,2,1,3,6,8,0,0,1951.0,1,2.0,396.0,3,3,2,0.0,0.0,0.0,0.0,0.0,0,0.0,4,2006,7.6290038896529575,1.0,55,55,1,1,0,0,0,0,0,0,1,0,0,0,0,0,0,0,0,0,0,0,0,0,1,0,0,1,0,0,0,1,1,0,0,0,0,0,1,0,0,0,0,0,0,0,1,0,0,0,0,0,0,0,0,0,0,0,0,0,0,0,0,0,0,0,1,0,0,0,0,0,0,0,0,1,0,0,0,0,0,1,0,0,0,0,0,0,1,0,0,0,0,0,0,1,0,0,0,0,1,0,0,0,0,0,0,0,0,0,0,0,0,0,0,0,0,0,0,0,1,0,0,0,0,0,0,0,0,0,0,0,0,0,0,0,1,0,0,0,1,0,0,1,0,0,0,0,0,1,0,0,0,0,0,1,0,0,0,0,0,0,0,0,1,0,1,0,0,0,0,0,0,0,0,0,0,0,0,1,0
4.553876891600541,8.964439833539357,4,3,6,5,1976,1976,0.0,3,3,3,3,3,5,6.0473721790462776,4,4.852030263919617,6.175867270105761,1029.0,3,1,7.0192966537150445,0.0,0.0,7.0192966537150445,1.0,0.0,1,0,3,1,3,6,8,1,3,1976.0,1,2.0,672.0,3,3,2,4.976733742420574,0.0,0.0,0.0,0.0,0,0.0,3,2010,7.671826797878781,2.0,34,34,1,1,1,0,0,0,0,0,0,0,0,0,0,0,0,0,1,0,0,0,0,0,1,0,0,1,0,0,0,1,1,0,0,0,0,0,1,0,0,0,0,0,0,0,1,0,0,0,0,0,0,0,0,0,0,0,0,0,0,0,0,0,0,0,1,0,0,0,0,0,0,0,0,1,0,0,0,0,0,1,0,0,0,0,0,0,0,0,0,0,0,1,0,1,0,0,0,0,1,0,0,0,0,0,0,0,0,0,0,0,0,0,0,0,1,0,0,0,0,0,0,0,0,0,0,0,0,0,0,0,1,0,0,0,0,0,0,0,1,0,0,1,0,0,0,0,0,1,0,0,0,0,0,0,0,0,1,0,0,0,0,0,1,0,0,0,0,0,0,0,0,0,1,1,0,0,0,0,0
4.2626798770413155,9.225327501784431,4,3,5,5,1958,1958,0.6931471805599453,3,3,3,3,1,3,6.124683390894205,1,0.0,6.124683390894205,912.0,5,1,6.816735880594968,0.0,0.0,6.816735880594968,0.0,0.0,1,0,2,1,3,5,8,0,0,1958.0,2,1.0,275.0,3,3,2,0.0,0.0,0.0,0.0,0.0,0,0.0,7,2007,7.509335266016592,1.0,49,49,1,1,0,0,0,0,0,0,1,0,0,0,0,0,0,0,0,0,0,0,0,0,1,0,0,1,0,0,0,1,1,0,0,0,0,0,1,0,0,0,0,0,0,0,0,0,0,0,0,1,0,0,0,0,0,0,0,0,0,0,0,0,0,1,0,0,0,0,0,0,0,0,0,1,0,0,0,0,0,1,0,0,0,0,0,0,1,0,0,0,0,0,0,1,0,0,0,0,1,0,0,0,0,0,0,0,0,0,0,0,0,0,0,0,0,0,0,0,1,0,0,0,0,0,0,0,0,0,0,0,0,0,0,0,1,0,0,0,1,0,0,1,0,0,0,0,0,1,0,0,0,0,1,0,0,0,0,0,1,0,0,0,0,0,1,0,0,0,0,0,0,0,0,0,0,0,0,1,0
4.709530201312334,9.562896846651167,4,3,8,5,2006,2006,5.929589143389895,4,3,4,3,3,1,0.0,1,0.0,7.568379267836522,1935.0,4,1,7.587817219993427,0.0,0.0,7.587817219993427,0.0,0.0,2,0,3,1,4,9,8,1,4,2006.0,3,3.0,895.0,3,3,2,5.755742213586912,3.828641396489095,0.0,0.0,0.0,0,0.0,7,2007,8.271036865792954,2.0,1,1,1,1,1,0,0,0,0,0,1,0,0,0,0,0,0,0,0,0,0,0,0,0,1,0,0,1,0,0,0,1,1,0,1,0,0,0,0,0,0,0,0,0,0,0,0,0,0,0,0,0,0,0,0,1,0,0,0,0,0,0,0,0,0,0,1,0,0,0,0,0,0,0,0,1,0,0,0,0,0,1,0,0,0,0,0,0,1,0,0,0,0,0,0,0,0,1,0,0,1,0,0,0,0,0,0,0,0,0,0,0,0,0,0,0,0,0,0,1,0,0,0,0,0,0,0,0,0,0,0,0,0,0,0,1,0,0,0,1,0,0,0,0,1,0,0,0,0,1,0,0,0,0,0,0,0,0,1,0,1,0,0,0,0,0,0,0,0,0,0,0,1,0,0,0,0,0,0,0,1
3.4965075614664802,8.412054873292933,4,3,6,5,1998,1998,5.771441123130016,3,3,5,3,1,6,6.7650389767805414,1,0.0,5.82600010738045,1204.0,5,1,7.094234845924755,0.0,0.0,7.094234845924755,1.0,0.0,2,0,2,1,3,5,8,0,0,1998.0,3,2.0,412.0,3,3,2,0.0,5.5134287461649825,0.0,0.0,0.0,0,0.0,6,2009,7.786967002614872,3.0,11,11,1,1,0,1,0,0,0,0,0,0,0,0,0,0,0,0,0,0,0,0,0,0,0,1,0,1,0,0,0,1,1,0,0,0,1,0,0,0,0,0,0,0,0,0,0,0,0,0,1,0,0,0,0,0,0,0,0,0,0,0,0,0,0,0,1,0,0,0,0,0,0,0,0,1,0,0,0,0,0,0,0,0,0,1,0,0,1,0,0,0,0,0,0,0,0,1,0,0,1,0,0,0,0,0,0,0,0,0,0,0,0,0,0,0,0,0,0,1,0,0,0,0,0,0,0,0,0,0,0,0,0,0,0,1,0,0,0,1,0,0,0,0,1,0,0,0,0,1,0,0,0,0,0,0,0,0,1,0,1,0,0,0,0,0,0,0,0,0,0,0,0,0,1,0,0,0,0,1,0
4.465908118654584,9.324650718153594,3,3,7,5,2005,2006,5.484796933490655,4,3,4,3,3,6,3.044522437723423,1,0.0,7.374629015218945,1614.0,5,1,7.387090235656757,0.0,0.0,7.387090235656757,0.0,0.0,2,0,3,1,4,7,8,0,0,2005.0,2,3.0,865.0,3,3,2,4.976733742420574,4.0943445622221,0.0,0.0,0.0,0,0.0,7,2006,8.079927770758275,2.0,1,0,1,1,0,0,0,0,0,0,1,0,0,0,0,0,0,0,0,0,0,0,0,0,1,0,0,1,0,0,0,1,1,0,0,0,0,0,1,0,0,0,0,0,1,0,0,0,0,0,0,0,0,0,0,0,0,0,0,0,0,0,0,0,0,0,1,0,0,0,0,0,0,0,0,1,0,0,0,0,0,1,0,0,0,0,0,0,1,0,0,0,0,0,0,1,0,0,0,0,1,0,0,0,0,0,0,0,0,0,0,0,0,0,0,0,0,0,0,1,0,0,0,0,0,0,0,0,0,0,0,0,0,0,0,1,0,0,0,1,0,0,0,0,1,0,0,0,0,1,0,0,0,0,0,0,0,0,1,0,1,0,0,0,0,0,0,0,0,0,0,0,1,0,0,0,0,0,0,0,1
4.61512051684126,9.499346567390095,3,3,5,5,1974,1974,0.0,3,3,3,3,1,5,6.637258031284457,1,0.0,4.634728988229636,864.0,3,1,6.796823718274855,0.0,0.0,6.796823718274855,1.0,0.0,1,0,3,1,3,5,8,1,2,1974.0,1,2.0,440.0,3,3,2,5.488937726156687,0.0,0.0,0.0,0.0,0,0.0,6,2006,7.472500744737558,2.0,32,32,1,1,1,0,0,0,0,0,1,0,0,0,0,0,0,0,0,0,0,0,0,0,1,0,0,1,0,0,0,1,1,0,0,0,0,0,1,0,0,0,0,0,0,0,0,0,0,0,0,0,0,0,0,0,0,0,1,0,0,0,0,0,0,0,1,0,0,0,0,0,0,0,0,1,0,0,0,0,0,1,0,0,0,0,0,0,1,0,0,0,0,0,0,0,0,1,0,0,1,0,0,0,0,0,0,0,0,0,0,0,0,1,0,0,0,0,0,0,0,0,0,0,0,0,0,0,0,0,0,0,1,0,0,0,0,0,0,0,1,0,0,1,0,0,0,0,0,1,0,0,0,0,0,0,0,0,1,0,1,0,0,0,0,0,0,0,0,0,0,0,0,0,1,0,0,0,0,1,0
4.110873864173311,9.036106025364846,4,3,5,5,1977,1977,5.771441123130016,3,3,0,0,0,0,0.0,0,0.0,0.0,0.0,3,1,7.611347717403621,0.0,0.0,7.611347717403621,0.0,0.0,2,0,4,2,3,10,8,2,3,1977.0,1,2.0,630.0,3,3,2,0.0,0.0,0.0,0.0,0.0,0,0.0,10,2007,7.611347717403621,2.0,30,30,1,0,1,0,0,0,0,0,0,0,0,0,0,0,0,0,0,0,1,0,0,1,0,0,0,1,0,0,0,1,1,0,0,0,0,0,1,0,0,0,0,0,0,0,0,0,0,0,0,0,0,0,0,0,0,0,0,1,0,0,0,0,0,1,0,0,0,0,0,0,0,0,0,1,0,0,0,0,0,0,0,1,0,0,0,0,1,0,0,0,0,0,0,1,0,0,0,0,1,0,0,0,0,0,0,0,0,0,0,0,0,0,0,0,1,0,0,0,0,0,0,0,0,0,0,0,0,0,0,0,1,0,0,0,0,0,0,1,0,0,0,0,0,1,0,0,0,1,0,0,0,0,0,0,0,0,1,0,0,0,0,0,1,0,0,0,0,0,0,0,0,0,1,0,0,0,0,1,0
4.3694478524670215,9.262078567380597,4,3,6,5,1977,1977,4.51085950651685,3,3,4,3,4,6,6.883462586413092,1,0.0,0.0,975.0,3,1,6.912742820493176,0.0,0.0,6.912742820493176,1.0,0.0,1,0,2,1,3,4,8,0,0,1977.0,1,2.0,504.0,3,3,2,0.0,0.0,0.0,0.0,0.0,0,0.0,5,2006,7.590852123688581,2.0,29,29,1,1,0,0,0,0,0,0,0,0,0,0,0,0,0,0,0,0,1,0,0,0,1,0,0,1,0,0,0,1,1,0,0,0,0,0,1,0,0,0,0,0,0,0,0,0,0,0,1,0,0,0,0,0,0,0,0,0,0,0,0,0,0,0,1,0,0,0,0,0,0,0,0,1,0,0,0,0,0,0,0,1,0,0,0,0,0,0,0,0,1,0,0,1,0,0,0,0,1,0,0,0,0,0,0,0,0,0,0,0,0,0,0,0,1,0,0,0,0,0,0,0,0,0,0,0,0,1,0,0,0,0,0,0,0,0,0,1,0,0,0,1,0,0,0,0,0,1,0,0,0,0,0,0,0,0,1,0,1,0,0,0,0,0,0,0,0,0,0,0,0,0,1,0,0,0,0,1,0
4.1588830833596715,8.971575439759016,4,3,7,5,1995,1996,3.6635616461296463,3,3,4,4,1,1,0.0,1,0.0,7.121252453244542,1237.0,4,1,7.134093721192866,0.0,0.0,7.134093721192866,0.0,0.0,2,0,3,1,3,6,8,1,3,1995.0,3,2.0,402.0,3,3,2,5.3981627015177525,3.091042453358316,0.0,0.0,0.0,0,0.0,6,2007,7.820439515262181,2.0,12,11,1,1,1,0,0,0,0,0,1,0,0,0,0,0,0,0,0,0,0,0,0,0,1,0,0,1,0,0,0,1,1,0,0,0,0,0,1,0,0,0,0,0,0,0,0,1,0,0,0,0,0,0,0,0,0,0,0,0,0,0,0,0,0,0,1,0,0,0,0,0,0,0,0,1,0,0,0,0,0,1,0,0,0,0,0,0,1,0,0,0,0,0,0,1,0,0,0,0,1,0,0,0,0,0,0,0,0,0,0,0,0,1,0,0,0,0,0,0,0,0,0,0,0,0,0,0,1,0,0,0,0,0,0,0,0,0,0,1,0,0,0,0,1,0,0,0,0,1,0,0,0,0,0,0,0,0,1,0,1,0,0,0,0,0,0,0,0,0,0,0,0,0,1,0,0,0,0,1,0
4.189654742026425,8.875426919818963,4,3,6,5,1992,1992,0.0,4,4,4,3,1,5,5.961005339623274,1,0.0,5.926926025970411,761.0,5,1,6.698268054115413,6.677083461247136,0.0,7.38025578842646,0.0,0.0,2,1,3,1,4,7,8,0,0,1992.0,2,2.0,484.0,3,3,2,0.0,4.8283137373023015,0.0,0.0,0.0,0,0.0,7,2006,7.768533300926033,2.5,14,14,1,1,0,0,0,0,0,0,0,0,0,0,0,1,0,0,0,0,0,0,0,0,1,0,0,1,0,0,0,1,1,0,0,0,0,0,1,0,0,0,0,0,0,0,0,0,0,0,0,0,0,0,0,0,0,0,0,1,0,0,0,0,0,0,1,0,0,0,0,0,0,0,0,1,0,0,0,0,0,1,0,0,0,0,0,0,0,0,0,1,0,0,0,1,0,0,0,0,1,0,0,0,0,0,0,0,0,0,0,0,0,0,0,0,0,0,0,1,0,0,0,0,0,0,0,0,0,0,0,0,0,0,0,1,0,0,0,0,1,0,0,0,1,0,0,0,0,1,0,0,0,0,0,0,0,0,1,0,1,0,0,0,0,0,0,0,0,0,0,0,0,0,1,0,0,0,0,1,0
4.219507705176107,9.698061122027077,2,3,7,5,2001,2002,0.0,4,3,4,3,1,1,0.0,1,0.0,7.254177846456518,1413.0,5,1,7.266128779556451,0.0,0.0,7.266128779556451,0.0,0.0,2,0,3,1,4,6,8,0,0,2001.0,2,2.0,605.0,3,3,2,0.0,3.5263605246161616,0.0,0.0,0.0,0,0.0,6,2009,7.952966790923131,2.0,8,7,1,1,0,0,0,0,0,0,1,0,0,0,0,0,0,0,0,0,0,0,0,0,1,0,0,1,0,0,0,1,1,0,0,0,0,0,1,0,0,0,0,0,1,0,0,0,0,0,0,0,0,0,0,0,0,0,0,0,0,0,0,0,0,0,1,0,0,0,0,0,0,0,0,1,0,0,0,0,0,1,0,0,0,0,0,0,1,0,0,0,0,0,0,1,0,0,0,0,1,0,0,0,0,0,0,0,0,0,0,0,0,0,0,0,0,0,0,1,0,0,0,0,0,0,0,0,0,0,0,0,0,0,0,1,0,0,0,0,1,0,0,0,1,0,0,0,0,1,0,0,0,0,0,0,0,0,1,0,1,0,0,0,0,0,0,0,0,0,0,0,0,0,1,0,0,0,0,1,0
4.30406509320417,9.116249448576587,3,3,5,6,1978,1978,4.653960350157523,3,4,4,3,3,6,7.001245622069476,1,0.0,0.0,1097.0,5,1,7.01301578963963,0.0,0.0,7.01301578963963,1.0,0.0,1,0,1,1,4,4,8,1,3,1978.0,3,2.0,602.0,3,3,2,5.717027701406222,3.4339872044851463,0.0,0.0,0.0,0,0.0,7,2009,7.699842407396986,2.0,31,31,1,1,1,0,0,0,0,0,0,0,0,0,0,0,0,0,0,1,0,0,0,0,1,0,0,1,0,0,0,1,1,0,1,0,0,0,0,0,0,0,0,0,0,0,0,0,0,0,1,0,0,0,0,0,0,0,0,0,0,0,0,0,0,0,1,0,0,0,0,0,0,0,0,1,0,0,0,0,0,1,0,0,0,0,0,0,0,0,0,0,1,0,0,1,0,0,0,0,1,0,0,0,0,0,0,0,0,0,0,0,0,0,0,0,1,0,0,0,0,0,0,0,0,0,0,0,0,0,0,0,1,0,0,0,0,0,0,1,0,0,0,0,1,0,0,0,0,1,0,0,0,0,0,0,0,0,1,0,1,0,0,0,0,0,0,0,0,0,0,0,0,0,1,0,0,0,0,1,0
3.58351893845611,8.748463629942055,4,3,6,6,1914,2001,0.0,3,3,3,3,1,1,0.0,1,0.0,6.610696044717759,742.0,5,1,6.610696044717759,6.610696044717759,0.0,7.3031700512368,0.0,0.0,2,0,3,1,3,9,8,1,4,0.0,0,0.0,0.0,0,0,2,0.0,5.676753802268282,4.90527477843843,0.0,0.0,0,0.0,6,2008,7.708410667257367,2.0,94,7,0,1,1,0,0,0,0,0,0,0,0,0,0,0,0,1,0,0,0,0,0,0,0,1,0,1,0,0,0,1,1,0,0,0,0,0,1,0,0,0,0,0,0,0,0,0,0,0,0,0,0,0,0,0,1,0,0,0,0,0,0,0,0,0,1,0,0,0,0,0,0,0,0,1,0,0,0,0,0,1,0,0,0,0,0,0,0,0,1,0,0,0,0,1,0,0,0,0,1,0,0,0,0,0,0,0,0,0,0,0,0,0,0,0,0,0,0,0,1,0,0,0,0,0,0,0,0,0,0,0,0,0,0,0,0,1,0,0,1,0,0,1,0,0,0,0,0,1,0,0,0,0,0,0,0,0,1,0,0,0,0,0,0,1,0,0,0,0,0,0,0,0,1,0,0,0,0,1,0
4.394449154672439,9.189218875354072,4,3,6,5,1967,1967,0.0,3,3,3,3,1,3,5.529429087511423,2,6.447305862541213,6.198478716492308,1372.0,3,1,7.202661196523238,0.0,0.0,7.202661196523238,0.0,0.0,2,0,3,1,3,7,8,1,4,1967.0,1,2.0,457.0,3,3,2,0.0,0.0,0.0,0.0,5.288267030694535,0,0.0,9,2009,7.906547232368036,2.0,42,42,1,1,1,0,0,0,0,0,1,0,0,0,0,0,0,0,0,0,0,0,0,0,1,0,0,1,0,0,0,1,1,0,0,0,0,0,1,0,0,0,0,0,0,0,0,0,0,0,0,0,0,1,0,0,0,0,0,0,0,0,0,0,0,1,0,0,0,0,0,0,0,0,0,1,0,0,0,0,0,1,0,0,0,0,0,0,1,0,0,0,0,0,0,1,0,0,0,0,1,0,0,0,0,0,0,0,0,0,1,0,0,0,0,0,0,0,0,0,0,0,0,0,0,0,0,0,0,0,0,0,0,0,0,0,1,0,0,0,1,0,0,1,0,0,0,0,0,1,0,0,0,0,0,0,0,0,1,0,1,0,0,0,0,0,0,0,0,0,0,0,0,0,1,0,0,0,0,1,0
4.110873864173311,9.287394001418473,4,3,5,6,1915,1950,0.0,3,4,2,3,1,2,6.532334292222349,1,0.0,0.0,686.0,3,1,6.874198495453294,6.532334292222349,0.0,7.410347097821024,1.0,0.0,2,0,4,1,3,7,8,0,0,1961.0,1,1.0,416.0,3,3,2,0.0,0.0,5.2832037287379885,0.0,0.0,0,7.0909098220799835,6,2010,7.757478766584179,3.0,95,60,1,1,0,0,0,0,0,0,0,0,0,0,1,0,0,0,0,0,0,0,0,0,0,1,0,1,0,0,0,1,1,0,0,0,0,0,1,0,0,0,0,0,0,0,0,0,0,0,0,0,0,0,0,0,1,0,0,0,0,0,0,0,1,0,0,0,0,0,0,0,0,0,0,1,0,0,0,0,0,1,0,0,0,0,1,0,0,0,0,0,0,0,0,1,0,0,0,0,1,0,0,0,0,0,0,0,0,0,0,0,0,0,0,1,0,0,0,0,0,0,0,0,0,0,0,0,0,0,1,0,0,0,0,0,0,0,0,0,1,0,0,0,1,0,0,0,0,1,0,0,0,0,0,0,0,0,1,0,0,0,0,0,1,0,0,0,0,0,0,0,0,0,1,0,0,0,0,1,0
4.343805421853684,9.224539091375995,3,3,7,5,2004,2004,0.0,4,3,4,3,1,6,6.48768401848461,1,0.0,5.707110264748875,956.0,5,1,6.863803391452954,7.029087564149662,0.0,7.642524134232902,1.0,0.0,2,1,4,1,4,8,8,0,0,2004.0,2,2.0,618.0,3,3,2,0.0,3.828641396489095,0.0,0.0,0.0,0,0.0,1,2010,8.019941687677365,3.5,6,6,1,1,0,0,0,0,0,0,0,0,0,0,0,1,0,0,0,0,0,0,0,0,1,0,0,1,0,0,0,1,1,0,0,0,0,0,1,0,0,0,0,0,0,0,0,0,0,0,0,0,0,0,0,0,0,0,0,1,0,0,0,0,0,0,1,0,0,0,0,0,0,0,0,1,0,0,0,0,0,1,0,0,0,0,0,0,0,0,0,1,0,0,0,1,0,0,0,0,1,0,0,0,0,0,0,0,0,0,0,0,0,0,0,0,0,0,0,1,0,0,0,0,0,0,0,0,0,0,0,0,0,0,0,1,0,0,0,0,1,0,0,0,1,0,0,0,0,1,0,0,0,0,0,0,0,0,1,0,0,0,1,0,0,0,0,0,0,0,0,0,0,0,1,0,0,0,0,1,0
3.9318256327243257,8.699681400989514,4,3,4,7,1954,2000,0.0,3,3,3,3,1,1,0.0,1,0.0,6.804614520062624,901.0,5,1,6.804614520062624,0.0,0.0,6.804614520062624,0.0,0.0,1,0,2,1,3,4,8,0,0,1954.0,1,1.0,281.0,2,3,2,0.0,0.0,0.0,0.0,0.0,0,0.0,8,2008,7.497207223203318,1.0,54,8,1,1,0,0,0,0,0,0,1,0,0,0,0,0,0,0,0,0,0,0,0,0,0,1,0,1,0,0,0,1,1,0,1,0,0,0,0,0,0,0,0,0,0,0,0,0,0,0,0,0,0,0,0,0,1,0,0,0,0,0,0,0,0,0,1,0,0,0,0,0,0,0,0,1,0,0,0,0,0,1,0,0,0,0,0,0,1,0,0,0,0,0,0,1,0,0,0,0,1,0,0,0,0,0,0,0,0,0,0,0,0,0,0,1,0,0,0,0,0,0,0,0,0,0,0,0,0,0,1,0,0,0,0,0,0,0,0,0,1,0,0,1,0,0,0,0,0,1,0,0,0,0,0,0,0,0,1,0,0,0,0,0,1,0,0,0,0,0,0,0,0,0,1,0,0,0,0,1,0
4.394449154672439,9.40968291310444,3,3,6,8,1966,2007,5.062595033026967,3,3,3,2,4,2,6.343880434126331,1,0.0,5.579729825986222,832.0,4,1,6.884486652042782,7.013915474810528,0.0,7.643961949002529,0.0,0.0,2,1,5,1,4,9,8,0,0,1966.0,3,2.0,444.0,3,3,2,4.897839799950911,5.1298987149230735,0.0,0.0,0.0,0,0.0,7,2007,7.979338895262328,2.5,41,0,1,1,0,0,0,0,0,0,0,0,0,0,0,1,0,0,0,0,0,0,0,0,1,0,0,1,0,0,1,0,1,0,0,0,0,0,1,0,0,0,0,1,0,0,0,0,0,0,0,0,0,0,0,0,0,0,0,0,0,0,0,0,0,0,1,0,0,0,0,0,0,0,0,1,0,0,0,0,0,1,0,0,0,0,0,0,0,0,0,1,0,0,0,1,0,0,0,0,1,0,0,0,0,0,0,0,0,0,0,0,0,1,0,0,0,0,0,0,0,0,0,0,0,0,0,0,1,0,0,0,0,0,0,0,0,0,0,1,0,0,0,1,0,0,0,0,0,1,0,0,0,0,0,0,0,0,1,0,1,0,0,0,0,0,0,0,0,0,0,0,0,0,1,0,0,0,0,1,0
3.784189633918261,8.065579427282092,4,3,7,5,2005,2006,2.4849066497880004,4,3,4,3,1,6,2.833213344056216,1,0.0,7.029972911706386,1145.0,5,1,7.044032897274685,0.0,0.0,7.044032897274685,0.0,0.0,2,0,2,1,4,5,8,1,4,2005.0,3,2.0,397.0,3,3,2,4.61512051684126,2.833213344056216,0.0,0.0,0.0,0,0.0,9,2009,7.736743682453495,2.0,4,3,1,1,1,1,0,0,0,0,0,0,0,0,0,0,0,0,0,0,0,0,0,0,1,0,0,1,0,0,0,1,1,0,0,0,0,0,1,1,0,0,0,0,0,0,0,0,0,0,0,0,0,0,0,0,0,0,0,0,0,0,0,0,0,0,1,0,0,0,0,0,0,0,0,1,0,0,0,0,0,0,0,0,0,1,0,0,1,0,0,0,0,0,0,1,0,0,0,0,1,0,0,0,0,0,0,0,0,0,0,0,0,0,0,0,0,0,0,1,0,0,0,0,0,0,0,0,0,0,0,0,0,0,0,1,0,0,0,1,0,0,0,0,1,0,0,0,0,1,0,0,0,0,0,0,0,0,1,0,1,0,0,0,0,0,0,0,0,0,0,0,0,0,1,0,0,0,0,1,0
4.30406509320417,9.335562336729565,3,3,6,5,1976,1976,0.0,3,3,4,3,3,5,6.29156913955832,1,0.0,6.19644412779452,1029.0,3,1,6.968850378341948,0.0,0.0,6.968850378341948,1.0,0.0,1,0,3,1,3,5,8,2,3,1976.0,2,2.0,539.0,3,3,2,4.795790545596741,0.0,0.0,0.0,0.0,0,0.0,5,2007,7.645875825184813,2.0,31,31,1,1,1,0,0,0,0,0,0,0,0,0,0,0,0,0,1,0,0,0,0,0,1,0,0,1,0,0,0,1,1,0,1,0,0,0,0,0,0,0,0,0,0,0,0,0,0,0,1,0,0,0,0,0,0,0,0,0,0,0,0,0,0,0,1,0,0,0,0,0,0,0,0,1,0,0,0,0,0,1,0,0,0,0,0,0,0,0,0,0,0,1,0,1,0,0,0,0,1,0,0,0,0,0,0,0,0,0,0,0,0,1,0,0,0,0,0,0,0,0,0,0,0,0,0,0,1,0,0,0,0,0,0,0,0,0,0,0,1,0,0,0,1,0,0,0,0,1,0,0,0,0,0,0,0,0,1,0,1,0,0,0,0,0,0,0,0,0,0,0,0,0,1,0,0,0,0,1,0
4.532599493153256,9.202409001649903,3,3,7,5,1996,1997,0.0,4,3,4,3,3,6,6.760414691083428,1,0.0,5.545177444479562,1117.0,5,1,7.028201432058005,6.787844982309579,0.0,7.607878073278507,1.0,0.0,2,1,3,1,3,8,8,1,3,1997.0,1,2.0,455.0,3,3,2,5.198497031265826,4.875197323201151,0.0,0.0,0.0,0,0.0,6,2007,8.049107721326406,3.5,11,10,1,1,1,0,0,0,0,0,0,0,0,0,0,1,0,0,0,0,0,0,0,0,1,0,0,1,0,0,0,1,1,0,0,1,0,0,0,0,0,0,0,0,0,0,0,0,0,0,0,0,0,0,1,0,0,0,0,0,0,0,0,0,0,0,1,0,0,0,0,0,0,0,0,1,0,0,0,0,0,1,0,0,0,0,0,0,0,0,0,1,0,0,0,1,0,0,0,0,1,0,0,0,0,0,0,0,0,0,0,0,0,0,0,1,0,0,0,0,0,0,0,0,0,0,0,0,0,0,1,0,0,0,0,0,0,0,0,0,1,0,0,0,1,0,0,0,0,1,0,0,0,0,0,0,0,0,1,0,1,0,0,0,0,0,0,0,0,0,0,0,0,0,1,0,0,0,0,1,0
4.343805421853684,9.122492281402987,4,3,8,5,2007,2007,4.948759890378168,4,3,4,3,3,1,0.0,1,0.0,7.311218384419629,1496.0,5,1,7.311218384419629,0.0,0.0,7.311218384419629,0.0,0.0,2,0,3,1,4,7,8,0,0,2007.0,3,2.0,474.0,3,3,2,5.1298987149230735,4.875197323201151,0.0,0.0,0.0,0,0.0,6,2007,8.0040315078527,2.0,0,0,1,1,0,0,0,0,0,0,1,0,0,0,0,0,0,0,0,0,0,0,0,0,1,0,0,1,0,0,0,1,1,0,0,0,0,0,1,0,0,0,0,0,0,0,0,0,0,0,0,0,0,0,0,0,0,0,0,0,1,0,0,0,0,0,1,0,0,0,0,0,0,0,0,1,0,0,0,0,0,1,0,0,0,0,0,0,1,0,0,0,0,0,0,1,0,0,0,0,1,0,0,0,0,0,0,0,0,0,0,0,1,0,0,0,0,0,0,0,0,0,0,0,0,0,0,1,0,0,0,0,0,0,0,0,0,0,0,0,0,1,0,0,1,0,0,0,0,1,0,0,0,0,0,0,0,0,1,0,1,0,0,0,0,0,0,0,0,0,0,0,1,0,0,0,0,0,0,0,1
4.189654742026425,9.290352309945568,3,3,7,5,1994,1996,0.0,4,3,4,3,1,1,0.0,1,0.0,6.569481420414296,712.0,5,1,6.99117688712121,6.697034247666484,0.0,7.547501682814967,0.0,0.0,2,1,3,1,4,7,8,1,3,1994.0,3,2.0,409.0,3,3,2,4.969813299576001,3.8501476017100584,0.0,0.0,0.0,0,6.2166061010848646,10,2008,7.866338923046544,2.5,14,12,1,1,1,0,0,0,0,0,0,0,0,0,0,1,0,0,0,0,0,0,0,0,1,0,0,1,0,0,0,1,1,0,1,0,0,0,0,0,0,0,0,0,0,0,0,1,0,0,0,0,0,0,0,0,0,0,0,0,0,0,0,0,0,0,1,0,0,0,0,0,0,0,0,1,0,0,0,0,0,1,0,0,0,0,0,0,0,0,0,1,0,0,0,1,0,0,0,0,1,0,0,0,0,0,0,0,0,0,0,0,0,0,0,1,0,0,0,0,0,0,0,0,0,0,0,0,0,0,1,0,0,0,0,0,0,0,0,0,1,0,0,0,1,0,0,0,0,1,0,0,0,0,0,0,0,0,1,0,1,0,0,0,0,0,0,0,0,0,0,0,0,0,1,0,0,0,0,1,0
4.2626798770413155,9.036106025364846,4,3,6,6,1980,1981,4.875197323201151,3,3,4,3,1,1,0.0,1,0.0,6.478509642208569,650.0,3,1,6.790097235513905,6.517671272912275,0.0,7.355641102974253,0.0,0.0,2,1,3,1,3,7,8,1,3,1980.0,1,2.0,476.0,3,3,2,0.0,3.9318256327243257,0.0,0.0,5.3230099791384085,0,0.0,4,2010,7.703007682479236,2.5,30,29,1,1,1,0,0,0,0,0,0,0,0,0,0,1,0,0,0,0,0,0,0,0,1,0,0,1,0,0,0,1,1,0,0,0,0,0,1,0,0,0,0,0,0,0,0,0,0,0,0,0,0,0,0,0,0,0,0,1,0,0,0,0,0,0,1,0,0,0,0,0,0,0,0,1,0,0,0,0,0,1,0,0,0,0,0,0,0,0,0,1,0,0,0,1,0,0,0,0,1,0,0,0,0,0,0,0,0,0,0,0,0,1,0,0,0,0,0,0,0,0,0,0,0,0,0,0,1,0,0,0,0,0,0,0,0,0,0,1,0,0,0,1,0,0,0,0,0,1,0,0,0,0,0,0,0,0,1,0,1,0,0,0,0,0,0,0,0,0,0,0,0,0,1,0,0,0,0,1,0
4.276666119016055,9.011645501064283,4,3,6,5,1977,1977,5.003946305945459,3,3,3,3,1,1,0.0,1,0.0,6.493753839851686,660.0,5,1,7.1592919047975645,0.0,0.0,7.1592919047975645,0.0,0.0,1,1,3,1,3,7,8,1,3,1977.0,2,2.0,528.0,3,3,2,4.9344739331306915,0.0,0.0,0.0,0.0,0,0.0,4,2007,7.57353126274595,1.5,30,30,1,1,1,0,0,0,0,0,1,0,0,0,0,0,0,0,0,0,0,0,0,0,1,0,0,1,0,0,0,1,1,0,0,0,0,0,1,0,0,0,0,0,0,0,0,0,0,0,0,0,0,0,0,0,0,0,1,0,0,0,0,0,0,0,1,0,0,0,0,0,0,0,0,1,0,0,0,0,0,1,0,0,0,0,0,0,1,0,0,0,0,0,0,1,0,0,0,0,1,0,0,0,0,0,0,0,0,0,0,0,0,0,0,0,1,0,0,0,0,0,0,0,0,0,0,0,0,0,0,0,1,0,0,0,0,0,0,1,0,0,0,1,0,0,0,0,0,1,0,0,0,0,0,0,0,0,1,0,1,0,0,0,0,0,0,0,0,0,0,0,0,0,1,0,0,0,0,1,0
4.060443010546419,8.946114375560743,4,3,5,5,1953,1953,0.0,3,3,3,3,1,4,6.3473892096560105,1,0.0,5.318119993844216,773.0,4,1,6.651571873589727,0.0,0.0,6.651571873589727,0.0,0.0,1,0,2,1,3,4,8,0,0,1953.0,1,1.0,240.0,3,3,2,0.0,0.0,0.0,0.0,0.0,0,0.0,4,2008,7.344072850573066,1.0,55,55,1,1,0,0,0,0,0,0,1,0,0,0,0,0,0,0,0,0,0,0,0,0,1,0,0,1,0,0,0,1,1,0,0,0,0,0,1,0,0,0,0,0,0,0,0,0,0,0,0,1,0,0,0,0,0,0,0,0,0,0,0,0,0,0,1,0,0,0,0,0,0,0,0,1,0,0,0,0,0,1,0,0,0,0,0,0,1,0,0,0,0,0,0,1,0,0,0,0,1,0,0,0,0,0,0,0,0,0,0,0,0,0,0,0,0,0,0,1,0,0,0,0,0,0,0,0,0,0,0,0,0,0,0,1,0,0,0,0,1,0,0,1,0,0,0,0,0,1,0,0,0,0,0,0,0,0,1,0,1,0,0,0,0,0,0,0,0,0,0,0,0,0,1,1,0,0,0,0,0
4.653960350157523,9.511851382364405,4,3,9,5,2008,2009,6.7580945044277305,5,3,5,3,1,1,0.0,1,0.0,7.563719668414366,1926.0,5,1,7.584264818389059,7.069023426578259,0.0,8.052296499538647,0.0,0.0,3,1,4,1,5,11,8,2,4,2009.0,3,3.0,820.0,3,3,2,4.976733742420574,4.3694478524670215,0.0,0.0,0.0,0,0.0,7,2009,8.53050420547591,3.5,1,0,1,1,1,0,0,0,0,0,0,0,0,0,0,1,0,0,0,0,0,0,0,0,1,0,0,1,0,0,0,1,1,0,0,0,0,0,1,0,0,0,0,0,0,0,0,0,0,0,0,0,0,0,0,1,0,0,0,0,0,0,0,0,0,0,1,0,0,0,0,0,0,0,0,1,0,0,0,0,0,1,0,0,0,0,0,0,0,0,0,1,0,0,0,0,0,1,0,0,1,0,0,0,0,0,0,0,0,0,0,0,0,0,0,0,0,0,0,1,0,0,0,0,0,0,0,0,0,0,0,0,0,0,0,1,0,0,0,0,0,1,0,0,1,0,0,0,0,1,0,0,0,0,0,0,0,0,1,0,0,0,1,0,0,0,0,0,0,0,0,0,1,0,0,0,0,0,0,0,1
4.110873864173311,8.881975184248867,4,3,5,7,1937,1950,5.53338948872752,3,3,4,3,1,5,6.345636360828596,1,0.0,5.093750200806762,731.0,5,1,6.889591308354466,6.669498089857879,0.0,7.478169694159785,1.0,0.0,1,1,3,1,4,7,8,2,3,1939.0,1,1.0,240.0,3,3,2,0.0,0.0,5.579729825986222,0.0,0.0,0,0.0,6,2007,7.824046010856292,2.5,70,57,1,1,1,0,0,0,0,0,0,0,0,0,1,0,0,0,0,0,0,0,0,0,1,0,0,1,0,0,0,1,1,0,1,0,0,0,0,0,0,0,0,0,0,0,0,0,0,0,0,0,0,0,0,0,0,1,0,0,0,0,0,0,0,1,0,0,0,0,0,0,0,0,0,1,0,0,0,0,0,1,0,0,0,0,1,0,0,0,0,0,0,0,0,1,0,0,0,0,1,0,0,0,0,0,0,0,0,0,0,0,0,0,0,0,0,0,0,0,1,0,0,0,0,0,0,0,0,0,0,0,0,0,0,0,1,0,0,1,0,0,1,0,0,0,0,0,0,1,0,0,0,0,0,0,0,0,1,0,0,0,0,0,1,0,0,0,0,0,0,0,0,0,1,0,0,0,0,1,0
4.382026634673881,9.457122321855792,3,2,6,5,1997,1997,0.0,3,3,4,3,4,6,6.137727054086234,1,0.0,5.043425116919247,616.0,4,1,6.424869023905388,6.9782137426306985,0.0,7.4318919168078,1.0,0.0,2,1,4,1,4,8,8,0,0,1997.0,2,2.0,603.0,3,3,2,6.0014148779611505,4.74493212836325,5.225746673713202,0.0,0.0,0,5.993961427306569,5,2008,7.742835955430749,3.5,11,11,1,1,0,0,0,0,0,0,0,0,0,0,0,1,0,0,0,0,0,0,0,0,1,0,0,1,0,1,0,0,1,0,0,0,0,0,1,0,0,0,0,1,0,0,0,0,0,0,0,0,0,0,0,0,0,0,0,0,0,0,0,0,0,1,0,0,0,0,0,0,0,0,0,1,0,0,0,0,0,1,0,0,0,0,0,0,0,0,0,1,0,0,0,1,0,0,0,0,1,0,0,0,0,0,0,0,0,0,0,0,0,0,0,0,0,0,0,1,0,0,0,0,0,0,0,0,0,0,0,0,0,0,0,1,0,0,0,0,1,0,0,0,1,0,0,0,0,1,0,0,0,0,0,0,0,0,1,0,1,0,0,0,0,0,0,0,0,0,0,0,0,0,1,0,0,0,0,1,0
3.713572066704308,8.476579508530941,4,3,4,7,1916,1990,0.0,3,3,3,3,1,2,5.288267030694535,1,0.0,6.907755278982137,1196.0,5,1,7.087573705557973,0.0,0.0,7.087573705557973,1.0,0.0,1,0,2,1,3,5,8,0,0,1957.0,1,2.0,440.0,3,3,2,0.0,0.0,0.0,0.0,0.0,0,0.0,7,2007,7.780303087908373,2.0,91,17,1,1,0,0,0,0,0,0,0,1,0,0,0,0,0,0,0,0,0,0,0,0,0,1,0,1,0,0,0,1,1,0,0,0,0,0,1,0,0,0,0,0,0,0,0,0,1,0,0,0,0,0,0,0,0,0,0,0,0,0,0,0,0,0,1,0,0,0,0,0,0,0,0,1,0,0,0,0,0,1,0,0,0,0,0,0,1,0,0,0,0,0,0,1,0,0,0,0,1,0,0,0,0,0,0,0,0,0,0,0,0,0,0,1,0,0,0,0,0,0,0,0,0,0,0,0,0,0,1,0,0,0,0,0,0,0,0,0,1,0,0,1,0,0,0,0,0,1,0,0,0,0,1,0,0,0,0,0,0,0,0,0,1,0,0,0,0,0,0,0,0,0,1,0,0,0,0,1,0
4.1588830833596715,9.011889433252344,4,3,7,5,2005,2005,0.0,4,3,4,3,3,6,6.47543271670409,1,0.0,4.394449154672439,728.0,5,1,6.591673732008658,6.591673732008658,0.0,7.284134806195205,1.0,0.0,2,1,3,1,4,7,8,1,4,2005.0,3,2.0,410.0,3,3,2,3.6109179126442243,2.9444389791664403,0.0,0.0,0.0,0,0.0,10,2008,7.68937110752969,3.5,3,3,1,1,1,0,0,0,0,0,0,0,0,0,0,1,0,0,0,0,0,0,0,0,1,0,0,1,0,0,0,1,1,0,0,0,0,0,1,0,0,0,0,0,1,0,0,0,0,0,0,0,0,0,0,0,0,0,0,0,0,0,0,0,0,0,1,0,0,0,0,0,0,0,0,1,0,0,0,0,0,1,0,0,0,0,0,0,0,0,0,1,0,0,0,1,0,0,0,0,1,0,0,0,0,0,0,0,0,0,0,0,0,0,0,0,0,0,0,0,0,1,0,0,0,0,0,0,0,0,0,0,0,0,0,0,0,1,0,0,1,0,0,0,1,0,0,0,0,1,0,0,0,0,0,0,0,0,1,0,1,0,0,0,0,0,0,0,0,0,0,0,0,0,1,0,0,0,0,1,0
4.68213122712422,9.539068413863964,4,3,9,5,2008,2009,6.052089168924417,5,3,5,3,4,1,0.0,1,0.0,7.45876269238096,1734.0,5,1,7.45876269238096,6.9930151229329605,0.0,7.945555428253489,0.0,0.0,3,1,4,1,5,12,8,1,4,2009.0,2,3.0,1020.0,3,3,2,3.970291913552122,5.14166355650266,0.0,0.0,5.262690188904886,0,0.0,1,2009,8.424419791263883,3.5,1,0,1,1,1,0,0,0,0,0,0,0,0,0,0,1,0,0,0,0,0,0,0,0,1,0,0,1,0,0,0,1,1,0,0,0,0,0,1,0,0,0,0,0,0,0,0,0,0,0,0,0,0,0,0,1,0,0,0,0,0,0,0,0,0,0,1,0,0,0,0,0,0,0,0,1,0,0,0,0,0,1,0,0,0,0,0,0,0,0,0,1,0,0,0,0,0,1,0,0,1,0,0,0,0,0,0,0,0,0,0,0,0,0,0,0,0,0,0,1,0,0,0,0,0,0,0,0,0,0,0,0,0,0,0,1,0,0,0,0,0,1,0,0,1,0,0,0,0,1,0,0,0,0,0,0,0,0,1,0,0,0,1,0,0,0,0,0,0,0,0,0,1,0,0,0,0,0,0,0,1
4.330733340286331,9.105090961257085,4,3,5,5,1954,1954,0.0,3,3,3,3,1,2,6.70073110954781,1,0.0,4.8283137373023015,936.0,3,1,7.029087564149662,0.0,0.0,7.029087564149662,0.0,0.0,1,0,2,1,3,5,7,0,0,1954.0,1,1.0,286.0,3,3,2,0.0,0.0,0.0,0.0,0.0,0,0.0,6,2006,7.632885505395133,1.0,52,52,1,1,0,0,0,0,0,0,1,0,0,0,0,0,0,0,0,0,0,0,0,0,1,0,0,1,0,0,0,1,1,0,0,0,0,0,1,0,0,0,0,0,0,0,0,0,0,0,0,1,0,0,0,0,0,0,0,0,0,0,0,0,0,0,1,0,0,0,0,0,0,0,0,1,0,0,0,0,0,1,0,0,0,0,0,0,1,0,0,0,0,0,0,1,0,0,0,0,1,0,0,0,0,0,0,0,0,0,0,0,0,0,0,0,0,0,0,0,1,0,0,0,0,0,0,0,0,0,0,0,0,0,0,0,1,0,0,0,1,0,0,1,0,0,0,0,0,1,0,0,0,0,0,0,0,0,1,0,1,0,0,0,0,0,0,0,0,0,0,0,0,0,1,0,0,0,1,0,0
4.5217885770490405,9.41531995266272,3,3,7,5,2008,2008,5.54907608489522,4,3,4,3,1,1,0.0,1,0.0,7.257002707092073,1417.0,5,1,7.264730177929867,0.0,0.0,7.264730177929867,0.0,0.0,2,0,3,1,5,6,8,0,0,2008.0,2,2.0,554.0,3,3,2,0.0,4.110873864173311,0.0,0.0,0.0,0,0.0,7,2008,7.953669778649798,2.0,0,0,1,1,0,0,0,0,0,0,1,0,0,0,0,0,0,0,0,0,0,0,0,0,1,0,0,1,0,0,0,1,1,0,0,0,1,0,0,0,0,0,0,0,0,0,0,0,0,0,0,0,0,0,0,0,0,0,0,0,1,0,0,0,0,0,1,0,0,0,0,0,0,0,0,1,0,0,0,0,0,1,0,0,0,0,0,0,1,0,0,0,0,0,0,1,0,0,0,0,1,0,0,0,0,0,0,0,0,0,0,0,0,0,0,0,0,0,0,1,0,0,0,0,0,0,0,0,0,0,0,0,0,0,0,1,0,0,0,0,0,1,0,0,1,0,0,0,0,1,0,0,0,0,0,0,0,0,1,0,1,0,0,0,0,0,0,0,0,0,0,0,1,0,0,0,0,0,0,0,1
4.330733340286331,9.18512512283512,4,3,5,5,1967,1967,0.0,3,3,3,3,3,5,5.993961427306569,3,6.175867270105761,4.61512051684126,980.0,4,1,6.8885724595653635,0.0,0.0,6.8885724595653635,0.0,0.0,2,0,3,1,3,6,8,0,0,1967.0,3,1.0,384.0,3,3,2,4.23410650459726,0.0,0.0,0.0,0.0,0,0.0,10,2006,7.581209826196346,2.0,39,39,1,1,0,0,0,0,0,0,0,0,0,0,0,0,0,0,1,0,0,0,0,0,1,0,0,1,0,0,0,1,1,0,0,0,0,0,1,0,0,0,0,0,0,0,0,0,0,0,0,1,0,0,0,0,0,0,0,0,0,0,0,0,0,0,1,0,0,0,0,0,0,0,0,1,0,0,0,0,0,1,0,0,0,0,0,0,0,0,0,0,0,1,0,1,0,0,0,0,1,0,0,0,0,0,0,0,0,0,0,0,0,0,0,0,0,0,0,1,0,0,0,0,0,0,0,0,0,0,0,0,0,0,0,1,0,0,0,0,1,0,0,0,1,0,0,0,0,1,0,0,0,0,0,0,0,0,1,0,1,0,0,0,0,0,0,0,0,0,0,0,0,0,1,0,0,0,0,1,0
4.976733742420574,9.970445020661009,4,3,5,6,1923,2004,0.0,3,3,3,3,4,6,7.177782416195197,1,0.0,2.772588722239781,1324.0,5,1,6.9782137426306985,6.22455842927536,0.0,7.3632795869630385,2.0,0.0,1,1,3,1,4,6,8,1,3,1923.0,2,2.0,528.0,3,3,2,0.0,5.746203190540153,0.0,0.0,0.0,0,0.0,5,2009,7.972810784121404,3.5,86,5,1,1,1,0,0,0,0,0,0,0,0,0,0,0,1,0,0,0,0,0,0,0,1,0,0,1,0,0,0,1,1,0,0,0,0,0,1,0,0,0,1,0,0,0,0,0,0,0,0,0,0,0,0,0,0,0,0,0,0,0,0,0,0,0,1,0,0,0,0,0,0,0,0,1,0,0,0,0,0,1,0,0,0,0,0,0,0,0,0,1,0,0,0,1,0,0,0,0,1,0,0,0,0,0,0,0,0,0,0,0,0,0,0,0,0,0,0,0,1,0,0,0,0,0,0,0,0,0,0,0,0,0,0,0,1,0,0,0,1,0,0,1,0,0,0,0,0,1,0,0,0,0,0,0,0,0,1,0,1,0,0,0,0,0,0,0,0,0,0,0,0,0,1,0,0,0,0,1,0
4.454347296253507,9.503084610020228,4,3,5,5,1966,1966,6.954638864880987,3,3,3,3,3,5,6.248042874508429,4,4.859812404361672,5.942799375126701,1024.0,3,1,6.99117688712121,0.0,0.0,6.99117688712121,1.0,0.0,1,0,3,1,3,6,8,1,4,1966.0,2,2.0,484.0,3,3,2,0.0,0.0,0.0,0.0,0.0,0,0.0,6,2006,7.65491704784832,2.0,40,40,1,1,1,0,0,0,0,0,0,0,0,0,0,0,0,0,1,0,0,0,0,0,1,0,0,1,0,0,0,1,1,0,0,0,0,0,1,0,0,0,0,0,0,0,0,0,0,0,0,1,0,0,0,0,0,0,0,0,0,0,0,0,0,0,1,0,0,0,0,0,0,0,0,1,0,0,0,0,0,1,0,0,0,0,0,0,0,0,0,0,0,1,0,1,0,0,0,0,1,0,0,0,0,0,0,0,0,0,0,0,0,0,0,0,0,0,0,1,0,0,0,0,0,0,0,0,0,0,0,0,0,0,0,1,0,0,0,1,0,0,0,1,0,0,0,0,0,1,0,0,0,0,0,0,0,0,1,0,1,0,0,0,0,0,0,0,0,0,0,0,0,0,1,0,0,0,0,1,0
4.51085950651685,8.999742789830492,4,3,5,5,1898,1965,0.0,3,3,3,3,1,1,0.0,1,0.0,6.745236349484363,849.0,3,0,6.98100574072173,6.96979066990159,0.0,7.668093709082406,0.0,0.0,2,0,2,3,3,11,8,0,0,1910.0,1,2.0,360.0,2,1,0,3.713572066704308,5.056245805348308,0.0,0.0,0.0,0,0.0,11,2009,8.002359546252707,2.0,111,44,1,1,0,0,0,0,0,0,0,0,0,0,0,0,0,1,0,0,0,0,0,0,0,1,0,1,0,0,0,1,1,0,1,0,0,0,0,0,0,0,0,0,0,0,0,0,0,0,0,0,0,0,0,0,1,0,0,0,0,0,0,0,0,0,1,0,0,0,0,0,0,0,0,1,0,0,0,0,0,1,0,0,0,0,0,0,0,0,1,0,0,0,0,0,0,1,0,0,1,0,0,0,0,0,0,1,0,0,0,0,0,0,0,0,0,0,0,0,0,0,1,0,0,0,0,0,0,0,0,0,0,0,0,0,0,0,0,0,1,0,0,0,1,0,0,0,0,1,0,0,0,0,1,0,0,0,0,0,0,0,0,0,1,0,0,0,0,0,0,0,0,0,1,0,0,0,0,1,0
4.3694478524670215,9.224341891611996,4,3,6,6,1974,1999,4.605170185988092,3,3,3,3,1,5,6.498282149476434,2,5.934894195619588,0.0,1040.0,2,1,7.177782416195197,0.0,0.0,7.177782416195197,1.0,0.0,1,1,3,1,4,5,8,1,2,1974.0,2,2.0,484.0,3,3,2,5.583496308781699,0.0,0.0,0.0,0.0,648,0.0,1,2006,7.762170607138205,2.5,32,7,1,1,1,0,0,0,0,0,1,0,0,0,0,0,0,0,0,0,0,0,0,0,1,0,0,1,0,0,0,1,1,0,0,0,0,0,1,0,0,0,0,0,0,0,0,0,0,0,0,0,0,1,0,0,0,0,0,0,0,0,0,0,0,0,1,0,0,0,0,0,0,0,0,1,0,0,0,0,0,1,0,0,0,0,0,0,1,0,0,0,0,0,0,0,0,1,0,0,1,0,0,0,0,0,0,0,0,0,0,0,0,1,0,0,0,0,0,0,0,0,0,0,0,0,0,0,1,0,0,0,0,0,0,0,0,0,0,1,0,0,0,1,0,0,0,0,0,1,0,0,0,0,0,0,0,0,1,0,1,0,0,0,0,0,0,0,0,0,0,0,0,0,1,0,0,0,0,1,0
4.2626798770413155,8.398184404834035,4,3,6,5,2004,2004,5.135798437050262,4,3,4,3,4,6,6.4967749901858625,1,0.0,5.231108616854587,848.0,5,1,6.744059186311348,0.0,0.0,6.744059186311348,1.0,0.0,1,0,1,1,4,4,8,1,4,2004.0,3,2.0,420.0,3,3,2,4.948759890378168,0.0,0.0,0.0,0.0,0,0.0,6,2008,7.436617265234227,2.0,4,4,1,1,1,1,0,0,0,0,0,0,0,0,0,0,0,0,0,0,0,0,0,0,0,1,0,1,0,0,0,1,1,0,0,0,0,0,1,0,0,0,0,0,1,0,0,0,0,0,0,0,0,0,0,0,0,0,0,0,0,0,0,0,0,0,1,0,0,0,0,0,0,0,0,1,0,0,0,0,0,0,0,0,0,1,0,0,1,0,0,0,0,0,0,1,0,0,0,0,1,0,0,0,0,0,0,0,0,0,0,0,0,0,0,0,0,0,0,1,0,0,0,0,0,0,0,0,0,0,0,0,0,0,0,1,0,0,0,1,0,0,0,0,1,0,0,0,0,1,0,0,0,0,0,0,0,0,1,0,1,0,0,0,0,0,0,0,0,1,0,0,0,0,0,0,0,0,0,1,0
4.204692619390966,9.072571442231286,4,2,5,5,1952,1952,0.0,2,3,3,3,3,1,0.0,1,0.0,6.293419278846481,540.0,3,0,6.951772164398911,0.0,0.0,6.951772164398911,0.0,0.0,1,0,2,1,2,4,8,0,0,1952.0,1,2.0,504.0,3,3,0,0.0,0.0,0.0,0.0,0.0,0,4.007333185232471,6,2010,7.368339686311381,1.0,58,58,1,1,0,0,0,0,0,0,1,0,0,0,0,0,0,0,0,0,0,1,0,0,0,0,1,0,1,0,0,0,1,0,0,0,0,0,1,0,0,0,0,0,0,0,0,0,1,0,0,0,0,0,0,0,0,0,0,0,0,0,0,0,0,0,1,0,0,0,0,0,0,0,0,1,0,0,0,0,0,1,0,0,0,0,0,0,1,0,0,0,0,0,0,0,0,1,0,0,1,0,0,0,0,0,0,0,0,0,0,0,0,0,0,0,0,0,0,0,1,0,0,0,0,0,0,0,0,0,0,0,0,0,0,0,1,0,0,0,1,0,0,1,0,0,0,0,0,1,0,0,0,0,1,0,0,0,0,0,0,1,0,0,0,0,0,0,0,0,0,0,0,0,1,0,0,1,0,0,0
4.330733340286331,9.18512512283512,4,3,6,6,1958,1958,5.497168225293202,3,3,3,3,1,3,6.411818267709897,1,0.0,6.727431724850855,1442.0,4,1,7.274479558773871,0.0,0.0,7.274479558773871,0.0,0.0,1,1,4,1,3,7,8,0,0,1958.0,2,1.0,301.0,3,3,2,0.0,0.0,5.62040086571715,0.0,0.0,0,6.2166061010848646,4,2007,7.9672801789422,1.5,49,49,1,1,0,0,0,0,0,0,1,0,0,0,0,0,0,0,0,0,0,0,0,0,1,0,0,1,0,0,0,1,1,0,0,0,0,0,1,0,0,0,0,0,0,0,0,0,0,0,0,1,0,0,0,0,0,0,0,0,0,0,0,0,0,0,1,0,0,0,0,0,0,0,0,1,0,0,0,0,0,1,0,0,0,0,0,0,1,0,0,0,0,0,0,1,0,0,0,0,1,0,0,0,0,0,0,0,0,0,0,0,0,0,0,1,0,0,0,0,0,0,0,0,0,0,0,0,0,0,1,0,0,0,0,0,0,0,0,1,0,0,0,1,0,0,0,0,0,1,0,0,0,0,0,0,0,0,1,0,1,0,0,0,0,0,1,0,0,0,0,0,0,0,0,0,0,0,0,1,0
3.828641396489095,9.017847259860732,4,3,5,7,1918,1950,0.0,3,3,3,3,1,1,0.0,1,0.0,6.532334292222349,686.0,4,1,6.532334292222349,6.336825731146441,0.0,7.1316985104669115,0.0,1.0,1,1,3,1,2,7,8,0,0,1955.0,1,1.0,280.0,3,3,1,5.337538079701318,0.0,4.574710978503383,0.0,0.0,0,0.0,7,2006,7.5688956634069955,2.0,88,56,1,1,0,0,0,0,0,0,0,0,0,0,1,0,0,0,0,0,0,0,0,0,1,0,0,1,0,0,0,1,1,0,0,0,0,0,1,0,0,0,0,0,0,0,1,0,0,0,0,0,0,0,0,0,0,0,0,0,0,0,0,0,0,0,1,0,0,0,0,0,0,0,0,1,0,0,0,0,0,1,0,0,0,0,1,0,0,0,0,0,0,0,0,1,0,0,0,0,1,0,0,0,0,0,0,0,0,0,0,0,0,0,0,0,0,0,1,0,0,0,0,0,0,0,0,0,0,0,0,0,0,0,1,0,0,0,0,0,1,0,1,0,0,0,0,0,0,0,1,0,0,0,0,0,0,0,1,0,0,0,0,0,1,0,0,0,0,0,0,0,0,0,1,0,0,0,0,1,0
3.8918202981106265,9.4040963063958,2,3,7,5,1998,1998,6.093569770045136,3,3,4,3,1,1,0.0,1,0.0,7.408530566894626,1649.0,5,1,7.415776975415394,0.0,0.0,7.415776975415394,0.0,0.0,2,0,3,1,4,6,8,0,0,1998.0,2,2.0,598.0,3,3,2,0.0,3.5553480614894135,0.0,0.0,0.0,0,0.0,5,2010,8.105005537547246,2.0,12,12,1,1,0,0,0,0,0,0,1,0,0,0,0,0,0,0,0,0,0,0,0,0,1,0,0,1,0,0,0,1,1,0,0,1,0,0,0,0,0,0,0,0,1,0,0,0,0,0,0,0,0,0,0,0,0,0,0,0,0,0,0,0,0,0,1,0,0,0,0,0,0,0,0,1,0,0,0,0,0,1,0,0,0,0,0,0,1,0,0,0,0,0,0,1,0,0,0,0,1,0,0,0,0,0,0,0,0,0,0,0,0,0,0,0,0,0,0,1,0,0,0,0,0,0,0,0,0,0,0,0,0,0,0,1,0,0,0,1,0,0,0,0,1,0,0,0,0,1,0,0,0,0,0,0,0,0,1,0,1,0,0,0,0,0,0,0,0,0,0,0,0,0,1,0,0,0,0,1,0
4.30406509320417,9.343646739284408,3,3,5,6,1954,1954,0.0,3,3,3,3,1,4,6.18826412308259,1,0.0,6.259581464064923,1008.0,4,1,6.9167150203536085,0.0,0.0,6.9167150203536085,0.0,0.0,1,0,2,1,3,4,8,1,4,1954.0,2,1.0,275.0,3,3,2,0.0,0.0,4.795790545596741,0.0,0.0,0,0.0,7,2006,7.6093665379542115,1.0,52,52,1,1,1,0,0,0,0,0,1,0,0,0,0,0,0,0,0,0,0,0,0,0,1,0,0,1,0,0,0,1,1,0,1,0,0,0,0,0,0,0,0,0,0,0,0,0,0,0,0,1,0,0,0,0,0,0,0,0,0,0,0,0,0,0,1,0,0,0,0,0,0,0,0,1,0,0,0,0,0,1,0,0,0,0,0,0,1,0,0,0,0,0,0,1,0,0,0,0,1,0,0,0,0,0,0,0,0,0,1,0,0,0,0,0,0,0,0,0,0,0,0,0,0,1,0,0,0,0,0,0,0,0,0,0,0,0,0,0,1,0,0,1,0,0,0,0,0,1,0,0,0,0,0,0,0,0,1,0,1,0,0,0,0,0,0,0,0,0,0,0,0,0,1,0,0,0,0,1,0
4.30406509320417,9.492959650085501,3,3,8,5,2002,2002,5.003946305945459,4,3,4,3,1,6,7.105786129481271,1,0.0,5.860786223465865,1568.0,5,1,7.432483807917119,0.0,0.0,7.432483807917119,1.0,0.0,2,0,3,1,4,7,8,2,4,2002.0,2,3.0,857.0,3,3,2,5.017279836814924,4.0943445622221,0.0,0.0,0.0,0,0.0,7,2008,8.08886878916199,3.0,6,6,1,1,1,0,0,0,0,0,1,0,0,0,0,0,0,0,0,0,0,0,0,0,1,0,0,1,0,0,0,1,1,0,0,1,0,0,0,0,0,0,0,0,0,0,0,0,0,0,1,0,0,0,0,0,0,0,0,0,0,0,0,0,0,0,1,0,0,0,0,0,0,0,0,1,0,0,0,0,0,1,0,0,0,0,0,0,1,0,0,0,0,0,0,0,0,1,0,0,1,0,0,0,0,0,0,0,0,0,0,0,1,0,0,0,0,0,0,0,0,0,0,0,0,0,0,1,0,0,0,0,0,0,0,0,0,0,0,1,0,0,0,0,1,0,0,0,0,1,0,0,0,0,0,0,0,0,1,0,1,0,0,0,0,0,0,0,0,0,0,0,0,0,1,0,0,0,0,1,0
4.394449154672439,9.084436955087027,4,3,6,7,1971,1971,4.394449154672439,3,3,3,3,3,6,6.22455842927536,1,0.0,6.2285110035911835,1010.0,4,1,6.959398512133975,0.0,0.0,6.959398512133975,1.0,0.0,1,0,3,1,3,6,8,0,0,1971.0,1,2.0,440.0,3,3,2,0.0,0.0,0.0,0.0,0.0,0,0.0,6,2010,7.631916513071252,2.0,39,39,1,1,0,0,0,0,0,0,0,0,0,0,0,0,0,0,1,0,0,0,0,0,1,0,0,1,0,0,0,1,1,0,0,0,0,0,1,0,0,0,0,1,0,0,0,0,0,0,0,0,0,0,0,0,0,0,0,0,0,0,0,0,0,0,1,0,0,0,0,0,0,0,0,1,0,0,0,0,0,1,0,0,0,0,0,0,0,0,0,0,0,1,0,1,0,0,0,0,1,0,0,0,0,0,0,0,0,0,0,0,0,1,0,0,0,0,0,0,0,0,0,0,0,0,0,0,1,0,0,0,0,0,0,0,0,0,0,1,0,0,0,1,0,0,0,0,0,1,0,0,0,0,0,0,0,0,1,0,1,0,0,0,0,0,0,0,0,0,0,0,0,0,1,0,0,0,0,1,0
3.8066624897703196,8.759668671029939,3,3,7,5,2009,2010,4.859812404361672,4,3,4,3,2,6,6.598509028614515,1,0.0,6.439350371100098,1358.0,5,1,7.214504414151143,0.0,0.0,7.214504414151143,1.0,0.0,2,0,2,1,4,6,8,1,4,2010.0,2,2.0,484.0,3,3,2,5.262690188904886,3.58351893845611,0.0,0.0,0.0,0,0.0,6,2010,7.907283609426348,3.0,1,0,1,1,1,1,0,0,0,0,0,0,0,0,0,0,0,0,0,0,0,0,0,0,1,0,0,1,0,0,0,1,1,0,0,0,0,0,1,0,0,0,0,0,0,0,0,0,0,0,0,0,0,0,0,1,0,0,0,0,0,0,0,0,0,0,1,0,0,0,0,0,0,0,0,1,0,0,0,0,0,0,0,0,0,1,0,0,1,0,0,0,0,0,0,1,0,0,0,0,1,0,0,0,0,0,0,0,0,0,0,0,0,0,0,0,0,0,0,1,0,0,0,0,0,0,0,0,0,0,0,0,0,0,0,1,0,0,0,0,0,1,0,0,1,0,0,0,0,1,0,0,0,0,0,0,0,0,1,0,1,0,0,0,0,0,0,0,0,0,0,0,1,0,0,0,0,0,0,0,1
4.290459441148391,8.885579291282982,3,3,7,5,2003,2003,0.0,4,3,4,3,1,1,0.0,1,0.0,6.683360945766275,798.0,5,1,6.683360945766275,6.736966958001855,0.0,7.403061091090091,0.0,0.0,2,1,3,1,4,6,8,0,0,2003.0,2,2.0,595.0,3,3,2,0.0,3.828641396489095,0.0,0.0,0.0,0,0.0,6,2008,7.79934339821592,2.5,5,5,1,1,0,0,0,0,0,0,0,0,0,0,0,1,0,0,0,0,0,0,0,0,1,0,0,1,0,0,0,1,1,0,0,1,0,0,0,0,0,0,0,0,1,0,0,0,0,0,0,0,0,0,0,0,0,0,0,0,0,0,0,0,0,0,1,0,0,0,0,0,0,0,0,1,0,0,0,0,0,1,0,0,0,0,0,0,0,0,0,1,0,0,0,1,0,0,0,0,1,0,0,0,0,0,0,0,0,0,0,0,0,0,0,0,0,0,0,1,0,0,0,0,0,0,0,0,0,0,0,0,0,0,0,1,0,0,0,0,1,0,0,0,1,0,0,0,0,1,0,0,0,0,0,0,0,0,1,0,1,0,0,0,0,0,0,0,0,0,0,0,0,0,1,0,0,0,0,1,0
4.110873864173311,8.699681400989514,4,2,4,4,1953,1953,0.0,2,3,2,3,1,1,0.0,1,0.0,6.842683282238422,936.0,3,0,6.842683282238422,0.0,0.0,6.842683282238422,0.0,0.0,1,0,2,1,3,4,6,0,0,1974.0,1,2.0,576.0,3,3,2,0.0,3.4965075614664802,4.727387818712341,0.0,0.0,0,0.0,2,2009,7.5352967024440884,1.0,56,56,1,1,0,0,0,0,0,0,1,0,0,0,0,0,0,0,0,0,0,0,0,0,0,1,0,1,1,0,0,0,1,0,0,0,0,0,1,0,0,0,0,0,0,0,0,0,0,0,0,0,0,0,0,0,1,0,0,0,0,0,0,0,0,0,1,0,0,0,0,0,0,0,0,1,0,0,0,0,0,0,1,0,0,0,0,0,1,0,0,0,0,0,0,1,0,0,0,0,1,0,0,0,0,0,0,0,0,0,0,0,0,0,0,1,0,0,0,0,0,0,0,0,0,0,0,0,0,0,1,0,0,0,0,0,0,0,0,0,1,0,0,1,0,0,0,0,0,1,0,0,0,0,0,0,0,0,1,0,0,0,0,0,1,0,0,0,0,0,0,0,0,0,1,0,0,0,0,1,0
4.189654742026425,9.42504844446929,3,3,7,5,2003,2003,0.0,4,3,4,3,4,1,0.0,1,0.0,6.742880635791903,847.0,5,1,6.742880635791903,6.787844982309579,0.0,7.458186157340487,0.0,0.0,2,1,3,1,4,7,8,1,4,2003.0,3,2.0,433.0,3,3,2,4.61512051684126,3.8918202981106265,0.0,0.0,0.0,0,0.0,10,2007,7.855932199718614,2.5,4,4,1,1,1,0,0,0,0,0,0,0,0,0,0,1,0,0,0,0,0,0,0,0,1,0,0,1,0,0,0,1,1,0,1,0,0,0,0,0,0,0,0,0,0,0,0,1,0,0,0,0,0,0,0,0,0,0,0,0,0,0,0,0,0,0,1,0,0,0,0,0,0,0,0,1,0,0,0,0,0,1,0,0,0,0,0,0,0,0,0,1,0,0,0,1,0,0,0,0,1,0,0,0,0,0,0,0,0,0,0,0,0,0,0,0,0,0,0,1,0,0,0,0,0,0,0,0,0,0,0,0,0,0,0,1,0,0,0,0,1,0,0,0,1,0,0,0,0,1,0,0,0,0,0,0,0,0,1,0,0,0,1,0,0,0,0,0,0,0,0,0,0,0,1,0,0,0,1,0,0
4.110873864173311,9.200391041122515,4,3,6,7,1940,1950,0.0,3,3,3,3,1,1,0.0,1,0.0,6.658011045870748,778.0,3,1,6.851184927493743,6.302618975744905,0.0,7.306531398939505,0.0,0.0,2,0,3,1,3,7,8,1,4,1940.0,1,1.0,240.0,3,3,2,5.817111159963204,0.0,0.0,0.0,0.0,0,0.0,7,2009,7.7266536648476425,2.0,69,59,1,1,1,0,0,0,0,0,0,0,0,0,1,0,0,0,0,0,0,0,0,0,1,0,0,1,0,0,0,1,1,0,0,0,0,0,1,0,0,0,0,0,0,0,0,0,0,0,0,0,0,0,0,0,0,1,0,0,0,0,0,0,0,0,1,0,0,0,0,0,0,0,0,1,0,0,0,0,0,1,0,0,0,0,1,0,0,0,0,0,0,0,0,1,0,0,0,0,1,0,0,0,0,0,0,0,0,0,0,0,0,0,0,0,0,0,0,1,0,0,0,0,0,0,0,0,0,0,0,0,0,0,0,1,0,0,0,0,1,0,1,0,0,0,0,0,0,1,0,0,0,0,0,0,0,0,1,0,0,0,0,0,1,0,0,0,0,0,0,0,0,0,1,0,0,0,0,1,0
4.406719247264253,9.325185763645223,4,3,8,5,2006,2006,0.0,4,3,4,4,1,1,0.0,1,0.0,7.306531398939505,1489.0,5,1,7.306531398939505,0.0,0.0,7.306531398939505,0.0,0.0,2,0,3,1,4,7,8,1,4,2006.0,2,2.0,776.0,3,3,2,0.0,4.948759890378168,0.0,0.0,0.0,0,0.0,6,2006,7.999342952713282,2.0,0,0,1,1,1,0,0,0,0,0,1,0,0,0,0,0,0,0,0,0,0,0,1,0,0,0,0,1,0,0,0,1,1,0,0,0,0,0,1,0,0,0,0,0,0,0,0,0,0,0,0,0,0,0,0,0,0,0,0,0,1,0,0,0,0,0,1,0,0,0,0,0,0,0,0,1,0,0,0,0,0,1,0,0,0,0,0,0,1,0,0,0,0,0,0,1,0,0,0,0,1,0,0,0,0,0,0,0,0,0,0,0,0,0,0,0,0,0,0,1,0,0,0,0,0,0,0,0,0,0,0,0,0,0,0,1,0,0,0,0,1,0,0,0,1,0,0,0,0,1,0,0,0,0,0,0,0,0,1,0,1,0,0,0,0,0,0,0,0,0,0,0,1,0,0,0,0,0,0,0,1
4.74493212836325,9.602652693506046,4,3,10,5,2007,2008,6.705639094860003,5,3,5,3,3,6,7.400620577371135,1,0.0,6.093569770045136,2078.0,5,1,7.642524134232902,0.0,0.0,7.642524134232902,1.0,0.0,2,0,2,1,5,7,8,1,4,2007.0,3,3.0,1220.0,3,3,2,5.241747015059643,3.828641396489095,0.0,0.0,0.0,0,0.0,6,2008,8.333991247194975,3.0,1,0,1,1,1,0,0,0,0,0,1,0,0,0,0,0,0,0,0,0,0,0,0,0,1,0,0,1,0,0,0,1,1,0,0,0,0,0,1,0,0,0,0,0,0,0,0,0,0,0,0,0,0,0,0,1,0,0,0,0,0,0,0,0,0,0,0,0,1,0,0,0,0,0,0,0,0,1,0,0,0,1,0,0,0,0,0,0,1,0,0,0,0,0,0,0,0,1,0,0,1,0,0,0,0,0,0,0,0,0,0,0,1,0,0,0,0,0,0,0,0,0,0,0,0,0,0,1,0,0,0,0,0,0,0,0,0,0,0,1,0,0,0,0,1,0,0,0,0,1,0,0,0,0,0,0,0,0,1,0,1,0,0,0,0,0,0,0,0,0,0,0,1,0,0,0,0,0,0,0,1
3.9318256327243257,8.721113147762688,4,3,5,6,1924,1950,0.0,3,3,3,3,1,5,6.665683717782408,1,0.0,0.0,784.0,4,1,6.665683717782408,0.0,0.0,6.665683717782408,1.0,0.0,1,0,2,1,4,5,8,0,0,0.0,0,0.0,0.0,0,0,2,0.0,0.0,4.762173934797756,0.0,0.0,0,0.0,5,2008,7.358193752733032,2.0,84,58,0,1,0,0,0,0,0,0,0,0,0,1,0,0,0,0,0,0,0,0,0,0,0,1,0,1,0,0,0,1,1,0,0,0,0,0,1,0,0,0,1,0,0,0,0,0,0,0,0,0,0,0,0,0,0,0,0,0,0,0,0,0,0,0,1,0,0,0,0,0,0,0,0,1,0,0,0,0,0,1,0,0,0,0,0,1,0,0,0,0,0,0,0,1,0,0,0,0,1,0,0,0,0,0,0,0,0,0,0,0,0,0,0,1,0,0,0,0,0,0,0,0,0,0,0,0,0,0,1,0,0,0,0,0,0,0,0,0,1,0,1,0,0,0,0,0,0,1,0,0,0,0,0,0,0,0,1,0,0,0,0,0,0,1,0,0,0,0,0,0,0,0,1,0,0,0,0,1,0
4.189654742026425,9.051344640485725,3,3,7,5,2001,2001,0.0,4,3,4,3,1,6,3.044522437723423,1,0.0,7.268920128193722,1454.0,5,1,7.268920128193722,0.0,0.0,7.268920128193722,0.0,0.0,2,0,3,1,4,6,8,1,3,2001.0,2,2.0,527.0,3,3,2,5.673323267171493,3.6888794541139363,0.0,0.0,0.0,0,0.0,4,2009,7.968665700466235,2.0,8,8,1,1,1,0,0,0,0,0,1,0,0,0,0,0,0,0,0,0,0,0,0,0,1,0,0,1,0,0,0,1,1,0,0,0,0,0,1,0,0,0,0,0,0,0,0,0,0,0,0,0,0,0,0,0,0,0,0,1,0,0,0,0,0,0,1,0,0,0,0,0,0,0,0,1,0,0,0,0,0,1,0,0,0,0,0,0,1,0,0,0,0,0,0,1,0,0,0,0,1,0,0,0,0,0,0,0,0,0,0,0,0,0,0,0,0,0,0,1,0,0,0,0,0,0,0,0,0,0,0,0,0,0,0,1,0,0,0,0,1,0,0,0,1,0,0,0,0,1,0,0,0,0,0,0,0,0,1,0,1,0,0,0,0,0,0,0,0,0,0,0,0,0,1,0,0,0,0,1,0
4.394449154672439,10.264617557935098,2,1,5,5,1967,1967,0.0,3,3,3,4,4,2,5.521460917862246,5,6.639875833826536,0.0,1013.0,3,1,7.057036981697891,6.874198495453294,0.0,7.6624678152002375,0.0,1.0,2,1,3,1,3,7,6,0,0,1967.0,3,2.0,538.0,3,3,2,6.18826412308259,0.0,0.0,0.0,5.420534999272286,0,0.0,6,2009,8.0519780789023,3.0,42,42,1,1,0,0,0,0,0,0,0,0,0,0,0,1,0,0,0,0,0,0,0,0,1,0,0,1,0,0,1,0,1,0,0,1,0,0,0,0,0,0,0,1,0,0,0,0,0,0,0,0,0,0,0,0,0,0,0,0,0,0,0,0,0,0,1,0,0,0,0,0,0,0,0,1,0,0,0,0,0,1,0,0,0,0,0,0,0,0,0,1,0,0,1,0,0,0,0,0,0,0,0,0,1,0,0,0,0,0,0,0,0,0,0,0,1,0,0,0,0,0,0,0,0,0,0,0,0,0,0,0,1,0,0,0,0,0,0,0,1,0,0,0,1,0,0,0,0,1,0,0,0,0,0,0,0,0,1,0,1,0,0,0,0,0,0,0,0,0,0,0,0,0,1,1,0,0,0,0,0
3.2188758248682006,7.841885928984623,4,3,7,5,2005,2005,0.0,4,3,4,3,1,1,0.0,1,0.0,6.398594934535208,600.0,5,1,6.255750041753367,6.436150368369428,4.394449154672439,7.1098794630722715,0.0,0.0,2,1,2,1,4,4,8,0,0,2005.0,2,2.0,480.0,3,3,2,0.0,5.117993812416755,0.0,0.0,0.0,0,0.0,7,2006,7.463936604468925,2.5,1,1,1,1,0,0,0,1,0,0,0,0,0,0,0,0,0,0,0,0,0,0,1,0,0,0,0,1,0,0,0,1,1,0,0,0,0,0,1,0,0,0,0,0,0,0,0,0,0,0,0,0,0,0,0,0,0,0,0,0,1,0,0,0,0,0,1,0,0,0,0,0,0,0,0,1,0,0,0,0,0,0,0,0,1,0,0,0,0,0,0,1,0,0,0,1,0,0,0,0,1,0,0,0,0,0,0,0,0,0,0,0,0,0,0,1,0,0,0,0,0,0,0,0,0,0,0,0,0,0,1,0,0,0,0,0,0,0,0,0,1,0,0,0,1,0,0,0,0,1,0,0,0,0,0,0,0,0,1,0,0,0,0,0,1,0,0,0,0,0,0,0,0,0,1,0,0,0,0,1,0
4.394449154672439,9.38437770918244,3,3,6,5,1957,1957,5.961005339623274,3,3,3,3,1,3,6.947937068614969,1,0.0,5.8664680569332965,1392.0,3,1,7.239214973779806,0.0,0.0,7.239214973779806,1.0,0.0,1,1,3,1,3,6,8,2,4,1957.0,2,2.0,458.0,3,3,2,0.0,0.0,0.0,0.0,5.262690188904886,0,0.0,6,2008,7.932003152361385,2.5,51,51,1,1,1,0,0,0,0,0,1,0,0,0,0,0,0,0,0,0,0,0,0,0,1,0,0,1,0,0,0,1,1,0,1,0,0,0,0,0,0,0,0,0,0,0,0,0,0,0,0,1,0,0,0,0,0,0,0,0,0,0,0,0,0,0,1,0,0,0,0,0,0,0,0,1,0,0,0,0,0,1,0,0,0,0,0,0,1,0,0,0,0,0,0,1,0,0,0,0,1,0,0,0,0,0,0,0,0,0,0,0,0,1,0,0,0,0,0,0,0,0,0,0,0,0,0,0,1,0,0,0,0,0,0,0,0,0,0,1,0,0,0,1,0,0,0,0,0,1,0,0,0,0,1,0,0,0,0,0,1,0,0,0,0,0,0,0,0,0,0,0,0,0,1,0,0,0,0,1,0
3.4339872044851463,8.064950891749143,4,3,7,5,2005,2005,0.0,3,3,4,3,1,1,0.0,1,0.0,6.398594934535208,600.0,5,1,6.255750041753367,6.398594934535208,4.394449154672439,7.0909098220799835,0.0,0.0,2,1,2,1,4,4,8,0,0,2005.0,2,2.0,480.0,3,3,2,0.0,5.117993812416755,0.0,0.0,0.0,0,0.0,6,2006,7.450660796211539,2.5,1,1,1,1,0,0,0,1,0,0,0,0,0,0,0,0,0,0,0,0,0,0,1,0,0,0,0,1,0,0,0,1,1,0,0,0,0,0,1,0,0,0,0,0,0,0,0,0,0,0,0,0,0,0,0,0,0,0,0,0,1,0,0,0,0,0,1,0,0,0,0,0,0,0,0,1,0,0,0,0,0,0,0,0,0,1,0,0,0,0,0,1,0,0,0,1,0,0,0,0,1,0,0,0,0,0,0,0,0,0,0,0,0,0,0,1,0,0,0,0,0,0,0,0,0,0,0,0,0,0,1,0,0,0,0,0,0,0,0,0,1,0,0,0,1,0,0,0,0,1,0,0,0,0,0,0,0,0,1,0,0,0,0,0,1,0,0,0,0,0,0,0,0,0,1,0,0,0,0,1,0
3.8066624897703196,9.164191715950203,3,3,7,6,2003,2003,5.4116460518550396,4,3,4,3,1,6,6.182084906716632,1,0.0,6.129050210060545,941.0,5,1,6.848005274576363,6.790097235513905,0.0,7.512071245835466,1.0,0.0,2,1,3,1,4,7,8,1,3,2003.0,2,2.0,613.0,3,3,2,5.262690188904886,3.6888794541139363,0.0,0.0,0.0,0,0.0,1,2010,7.9269635448629785,3.5,7,7,1,1,1,0,0,0,0,0,0,0,0,0,0,1,0,0,0,0,0,0,0,0,1,0,0,1,0,0,0,1,1,0,0,1,0,0,0,0,0,0,0,0,1,0,0,0,0,0,0,0,0,0,0,0,0,0,0,0,0,0,0,0,0,0,1,0,0,0,0,0,0,0,0,1,0,0,0,0,0,1,0,0,0,0,0,0,0,0,0,1,0,0,0,1,0,0,0,0,1,0,0,0,0,0,0,0,0,0,0,0,0,0,0,0,0,0,0,1,0,0,0,0,0,0,0,0,0,0,0,0,0,0,0,1,0,0,0,1,0,0,0,0,1,0,0,0,0,1,0,0,0,0,0,0,0,0,1,0,1,0,0,0,0,0,0,0,0,0,0,0,0,0,1,0,0,0,0,1,0
4.61512051684126,9.210840247017833,4,3,6,6,1964,1964,5.198497031265826,3,3,3,3,1,3,5.2832037287379885,4,5.846438775057725,6.883462586413092,1516.0,3,1,7.324489979348532,0.0,0.0,7.324489979348532,0.0,0.0,1,1,3,1,3,6,8,0,0,1964.0,2,2.0,472.0,3,3,2,0.0,0.0,0.0,0.0,5.030437921392435,0,0.0,2,2009,8.017307507688582,1.5,45,45,1,1,0,0,0,0,0,0,1,0,0,0,0,0,0,0,0,0,0,0,0,0,1,0,0,1,0,0,0,1,1,0,0,0,0,0,1,0,0,0,0,0,0,0,0,0,0,0,0,1,0,0,0,0,0,0,0,0,0,0,0,0,0,0,1,0,0,0,0,0,0,0,0,1,0,0,0,0,0,1,0,0,0,0,0,0,1,0,0,0,0,0,0,1,0,0,0,0,1,0,0,0,0,0,0,0,0,0,0,0,0,1,0,0,0,0,0,0,0,0,0,0,0,0,0,0,0,0,0,0,1,0,0,0,0,0,0,1,0,0,0,1,0,0,0,0,0,1,0,0,0,0,0,0,0,0,1,0,1,0,0,0,0,0,0,0,0,0,0,0,0,0,1,0,0,0,0,1,0
4.330733340286331,8.971575439759016,4,3,5,6,1961,1961,4.919980925828125,3,3,3,3,1,3,6.35088571671474,1,0.0,6.35088571671474,1144.0,4,1,7.0431599159883405,0.0,0.0,7.0431599159883405,1.0,0.0,1,0,3,1,3,6,8,0,0,1961.0,1,2.0,456.0,3,3,2,0.0,0.0,0.0,0.0,0.0,0,0.0,9,2008,7.735870319952567,2.0,47,47,1,1,0,0,0,0,0,0,1,0,0,0,0,0,0,0,0,0,0,0,0,0,1,0,0,1,0,0,0,1,1,0,0,0,0,0,1,0,0,0,0,0,0,0,0,0,0,0,0,1,0,0,0,0,0,0,0,0,0,0,0,0,0,0,1,0,0,0,0,0,0,0,0,1,0,0,0,0,0,1,0,0,0,0,0,0,1,0,0,0,0,0,0,1,0,0,0,0,1,0,0,0,0,0,0,0,0,0,0,0,0,0,0,0,0,0,0,1,0,0,0,0,0,0,0,0,0,0,0,0,0,0,0,1,0,0,0,1,0,0,0,1,0,0,0,0,0,1,0,0,0,0,0,0,0,0,1,0,1,0,0,0,0,0,0,0,0,0,0,0,0,0,1,0,0,0,0,1,0
4.110873864173311,9.169622538697624,4,3,4,7,1950,1995,0.0,3,3,4,3,1,4,6.093569770045136,1,0.0,6.439350371100098,1067.0,3,1,6.97354301952014,0.0,0.0,6.97354301952014,0.0,0.0,2,0,2,1,4,4,6,0,0,1996.0,1,2.0,436.0,3,3,2,5.673323267171493,0.0,0.0,0.0,0.0,0,0.0,2,2010,7.666221925662725,2.0,60,15,1,1,0,0,0,0,0,0,1,0,0,0,0,0,0,0,0,0,0,0,0,0,1,0,0,1,0,0,0,1,1,0,0,0,0,0,1,0,0,0,0,0,0,0,0,0,0,0,0,0,0,0,0,0,0,0,1,0,0,0,0,0,0,0,1,0,0,0,0,0,0,0,0,1,0,0,0,0,0,1,0,0,0,0,0,0,1,0,0,0,0,0,0,1,0,0,0,0,1,0,0,0,0,0,0,0,0,0,0,0,0,0,0,0,0,0,0,1,0,0,0,0,0,0,0,0,1,0,0,0,0,0,0,0,0,0,0,0,1,0,0,1,0,0,0,0,0,1,0,0,0,0,0,0,0,0,1,0,1,0,0,0,0,0,0,0,0,0,0,0,0,0,1,0,0,0,0,1,0
4.51085950651685,8.999742789830492,4,3,5,6,1948,1973,0.0,3,3,3,3,1,3,5.82600010738045,1,0.0,7.108244139731541,1559.0,4,1,7.352441100243583,0.0,0.0,7.352441100243583,1.0,0.0,1,0,2,1,3,5,6,0,0,1948.0,1,2.0,812.0,3,3,2,0.0,4.762173934797756,5.442417710521793,0.0,0.0,0,0.0,6,2007,8.045267716607803,2.0,59,34,1,1,0,0,0,0,0,0,0,1,0,0,0,0,0,0,0,0,0,0,0,0,0,1,0,1,0,0,0,1,1,0,0,0,0,0,1,0,0,0,0,0,0,0,0,0,0,0,0,0,0,0,0,0,1,0,0,0,0,0,0,0,0,0,1,0,0,0,0,0,0,0,0,1,0,0,0,0,0,1,0,0,0,0,0,0,1,0,0,0,0,0,0,1,0,0,0,0,1,0,0,0,0,0,0,0,0,0,0,0,0,0,0,0,0,0,0,1,0,0,0,0,0,0,0,0,0,0,0,0,0,0,0,1,0,0,0,0,1,0,1,0,0,0,0,0,0,1,0,0,0,0,0,0,0,0,1,0,0,0,0,0,1,0,1,0,0,0,0,0,0,0,0,0,0,0,0,1,0
3.091042453358316,7.427144133408616,4,3,6,5,1973,1973,5.0689042022202315,3,3,3,3,1,4,5.802118375377063,1,0.0,5.0369526024136295,483.0,3,1,6.182084906716632,6.22455842927536,0.0,6.895682697747868,1.0,0.0,1,1,2,1,3,5,8,0,0,1973.0,1,1.0,264.0,3,3,2,0.0,0.0,0.0,0.0,0.0,0,0.0,11,2008,7.293697720601438,2.5,35,35,1,1,0,0,0,1,0,0,0,0,0,0,0,0,0,0,0,0,0,0,0,0,0,1,0,1,0,0,0,1,1,0,0,0,0,0,1,0,0,1,0,0,0,0,0,0,0,0,0,0,0,0,0,0,0,0,0,0,0,0,0,0,0,0,1,0,0,0,0,0,0,0,0,1,0,0,0,0,0,0,0,0,1,0,0,0,0,0,0,1,0,0,0,1,0,0,0,0,1,0,0,0,0,0,0,0,0,0,0,0,0,1,0,0,0,0,0,0,0,0,0,0,0,0,0,0,1,0,0,0,0,0,0,0,0,0,0,1,0,0,0,1,0,0,0,0,0,1,0,0,0,0,0,0,0,0,1,0,0,0,0,0,1,0,0,0,0,0,0,0,0,0,1,0,0,0,0,1,0
4.330733340286331,9.161780181360806,4,3,5,6,1995,2006,0.0,3,3,4,3,1,1,0.0,1,0.0,7.003065458786462,1099.0,5,1,7.003065458786462,0.0,0.0,7.003065458786462,0.0,0.0,1,1,3,1,4,6,8,0,0,1999.0,1,1.0,352.0,3,3,2,5.631211781821365,0.0,0.0,0.0,0.0,0,0.0,6,2008,7.695757990554761,1.5,13,2,1,1,0,0,0,0,0,0,1,0,0,0,0,0,0,0,0,0,0,0,0,0,1,0,0,1,0,0,0,1,1,0,0,0,0,0,1,0,0,0,0,0,1,0,0,0,0,0,0,0,0,0,0,0,0,0,0,0,0,0,0,0,0,0,1,0,0,0,0,0,0,0,0,1,0,0,0,0,0,1,0,0,0,0,0,0,1,0,0,0,0,0,0,1,0,0,0,0,1,0,0,0,0,0,0,0,0,0,0,0,0,0,0,0,0,0,0,1,0,0,0,0,0,0,0,0,0,0,0,0,0,0,0,1,0,0,0,0,1,0,0,0,1,0,0,0,0,1,0,0,0,0,0,0,0,0,1,0,1,0,0,0,0,0,0,0,0,0,0,0,0,0,1,0,0,0,0,1,0
4.2626798770413155,9.373139262281274,4,3,5,6,1946,1995,0.0,3,3,3,3,1,4,5.8664680569332965,1,0.0,6.0330862217988015,768.0,5,1,6.645090969505644,6.07073772800249,0.0,7.0909098220799835,0.0,0.0,1,0,3,1,3,6,8,0,0,1946.0,1,1.0,240.0,3,3,2,0.0,0.0,0.0,0.0,0.0,0,0.0,5,2008,7.585281078639126,1.0,62,13,1,1,0,0,0,0,0,0,0,0,0,0,1,0,0,0,0,0,0,0,0,0,1,0,0,1,0,0,0,1,1,0,0,0,0,0,1,0,0,0,0,0,0,0,1,0,0,0,0,0,0,0,0,0,0,0,0,0,0,0,0,0,0,0,1,0,0,0,0,0,0,0,0,1,0,0,0,0,0,1,0,0,0,0,1,0,0,0,0,0,0,0,0,1,0,0,0,0,1,0,0,0,0,0,0,0,0,0,0,0,0,0,0,1,0,0,0,0,0,0,0,0,0,0,0,0,0,0,1,0,0,0,0,0,0,0,0,0,1,0,0,1,0,0,0,0,0,1,0,0,0,0,0,0,0,0,1,0,0,0,0,0,1,0,0,0,0,0,0,0,0,0,1,0,0,0,0,1,0
4.110873864173311,9.405578154036684,3,3,6,8,1925,1950,0.0,3,3,3,3,1,4,5.056245805348308,1,0.0,6.248042874508429,672.0,3,0,6.698268054115413,6.511745329644728,0.0,7.301822342137932,0.0,0.0,2,0,4,1,2,7,8,0,0,1934.0,1,1.0,400.0,3,3,1,0.0,0.0,5.541263545158426,0.0,0.0,0,0.0,3,2008,7.675546002537848,2.0,83,58,1,1,0,0,0,0,0,0,0,0,0,0,0,0,1,0,0,0,0,0,0,1,0,0,0,1,0,0,0,1,1,0,0,0,0,0,1,0,0,0,0,0,0,0,0,0,0,0,0,0,0,0,0,0,0,1,0,0,0,0,0,0,0,0,1,0,0,0,0,0,0,0,0,1,0,0,0,0,0,1,0,0,0,0,0,0,0,0,0,1,0,0,0,1,0,0,0,0,1,0,0,0,0,0,0,0,0,0,0,0,0,0,0,0,0,0,0,0,1,0,0,0,0,0,0,0,0,0,0,0,0,0,0,0,1,0,0,0,1,0,1,0,0,0,0,0,0,1,0,0,0,0,0,0,0,0,1,0,0,0,0,0,1,0,0,0,0,0,0,0,0,0,1,0,0,0,0,1,0
4.110873864173311,9.25349564229011,4,3,5,8,1904,2002,0.0,3,3,3,3,1,1,0.0,1,0.0,6.478509642208569,650.0,4,1,6.8658910748834385,6.366470447731438,0.0,7.3395376954076745,0.0,0.0,2,0,3,1,4,8,8,1,1,1983.0,1,2.0,686.0,4,3,1,4.2626798770413155,4.3694478524670215,4.23410650459726,0.0,0.0,0,0.0,6,2008,7.691656822810547,2.0,104,6,1,1,1,0,0,0,0,0,0,0,0,0,0,0,1,0,0,0,0,0,0,0,0,1,0,1,0,0,0,1,1,0,0,0,0,0,1,0,0,0,0,0,0,0,0,0,0,0,0,0,0,0,0,0,1,0,0,0,0,0,0,0,0,0,1,0,0,0,0,0,0,0,0,1,0,0,0,0,0,1,0,0,0,0,0,0,0,0,0,1,0,0,0,1,0,0,0,0,1,0,0,0,0,0,0,0,0,0,0,0,0,0,0,1,0,0,0,0,0,0,0,0,0,0,0,0,0,0,1,0,0,0,0,0,0,0,0,0,1,0,0,0,1,0,0,0,0,1,0,0,0,0,0,0,0,0,1,0,0,0,0,0,1,0,0,0,0,0,0,0,0,0,1,0,0,0,0,1,0
4.418840607796598,9.107310471656639,4,3,6,7,1966,1966,5.214935757608986,3,3,3,3,4,3,5.746203190540153,5,6.29156913955832,5.6240175061873385,1127.0,3,1,7.061334366910438,0.0,0.0,7.061334366910438,1.0,0.0,1,1,3,1,3,6,8,0,0,1966.0,2,2.0,490.0,4,4,2,0.0,4.867534450455582,0.0,0.0,0.0,0,0.0,5,2008,7.737616282857904,2.5,42,42,1,1,0,0,0,0,0,0,0,0,0,0,0,0,0,0,1,0,0,0,0,0,1,0,0,1,0,0,0,1,1,0,0,0,0,0,1,0,0,0,0,0,0,0,0,0,0,0,0,1,0,0,0,0,0,0,0,0,0,0,0,0,0,0,1,0,0,0,0,0,0,0,0,1,0,0,0,0,0,1,0,0,0,0,0,0,0,0,0,0,0,1,0,1,0,0,0,0,1,0,0,0,0,0,0,0,0,0,0,0,0,1,0,0,0,0,0,0,0,0,0,0,0,0,0,0,1,0,0,0,0,0,0,0,0,0,0,1,0,0,0,1,0,0,0,0,0,1,0,0,0,0,0,0,0,0,1,0,1,0,0,0,0,0,0,0,0,0,0,0,0,0,1,0,0,0,0,1,0
4.394449154672439,8.987321812850125,4,3,5,4,1961,1961,0.0,3,3,3,3,1,1,0.0,1,0.0,7.496097345175956,1800.0,5,0,7.496097345175956,0.0,0.0,7.496097345175956,0.0,0.0,2,0,6,2,3,10,8,0,0,0.0,0,0.0,0.0,0,0,2,0.0,0.0,0.0,0.0,0.0,0,0.0,7,2007,8.188966863648876,2.0,46,46,0,1,0,0,0,0,0,0,0,0,0,0,0,0,0,0,0,0,1,0,0,0,1,0,0,1,0,0,0,1,1,0,1,0,0,0,0,0,0,0,0,0,0,0,0,0,0,0,0,1,0,0,0,0,0,0,0,0,0,0,0,0,1,0,0,0,0,0,0,0,0,0,0,1,0,0,0,0,0,0,0,1,0,0,0,0,1,0,0,0,0,0,0,1,0,0,0,0,1,0,0,0,0,0,0,0,0,0,1,0,0,0,0,0,0,0,0,0,0,0,0,0,0,1,0,0,0,0,0,0,0,0,0,0,0,0,0,0,1,0,0,1,0,0,0,0,0,1,0,0,0,0,0,0,0,0,1,0,0,0,0,0,0,1,0,0,0,0,0,0,0,0,1,0,0,0,0,1,0
4.61512051684126,9.446676517076376,3,3,5,8,1915,1950,0.0,3,3,3,3,2,1,0.0,1,0.0,6.776506992372183,876.0,4,1,6.776506992372183,6.293419278846481,0.0,7.256297239690681,0.0,0.0,1,1,4,1,3,7,8,1,4,1949.0,1,3.0,720.0,3,3,2,6.037870919922137,0.0,5.272999558563747,0.0,0.0,0,0.0,6,2008,7.737616282857904,1.5,93,58,1,1,1,0,0,0,0,0,0,0,0,0,1,0,0,0,0,0,0,0,0,0,0,1,0,1,0,0,0,1,1,0,0,0,0,0,1,0,0,0,0,0,0,0,0,0,0,0,0,0,0,0,0,0,1,0,0,0,0,0,0,0,1,0,0,0,0,0,0,0,0,0,0,1,0,0,0,0,0,1,0,0,0,0,1,0,0,0,0,0,0,0,0,1,0,0,0,0,1,0,0,0,0,0,0,0,0,0,0,0,0,0,0,0,0,0,0,0,1,0,0,0,0,0,0,0,0,0,0,0,0,0,0,0,1,0,0,0,1,0,1,0,0,0,0,0,0,1,0,0,0,0,0,0,0,0,1,0,0,0,0,0,1,0,0,0,0,0,0,0,0,0,1,0,0,0,0,1,0
4.276666119016055,9.720045368073471,3,3,5,5,1975,1981,0.0,3,3,4,3,4,5,7.237778191923443,1,0.0,0.0,1390.0,3,1,7.43955930913332,0.0,0.0,7.43955930913332,1.0,0.0,2,0,3,1,3,6,6,2,3,1975.0,3,2.0,611.0,3,3,2,0.0,0.0,0.0,0.0,0.0,0,0.0,1,2007,8.036573409707312,3.0,32,26,1,1,1,0,0,0,0,0,0,0,0,0,0,0,0,0,0,1,0,0,0,0,1,0,0,1,0,0,0,1,1,0,0,1,0,0,0,0,0,0,0,0,0,0,0,0,0,0,0,0,0,0,0,0,0,0,1,0,0,0,0,0,0,0,0,0,0,1,0,0,0,0,0,1,0,0,0,0,0,1,0,0,0,0,0,0,0,0,0,0,1,0,0,1,0,0,0,0,1,0,0,0,0,0,0,0,0,0,0,0,0,1,0,0,0,0,0,0,0,0,0,0,0,0,0,0,1,0,0,0,0,0,0,0,0,0,0,0,1,0,0,1,0,0,0,0,0,1,0,0,0,0,0,0,0,0,1,0,0,1,0,0,0,0,0,0,0,0,0,0,0,0,1,0,0,0,0,1,0
4.330733340286331,9.139703292376742,4,3,7,5,1993,1993,4.927253685157205,4,3,4,3,1,5,6.2422232654551655,1,0.0,5.429345628954441,740.0,5,1,6.914730892718563,6.646390514847729,0.0,7.4821189235521155,1.0,0.0,2,1,3,1,4,7,8,1,3,1993.0,1,2.0,425.0,3,3,2,5.459585514144159,4.290459441148391,5.262690188904886,0.0,0.0,0,0.0,7,2009,7.830425617820331,3.5,16,16,1,1,1,0,0,0,0,0,0,0,0,0,0,1,0,0,0,0,0,0,0,0,1,0,0,1,0,0,0,1,1,0,0,0,0,0,1,0,0,0,0,0,0,0,0,0,0,0,0,0,0,0,0,0,0,0,0,1,0,0,0,0,0,0,1,0,0,0,0,0,0,0,0,1,0,0,0,0,0,1,0,0,0,0,0,0,0,0,0,1,0,0,0,1,0,0,0,0,1,0,0,0,0,0,0,0,0,0,0,0,0,1,0,0,0,0,0,0,0,0,0,0,0,0,0,0,1,0,0,0,0,0,0,0,0,0,0,1,0,0,0,0,1,0,0,0,0,1,0,0,0,0,0,0,0,0,1,0,1,0,0,0,0,0,0,0,0,0,0,0,0,0,1,0,0,0,0,1,0
3.6109179126442243,9.650142492488797,3,3,5,6,1972,1972,0.0,3,3,3,3,3,4,6.133398042996649,1,0.0,6.003887067106539,864.0,5,1,6.762729506931879,0.0,0.0,6.762729506931879,1.0,0.0,1,0,3,1,3,5,8,1,2,1972.0,1,1.0,338.0,3,3,2,0.0,0.0,0.0,0.0,0.0,0,0.0,8,2009,7.455298485683291,2.0,37,37,1,1,1,0,0,0,0,0,1,0,0,0,0,0,0,0,0,0,0,0,0,0,1,0,0,1,0,0,0,1,1,0,0,1,0,0,0,0,0,0,0,0,1,0,0,0,0,0,0,0,0,0,0,0,0,0,0,0,0,0,0,0,0,0,1,0,0,0,0,0,0,0,0,1,0,0,0,0,0,1,0,0,0,0,0,0,1,0,0,0,0,0,0,1,0,0,0,0,1,0,0,0,0,0,0,0,0,0,0,0,0,1,0,0,0,0,0,0,0,0,0,0,0,0,0,0,0,0,0,0,1,0,0,0,0,0,0,0,1,0,0,1,0,0,0,0,0,1,0,0,0,0,0,0,0,0,1,0,1,0,0,0,0,0,0,0,0,0,0,0,0,0,1,0,0,0,0,1,0
4.330733340286331,10.727684925086583,2,3,6,8,1908,1997,0.0,3,3,3,3,1,1,0.0,1,0.0,6.811244378601294,907.0,3,1,7.176254532017144,6.9584483932976555,0.0,7.765993079407675,0.0,0.0,3,0,5,1,3,10,8,1,4,1908.0,1,2.0,360.0,2,3,2,6.18826412308259,3.713572066704308,0.0,0.0,5.170483995038151,0,0.0,9,2008,8.09132127353041,3.0,100,11,1,1,1,0,0,0,0,0,0,0,0,0,1,0,0,0,0,0,0,0,0,0,1,0,0,1,1,0,0,0,1,0,0,0,0,0,1,0,0,0,0,1,0,0,0,0,0,0,0,0,0,0,0,0,0,0,0,0,0,0,0,0,0,0,1,0,0,0,0,0,0,0,0,1,0,0,0,0,0,1,0,0,0,0,1,0,0,0,0,0,0,0,0,1,0,0,0,0,1,0,0,0,0,0,0,0,0,0,0,0,0,0,0,0,0,0,0,0,1,0,0,0,0,0,0,0,0,0,0,0,0,0,0,0,1,0,0,0,1,0,1,0,0,0,0,0,0,1,0,0,0,0,0,0,0,0,1,0,0,0,0,0,1,0,0,0,0,0,0,0,0,0,1,0,0,0,0,1,0
4.394449154672439,9.169622538697624,4,3,6,7,1976,1994,5.8888779583328805,4,4,3,3,1,1,0.0,1,0.0,6.270988431858299,528.0,5,1,6.9985096422506015,6.635946555686647,0.0,7.526178913346146,0.0,0.0,2,1,3,1,3,7,8,1,3,1976.0,2,2.0,512.0,3,3,2,4.736198448394496,4.61512051684126,0.0,0.0,0.0,0,0.0,8,2007,7.776535028185241,2.5,31,13,1,1,1,0,0,0,0,0,0,0,0,0,0,0,0,0,1,0,0,0,0,0,1,0,0,1,0,0,0,1,1,0,0,0,1,0,0,0,0,0,0,0,0,0,0,0,0,0,0,0,0,0,0,0,0,0,0,0,0,0,0,1,0,1,0,0,0,0,0,0,0,0,0,1,0,0,0,0,0,1,0,0,0,0,0,0,0,0,0,0,0,1,0,0,0,1,0,0,1,0,0,0,0,0,0,0,0,0,0,0,0,0,0,0,1,0,0,0,0,0,0,0,0,0,0,0,0,0,0,0,1,0,0,0,0,0,0,1,0,0,0,1,0,0,0,0,0,1,0,0,0,0,0,0,0,0,1,0,1,0,0,0,0,0,0,0,0,0,0,0,0,0,1,0,0,0,0,1,0
3.6109179126442243,8.397508348470257,4,3,6,5,2003,2003,5.14166355650266,4,3,4,3,3,6,6.492239835020471,1,0.0,5.247024072160486,848.0,5,1,6.744059186311348,0.0,0.0,6.744059186311348,1.0,0.0,1,0,1,1,4,3,8,0,0,2003.0,3,2.0,420.0,3,3,2,4.948759890378168,0.0,0.0,0.0,0.0,0,0.0,11,2007,7.436617265234227,2.0,4,4,1,1,0,1,0,0,0,0,0,0,0,0,0,0,0,0,0,0,0,0,0,0,0,1,0,1,0,0,0,1,1,0,0,0,0,0,1,0,0,0,0,0,1,0,0,0,0,0,0,0,0,0,0,0,0,0,0,0,0,0,0,0,0,0,1,0,0,0,0,0,0,0,0,1,0,0,0,0,0,0,0,0,0,1,0,0,1,0,0,0,0,0,0,1,0,0,0,0,1,0,0,0,0,0,0,0,0,0,0,0,0,0,0,0,0,0,0,1,0,0,0,0,0,0,0,0,0,0,0,0,0,0,0,1,0,0,0,1,0,0,0,0,1,0,0,0,0,1,0,0,0,0,0,0,0,0,1,0,1,0,0,0,0,0,0,0,0,0,0,0,0,0,1,0,0,0,0,1,0
3.784189633918261,8.069968149059841,4,3,8,5,2003,2003,3.713572066704308,4,3,4,3,4,1,0.0,1,0.0,7.149916836132109,1273.0,5,1,7.284134806195205,0.0,0.0,7.284134806195205,0.0,0.0,2,0,2,1,4,7,8,1,3,2003.0,3,2.0,400.0,3,3,2,4.969813299576001,3.044522437723423,0.0,0.0,0.0,0,0.0,5,2006,7.912056888179006,2.0,3,3,1,1,1,1,0,0,0,0,0,0,0,0,0,0,0,0,0,0,0,0,0,0,1,0,0,1,0,0,0,1,1,0,0,0,0,0,1,1,0,0,0,0,0,0,0,0,0,0,0,0,0,0,0,0,0,0,0,0,0,0,0,0,0,0,1,0,0,0,0,0,0,0,0,1,0,0,0,0,0,0,0,0,0,1,0,0,1,0,0,0,0,0,0,1,0,0,0,0,1,0,0,0,0,0,0,0,0,0,0,0,0,0,0,0,0,0,0,1,0,0,0,0,0,0,0,0,0,0,0,0,0,0,0,1,0,0,0,1,0,0,0,0,1,0,0,0,0,1,0,0,0,0,0,0,0,0,1,0,1,0,0,0,0,0,0,0,0,0,0,0,0,0,1,0,0,0,0,1,0
3.9889840465642745,8.871926251117628,4,3,7,5,1941,1950,0.0,3,4,3,3,1,3,5.8998973535824915,1,0.0,6.318968113746434,918.0,4,1,6.823286122355687,6.591673732008658,0.0,7.4067107301776405,0.0,0.0,2,0,4,1,3,7,8,2,4,1941.0,1,1.0,240.0,3,3,2,0.0,0.0,0.0,0.0,4.844187086458591,0,0.0,8,2007,7.84971375760487,2.0,66,57,1,1,1,0,0,0,0,0,0,0,0,0,0,0,0,1,0,0,0,0,0,0,1,0,0,1,0,0,0,1,1,0,0,0,0,0,1,0,0,0,0,0,0,1,0,0,0,0,0,0,0,0,0,0,0,0,0,0,0,0,0,0,0,0,1,0,0,0,0,0,0,0,0,1,0,0,0,0,0,1,0,0,0,0,0,0,0,0,1,0,0,0,0,1,0,0,0,0,1,0,0,0,0,0,0,0,0,0,0,0,0,0,0,1,0,0,0,0,0,0,0,0,0,0,0,0,0,0,1,0,0,0,0,0,0,0,0,0,1,0,0,1,0,0,0,0,0,1,0,0,0,0,0,0,0,0,1,0,0,0,0,0,1,0,0,0,0,0,0,0,0,0,1,0,0,0,0,1,0
4.30406509320417,9.400630098419315,3,3,6,6,1964,1964,4.7535901911063645,3,4,3,3,4,3,6.336825731146441,1,0.0,6.335054251498059,1127.0,3,1,7.27655640271871,0.0,0.0,7.27655640271871,0.0,0.0,1,1,3,1,3,7,8,1,2,1964.0,2,2.0,645.0,3,3,2,5.198497031265826,0.0,0.0,0.0,0.0,0,0.0,8,2009,7.8528278122817445,1.5,45,45,1,1,1,0,0,0,0,0,0,0,0,0,0,0,0,0,1,0,0,0,0,0,1,0,0,1,0,0,0,1,1,0,1,0,0,0,0,0,0,0,0,0,0,0,0,0,0,0,0,1,0,0,0,0,0,0,0,0,0,0,0,0,0,0,1,0,0,0,0,0,0,0,0,1,0,0,0,0,0,1,0,0,0,0,0,0,0,0,0,0,0,1,0,1,0,0,0,0,1,0,0,0,0,0,0,0,0,0,0,0,0,0,0,1,0,0,0,0,0,0,0,0,0,0,0,0,1,0,0,0,0,0,0,0,0,0,0,1,0,0,0,1,0,0,0,0,0,1,0,0,0,0,0,0,0,0,1,0,1,0,0,0,0,0,0,0,0,0,0,0,0,0,1,0,0,0,0,1,0
4.634728988229636,9.793728488543389,4,3,5,4,1955,1974,0.0,3,3,3,3,2,5,5.726847747587197,3,6.990256500493881,5.921578419643816,1763.0,3,1,7.484368643286131,0.0,0.0,7.484368643286131,1.0,0.0,1,1,3,1,3,6,8,1,4,1955.0,1,2.0,454.0,3,3,2,0.0,6.037870919922137,0.0,0.0,5.746203190540153,0,0.0,7,2006,8.172729104865471,2.5,51,32,1,1,1,0,0,0,0,0,1,0,0,0,0,0,0,0,0,0,0,0,0,0,1,0,0,1,0,0,0,1,1,0,0,0,0,0,1,0,0,0,0,0,0,0,0,0,0,0,0,0,0,0,0,0,0,0,1,0,0,0,0,0,0,0,1,0,0,0,0,0,0,0,0,1,0,0,0,0,0,1,0,0,0,0,0,0,1,0,0,0,0,0,0,0,0,1,0,0,1,0,0,0,0,0,0,0,0,0,0,0,0,0,0,0,0,0,0,0,1,0,0,0,0,0,0,0,0,0,0,0,1,0,0,0,0,0,0,0,1,0,0,1,0,0,0,0,0,1,0,0,0,0,0,0,0,0,1,0,1,0,0,0,0,0,0,0,0,0,0,0,0,0,1,1,0,0,0,0,0
4.276666119016055,8.838986793496787,3,3,5,8,1962,2010,0.0,3,4,3,3,1,5,6.492239835020471,1,0.0,5.945420608606575,1040.0,5,1,6.947937068614969,0.0,0.0,6.947937068614969,1.0,0.0,1,1,3,1,3,6,8,0,0,1962.0,1,1.0,260.0,3,3,2,0.0,4.653960350157523,0.0,0.0,0.0,0,0.0,4,2010,7.640603826393634,2.5,48,0,1,1,0,0,0,0,0,0,1,0,0,0,0,0,0,0,0,0,0,0,0,0,1,0,0,1,0,0,0,1,1,0,1,0,0,0,0,0,0,0,0,0,0,0,0,0,0,0,0,0,0,0,0,0,0,0,1,0,0,0,0,0,0,0,1,0,0,0,0,0,0,0,0,1,0,0,0,0,0,1,0,0,0,0,0,0,1,0,0,0,0,0,0,1,0,0,0,0,1,0,0,0,0,0,0,0,0,0,0,0,0,1,0,0,0,0,0,0,0,0,0,0,0,0,0,0,1,0,0,0,0,0,0,0,0,0,0,0,1,0,0,1,0,0,0,0,0,1,0,0,0,0,0,0,0,0,1,0,0,0,0,0,1,0,0,0,0,0,0,0,0,0,1,0,0,0,0,1,0
4.2626798770413155,9.30301070681749,3,2,6,6,1978,1978,0.0,3,3,4,4,4,6,6.226536669287466,2,6.077642243349034,0.0,940.0,3,1,6.934397209928558,0.0,0.0,6.934397209928558,1.0,0.0,1,0,3,1,3,5,8,0,0,1981.0,1,2.0,576.0,3,2,2,0.0,0.0,3.5553480614894135,0.0,0.0,0,0.0,10,2008,7.584264818389059,2.0,30,30,1,1,0,0,0,0,0,0,0,0,0,0,0,0,0,0,1,0,0,0,0,0,1,0,0,1,0,0,1,0,1,0,0,0,0,0,1,0,0,0,0,0,1,0,0,0,0,0,0,0,0,0,0,0,0,0,0,0,0,0,0,0,0,0,1,0,0,0,0,0,0,0,0,1,0,0,0,0,0,1,0,0,0,0,0,0,0,0,0,0,0,1,0,1,0,0,0,0,1,0,0,0,0,0,0,0,0,0,0,0,0,0,0,0,1,0,0,0,0,0,0,0,0,0,0,0,1,0,0,0,0,0,0,0,0,0,0,0,1,0,0,1,0,0,0,0,0,1,0,0,0,0,0,0,0,0,1,0,0,0,0,0,1,0,0,0,0,0,0,0,0,0,1,0,0,0,0,1,0
4.189654742026425,9.002824076547672,4,3,6,5,1994,1995,0.0,3,3,4,3,1,1,0.0,1,0.0,6.555356891810665,702.0,4,1,6.555356891810665,6.659293919683638,0.0,7.301147805856032,0.0,0.0,2,1,3,1,3,6,8,1,3,1994.0,3,2.0,343.0,3,3,2,0.0,3.6109179126442243,0.0,0.0,0.0,0,0.0,3,2009,7.688913336864796,2.5,15,14,1,1,1,0,0,0,0,0,0,0,0,0,0,1,0,0,0,0,0,0,0,0,1,0,0,1,0,0,0,1,1,0,0,0,0,0,1,0,0,0,0,0,0,0,0,1,0,0,0,0,0,0,0,0,0,0,0,0,0,0,0,0,0,0,1,0,0,0,0,0,0,0,0,1,0,0,0,0,0,1,0,0,0,0,0,0,0,0,0,1,0,0,0,1,0,0,0,0,1,0,0,0,0,0,0,0,0,0,0,0,0,1,0,0,0,0,0,0,0,0,0,0,0,0,0,0,1,0,0,0,0,0,0,0,0,0,0,0,1,0,0,0,1,0,0,0,0,1,0,0,0,0,0,0,0,0,1,0,1,0,0,0,0,0,0,0,0,0,0,0,0,0,1,0,0,0,0,1,0
4.394449154672439,9.249657234353133,4,3,7,5,1976,1976,5.247024072160486,3,3,4,3,1,1,0.0,1,0.0,6.994849985833071,1090.0,3,1,7.223295679562314,0.0,0.0,7.223295679562314,0.0,0.0,2,0,3,1,3,6,8,1,3,1976.0,2,2.0,479.0,3,3,2,0.0,0.0,0.0,0.0,0.0,0,0.0,6,2009,7.8083230503910555,2.0,33,33,1,1,1,0,0,0,0,0,1,0,0,0,0,0,0,0,0,0,0,0,0,0,1,0,0,1,0,0,0,1,1,0,0,0,0,0,1,0,0,0,0,0,0,0,0,0,0,0,0,0,0,1,0,0,0,0,0,0,0,0,0,0,0,0,1,0,0,0,0,0,0,0,0,1,0,0,0,0,0,1,0,0,0,0,0,0,1,0,0,0,0,0,0,1,0,0,0,0,1,0,0,0,0,0,0,0,0,0,0,0,0,1,0,0,0,0,0,0,0,0,0,0,0,0,0,0,1,0,0,0,0,0,0,0,0,0,0,1,0,0,0,1,0,0,0,0,0,1,0,0,0,0,0,0,0,0,1,0,1,0,0,0,0,0,0,0,0,0,0,0,0,0,1,0,0,0,1,0,0
4.394449154672439,9.308374112247549,3,3,6,7,1968,1984,5.3981627015177525,3,3,3,3,2,4,6.429719478039138,1,0.0,6.077642243349034,1054.0,3,1,7.321849713788356,7.04141166379481,0.0,7.884199933676039,1.0,0.0,2,1,4,1,4,9,8,1,4,1968.0,1,2.0,619.0,3,3,2,0.0,4.189654742026425,0.0,0.0,5.407171771460119,0,0.0,8,2006,8.21851757748959,3.5,38,22,1,1,1,0,0,0,0,0,0,0,0,0,0,1,0,0,0,0,0,0,0,0,1,0,0,1,0,0,0,1,1,0,1,0,0,0,0,0,0,0,0,0,0,0,0,0,0,0,0,0,0,1,0,0,0,0,0,0,0,0,0,0,0,0,0,1,0,0,0,0,0,0,0,1,0,0,0,0,0,1,0,0,0,0,0,0,0,0,0,1,0,0,0,1,0,0,0,0,1,0,0,0,0,0,0,0,0,0,0,0,0,1,0,0,0,0,0,0,0,0,0,0,0,0,0,0,1,0,0,0,0,0,0,0,0,0,0,1,0,0,0,1,0,0,0,0,0,1,0,0,0,0,0,0,0,0,1,0,1,0,0,0,0,0,0,0,0,0,0,0,0,0,1,0,0,0,0,1,0
4.02535169073515,8.941545475242885,4,3,7,8,1918,1998,0.0,4,3,3,3,1,1,0.0,1,0.0,6.816735880594968,912.0,4,1,6.816735880594968,6.244166900663736,0.0,7.2633296174768365,0.0,0.0,1,1,3,1,4,7,8,1,4,1925.0,1,1.0,216.0,3,3,2,0.0,5.484796933490655,0.0,0.0,0.0,0,0.0,6,2007,7.757478766584179,1.5,89,9,1,1,1,0,0,0,0,0,0,0,0,0,1,0,0,0,0,0,0,0,0,0,1,0,0,1,0,0,0,1,1,0,1,0,0,0,0,0,0,0,0,0,0,1,0,0,0,0,0,0,0,0,0,0,0,0,0,0,0,0,0,0,0,0,1,0,0,0,0,0,0,0,0,1,0,0,0,0,0,1,0,0,0,0,1,0,0,0,0,0,0,0,0,1,0,0,0,0,1,0,0,0,0,0,0,0,0,0,0,0,0,0,0,0,0,0,0,0,1,0,0,0,0,0,0,0,0,0,0,0,0,0,0,0,1,0,0,0,1,0,1,0,0,0,0,0,0,1,0,0,0,0,0,0,0,0,1,0,0,0,0,0,1,0,0,0,0,0,0,0,0,0,1,0,0,0,0,1,0
4.330733340286331,9.360999248261296,4,3,5,4,1965,1965,0.0,3,3,3,3,2,4,6.7357800142423265,1,0.0,5.293304824724492,1039.0,5,1,6.946975992135418,0.0,0.0,6.946975992135418,1.0,0.0,1,1,3,1,3,6,8,0,0,1965.0,1,2.0,504.0,3,3,2,0.0,0.0,0.0,0.0,0.0,0,0.0,4,2010,7.639642287858013,2.5,45,45,1,1,0,0,0,0,0,1,0,0,0,0,0,0,0,0,0,0,0,0,0,0,1,0,0,1,0,0,0,1,1,0,0,0,0,0,1,0,0,0,0,0,0,0,0,0,0,0,0,0,0,0,0,0,0,0,1,0,0,0,0,0,0,0,1,0,0,0,0,0,0,0,0,1,0,0,0,0,0,0,1,0,0,0,0,0,1,0,0,0,0,0,0,0,0,1,0,0,1,0,0,0,0,0,0,0,0,0,0,0,0,0,0,0,1,0,0,0,0,0,0,0,0,0,0,0,1,0,0,0,0,0,0,0,0,0,0,0,1,0,0,0,1,0,0,0,0,1,0,0,0,0,0,0,0,0,1,0,1,0,0,0,0,0,0,0,0,0,0,0,0,0,1,0,0,0,0,1,0
4.406719247264253,9.177093778182547,4,3,6,5,1984,1985,0.0,3,3,4,3,1,6,5.82600010738045,1,0.0,6.555356891810665,1040.0,3,1,7.001245622069476,0.0,0.0,7.001245622069476,0.0,0.0,2,0,3,1,3,6,8,0,0,1986.0,1,2.0,480.0,3,3,2,0.0,0.0,0.0,0.0,0.0,0,0.0,5,2010,7.6676260915849905,2.0,26,25,1,1,0,0,0,0,0,0,1,0,0,0,0,0,0,0,0,0,0,0,0,0,1,0,0,1,0,0,0,1,1,0,1,0,0,0,0,0,0,0,0,0,0,0,0,0,0,0,0,0,0,0,0,0,0,0,0,1,0,0,0,0,0,0,1,0,0,0,0,0,0,0,0,1,0,0,0,0,0,1,0,0,0,0,0,0,1,0,0,0,0,0,0,0,0,1,0,0,1,0,0,0,0,0,0,0,0,0,0,0,0,1,0,0,0,0,0,0,0,0,0,0,0,0,0,0,0,0,0,0,1,0,0,0,0,0,0,0,1,0,0,0,1,0,0,0,0,1,0,0,0,0,0,0,0,0,1,0,1,0,0,0,0,0,0,0,0,0,0,0,0,0,1,0,0,0,0,1,0
4.2626798770413155,8.978660489639687,4,3,5,5,1959,1959,0.0,3,3,3,3,1,4,7.046647277848756,1,0.0,0.0,1148.0,3,1,7.046647277848756,0.0,0.0,7.046647277848756,1.0,0.0,1,0,3,1,3,6,8,0,0,1959.0,1,1.0,672.0,3,3,2,0.0,0.0,0.0,0.0,0.0,0,0.0,7,2009,7.739359202689098,2.0,50,50,1,1,0,0,0,0,0,0,1,0,0,0,0,0,0,0,0,0,0,0,0,0,1,0,0,1,0,0,0,1,1,0,0,0,0,0,1,0,0,0,0,0,0,0,0,0,0,0,0,1,0,0,0,0,0,0,0,0,0,0,0,0,0,0,1,0,0,0,0,0,0,0,0,1,0,0,0,0,0,1,0,0,0,0,0,0,1,0,0,0,0,0,0,0,0,1,0,0,1,0,0,0,0,0,0,0,0,0,1,0,0,0,0,0,0,0,0,0,0,0,0,0,0,0,0,0,0,0,0,0,1,0,0,0,0,0,0,0,1,0,0,1,0,0,0,0,0,1,0,0,0,0,0,0,0,0,1,0,1,0,0,0,0,0,0,0,0,0,0,0,0,0,1,0,0,0,0,1,0
4.290459441148391,9.0642735958414,4,3,7,5,2007,2008,0.0,4,3,5,3,1,1,0.0,1,0.0,7.224753405767971,1372.0,5,1,7.224753405767971,0.0,0.0,7.224753405767971,0.0,0.0,2,0,3,1,4,6,8,0,0,2008.0,3,2.0,529.0,3,3,2,0.0,4.948759890378168,0.0,0.0,0.0,0,0.0,5,2008,7.917536353943631,2.0,1,0,1,1,0,0,0,0,0,0,1,0,0,0,0,0,0,0,0,0,0,0,1,0,0,0,0,1,0,0,0,1,1,0,0,0,0,0,1,0,0,0,0,0,0,0,0,0,0,0,0,0,0,0,0,0,0,0,0,0,1,0,0,0,0,0,1,0,0,0,0,0,0,0,0,1,0,0,0,0,0,1,0,0,0,0,0,0,1,0,0,0,0,0,0,1,0,0,0,0,1,0,0,0,0,0,0,0,0,0,0,0,0,0,0,0,0,0,0,1,0,0,0,0,0,0,0,0,0,0,0,0,0,0,0,1,0,0,0,0,1,0,0,0,1,0,0,0,0,1,0,0,0,0,0,0,0,0,1,0,1,0,0,0,0,0,0,0,0,0,0,0,1,0,0,0,0,0,0,0,1
4.30406509320417,9.076923258535832,3,3,5,6,1970,1970,4.343805421853684,3,3,3,3,1,4,6.720220155135295,1,0.0,5.1647859739235145,1002.0,3,1,6.910750787961936,0.0,0.0,6.910750787961936,1.0,0.0,1,0,3,1,3,5,8,0,0,1973.0,1,2.0,902.0,3,3,2,0.0,0.0,0.0,0.0,0.0,0,0.0,8,2009,7.60339933974067,2.0,39,39,1,1,0,0,0,0,0,0,1,0,0,0,0,0,0,0,0,0,0,0,0,0,1,0,0,1,0,0,0,1,1,0,0,0,0,0,1,0,0,0,0,0,0,0,0,0,0,0,0,1,0,0,0,0,0,0,0,0,0,0,0,0,0,0,1,0,0,0,0,0,0,0,0,1,0,0,0,0,0,1,0,0,0,0,0,0,1,0,0,0,0,0,0,1,0,0,0,0,1,0,0,0,0,0,0,0,0,0,0,0,0,0,0,1,0,0,0,0,0,0,0,0,0,0,0,0,0,0,1,0,0,0,0,0,0,0,0,1,0,0,0,1,0,0,0,0,0,1,0,0,0,0,0,0,0,0,1,0,0,0,0,0,1,0,0,0,0,0,0,0,0,0,1,0,0,0,0,1,0
4.219507705176107,9.273972232220956,3,3,8,5,2006,2007,5.616771097666572,4,3,4,3,3,1,0.0,1,0.0,7.40184157874383,1638.0,5,1,7.4067107301776405,0.0,0.0,7.4067107301776405,0.0,0.0,2,0,3,1,4,6,8,1,4,2007.0,2,3.0,870.0,3,3,2,5.262690188904886,4.394449154672439,0.0,0.0,0.0,0,0.0,11,2007,8.09712193091871,2.0,1,0,1,1,1,0,0,0,0,0,1,0,0,0,0,0,0,0,0,0,0,0,0,0,1,0,0,1,0,1,0,0,1,0,0,0,0,0,1,0,0,0,0,0,0,0,0,0,0,0,0,0,0,0,0,0,0,0,0,0,0,0,1,0,0,0,1,0,0,0,0,0,0,0,0,1,0,0,0,0,0,1,0,0,0,0,0,0,1,0,0,0,0,0,0,1,0,0,0,0,1,0,0,0,0,0,0,0,0,0,0,0,0,0,0,0,0,0,0,1,0,0,0,0,0,0,0,0,0,0,0,0,0,0,0,1,0,0,0,0,0,1,0,0,1,0,0,0,0,1,0,0,0,0,0,0,0,0,1,0,1,0,0,0,0,0,0,0,0,0,0,0,1,0,0,0,0,0,0,0,1
4.454347296253507,8.849513965486398,4,3,4,5,1961,1961,0.0,3,3,3,3,1,5,6.838405200847344,1,0.0,4.6913478822291435,1040.0,3,1,7.02197642307216,0.0,0.0,7.02197642307216,1.0,0.0,1,1,3,1,2,5,8,0,0,1961.0,2,2.0,544.0,3,3,2,5.1298987149230735,0.0,0.0,0.0,0.0,0,5.993961427306569,5,2007,7.6783263565068856,2.5,46,46,1,1,0,0,0,0,0,0,1,0,0,0,0,0,0,0,0,0,0,0,0,0,1,0,0,1,0,0,0,1,1,0,1,0,0,0,0,0,0,0,0,0,0,0,0,0,0,0,0,0,0,0,0,0,0,0,1,0,0,0,0,0,0,1,0,0,0,0,0,0,0,0,0,1,0,0,0,0,0,1,0,0,0,0,0,0,1,0,0,0,0,0,0,1,0,0,0,0,1,0,0,0,0,0,0,0,0,0,0,0,0,0,0,0,0,0,0,1,0,0,0,0,0,0,0,0,0,0,0,0,0,0,0,1,0,0,0,0,1,0,0,1,0,0,0,0,0,1,0,0,0,0,0,0,0,0,1,0,1,0,0,0,0,0,0,0,0,0,0,0,0,0,1,0,0,0,0,1,0
4.189654742026425,9.599879329534089,2,3,5,6,1948,1950,0.0,3,3,0,0,0,0,0.0,0,0.0,0.0,0.0,4,1,7.344719054149673,6.580639137284949,3.9889840465642745,7.749753406274437,0.0,0.0,2,0,2,1,3,7,8,1,3,1979.0,1,2.0,672.0,3,3,1,4.795790545596741,4.976733742420574,0.0,0.0,0.0,0,0.0,5,2006,7.7266536648476425,2.0,58,56,1,0,1,0,0,0,0,0,0,0,0,0,0,1,0,0,0,0,0,0,0,0,1,0,0,1,0,0,0,1,1,0,1,0,0,0,0,0,0,0,0,0,0,0,0,1,0,0,0,0,0,0,0,0,0,0,0,0,0,0,0,0,0,1,0,0,0,0,0,0,0,0,0,1,0,0,0,0,0,1,0,0,0,0,0,0,0,0,0,1,0,0,0,1,0,0,0,0,1,0,0,0,0,0,0,0,0,0,0,0,0,0,0,0,1,0,0,0,0,0,0,0,0,0,0,0,0,0,0,0,1,0,0,0,0,0,0,0,1,0,0,0,0,1,0,0,0,1,0,0,0,0,0,0,0,0,1,0,1,0,0,0,0,0,0,0,0,0,0,0,0,0,1,0,0,0,0,1,0
4.394449154672439,9.204221690968005,4,3,7,5,1993,1994,5.5093883366279774,4,3,4,3,1,6,6.621405651764134,1,0.0,5.707110264748875,1050.0,5,1,6.968850378341948,6.78897174299217,0.0,7.575584651557793,1.0,0.0,2,1,3,1,4,8,8,1,3,1993.0,3,2.0,574.0,3,3,2,5.056245805348308,4.51085950651685,0.0,0.0,0.0,0,0.0,6,2010,8.006367567650246,3.5,17,16,1,1,1,0,0,0,0,0,0,0,0,0,0,1,0,0,0,0,0,0,0,0,1,0,0,1,0,0,0,1,1,0,0,0,0,0,1,0,0,0,0,0,0,0,0,0,0,0,0,0,0,0,0,0,0,0,0,1,0,0,0,0,0,0,1,0,0,0,0,0,0,0,0,1,0,0,0,0,0,1,0,0,0,0,0,0,0,0,0,1,0,0,0,1,0,0,0,0,1,0,0,0,0,0,0,0,0,0,0,0,0,0,0,1,0,0,0,0,0,0,0,0,0,0,0,0,0,0,1,0,0,0,0,0,0,0,0,1,0,0,0,0,1,0,0,0,0,1,0,0,0,0,0,0,0,0,1,0,1,0,0,0,0,0,0,0,0,0,0,0,0,0,1,0,0,0,0,1,0
4.110873864173311,8.79497643168877,4,3,5,5,1962,1962,0.0,3,3,3,3,1,1,0.0,1,0.0,6.796823718274855,894.0,4,0,6.796823718274855,0.0,0.0,6.796823718274855,0.0,0.0,1,0,2,1,3,5,8,0,0,1962.0,1,1.0,308.0,3,3,2,0.0,0.0,0.0,0.0,0.0,0,0.0,8,2009,7.489412083508719,1.0,47,47,1,1,0,0,0,0,0,0,1,0,0,0,0,0,0,0,0,0,0,0,0,0,1,0,0,1,0,0,0,1,1,0,0,0,0,0,1,0,0,0,0,0,0,0,0,0,0,0,0,1,0,0,0,0,0,0,0,0,0,0,0,0,0,0,0,0,1,0,0,0,0,0,0,1,0,0,0,0,0,1,0,0,0,0,0,0,1,0,0,0,0,0,0,0,0,1,0,0,1,0,0,0,0,0,0,0,0,0,0,0,0,0,0,1,0,0,0,0,0,0,0,0,0,0,0,0,0,0,1,0,0,0,0,0,0,0,0,0,1,0,0,1,0,0,0,0,0,1,0,0,0,0,0,0,0,0,1,0,0,0,0,0,1,0,0,0,0,0,0,0,0,0,1,0,0,0,0,1,0
4.2626798770413155,9.076923258535832,4,3,6,5,1998,1998,4.762173934797756,3,3,4,3,1,6,6.226536669287466,1,0.0,5.703782474656201,804.0,5,1,6.690842277418564,6.778784897685177,0.0,7.428333194190806,0.0,0.0,2,1,3,1,4,7,8,0,0,1998.0,2,2.0,523.0,3,3,2,0.0,4.356708826689592,0.0,0.0,0.0,0,0.0,6,2010,7.818832443803404,2.5,12,12,1,1,0,0,0,0,0,0,0,0,0,0,0,1,0,0,0,0,0,0,0,0,1,0,0,1,0,0,0,1,1,0,0,0,0,0,1,0,0,0,0,0,1,0,0,0,0,0,0,0,0,0,0,0,0,0,0,0,0,0,0,0,0,0,1,0,0,0,0,0,0,0,0,1,0,0,0,0,0,1,0,0,0,0,0,0,0,0,0,1,0,0,0,1,0,0,0,0,1,0,0,0,0,0,0,0,0,0,0,0,0,0,0,0,0,0,0,1,0,0,0,0,0,0,0,0,0,0,0,0,0,0,0,1,0,0,0,1,0,0,0,0,1,0,0,0,0,1,0,0,0,0,0,0,0,0,1,0,1,0,0,0,0,0,0,0,0,0,0,0,0,0,1,0,0,0,0,1,0
4.31748811353631,9.09301972939964,4,3,5,7,1953,1996,0.0,4,3,3,3,3,1,0.0,1,0.0,4.663439094112067,105.0,4,1,6.814542897259958,0.0,0.0,6.814542897259958,0.0,0.0,1,0,3,1,4,5,8,0,0,1953.0,1,2.0,414.0,3,3,2,5.2832037287379885,0.0,5.017279836814924,0.0,0.0,0,0.0,10,2008,6.923628628138427,1.0,55,12,1,1,0,0,0,0,0,0,1,0,0,0,0,0,0,0,0,0,0,0,0,0,1,0,0,1,0,0,0,1,1,0,1,0,0,0,0,0,0,0,0,0,0,0,0,0,0,0,0,1,0,0,0,0,0,0,0,0,0,0,0,0,0,0,1,0,0,0,0,0,0,0,0,1,0,0,0,0,0,1,0,0,0,0,0,0,1,0,0,0,0,0,0,1,0,0,0,0,1,0,0,0,0,0,0,0,0,0,0,0,0,0,0,0,0,0,0,0,0,1,0,0,0,0,0,0,0,0,0,0,0,0,0,0,0,1,0,0,1,0,0,0,0,0,1,0,0,1,0,0,0,0,0,0,0,0,1,0,1,0,0,0,0,0,0,0,0,0,0,0,0,0,1,0,0,0,0,1,0
4.110873864173311,9.404672841436273,4,3,5,7,1949,1950,0.0,4,3,3,3,1,3,5.929589143389895,1,0.0,6.126869184114185,832.0,4,1,6.9440872082295275,0.0,5.4510384535657,7.1459844677143876,0.0,0.0,1,0,3,1,3,6,8,1,4,1949.0,1,1.0,288.0,3,3,2,0.0,3.367295829986474,0.0,0.0,0.0,0,0.0,9,2009,7.533158807455563,1.0,60,59,1,1,1,0,0,0,0,0,0,0,1,0,0,0,0,0,0,0,0,0,0,0,1,0,0,1,0,0,0,1,1,0,0,0,0,0,1,0,0,0,0,0,0,0,0,0,0,0,0,1,0,0,0,0,0,0,0,0,0,0,0,0,0,0,1,0,0,0,0,0,0,0,0,1,0,0,0,0,0,1,0,0,0,0,0,0,1,0,0,0,0,0,0,1,0,0,0,0,1,0,0,0,0,0,0,0,0,0,0,0,0,1,0,0,0,0,0,0,0,0,0,0,0,0,0,0,1,0,0,0,0,0,0,0,0,0,0,0,1,0,0,1,0,0,0,0,0,1,0,0,0,0,0,0,0,0,1,0,1,0,0,0,0,0,0,0,0,0,0,0,0,0,1,0,0,0,0,1,0
3.970291913552122,8.651898894268529,4,3,5,6,1941,1950,0.0,3,3,3,3,1,1,0.0,1,0.0,6.517671272912275,676.0,5,1,6.517671272912275,6.1224928095143865,0.0,7.0317412587631285,0.0,0.0,1,1,3,1,3,5,8,0,0,1941.0,1,1.0,200.0,3,3,2,3.295836866004329,0.0,0.0,0.0,0.0,0,0.0,8,2009,7.4999765409521215,1.5,68,59,1,1,0,0,0,0,0,0,0,0,0,0,1,0,0,0,0,0,0,0,0,0,0,1,0,1,0,0,0,1,1,0,0,0,0,0,1,0,0,0,0,0,0,0,0,0,0,0,0,0,0,0,0,0,1,0,0,0,0,0,0,0,1,0,0,0,0,0,0,0,0,0,0,1,0,0,0,0,0,1,0,0,0,0,1,0,0,0,0,0,0,0,0,1,0,0,0,0,1,0,0,0,0,0,0,0,0,0,0,0,0,0,0,0,0,0,0,0,1,0,0,0,0,0,0,0,0,0,0,0,0,0,0,0,1,0,0,0,1,0,0,1,0,0,0,0,0,1,0,0,0,0,0,0,0,0,1,0,0,0,0,0,1,0,0,0,0,0,0,0,0,0,1,1,0,0,0,0,0
4.330733340286331,9.105090961257085,4,3,8,5,2007,2007,0.0,4,3,4,3,3,6,4.174387269895637,1,0.0,7.02197642307216,1184.0,5,1,7.077498053569231,7.2633296174768365,0.0,7.8674885686991285,0.0,0.0,2,1,4,1,5,11,8,1,4,2007.0,3,2.0,550.0,3,3,2,5.342334251964811,5.8998973535824915,0.0,0.0,0.0,0,0.0,8,2007,8.24143968982973,2.5,0,0,1,1,1,0,0,0,0,0,0,0,0,0,0,1,0,0,0,0,0,0,1,0,0,0,0,1,0,0,0,1,1,0,0,0,0,0,1,0,0,0,0,0,0,0,0,0,0,0,0,0,0,0,0,0,0,0,0,0,1,0,0,0,0,0,1,0,0,0,0,0,0,0,0,1,0,0,0,0,0,1,0,0,0,0,0,0,0,0,0,1,0,0,0,1,0,0,0,0,1,0,0,0,0,0,0,0,0,0,0,0,1,0,0,0,0,0,0,0,0,0,0,0,0,0,0,1,0,0,0,0,0,0,0,0,0,0,0,0,1,0,0,0,1,0,0,0,0,1,0,0,0,0,0,0,0,0,1,0,0,0,1,0,0,0,0,0,0,0,0,0,1,0,0,0,0,0,0,0,1
4.553876891600541,10.138045708665592,4,2,4,5,1963,1963,0.0,3,3,3,3,4,5,6.452048954437226,1,0.0,6.068425588244111,1064.0,4,1,6.947937068614969,0.0,0.0,6.947937068614969,1.0,0.0,1,0,3,1,3,5,8,0,0,1963.0,1,2.0,648.0,3,3,2,0.0,0.0,0.0,0.0,0.0,0,0.0,1,2007,7.652070746116482,2.0,44,44,1,1,0,0,0,0,0,0,1,0,0,0,0,0,0,0,0,0,0,0,0,0,1,0,0,1,0,1,0,0,1,0,0,0,0,0,1,0,0,0,0,0,0,0,0,0,0,0,1,0,0,0,0,0,0,0,0,0,0,0,0,0,0,0,1,0,0,0,0,0,0,0,0,1,0,0,0,0,0,1,0,0,0,0,0,0,1,0,0,0,0,0,0,1,0,0,0,0,1,0,0,0,0,0,0,0,0,0,0,0,0,1,0,0,0,0,0,0,0,0,0,0,0,0,0,0,0,0,0,0,1,0,0,0,0,0,0,0,1,0,0,0,1,0,0,0,0,1,0,0,0,0,0,0,0,0,1,0,1,0,0,0,0,0,0,0,0,0,0,0,0,0,1,0,0,0,0,1,0
4.31748811353631,9.086476384753796,4,3,9,5,2004,2005,5.37989735354046,4,3,5,3,1,6,7.065613363597717,1,0.0,5.680172609017068,1462.0,5,1,7.288244401020124,6.637258031284457,0.0,7.707512194600341,1.0,0.0,2,1,4,1,5,10,8,1,4,2004.0,3,3.0,738.0,3,3,2,5.220355825078324,0.0,0.0,0.0,0.0,0,0.0,6,2009,8.212568398234145,3.5,5,4,1,1,1,0,0,0,0,0,0,0,0,0,0,1,0,0,0,0,0,0,0,0,1,0,0,1,0,0,0,1,1,0,0,0,0,0,1,0,0,0,0,0,0,0,0,0,0,0,0,0,0,0,0,1,0,0,0,0,0,0,0,0,0,0,1,0,0,0,0,0,0,0,0,1,0,0,0,0,0,1,0,0,0,0,0,0,0,0,0,1,0,0,0,0,0,1,0,0,1,0,0,0,0,0,0,0,0,0,0,0,0,0,0,0,0,0,0,1,0,0,0,0,0,0,0,0,0,0,0,0,0,0,0,1,0,0,0,0,0,1,0,0,1,0,0,0,0,1,0,0,0,0,0,0,0,0,1,0,1,0,0,0,0,0,0,0,0,0,0,0,0,0,1,0,0,0,0,1,0
4.48863636973214,9.37441309371334,3,3,5,7,1961,1995,0.0,3,3,3,3,3,5,6.802394763324311,1,0.0,5.351858133476067,1109.0,3,1,7.052721049232323,0.0,0.0,7.052721049232323,1.0,0.0,1,0,3,1,4,6,6,0,0,1987.0,1,2.0,576.0,3,3,2,5.262690188904886,0.0,0.0,0.0,0.0,0,5.993961427306569,6,2010,7.725330037917135,2.0,49,15,1,1,0,0,0,0,0,0,0,0,0,0,0,0,0,0,0,1,0,0,0,0,1,0,0,1,0,0,0,1,1,0,0,0,0,0,1,0,0,0,0,0,0,0,0,0,0,0,0,0,0,0,0,0,0,0,1,0,0,0,0,0,0,0,1,0,0,0,0,0,0,0,0,1,0,0,0,0,0,1,0,0,0,0,0,0,0,0,0,0,1,0,0,1,0,0,0,0,1,0,0,0,0,0,0,0,0,0,0,0,0,1,0,0,0,0,0,0,0,0,0,0,0,0,0,0,1,0,0,0,0,0,0,0,0,0,0,0,1,0,0,1,0,0,0,0,0,1,0,0,0,0,0,0,0,0,1,0,0,0,0,0,1,0,0,0,0,0,0,0,0,0,1,0,0,0,0,1,0
4.2626798770413155,8.853808274977197,3,3,5,8,1978,2005,4.51085950651685,4,4,3,3,1,5,6.472346294500901,1,0.0,5.389071729816501,864.0,5,1,6.762729506931879,0.0,0.0,6.762729506931879,1.0,0.0,1,0,3,1,3,6,8,0,0,1978.0,1,1.0,336.0,3,3,2,0.0,0.0,0.0,0.0,0.0,0,0.0,7,2009,7.455298485683291,2.0,31,4,1,1,0,0,0,0,0,0,1,0,0,0,0,0,0,0,0,0,0,0,0,0,1,0,0,1,0,0,0,1,1,0,0,1,0,0,0,0,0,0,0,0,1,0,0,0,0,0,0,0,0,0,0,0,0,0,0,0,0,0,0,0,0,0,1,0,0,0,0,0,0,0,0,1,0,0,0,0,0,1,0,0,0,0,0,0,1,0,0,0,0,0,0,1,0,0,0,0,1,0,0,0,0,0,0,0,0,0,0,0,0,0,0,0,0,0,0,1,0,0,0,0,0,0,0,0,0,0,0,0,0,0,0,1,0,0,0,1,0,0,0,1,0,0,0,0,0,1,0,0,0,0,0,0,0,0,1,0,1,0,0,0,0,0,0,0,0,0,0,0,0,0,1,0,0,0,0,1,0
4.110873864173311,8.857230494201946,4,3,5,5,2005,2006,0.0,3,3,5,4,1,5,6.8885724595653635,1,0.0,4.709530201312334,1090.0,4,1,6.994849985833071,0.0,0.0,6.994849985833071,1.0,0.0,1,1,2,1,3,5,8,0,0,2005.0,3,2.0,450.0,3,3,2,0.0,3.912023005428146,0.0,0.0,0.0,0,0.0,6,2007,7.687538766201629,2.5,2,1,1,1,0,0,0,0,0,0,1,0,0,0,0,0,0,0,0,0,0,0,0,0,1,0,0,1,0,0,0,1,1,0,0,0,0,0,1,0,0,0,0,0,0,0,1,0,0,0,0,0,0,0,0,0,0,0,0,0,0,0,0,0,0,0,1,0,0,0,0,0,0,0,0,1,0,0,0,0,0,1,0,0,0,0,0,0,1,0,0,0,0,0,0,1,0,0,0,0,1,0,0,0,0,0,0,0,0,0,0,0,0,0,0,0,0,0,0,1,0,0,0,0,0,0,0,0,0,0,0,0,0,0,0,1,0,0,0,0,1,0,0,0,1,0,0,0,0,1,0,0,0,0,0,0,0,0,1,0,1,0,0,0,0,0,0,0,0,0,0,0,0,0,1,0,0,0,0,1,0
3.8066624897703196,9.529448434427817,3,3,7,5,1990,1991,4.770684624465665,4,4,4,3,2,2,6.805722553416985,1,0.0,5.541263545158426,1156.0,5,1,7.080026499922591,6.274762021241939,0.0,7.4489161025442,0.0,0.0,2,1,3,1,4,7,8,1,3,1990.0,2,2.0,400.0,3,3,2,5.1298987149230735,3.6109179126442243,0.0,0.0,0.0,0,0.0,4,2007,7.96346006663897,2.5,17,16,1,1,1,0,0,0,0,0,0,0,0,0,1,0,0,0,0,0,0,0,0,0,1,0,0,1,0,0,0,1,1,0,0,1,0,0,0,0,0,0,0,0,0,0,0,0,0,0,0,0,0,0,0,0,0,0,0,0,0,0,1,0,0,0,1,0,0,0,0,0,0,0,0,1,0,0,0,0,0,1,0,0,0,0,1,0,0,0,0,0,0,0,0,1,0,0,0,0,1,0,0,0,0,0,0,0,0,0,0,0,0,1,0,0,0,0,0,0,0,0,0,0,0,0,0,0,1,0,0,0,0,0,0,0,0,0,0,1,0,0,0,1,0,0,0,0,0,1,0,0,0,0,0,0,0,0,1,0,1,0,0,0,0,0,0,0,0,0,0,0,0,0,1,0,0,0,0,1,0
4.189654742026425,9.173365135851288,3,3,6,5,1992,1993,0.0,3,3,4,3,1,1,0.0,1,0.0,6.695798917058491,808.0,4,1,6.695798917058491,6.666956792429207,0.0,7.374001859350161,0.0,0.0,2,1,3,1,3,7,8,1,3,1993.0,2,2.0,389.0,3,3,2,5.8377304471659395,3.713572066704308,0.0,0.0,0.0,0,0.0,12,2009,7.784057002639929,2.5,17,16,1,1,1,0,0,0,0,0,0,0,0,0,0,1,0,0,0,0,0,0,0,0,1,0,0,1,0,0,0,1,1,0,1,0,0,0,0,0,0,0,0,0,0,0,0,1,0,0,0,0,0,0,0,0,0,0,0,0,0,0,0,0,0,0,1,0,0,0,0,0,0,0,0,1,0,0,0,0,0,1,0,0,0,0,0,0,0,0,0,1,0,0,0,1,0,0,0,0,1,0,0,0,0,0,0,0,0,0,0,0,0,0,0,0,0,0,0,1,0,0,0,0,0,0,0,0,0,0,0,0,0,0,0,1,0,0,0,0,1,0,0,0,1,0,0,0,0,1,0,0,0,0,0,0,0,0,1,0,0,0,1,0,0,0,0,0,0,0,0,0,0,0,1,0,0,0,0,1,0
4.110873864173311,8.733110697638708,4,3,4,5,1912,1950,0.0,4,3,3,2,1,1,0.0,1,0.0,6.679599185844383,795.0,3,0,6.86171134048073,6.679599185844383,6.1779441140506,7.7102051944325325,1.0,0.0,1,0,5,1,3,10,8,0,0,1997.0,1,1.0,440.0,3,4,2,0.0,5.241747015059643,0.0,0.0,0.0,0,0.0,3,2006,7.841885928984623,2.0,94,56,1,1,0,0,0,0,0,0,0,0,0,0,0,0,0,1,0,0,0,0,0,0,1,0,0,1,1,0,0,0,1,0,0,0,0,0,1,0,0,0,0,0,0,0,0,0,0,0,0,0,0,0,0,0,0,1,0,0,0,0,0,0,0,0,1,0,0,0,0,0,0,0,0,1,0,0,0,0,0,1,0,0,0,0,0,0,0,1,0,0,0,0,0,1,0,0,0,0,1,0,0,0,0,0,0,0,0,0,0,0,0,0,0,0,0,0,0,0,1,0,0,0,0,0,0,0,0,0,0,0,0,0,0,0,1,0,0,0,1,0,0,0,1,0,0,0,0,1,0,0,0,0,0,0,0,0,1,0,0,0,0,0,1,0,0,0,0,0,0,0,0,0,1,0,0,0,0,1,0
4.189654742026425,8.875007486048396,4,3,5,5,1967,1967,4.110873864173311,3,3,3,3,1,4,6.07073772800249,1,0.0,6.133398042996649,892.0,3,1,6.794586580876499,0.0,0.0,6.794586580876499,0.0,0.0,1,0,3,1,3,5,8,0,0,1967.0,2,1.0,288.0,3,3,2,0.0,0.0,0.0,0.0,0.0,0,0.0,7,2009,7.487173694213739,1.0,42,42,1,1,0,0,0,0,0,0,1,0,0,0,0,0,0,0,0,0,0,0,0,0,1,0,0,1,0,0,0,1,1,0,0,0,0,0,1,0,0,0,0,0,0,0,0,0,0,0,0,1,0,0,0,0,0,0,0,0,0,0,0,0,0,0,1,0,0,0,0,0,0,0,0,1,0,0,0,0,0,1,0,0,0,0,0,0,1,0,0,0,0,0,0,1,0,0,0,0,1,0,0,0,0,0,0,0,0,0,0,0,0,1,0,0,0,0,0,0,0,0,0,0,0,0,0,0,1,0,0,0,0,0,0,0,0,0,0,1,0,0,0,1,0,0,0,0,0,1,0,0,0,0,0,0,0,0,1,0,1,0,0,0,0,0,0,0,0,0,0,0,0,0,1,0,0,0,0,1,0
3.9318256327243257,8.540909718033554,3,3,9,5,1999,2000,4.110873864173311,4,3,5,3,3,6,7.122059881629142,1,0.0,6.133398042996649,1698.0,5,1,7.444248649496705,0.0,0.0,7.444248649496705,1.0,0.0,2,0,2,1,4,5,8,1,3,1999.0,3,2.0,506.0,3,3,2,4.584967478670572,4.189654742026425,0.0,0.0,0.0,0,0.0,1,2008,8.133880887949207,3.0,9,8,1,1,1,1,0,0,0,0,0,0,0,0,0,0,0,0,0,0,0,0,1,0,0,0,0,1,0,0,0,1,1,0,0,1,0,0,0,0,0,0,0,0,0,0,0,0,0,0,0,0,0,0,0,0,0,0,0,0,1,0,0,0,0,0,1,0,0,0,0,0,0,0,0,1,0,0,0,0,0,0,0,0,0,1,0,0,1,0,0,0,0,0,0,1,0,0,0,0,1,0,0,0,0,0,0,0,0,0,0,0,0,0,0,1,0,0,0,0,0,0,0,0,0,0,0,0,0,0,1,0,0,0,0,0,0,0,0,1,0,0,0,0,1,0,0,0,0,1,0,0,0,0,0,0,0,0,1,0,1,0,0,0,0,0,0,1,0,0,0,0,0,0,0,1,0,0,0,0,0
4.2626798770413155,9.035272443893536,4,3,5,5,1959,2005,4.812184355372417,3,3,3,3,1,2,6.270988431858299,1,0.0,7.002155954403621,1626.0,5,1,7.44600149832412,0.0,0.0,7.44600149832412,0.0,0.0,2,0,4,2,3,8,8,0,0,2005.0,3,2.0,588.0,3,3,2,5.60947179518496,4.007333185232471,0.0,0.0,0.0,0,0.0,6,2006,8.113426639943654,2.0,47,1,1,1,0,0,0,0,0,0,0,0,0,0,0,0,0,0,0,0,1,0,0,0,1,0,0,1,0,0,0,1,1,0,1,0,0,0,0,0,0,0,0,0,0,0,0,0,0,0,0,1,0,0,0,0,0,0,0,0,0,0,0,0,0,0,1,0,0,0,0,0,0,0,0,1,0,0,0,0,0,0,0,1,0,0,0,0,1,0,0,0,0,0,0,1,0,0,0,0,1,0,0,0,0,0,0,0,0,0,0,0,0,0,0,1,0,0,0,0,0,0,0,0,0,0,0,0,0,0,1,0,0,0,0,0,0,0,0,1,0,0,0,1,0,0,0,0,0,1,0,0,0,0,0,0,0,0,1,0,1,0,0,0,0,0,0,0,0,0,0,0,0,0,1,0,0,0,1,0,0
4.0943445622221,9.709113657218,3,3,5,7,1955,1955,0.0,3,4,3,3,1,1,0.0,1,0.0,6.705639094860003,816.0,3,1,6.771935555839602,6.257667587882639,0.0,7.2399325913204695,0.0,0.0,1,1,3,1,3,8,8,0,0,1955.0,1,1.0,300.0,3,3,2,4.804021044733257,0.0,0.0,0.0,5.583496308781699,0,0.0,4,2008,7.700747794511798,1.5,53,53,1,1,0,0,0,0,0,0,0,0,0,0,1,0,0,0,0,0,0,0,0,0,1,0,0,1,0,0,0,1,1,0,0,0,0,0,1,0,0,0,0,0,0,0,1,0,0,0,0,0,0,0,0,0,0,0,0,0,0,0,0,0,0,0,1,0,0,0,0,0,0,0,0,1,0,0,0,0,0,1,0,0,0,0,1,0,0,0,0,0,0,0,0,1,0,0,0,0,1,0,0,0,0,0,0,0,0,0,0,0,0,0,0,1,0,0,0,0,0,0,0,0,0,0,0,0,0,0,1,0,0,0,0,0,0,0,0,0,1,0,0,0,1,0,0,0,0,1,0,0,0,0,0,0,0,0,1,0,1,0,0,0,0,0,0,0,0,0,0,0,0,0,1,0,0,0,0,1,0
4.564348191467836,9.671933733861948,3,2,8,6,1970,1970,0.0,4,4,3,4,4,5,5.863631175598097,3,6.714170529909472,6.950814768442584,2217.0,5,1,7.704361167910313,0.0,0.0,7.704361167910313,1.0,0.0,2,0,4,1,4,8,8,1,3,1970.0,1,2.0,621.0,3,3,2,4.406719247264253,5.337538079701318,0.0,0.0,5.41610040220442,0,0.0,10,2007,8.39728289474368,3.0,37,37,1,1,1,0,0,0,0,0,1,0,0,0,0,0,0,0,0,0,0,0,0,0,1,0,0,1,0,0,0,1,1,0,0,0,0,0,1,0,0,0,0,0,0,0,0,0,0,0,0,1,0,0,0,0,0,0,0,0,0,0,0,0,0,0,1,0,0,0,0,0,0,0,0,1,0,0,0,0,0,1,0,0,0,0,0,0,1,0,0,0,0,0,1,0,0,0,0,0,0,0,0,0,1,0,0,0,0,0,0,0,0,0,0,0,0,0,0,0,1,0,0,0,0,0,0,0,0,0,0,0,0,0,0,0,1,0,0,0,1,0,0,0,1,0,0,0,0,1,0,0,0,0,0,0,0,0,1,0,1,0,0,0,0,0,0,0,0,0,0,0,0,0,1,0,0,0,0,1,0
4.859812404361672,9.405989388981,4,3,6,4,1953,1953,4.51085950651685,3,3,3,3,1,4,6.932447891572509,1,0.0,6.1779441140506,1505.0,5,1,7.317212408359839,0.0,0.0,7.317212408359839,1.0,0.0,1,0,2,1,3,6,8,1,3,1953.0,2,2.0,505.0,3,3,2,0.0,0.0,0.0,5.093750200806762,0.0,0,0.0,2,2009,8.010027528481734,2.0,56,56,1,1,1,0,0,0,0,0,1,0,0,0,0,0,0,0,0,0,0,0,0,0,1,0,0,1,0,0,0,1,1,0,0,0,0,0,1,0,0,0,0,0,0,0,0,0,0,0,0,1,0,0,0,0,0,0,0,0,0,0,0,0,0,1,0,0,0,0,0,0,0,0,0,1,0,0,0,0,0,1,0,0,0,0,0,0,1,0,0,0,0,0,0,0,0,1,0,0,1,0,0,0,0,0,0,0,0,0,0,0,0,0,0,0,0,0,0,0,1,0,0,0,0,0,0,0,0,0,0,0,0,0,0,0,1,0,0,1,0,0,0,1,0,0,0,0,0,1,0,0,0,0,0,0,0,0,1,0,1,0,0,0,0,0,0,0,0,0,0,0,0,0,1,0,0,0,0,1,0
4.110873864173311,8.99528899055931,4,3,5,7,1949,2006,0.0,3,4,3,3,2,1,0.0,1,0.0,6.511745329644728,672.0,5,1,6.511745329644728,5.53338948872752,0.0,6.829793737512425,0.0,0.0,1,0,3,1,3,6,8,1,1,2003.0,1,2.0,576.0,3,3,2,0.0,0.0,0.0,0.0,0.0,0,7.601402334583733,7,2007,7.3758821482150125,1.0,58,1,1,1,1,0,0,0,0,0,0,0,0,0,1,0,0,0,0,0,0,0,0,0,1,0,0,1,0,0,0,1,1,0,1,0,0,0,0,0,0,0,0,0,0,0,0,0,0,0,0,1,0,0,0,0,0,0,0,0,0,0,0,0,1,0,0,0,0,0,0,0,0,0,0,1,0,0,0,0,0,1,0,0,0,0,1,0,0,0,0,0,0,0,0,1,0,0,0,0,1,0,0,0,0,0,0,0,0,0,0,0,0,0,0,1,0,0,0,0,0,0,0,0,0,0,0,0,0,0,1,0,0,0,0,0,0,0,0,0,1,0,0,1,0,0,0,0,0,1,0,0,0,0,0,0,0,0,1,0,0,0,0,0,1,0,0,0,0,0,0,0,0,0,1,0,0,0,0,1,0
4.2626798770413155,9.32232887392423,4,3,6,5,1978,1978,4.532599493153256,3,3,3,3,1,2,5.424950017481403,3,6.2166061010848646,5.262690188904886,918.0,4,1,6.823286122355687,6.641182169740591,0.0,7.428927194802272,0.0,0.0,2,1,3,1,3,7,8,1,3,1978.0,2,2.0,440.0,3,3,2,5.497168225293202,0.0,0.0,0.0,0.0,0,0.0,7,2009,7.86403565907245,2.5,31,31,1,1,1,0,0,0,0,0,0,0,0,0,0,1,0,0,0,0,0,0,0,0,1,0,0,1,0,0,0,1,1,0,0,0,0,0,1,0,0,0,0,0,0,0,0,0,0,0,0,0,0,0,0,0,0,0,1,0,0,0,0,0,0,0,1,0,0,0,0,0,0,0,0,1,0,0,0,0,0,1,0,0,0,0,0,0,0,0,0,1,0,0,0,0,0,1,0,0,1,0,0,0,0,0,0,0,0,0,0,0,0,1,0,0,0,0,0,0,0,0,0,0,0,0,0,0,1,0,0,0,0,0,0,0,0,0,0,1,0,0,0,1,0,0,0,0,0,1,0,0,0,0,0,0,0,0,1,0,1,0,0,0,0,0,0,0,0,0,0,0,0,0,1,0,0,0,0,1,0
4.2626798770413155,9.037771106624906,4,3,6,8,1963,2003,0.0,3,3,3,3,1,6,6.498282149476434,1,0.0,5.983936280687191,1059.0,3,1,6.974478911025045,0.0,0.0,6.974478911025045,0.0,1.0,1,0,3,1,3,6,8,0,0,1963.0,2,1.0,264.0,3,3,2,5.262690188904886,0.0,0.0,0.0,0.0,0,0.0,2,2006,7.662937850461535,1.5,43,3,1,1,0,0,0,0,0,0,1,0,0,0,0,0,0,0,0,0,0,0,0,0,1,0,0,1,0,0,0,1,1,0,0,0,0,0,1,0,0,0,0,0,0,0,0,0,0,0,0,0,0,0,0,0,0,0,1,0,0,0,0,0,0,0,1,0,0,0,0,0,0,0,0,1,0,0,0,0,0,1,0,0,0,0,0,0,1,0,0,0,0,0,0,0,0,1,0,0,1,0,0,0,0,0,0,0,0,0,0,0,0,1,0,0,0,0,0,0,0,0,0,0,0,0,0,0,1,0,0,0,0,0,0,0,0,0,0,0,1,0,0,1,0,0,0,0,0,1,0,0,0,0,0,0,0,0,1,0,1,0,0,0,0,0,0,0,0,0,0,0,0,0,1,0,0,0,0,1,0
4.276666119016055,9.494390858193913,4,3,5,5,1954,1954,0.0,3,3,4,3,2,4,6.970730078143525,1,0.0,5.768320995793772,1383.0,3,1,7.232733136177615,0.0,0.0,7.232733136177615,1.0,0.0,1,0,3,1,3,6,8,1,4,1954.0,1,1.0,354.0,3,3,2,6.238324625039508,4.762173934797756,0.0,0.0,0.0,0,0.0,6,2008,7.925518979786926,2.0,54,54,1,1,1,0,0,0,0,0,1,0,0,0,0,0,0,0,0,0,0,0,0,0,1,0,0,1,0,0,0,1,1,0,0,0,0,0,1,0,0,0,0,0,0,0,0,0,0,0,0,0,0,0,0,0,0,0,1,0,0,0,0,0,0,0,0,0,1,0,0,0,0,0,0,1,0,0,0,0,0,1,0,0,0,0,0,0,1,0,0,0,0,0,0,1,0,0,0,0,1,0,0,0,0,0,0,0,0,0,0,0,0,0,0,0,0,0,0,0,1,0,0,0,0,0,0,0,0,0,0,0,1,0,0,0,0,0,0,0,1,0,0,0,1,0,0,0,0,1,0,0,0,0,0,0,0,0,1,0,1,0,0,0,0,0,0,0,0,0,0,0,0,0,1,0,0,0,0,1,0
4.174387269895637,8.856376036730422,4,3,5,5,1979,1979,0.0,3,3,0,0,0,0,0.0,0,0.0,0.0,0.0,3,1,7.336936913707618,0.0,0.0,7.336936913707618,0.0,0.0,2,0,4,2,3,8,8,0,0,1979.0,1,2.0,400.0,3,3,2,0.0,0.0,0.0,0.0,0.0,0,0.0,6,2009,7.336936913707618,2.0,30,30,1,0,0,0,0,0,0,0,0,0,0,0,0,0,0,0,0,0,1,0,0,0,1,0,0,1,1,0,0,0,1,0,0,0,0,0,1,0,0,0,0,0,0,0,0,0,0,0,0,0,0,0,0,0,0,0,0,1,0,0,0,0,0,0,1,0,0,0,0,0,0,0,0,1,0,0,0,0,0,0,0,1,0,0,0,0,1,0,0,0,0,0,0,1,0,0,0,0,1,0,0,0,0,0,0,0,0,0,0,0,0,0,0,0,1,0,0,0,0,0,0,0,0,0,0,0,0,0,0,0,1,0,0,0,0,0,0,0,1,0,0,0,0,1,0,0,0,1,0,0,0,0,0,0,0,0,1,0,1,0,0,0,0,0,0,0,0,0,0,0,0,0,1,0,0,1,0,0,0
4.276666119016055,8.86177531100083,4,3,6,5,1963,1963,6.030685260261263,3,3,3,3,1,4,5.993961427306569,1,0.0,5.942799375126701,780.0,3,1,6.891625897052253,6.70196036600254,0.0,7.493873886783559,1.0,0.0,1,1,4,1,3,8,8,1,3,1963.0,2,2.0,483.0,3,3,2,0.0,3.9318256327243257,0.0,0.0,0.0,0,0.0,10,2008,7.854381210652365,2.5,45,45,1,1,1,0,0,0,0,0,0,0,0,0,0,1,0,0,0,0,0,0,0,0,1,0,0,1,0,0,0,1,1,0,0,0,0,0,1,0,0,0,0,0,0,0,0,0,0,0,0,1,0,0,0,0,0,0,0,0,0,0,0,0,0,0,1,0,0,0,0,0,0,0,0,1,0,0,0,0,0,1,0,0,0,0,0,0,0,0,0,1,0,0,0,0,0,1,0,0,1,0,0,0,0,0,0,0,0,0,0,0,0,1,0,0,0,0,0,0,0,0,0,0,0,0,0,0,1,0,0,0,0,0,0,0,0,0,0,1,0,0,0,1,0,0,0,0,0,1,0,0,0,0,0,0,0,0,1,0,1,0,0,0,0,0,0,0,0,0,0,0,0,0,1,0,0,0,0,1,0
3.9318256327243257,9.078635880978755,4,3,4,6,1936,1950,0.0,3,3,3,3,1,5,5.655991810819852,1,0.0,6.502790045915623,951.0,5,0,6.858565034791365,0.0,0.0,6.858565034791365,0.0,0.0,1,0,2,1,3,6,8,0,0,1936.0,1,1.0,327.0,3,3,2,0.0,3.367295829986474,0.0,0.0,0.0,0,0.0,4,2006,7.551186867296149,1.0,70,56,1,1,0,0,0,0,0,0,0,1,0,0,0,0,0,0,0,0,0,0,0,0,0,1,0,1,0,0,0,1,1,0,0,0,0,0,1,0,0,0,0,0,0,0,0,0,1,0,0,0,0,0,0,0,0,0,0,0,0,0,0,0,0,0,1,0,0,0,0,0,0,0,0,1,0,0,0,0,0,1,0,0,0,0,0,0,1,0,0,0,0,0,0,1,0,0,0,0,1,0,0,0,0,0,0,0,0,0,0,0,0,0,0,0,0,0,0,0,1,0,0,0,0,0,0,0,0,0,0,0,0,0,0,0,1,0,0,0,1,0,1,0,0,0,0,0,0,1,0,0,0,0,0,0,0,0,1,0,0,0,0,0,1,0,0,0,0,0,0,0,0,0,1,1,0,0,0,0,0
4.174387269895637,8.856376036730422,4,3,5,5,1979,1979,0.0,3,3,0,0,0,0,0.0,0,0.0,0.0,0.0,3,1,7.02197642307216,7.02197642307216,0.0,7.714677473800927,0.0,0.0,2,0,6,2,3,12,8,0,0,1979.0,1,2.0,528.0,3,3,2,5.043425116919247,0.0,0.0,0.0,0.0,0,0.0,6,2009,7.714677473800927,2.0,30,30,1,0,0,0,0,0,0,0,0,0,0,0,0,0,0,0,0,0,1,0,0,0,1,0,0,1,0,0,0,1,1,0,0,0,0,0,1,0,0,0,0,0,0,0,0,0,0,0,0,0,0,0,0,0,0,0,0,1,0,0,0,0,0,1,0,0,0,0,0,0,0,0,0,1,0,0,0,0,0,0,0,1,0,0,0,0,0,0,0,1,0,0,0,1,0,0,0,0,1,0,0,0,0,0,0,0,0,0,0,0,0,0,0,0,1,0,0,0,0,0,0,0,0,0,0,0,0,0,0,0,1,0,0,0,0,0,0,0,1,0,0,0,0,1,0,0,0,1,0,0,0,0,0,0,0,0,1,0,0,0,0,0,1,0,0,0,0,0,0,0,0,0,1,0,0,1,0,0,0
4.61512051684126,9.466531777336593,3,3,9,5,2009,2010,6.634633357861686,5,3,5,3,4,6,7.691200097522863,1,0.0,4.962844630259907,2330.0,5,1,7.768533300926033,0.0,0.0,7.768533300926033,1.0,0.0,2,1,2,1,5,11,8,2,4,2009.0,3,3.0,820.0,3,3,2,0.0,4.219507705176107,0.0,0.0,0.0,0,0.0,3,2010,8.454253391642363,3.5,1,0,1,1,1,0,0,0,0,0,1,0,0,0,0,0,0,0,0,0,0,0,0,0,1,0,0,1,0,0,0,1,1,0,0,0,0,0,1,0,0,0,0,0,0,0,0,0,0,0,0,0,0,0,0,1,0,0,0,0,0,0,0,0,0,0,1,0,0,0,0,0,0,0,0,1,0,0,0,0,0,1,0,0,0,0,0,0,1,0,0,0,0,0,0,0,0,1,0,0,1,0,0,0,0,0,0,0,0,0,0,0,0,0,0,0,0,0,0,1,0,0,0,0,0,0,0,0,0,0,0,0,0,0,0,1,0,0,0,0,0,1,0,0,1,0,0,0,0,1,0,0,0,0,0,0,0,0,1,0,1,0,0,0,0,0,0,0,0,0,0,0,1,0,0,0,0,0,0,0,1
4.189654742026425,8.852807917623322,4,3,5,7,1961,1994,0.0,3,3,3,3,1,4,6.144185634125646,1,0.0,6.104793232414985,912.0,3,1,7.1204443723924875,0.0,0.0,7.1204443723924875,0.0,0.0,1,0,3,1,3,6,8,1,3,1961.0,1,1.0,288.0,3,3,2,0.0,0.0,0.0,0.0,0.0,0,0.0,6,2006,7.67275789664251,1.0,45,12,1,1,1,0,0,0,0,0,1,0,0,0,0,0,0,0,0,0,0,0,0,0,1,0,0,1,0,0,0,1,1,0,0,0,0,0,1,0,0,0,0,0,0,0,0,0,0,0,0,0,0,0,0,0,0,0,1,0,0,0,0,0,0,1,0,0,0,0,0,0,0,0,0,1,0,0,0,0,0,1,0,0,0,0,0,0,1,0,0,0,0,0,0,1,0,0,0,0,1,0,0,0,0,0,0,0,0,0,0,0,0,1,0,0,0,0,0,0,0,0,0,0,0,0,0,0,0,0,0,0,1,0,0,0,0,0,0,0,1,0,0,1,0,0,0,0,0,1,0,0,0,0,0,0,0,0,1,0,1,0,0,0,0,0,0,0,0,0,0,0,0,0,1,0,0,0,0,1,0
4.30406509320417,8.901230352110781,3,3,4,6,1971,1971,0.0,3,3,3,3,1,5,5.777652323222656,1,0.0,6.285998094508865,858.0,3,1,6.755768921984255,0.0,0.0,6.755768921984255,0.0,0.0,1,0,2,1,3,4,8,0,0,1979.0,1,1.0,684.0,3,3,2,0.0,0.0,0.0,0.0,0.0,0,0.0,6,2007,7.448333860897476,1.0,36,36,1,1,0,0,0,0,0,0,1,0,0,0,0,0,0,0,0,0,0,0,0,0,1,0,0,1,0,0,0,1,1,0,0,0,0,0,1,0,0,0,0,0,0,0,0,0,0,0,0,1,0,0,0,0,0,0,0,0,0,0,0,0,0,0,1,0,0,0,0,0,0,0,0,1,0,0,0,0,0,1,0,0,0,0,0,0,1,0,0,0,0,0,0,1,0,0,0,0,1,0,0,0,0,0,0,0,0,0,0,0,0,1,0,0,0,0,0,0,0,0,0,0,0,0,0,0,1,0,0,0,0,0,0,0,0,0,0,0,1,0,0,1,0,0,0,0,0,1,0,0,0,0,0,0,0,0,1,0,0,0,0,0,1,0,0,0,0,0,0,0,0,0,1,0,0,0,0,1,0
4.174387269895637,9.072571442231286,3,3,5,7,1957,2000,0.0,3,4,3,3,2,4,6.7580945044277305,1,0.0,4.890349128221754,992.0,3,1,7.175489713624222,0.0,0.0,7.175489713624222,1.0,0.0,1,0,2,1,3,5,8,0,0,1968.0,1,1.0,756.0,3,3,2,0.0,0.0,0.0,0.0,0.0,0,0.0,5,2009,7.740229524763182,2.0,52,9,1,1,0,0,0,0,0,0,1,0,0,0,0,0,0,0,0,0,0,0,0,0,1,0,0,1,0,0,0,1,1,0,0,0,0,0,1,0,0,0,0,0,0,0,0,0,0,0,0,1,0,0,0,0,0,0,0,0,0,0,0,0,0,0,1,0,0,0,0,0,0,0,0,1,0,0,0,0,0,1,0,0,0,0,0,0,1,0,0,0,0,0,0,0,0,1,0,0,1,0,0,0,0,0,0,0,0,0,0,0,0,0,0,1,0,0,0,0,0,0,0,0,0,0,0,0,0,0,1,0,0,0,0,0,0,0,0,0,1,0,0,1,0,0,0,0,0,1,0,0,0,0,0,0,0,0,1,0,0,0,0,0,1,0,0,0,0,0,0,0,0,0,1,0,0,0,0,1,0
4.1588830833596715,8.971575439759016,4,3,7,5,2003,2003,0.0,4,3,4,3,1,1,0.0,1,0.0,6.664409020350408,783.0,5,1,6.694562058521095,6.555356891810665,0.0,7.31986492980897,0.0,0.0,2,1,3,1,4,8,8,1,4,2003.0,3,2.0,393.0,3,3,2,0.0,4.330733340286331,0.0,0.0,0.0,0,0.0,7,2006,7.737616282857904,2.5,3,3,1,1,1,0,0,0,0,0,0,0,0,0,0,1,0,0,0,0,0,0,0,0,1,0,0,1,0,0,0,1,1,0,0,0,0,0,1,0,0,0,0,0,0,0,0,1,0,0,0,0,0,0,0,0,0,0,0,0,0,0,0,0,0,0,1,0,0,0,0,0,0,0,0,1,0,0,0,0,0,1,0,0,0,0,0,0,0,0,0,1,0,0,0,1,0,0,0,0,1,0,0,0,0,0,0,0,0,0,0,0,0,0,0,0,0,0,0,1,0,0,0,0,0,0,0,0,0,0,0,0,0,0,0,1,0,0,0,0,1,0,0,0,1,0,0,0,0,1,0,0,0,0,0,0,0,0,1,0,1,0,0,0,0,0,0,0,0,0,0,0,0,0,1,0,0,0,0,1,0
3.9318256327243257,9.60642831827175,3,3,7,5,2006,2006,3.332204510175204,4,3,4,3,1,1,0.0,1,0.0,7.421177528595393,1670.0,5,1,7.421177528595393,0.0,0.0,7.421177528595393,0.0,0.0,2,0,3,1,4,7,8,1,4,2006.0,2,3.0,690.0,3,3,2,4.976733742420574,4.110873864173311,0.0,0.0,0.0,0,0.0,8,2006,8.114025442356757,2.0,0,0,1,1,1,0,0,0,0,0,1,0,0,0,0,0,0,0,0,0,0,0,0,0,1,0,0,1,0,1,0,0,1,0,0,1,0,0,0,0,0,0,0,0,0,0,0,1,0,0,0,0,0,0,0,0,0,0,0,0,0,0,0,0,0,0,1,0,0,0,0,0,0,0,0,1,0,0,0,0,0,1,0,0,0,0,0,0,1,0,0,0,0,0,0,0,0,1,0,0,1,0,0,0,0,0,0,0,0,0,0,0,0,0,0,0,0,0,0,1,0,0,0,0,0,0,0,0,0,0,0,0,0,0,0,1,0,0,0,1,0,0,0,0,1,0,0,0,0,1,0,0,0,0,0,0,0,0,1,0,1,0,0,0,0,0,0,0,0,0,0,0,1,0,0,0,0,0,0,0,1
4.276666119016055,8.728102205062104,3,3,5,6,1967,1967,4.330733340286331,3,3,3,3,1,6,6.396929655216146,1,0.0,5.627621113690637,876.0,3,1,6.805722553416985,0.0,0.0,6.805722553416985,0.0,0.0,1,0,3,1,3,6,8,0,0,1967.0,1,1.0,288.0,3,3,2,0.0,0.0,0.0,0.0,0.0,0,0.0,8,2007,7.483806687665835,1.0,40,40,1,1,0,0,0,0,0,0,1,0,0,0,0,0,0,0,0,0,0,0,0,0,1,0,0,1,0,0,0,1,1,0,0,0,0,0,1,0,0,0,0,0,0,0,0,0,0,0,0,0,0,0,0,0,0,0,1,0,0,0,0,0,0,0,1,0,0,0,0,0,0,0,0,1,0,0,0,0,0,1,0,0,0,0,0,0,1,0,0,0,0,0,0,1,0,0,0,0,1,0,0,0,0,0,0,0,0,0,0,0,0,1,0,0,0,0,0,0,0,0,0,0,0,0,0,0,0,0,0,0,0,0,0,0,1,0,0,1,0,0,0,1,0,0,0,0,0,1,0,0,0,0,0,0,0,0,1,0,1,0,0,0,0,0,0,0,0,0,0,0,0,0,1,0,0,0,0,1,0
4.394449154672439,9.202409001649903,4,3,5,5,1954,1954,4.709530201312334,3,3,3,3,1,3,5.872117789475416,2,5.673323267171493,6.023447592961033,1056.0,3,1,6.96979066990159,0.0,0.0,6.96979066990159,1.0,0.0,1,0,3,1,3,6,8,0,0,1954.0,2,1.0,280.0,3,3,2,0.0,0.0,5.10594547390058,0.0,0.0,0,0.0,2,2010,7.659171367666058,2.0,56,56,1,1,0,0,0,0,0,0,1,0,0,0,0,0,0,0,0,0,0,0,0,0,1,0,0,1,0,0,0,1,1,0,0,0,0,0,1,0,0,0,0,0,0,0,0,0,0,0,0,1,0,0,0,0,0,0,0,0,0,0,0,0,0,0,1,0,0,0,0,0,0,0,0,1,0,0,0,0,0,1,0,0,0,0,0,0,1,0,0,0,0,0,0,1,0,0,0,0,1,0,0,0,0,0,0,0,0,0,0,0,0,1,0,0,0,0,0,0,0,0,0,0,0,0,0,0,1,0,0,0,0,0,0,0,0,0,0,0,0,1,0,1,0,0,0,0,0,1,0,0,0,0,0,0,0,0,1,0,1,0,0,0,0,0,0,0,0,0,0,0,0,0,1,0,0,0,0,1,0
4.762173934797756,9.510593101601815,3,3,8,5,2006,2006,5.342334251964811,4,3,4,3,1,6,4.1588830833596715,1,0.0,7.353081920515432,1623.0,5,1,7.400620577371135,0.0,0.0,7.400620577371135,1.0,0.0,2,0,3,1,4,8,8,1,4,2006.0,2,3.0,865.0,3,3,2,0.0,4.110873864173311,0.0,0.0,0.0,0,0.0,6,2007,8.089482474360754,3.0,1,1,1,1,1,0,0,0,0,0,1,0,0,0,0,0,0,0,0,0,0,0,0,0,1,0,0,1,0,0,0,1,1,0,1,0,0,0,0,0,0,0,0,0,0,0,0,0,0,0,0,0,0,0,0,0,0,0,0,0,1,0,0,0,0,0,1,0,0,0,0,0,0,0,0,1,0,0,0,0,0,1,0,0,0,0,0,0,1,0,0,0,0,0,0,1,0,0,0,0,1,0,0,0,0,0,0,0,0,0,0,0,0,0,0,0,0,0,0,1,0,0,0,0,0,0,0,0,0,0,0,0,0,0,0,1,0,0,0,0,0,1,0,0,1,0,0,0,0,1,0,0,0,0,0,0,0,0,1,0,1,0,0,0,0,0,0,0,0,0,0,0,0,0,1,0,0,0,0,1,0
4.465908118654584,9.350189267092581,3,3,7,7,1936,1987,0.0,4,3,4,3,1,3,5.4116460518550396,1,0.0,6.678342114654332,1017.0,4,1,6.928537818164665,6.945051063725834,0.0,7.629489916393995,0.0,0.0,1,1,3,1,4,6,8,1,4,1936.0,3,1.0,180.0,2,3,2,0.0,0.0,0.0,0.0,5.777652323222656,0,0.0,6,2006,8.031060180240619,1.5,70,19,1,1,1,0,0,0,0,0,0,0,0,0,1,0,0,0,0,0,0,0,0,0,1,0,0,1,0,0,0,1,1,0,0,0,0,0,1,0,0,0,0,0,0,1,0,0,0,0,0,0,0,0,0,0,0,0,0,0,0,0,0,0,0,0,1,0,0,0,0,0,0,0,0,1,0,0,0,0,0,1,0,0,0,0,1,0,0,0,0,0,0,0,0,1,0,0,0,0,1,0,0,0,0,0,0,0,0,0,1,0,0,0,0,0,0,0,0,0,0,0,0,0,0,1,0,0,0,0,0,0,0,0,0,0,0,0,0,0,1,0,0,1,0,0,0,0,0,1,0,0,0,0,0,0,0,0,1,0,1,0,0,0,0,0,0,0,0,0,0,0,0,0,1,0,0,0,0,1,0
4.30406509320417,9.092232283495854,3,2,5,5,1983,1983,0.0,3,3,4,3,3,4,5.71042701737487,5,5.783825182329737,5.480638923341991,864.0,3,1,6.805722553416985,0.0,0.0,6.805722553416985,1.0,0.0,1,0,2,1,3,5,8,0,0,1983.0,1,2.0,484.0,3,3,2,5.10594547390058,0.0,0.0,0.0,0.0,0,0.0,6,2006,7.4770384723196965,2.0,23,23,1,1,0,0,0,0,0,0,1,0,0,0,0,0,0,0,0,0,0,0,0,0,1,0,0,1,0,0,1,0,1,0,0,0,0,0,1,0,0,0,0,0,0,0,0,0,0,0,1,0,0,0,0,0,0,0,0,0,0,0,0,0,0,0,1,0,0,0,0,0,0,0,0,1,0,0,0,0,0,1,0,0,0,0,0,0,1,0,0,0,0,0,0,1,0,0,0,0,1,0,0,0,0,0,0,0,0,0,0,0,0,1,0,0,0,0,0,0,0,0,0,0,0,0,0,0,1,0,0,0,0,0,0,0,0,0,0,0,1,0,0,1,0,0,0,0,0,1,0,0,0,0,0,0,0,0,1,0,1,0,0,0,0,0,0,0,0,0,0,0,0,0,1,0,0,0,0,1,0
5.0106352940962555,9.440658127038393,2,3,6,5,2005,2005,0.0,4,3,4,3,1,1,0.0,1,0.0,6.610696044717759,742.0,5,1,6.610696044717759,6.610696044717759,0.0,7.3031700512368,0.0,0.0,2,1,3,1,4,8,8,1,4,2005.0,3,2.0,390.0,3,3,2,3.6109179126442243,3.2188758248682006,0.0,0.0,0.0,0,0.0,6,2009,7.708410667257367,2.5,4,4,1,1,1,0,0,0,0,0,0,0,0,0,0,1,0,0,0,0,0,0,0,0,1,0,0,1,0,0,0,1,1,0,0,0,0,0,1,0,0,0,0,0,0,0,0,1,0,0,0,0,0,0,0,0,0,0,0,0,0,0,0,0,0,0,1,0,0,0,0,0,0,0,0,1,0,0,0,0,0,1,0,0,0,0,0,0,0,0,0,1,0,0,0,1,0,0,0,0,1,0,0,0,0,0,0,0,0,0,0,0,0,0,0,0,0,0,0,1,0,0,0,0,0,0,0,0,0,0,0,0,0,0,0,1,0,0,0,0,1,0,0,0,1,0,0,0,0,1,0,0,0,0,0,0,0,0,1,0,1,0,0,0,0,0,0,0,0,0,0,0,0,0,1,0,0,0,0,1,0
4.394449154672439,9.358846580275406,4,3,5,5,1960,1960,5.8916442118257715,3,3,3,3,1,3,6.095824562432225,1,0.0,6.4967749901858625,1105.0,3,1,7.00850518208228,7.064759027791802,0.0,7.729735331385051,0.0,0.0,2,0,5,2,3,12,8,0,0,1960.0,1,2.0,480.0,3,3,2,0.0,0.0,0.0,0.0,0.0,0,0.0,1,2010,8.125630988477065,2.0,50,50,1,1,0,0,0,0,0,0,0,0,0,0,0,0,0,0,0,0,1,0,0,0,1,0,0,1,0,0,0,1,1,0,1,0,0,0,0,0,0,0,0,0,0,0,0,0,0,0,0,1,0,0,0,0,0,0,0,0,0,0,0,0,0,1,0,0,0,0,0,0,0,0,0,1,0,0,0,0,0,0,0,1,0,0,0,0,0,0,0,1,0,0,0,1,0,0,0,0,1,0,0,0,0,0,0,0,0,0,0,0,0,0,0,1,0,0,0,0,0,0,0,0,0,0,0,0,0,0,1,0,0,0,0,0,0,0,0,1,0,0,0,1,0,0,0,0,0,1,0,0,0,0,1,0,0,0,0,0,0,0,0,0,1,0,0,0,0,0,0,0,0,0,1,0,0,0,0,1,0
4.2626798770413155,9.13637085177601,3,2,5,7,1977,1989,0.0,3,3,4,4,3,5,5.2832037287379885,1,0.0,6.9782137426306985,1268.0,3,1,7.1459844677143876,0.0,0.0,7.1459844677143876,0.0,0.0,1,1,3,1,4,5,8,0,0,1978.0,1,1.0,252.0,3,3,2,5.159055299214529,0.0,0.0,0.0,0.0,0,0.0,10,2009,7.838737559599282,1.5,32,20,1,1,0,0,0,0,0,0,1,0,0,0,0,0,0,0,0,0,0,0,0,0,1,0,0,1,0,0,0,1,1,0,0,1,0,0,0,0,0,0,0,0,1,0,0,0,0,0,0,0,0,0,0,0,0,0,0,0,0,0,0,0,0,0,1,0,0,0,0,0,0,0,0,1,0,0,0,0,0,1,0,0,0,0,0,0,1,0,0,0,0,0,0,1,0,0,0,0,1,0,0,0,0,0,0,0,0,0,0,0,0,1,0,0,0,0,0,0,0,0,0,0,0,0,0,0,0,0,0,0,1,0,0,0,0,0,0,0,1,0,0,1,0,0,0,0,0,1,0,0,0,0,0,0,0,0,1,0,0,0,0,0,1,0,0,0,0,0,0,0,0,0,1,0,0,0,0,1,0
3.9512437185814275,8.71948076085107,4,3,5,7,1925,1950,0.0,3,3,3,3,1,3,6.194405391104672,1,0.0,5.634789603169249,768.0,3,0,6.923628628138427,0.0,0.0,6.923628628138427,0.0,0.0,1,0,3,1,3,6,7,0,0,1925.0,1,1.0,450.0,3,3,2,0.0,0.0,4.727387818712341,0.0,4.795790545596741,0,6.431331081933479,7,2006,7.486613313139955,1.0,81,56,1,1,0,0,0,0,0,0,0,1,0,0,0,0,0,0,0,0,0,0,0,0,0,1,0,1,0,0,0,1,1,0,0,0,0,0,1,0,0,0,1,0,0,0,0,0,0,0,0,0,0,0,0,0,0,0,0,0,0,0,0,0,0,0,1,0,0,0,0,0,0,0,0,1,0,0,0,0,0,1,0,0,0,0,0,0,1,0,0,0,0,0,0,1,0,0,0,0,1,0,0,0,0,0,0,0,0,0,0,0,0,0,0,1,0,0,0,0,0,0,0,0,0,0,0,0,0,0,1,0,0,0,0,0,0,0,0,0,1,0,1,0,0,0,0,0,0,1,0,0,0,0,0,0,0,0,1,0,0,0,0,0,1,0,0,0,0,0,0,0,0,0,1,1,0,0,0,0,0
4.418840607796598,8.74369111054302,4,3,5,6,1949,1950,0.0,3,3,3,3,1,4,5.652489180268651,1,0.0,6.576469569048224,1001.0,3,0,6.90975328164481,6.90975328164481,0.0,7.602401335665818,0.0,0.0,2,0,4,2,3,8,8,0,0,1949.0,1,3.0,871.0,3,3,2,0.0,0.0,0.0,0.0,0.0,0,0.0,8,2007,8.007700012884026,2.0,58,57,1,1,0,0,0,0,0,0,0,0,0,0,0,0,0,0,0,0,1,0,0,1,0,0,0,1,0,1,0,0,1,0,0,0,0,0,1,0,0,0,0,0,0,1,0,0,0,0,0,0,0,0,0,0,0,0,0,0,0,0,0,0,0,0,1,0,0,0,0,0,0,0,0,1,0,0,0,0,0,0,0,1,0,0,0,0,0,0,0,1,0,0,0,1,0,0,0,0,1,0,0,0,0,0,0,0,0,0,0,0,0,0,0,1,0,0,0,0,0,0,0,0,0,0,0,0,0,0,1,0,0,0,0,0,0,0,0,0,1,0,0,1,0,0,0,0,0,1,0,0,0,0,1,0,0,0,0,1,0,0,0,0,0,0,0,0,0,0,0,0,0,0,1,0,0,0,0,1,0
3.4339872044851463,8.006700845440367,4,3,6,5,2009,2009,4.343805421853684,4,3,4,3,3,6,5.68697535633982,1,0.0,5.765191102784844,612.0,5,1,6.418364935936212,6.418364935936212,0.0,7.110696122978827,0.0,0.0,2,1,2,1,4,4,8,0,0,2009.0,2,2.0,528.0,3,3,2,0.0,5.459585514144159,0.0,0.0,0.0,0,0.0,6,2009,7.515889085215125,2.5,0,0,1,1,0,0,0,1,0,0,0,0,0,0,0,0,0,0,0,0,0,0,1,0,0,0,0,1,0,0,0,1,1,0,0,0,0,0,1,0,0,0,0,0,0,0,0,0,0,0,0,0,0,0,0,0,0,0,0,0,1,0,0,0,0,0,1,0,0,0,0,0,0,0,0,1,0,0,0,0,0,0,0,0,0,1,0,0,0,0,0,1,0,0,0,1,0,0,0,0,1,0,0,0,0,0,0,0,0,0,0,0,0,0,0,0,0,0,0,1,0,0,0,0,0,0,0,0,0,0,0,0,0,0,0,1,0,0,0,0,0,1,0,0,1,0,0,0,0,1,0,0,0,0,0,0,0,0,1,0,0,0,0,0,1,0,0,0,0,0,0,0,1,0,0,0,0,0,0,0,1
3.091042453358316,7.601901959875166,4,3,4,5,1970,1970,4.394449154672439,3,3,3,3,1,1,0.0,1,0.0,6.304448802421981,546.0,2,1,6.304448802421981,6.304448802421981,0.0,6.996681488176539,0.0,0.0,1,1,3,1,3,6,8,0,0,1970.0,1,1.0,286.0,3,3,2,0.0,0.0,0.0,0.0,0.0,0,0.0,1,2007,7.40184157874383,1.5,37,37,1,1,0,0,0,1,0,0,0,0,0,0,0,0,0,0,0,0,0,0,0,0,0,1,0,1,0,0,0,1,1,0,0,0,0,0,1,0,0,0,0,0,0,0,0,0,0,1,0,0,0,0,0,0,0,0,0,0,0,0,0,0,0,0,1,0,0,0,0,0,0,0,0,1,0,0,0,0,0,0,0,0,1,0,0,0,0,0,0,1,0,0,0,1,0,0,0,0,1,0,0,0,0,0,0,0,0,0,0,0,1,0,0,0,0,0,0,0,0,0,0,0,0,0,0,1,0,0,0,0,0,0,0,0,0,0,0,1,0,0,0,1,0,0,0,0,0,1,0,0,0,0,0,0,0,0,1,0,1,0,0,0,0,0,0,0,0,0,0,0,0,0,1,0,0,0,0,1,0
3.9318256327243257,9.105090961257085,4,3,2,3,1949,1950,0.0,3,3,3,3,3,4,3.9318256327243257,1,0.0,6.066108090103747,480.0,3,0,6.175867270105761,0.0,0.0,6.175867270105761,1.0,0.0,0,0,1,1,3,4,8,0,0,1958.0,1,1.0,308.0,3,3,2,0.0,0.0,0.0,0.0,0.0,0,0.0,10,2006,6.8679744089702925,1.0,57,56,1,1,0,0,0,0,0,0,1,0,0,0,0,0,0,0,0,0,0,1,0,0,0,0,0,1,0,0,0,1,1,0,0,0,0,0,1,0,0,0,0,0,0,0,0,0,1,0,0,0,0,0,0,0,0,0,0,0,0,0,0,0,0,0,1,0,0,0,0,0,0,0,0,1,0,0,0,0,0,1,0,0,0,0,0,0,1,0,0,0,0,0,0,1,0,0,0,0,1,0,0,0,0,0,0,1,0,0,0,0,0,0,0,0,0,0,0,0,0,0,1,0,0,0,0,0,0,0,0,0,0,0,0,0,0,0,0,0,1,0,0,1,0,0,0,0,0,1,0,0,0,0,1,0,0,0,0,0,0,0,0,0,1,0,0,0,0,0,0,0,0,0,1,1,0,0,0,0,0
4.182050142641207,9.749228533507058,4,3,4,6,1956,1956,0.0,3,3,3,3,1,5,6.966024187106113,1,0.0,4.330733340286331,1134.0,5,1,7.114769448366463,0.0,0.0,7.114769448366463,0.0,0.0,1,0,3,1,3,6,8,0,0,1956.0,2,1.0,284.0,3,3,2,0.0,0.0,0.0,0.0,0.0,0,0.0,4,2009,7.768110378525988,1.0,53,53,1,1,0,0,0,0,0,0,1,0,0,0,0,0,0,0,0,0,0,0,0,0,1,0,0,1,0,0,0,1,1,0,0,0,0,0,1,0,0,0,0,0,0,0,1,0,0,0,0,0,0,0,0,0,0,0,0,0,0,0,0,0,0,0,1,0,0,0,0,0,0,0,0,1,0,0,0,0,0,1,0,0,0,0,0,0,1,0,0,0,0,0,0,1,0,0,0,0,1,0,0,0,0,0,0,0,0,0,0,0,0,0,0,0,0,0,0,1,0,0,0,0,0,0,0,0,0,0,0,0,0,0,0,1,0,0,0,0,1,0,0,1,0,0,0,0,0,1,0,0,0,0,1,0,0,0,0,0,1,0,0,0,0,0,0,0,0,0,0,0,0,0,1,0,0,0,0,1,0
4.6443908991413725,9.482350275033667,3,3,7,5,1991,1991,0.0,4,3,5,3,2,4,3.8918202981106265,6,6.453624998892692,6.0473721790462776,1104.0,5,1,6.816735880594968,7.103322062526113,0.0,7.662937850461535,1.0,0.0,2,1,4,1,4,8,8,1,3,1991.0,2,3.0,833.0,3,3,2,4.290459441148391,5.262690188904886,5.41610040220442,0.0,0.0,0,0.0,11,2007,8.080856419640986,3.5,16,16,1,1,1,0,0,0,0,0,0,0,0,0,0,1,0,0,0,0,0,0,0,0,1,0,0,1,0,0,0,1,1,0,1,0,0,0,0,0,0,0,0,0,0,0,0,0,0,0,0,0,0,0,0,0,0,0,0,1,0,0,0,0,0,0,1,0,0,0,0,0,0,0,0,1,0,0,0,0,0,1,0,0,0,0,0,0,0,0,0,1,0,0,0,1,0,0,0,0,1,0,0,0,0,0,0,0,0,0,0,0,0,1,0,0,0,0,0,0,0,0,0,0,0,0,0,0,1,0,0,0,0,0,0,0,0,0,0,0,1,0,0,0,1,0,0,0,0,1,0,0,0,0,0,0,0,0,1,0,1,0,0,0,0,0,0,0,0,0,0,0,0,0,1,0,0,0,0,1,0
4.477336814478207,9.308374112247549,3,3,6,8,1958,2002,0.0,5,3,4,3,1,5,6.270988431858299,4,6.021023349349527,5.5053315359323625,1184.0,5,1,7.254884810077338,0.0,0.0,7.254884810077338,1.0,0.0,1,0,3,1,3,6,7,1,3,1990.0,1,2.0,601.0,3,3,2,0.0,3.9512437185814275,0.0,0.0,5.25227342804663,0,0.0,5,2008,7.8628820346414905,2.0,50,6,1,1,1,0,0,0,0,0,1,0,0,0,0,0,0,0,0,0,0,0,0,0,1,0,0,1,0,0,0,1,1,0,1,0,0,0,0,0,0,0,0,0,0,0,0,0,0,0,0,1,0,0,0,0,0,0,0,0,0,0,0,0,0,0,1,0,0,0,0,0,0,0,0,1,0,0,0,0,0,1,0,0,0,0,0,0,1,0,0,0,0,0,0,0,0,1,0,0,1,0,0,0,0,0,0,0,0,0,0,0,0,0,0,1,0,0,0,0,0,0,0,0,0,0,0,0,0,0,1,0,0,0,0,0,0,0,0,0,1,0,0,1,0,0,0,0,0,1,0,0,0,0,0,0,0,0,1,0,1,0,0,0,0,0,0,0,0,0,0,0,0,0,1,0,0,0,0,1,0
4.2626798770413155,9.043458999670106,3,3,6,5,1994,1994,4.663439094112067,4,4,4,4,1,6,6.703188113240863,1,0.0,4.74493212836325,928.0,5,1,6.842683282238422,6.666956792429207,0.0,7.451241684987676,0.0,1.0,2,1,3,1,4,7,8,0,0,1994.0,2,2.0,471.0,3,3,2,5.707110264748875,4.477336814478207,0.0,0.0,0.0,0,0.0,7,2007,7.882314918980268,3.0,13,13,1,1,0,0,0,0,0,0,0,0,0,0,0,1,0,0,0,0,0,0,0,0,1,0,0,1,0,0,0,1,1,0,0,0,0,0,1,0,0,0,0,0,0,0,0,0,0,0,0,0,0,0,0,0,0,0,0,1,0,0,0,0,0,0,1,0,0,0,0,0,0,0,0,1,0,0,0,0,0,1,0,0,0,0,0,0,0,0,0,1,0,0,0,1,0,0,0,0,1,0,0,0,0,0,0,0,0,0,0,0,0,1,0,0,0,0,0,0,0,0,0,0,0,0,0,0,1,0,0,0,0,0,0,0,0,0,0,1,0,0,0,0,1,0,0,0,0,1,0,0,0,0,0,0,0,0,1,0,1,0,0,0,0,0,0,0,0,0,0,0,0,0,1,0,0,0,0,1,0
4.219507705176107,9.080003870248179,4,3,5,7,1900,2003,0.0,3,3,3,3,1,5,6.98933526597456,1,0.0,5.241747015059643,1272.0,4,1,7.149131598557407,6.834108738813838,0.0,7.696667081526462,2.0,0.0,2,2,4,2,3,9,8,0,0,0.0,0,0.0,0.0,0,0,0,0.0,4.2626798770413155,0.0,0.0,0.0,0,0.0,9,2008,8.152774052744075,5.0,108,5,0,1,0,0,0,0,0,0,0,0,0,0,0,0,0,0,0,0,1,0,0,0,1,0,0,1,0,0,0,1,1,0,0,0,0,0,1,0,0,0,0,0,0,0,1,0,0,0,0,0,0,0,0,0,0,0,0,0,0,0,0,0,0,1,0,0,0,0,0,0,0,0,0,1,0,0,0,0,0,0,0,1,0,0,1,0,0,0,0,0,0,0,0,1,0,0,0,0,1,0,0,0,0,0,0,0,0,0,0,0,0,0,0,1,0,0,0,0,0,0,0,0,0,0,0,0,0,0,1,0,0,0,0,0,0,0,0,0,1,0,0,1,0,0,0,0,0,1,0,0,0,0,0,0,0,0,1,0,0,0,0,0,0,1,0,0,0,0,0,0,0,0,1,0,0,0,0,1,0
4.189654742026425,9.233861567017529,4,3,6,5,2005,2006,0.0,4,3,4,3,1,6,3.367295829986474,1,0.0,7.161622002939187,1316.0,5,1,7.183111701743281,0.0,0.0,7.183111701743281,0.0,0.0,2,0,3,1,4,6,8,1,4,2005.0,3,2.0,397.0,3,3,2,4.61512051684126,0.0,0.0,3.1780538303479458,0.0,0,0.0,10,2006,7.87587915949631,2.0,1,0,1,1,1,0,0,0,0,0,1,0,0,0,0,0,0,0,0,0,0,0,0,0,1,0,0,1,0,0,0,1,1,0,0,0,0,0,1,0,0,0,0,0,0,0,0,1,0,0,0,0,0,0,0,0,0,0,0,0,0,0,0,0,0,0,0,0,0,0,1,0,0,0,0,1,0,0,0,0,0,1,0,0,0,0,0,0,1,0,0,0,0,0,0,1,0,0,0,0,1,0,0,0,0,0,0,0,0,0,0,0,0,0,0,0,0,0,0,1,0,0,0,0,0,0,0,0,0,0,0,0,0,0,0,1,0,0,0,0,1,0,0,0,1,0,0,0,0,1,0,0,0,0,0,0,0,0,1,0,1,0,0,0,0,0,0,0,0,0,0,0,1,0,0,0,0,0,0,0,1
3.9318256327243257,8.98882050177807,4,3,6,5,1993,1994,0.0,4,3,4,3,1,2,5.111987788356544,6,6.7357800142423265,6.395261598115449,1604.0,5,1,7.388946097618437,0.0,0.0,7.388946097618437,1.0,0.0,2,0,2,1,4,5,8,1,2,1993.0,2,2.0,533.0,3,3,2,0.0,4.248495242049359,0.0,0.0,0.0,0,0.0,7,2008,8.07775756373692,3.0,15,14,1,1,1,1,0,0,0,0,0,0,0,0,0,0,0,0,0,0,0,0,0,0,1,0,0,1,0,0,0,1,1,0,0,0,0,0,1,0,0,0,0,0,0,0,0,0,0,0,0,0,0,0,0,0,0,0,0,1,0,0,0,0,0,0,1,0,0,0,0,0,0,0,0,1,0,0,0,0,0,0,0,0,0,1,0,0,1,0,0,0,0,0,0,1,0,0,0,0,1,0,0,0,0,0,0,0,0,0,0,0,0,0,0,0,1,0,0,0,0,0,0,0,0,0,0,0,0,0,0,0,1,0,0,0,0,0,0,0,1,0,0,0,1,0,0,0,0,1,0,0,0,0,0,0,0,0,1,0,1,0,0,0,0,0,0,0,0,0,0,0,0,0,1,0,0,0,0,1,0
4.382026634673881,9.234154550075438,4,3,6,6,1980,1980,5.062595033026967,3,4,4,3,1,4,6.439350371100098,2,6.967909201801884,0.0,1686.0,3,1,7.430707082545968,0.0,0.0,7.430707082545968,1.0,0.0,2,0,3,1,3,7,8,1,3,1980.0,1,2.0,612.0,3,3,2,5.953243334287785,4.882801922586371,0.0,0.0,0.0,0,0.0,5,2006,8.12355783506165,3.0,26,26,1,1,1,0,0,0,0,0,1,0,0,0,0,0,0,0,0,0,0,0,0,0,1,0,0,1,0,0,0,1,1,0,0,0,0,0,1,0,0,0,0,0,0,0,0,0,0,0,0,0,0,1,0,0,0,0,0,0,0,0,0,0,0,0,1,0,0,0,0,0,0,0,0,1,0,0,0,0,0,1,0,0,0,0,0,0,1,0,0,0,0,0,0,1,0,0,0,0,1,0,0,0,0,0,0,0,0,0,0,0,0,0,0,0,1,0,0,0,0,0,0,0,0,0,0,0,0,0,0,0,1,0,0,0,0,0,0,1,0,0,0,1,0,0,0,0,0,1,0,0,0,0,0,0,0,0,1,0,1,0,0,0,0,0,0,0,0,0,0,0,0,0,1,0,0,0,0,1,0
4.394449154672439,9.655795128300506,3,3,5,6,1977,1977,0.0,3,3,4,3,3,5,6.643789733147672,2,4.543294782270004,5.58724865840025,1126.0,3,1,7.027314514039777,0.0,0.0,7.027314514039777,0.0,1.0,2,0,3,1,5,6,8,0,0,1977.0,2,2.0,540.0,3,3,2,5.198497031265826,0.0,0.0,0.0,0.0,0,0.0,3,2008,7.720017940432244,2.5,31,31,1,1,0,0,0,0,0,0,1,0,0,0,0,0,0,0,0,0,0,0,0,0,1,0,0,1,0,0,0,1,1,0,1,0,0,0,0,0,0,0,0,0,0,0,0,0,0,0,0,0,0,1,0,0,0,0,0,0,0,0,0,0,0,0,1,0,0,0,0,0,0,0,0,1,0,0,0,0,0,1,0,0,0,0,0,0,1,0,0,0,0,0,0,1,0,0,0,0,1,0,0,0,0,0,0,0,0,0,0,0,0,0,0,0,0,0,0,1,0,0,0,0,0,0,0,0,0,0,0,0,0,0,0,1,0,0,0,0,1,0,0,0,1,0,0,0,0,1,0,0,0,0,0,0,0,0,1,0,1,0,0,0,0,0,0,0,0,0,0,0,0,0,1,1,0,0,0,0,0
4.543294782270004,9.392661928770137,4,3,8,5,2003,2004,5.831882477283517,4,3,4,3,1,1,0.0,1,0.0,7.074963197966044,1181.0,5,1,7.118826249062078,7.039660349862076,0.0,7.772752716468742,0.0,0.0,2,1,4,1,5,10,8,1,4,2003.0,3,3.0,656.0,3,3,2,4.653960350157523,4.61512051684126,0.0,0.0,0.0,0,0.0,5,2007,8.176391596633795,2.5,4,3,1,1,1,0,0,0,0,0,0,0,0,0,0,1,0,0,0,0,0,0,0,0,1,0,0,1,0,0,0,1,1,0,0,0,0,0,1,0,0,0,0,0,0,0,0,0,0,0,0,0,0,0,0,1,0,0,0,0,0,0,0,0,0,0,1,0,0,0,0,0,0,0,0,1,0,0,0,0,0,1,0,0,0,0,0,0,0,0,0,1,0,0,0,0,0,1,0,0,1,0,0,0,0,0,0,0,0,0,0,0,0,0,0,0,0,0,0,1,0,0,0,0,0,0,0,0,0,0,0,0,0,0,0,1,0,0,0,1,0,0,0,0,1,0,0,0,0,1,0,0,0,0,0,0,0,0,1,0,0,0,1,0,0,0,0,0,0,0,0,0,0,0,1,0,0,0,0,1,0
4.394449154672439,9.200391041122515,4,3,7,5,1968,1968,5.8377304471659395,3,3,3,3,1,4,6.315358001522335,1,0.0,5.638354669333745,832.0,4,1,7.002155954403621,6.78105762593618,0.0,7.590346945602565,0.0,0.0,2,1,4,1,3,9,8,1,4,1968.0,2,2.0,486.0,3,3,2,0.0,3.784189633918261,0.0,0.0,0.0,0,0.0,4,2008,7.941295570906532,2.5,40,40,1,1,1,0,0,0,0,0,0,0,0,0,0,1,0,0,0,0,0,0,0,0,1,0,0,1,0,0,0,1,1,0,0,0,0,0,1,0,0,0,0,0,0,0,0,0,0,0,0,0,0,1,0,0,0,0,0,0,0,0,0,0,0,1,0,0,0,0,0,0,0,0,0,1,0,0,0,0,0,1,0,0,0,0,0,0,0,0,0,1,0,0,0,1,0,0,0,0,1,0,0,0,0,0,0,0,0,0,0,0,0,0,0,1,0,0,0,0,0,0,0,0,0,0,0,0,0,0,1,0,0,0,0,0,0,0,0,1,0,0,0,1,0,0,0,0,0,1,0,0,0,0,0,0,0,0,1,0,1,0,0,0,0,0,0,0,0,0,0,0,0,0,1,0,0,0,0,1,0
4.2626798770413155,9.379154445411636,4,3,8,5,2001,2001,0.0,4,3,4,3,3,1,0.0,1,0.0,7.469654172932128,1753.0,5,1,7.489412083508719,0.0,0.0,7.489412083508719,0.0,0.0,2,0,3,1,5,7,8,1,3,2001.0,2,2.0,522.0,3,3,2,5.313205979041787,5.0238805208462765,0.0,0.0,0.0,0,0.0,6,2009,8.17244681834278,2.0,8,8,1,1,1,0,0,0,0,0,1,0,0,0,0,0,0,0,0,0,0,0,0,0,1,0,0,1,0,0,0,1,1,0,0,0,0,0,1,0,0,0,0,0,1,0,0,0,0,0,0,0,0,0,0,0,0,0,0,0,0,0,0,0,0,0,1,0,0,0,0,0,0,0,0,1,0,0,0,0,0,1,0,0,0,0,0,0,1,0,0,0,0,0,0,0,0,1,0,0,1,0,0,0,0,0,0,0,0,0,0,0,0,0,0,0,0,0,0,1,0,0,0,0,0,0,0,0,0,0,0,0,0,0,0,1,0,0,0,0,1,0,0,0,1,0,0,0,0,1,0,0,0,0,0,0,0,0,1,0,1,0,0,0,0,0,0,0,0,0,0,0,0,0,1,0,0,0,0,1,0
4.189654742026425,9.47324295306374,3,3,7,5,1997,1997,5.655991810819852,3,3,4,3,1,1,0.0,1,0.0,6.872128101338986,964.0,4,1,6.901737206656574,7.126087273299125,0.0,7.71289096149013,0.0,0.0,2,1,4,1,4,8,8,1,3,1997.0,3,2.0,642.0,3,3,2,0.0,0.0,0.0,0.0,0.0,0,0.0,11,2006,8.071218539969863,2.5,9,9,1,1,1,0,0,0,0,0,0,0,0,0,0,1,0,0,0,0,0,0,0,0,1,0,0,1,0,0,0,1,1,0,1,0,0,0,0,0,0,0,0,0,0,0,0,1,0,0,0,0,0,0,0,0,0,0,0,0,0,0,0,0,0,0,1,0,0,0,0,0,0,0,0,1,0,0,0,0,0,1,0,0,0,0,0,0,0,0,0,1,0,0,0,1,0,0,0,0,1,0,0,0,0,0,0,0,0,0,0,0,0,1,0,0,0,0,0,0,0,0,0,0,0,0,0,0,1,0,0,0,0,0,0,0,0,0,0,1,0,0,0,0,1,0,0,0,0,1,0,0,0,0,0,0,0,0,1,0,0,0,1,0,0,0,0,0,0,0,0,0,0,0,1,0,0,0,0,1,0
4.30406509320417,9.096723645189215,3,3,8,5,2007,2007,0.0,4,3,4,3,3,6,2.833213344056216,1,0.0,7.280008252884188,1466.0,5,1,7.2909747781429814,0.0,0.0,7.2909747781429814,0.0,0.0,2,0,3,1,4,7,8,0,0,2007.0,3,3.0,610.0,3,3,2,4.61512051684126,2.9444389791664403,0.0,0.0,0.0,0,0.0,7,2009,7.983781068977451,2.0,2,2,1,1,0,0,0,0,0,0,1,0,0,0,0,0,0,0,0,0,0,0,0,0,1,0,0,1,0,1,0,0,1,0,0,0,0,0,1,0,0,0,0,0,0,0,0,0,0,0,0,0,0,0,0,0,0,0,0,0,0,0,1,0,0,0,1,0,0,0,0,0,0,0,0,1,0,0,0,0,0,1,0,0,0,0,0,0,1,0,0,0,0,0,0,1,0,0,0,0,1,0,0,0,0,0,0,0,0,0,0,0,0,0,0,0,0,0,0,1,0,0,0,0,0,0,0,0,0,0,0,0,0,0,0,1,0,0,0,0,1,0,0,0,1,0,0,0,0,1,0,0,0,0,0,0,0,0,1,0,1,0,0,0,0,0,0,0,0,0,0,0,0,0,1,0,0,0,0,1,0
4.2626798770413155,9.116139576577355,4,3,5,6,1965,1965,0.0,3,3,3,3,1,4,5.82600010738045,3,6.1463292576688975,4.804021044733257,925.0,5,1,6.8308742346461795,0.0,0.0,6.8308742346461795,0.0,1.0,1,0,2,1,3,5,8,0,0,1965.0,1,1.0,429.0,3,3,2,0.0,0.0,0.0,0.0,0.0,0,0.0,7,2009,7.523481312573497,1.5,44,44,1,1,0,0,0,0,0,0,1,0,0,0,0,0,0,0,0,0,0,0,0,0,1,0,0,1,0,0,0,1,1,0,0,0,0,0,1,0,0,0,0,0,0,0,0,0,0,0,0,1,0,0,0,0,0,0,0,0,0,0,0,0,0,0,1,0,0,0,0,0,0,0,0,1,0,0,0,0,0,1,0,0,0,0,0,0,1,0,0,0,0,0,0,1,0,0,0,0,1,0,0,0,0,0,0,0,0,0,0,0,0,0,0,0,0,0,0,1,0,0,0,0,0,0,0,0,0,0,0,0,0,0,0,1,0,0,0,0,1,0,0,1,0,0,0,0,0,1,0,0,0,0,0,0,0,0,1,0,0,0,0,0,1,0,0,0,0,0,0,0,0,0,1,0,0,0,0,1,0
4.442651256490317,9.364862411412354,3,3,9,5,2006,2006,5.713732805509369,5,3,5,4,1,1,0.0,1,0.0,7.552762084214147,1905.0,5,1,7.552762084214147,0.0,0.0,7.552762084214147,0.0,0.0,2,0,3,1,5,8,8,1,4,2006.0,3,3.0,788.0,3,3,2,0.0,5.2574953720277815,0.0,0.0,0.0,0,0.0,3,2007,8.24564690087386,2.0,1,1,1,1,1,0,0,0,0,0,1,0,0,0,0,0,0,0,0,0,0,0,0,0,1,0,0,1,0,0,0,1,1,0,1,0,0,0,0,0,0,0,0,0,0,0,0,0,0,0,0,0,0,0,0,0,0,0,0,0,1,0,0,0,0,0,0,0,0,0,0,0,1,0,0,1,0,0,0,0,0,1,0,0,0,0,0,0,1,0,0,0,0,0,0,0,0,1,0,0,1,0,0,0,0,0,0,0,0,0,0,0,0,0,0,0,0,0,0,1,0,0,0,0,0,0,0,0,0,1,0,0,0,0,0,0,0,0,0,0,0,1,0,0,1,0,0,0,0,1,0,0,0,0,0,0,0,0,1,0,1,0,0,0,0,0,0,0,0,0,0,0,0,0,1,0,0,0,0,1,0
4.1588830833596715,9.046408680293819,4,3,7,5,2004,2004,5.351858133476067,4,3,4,3,3,6,3.044522437723423,1,0.0,7.300472814267799,1500.0,5,1,7.313886831633462,0.0,0.0,7.313886831633462,0.0,0.0,2,0,3,1,4,6,8,0,0,2004.0,2,2.0,570.0,3,3,2,5.262690188904886,3.6109179126442243,0.0,0.0,0.0,0,0.0,8,2009,8.006700845440367,2.0,5,5,1,1,0,0,0,0,0,0,1,0,0,0,0,0,0,0,0,0,0,0,0,0,1,0,0,1,0,0,0,1,1,0,0,0,1,0,0,0,0,0,0,0,1,0,0,0,0,0,0,0,0,0,0,0,0,0,0,0,0,0,0,0,0,0,1,0,0,0,0,0,0,0,0,1,0,0,0,0,0,1,0,0,0,0,0,0,1,0,0,0,0,0,0,1,0,0,0,0,1,0,0,0,0,0,0,0,0,0,0,0,0,0,0,0,0,0,0,1,0,0,0,0,0,0,0,0,0,0,0,0,0,0,0,1,0,0,0,1,0,0,0,0,1,0,0,0,0,1,0,0,0,0,0,0,0,0,1,0,1,0,0,0,0,0,0,0,0,0,0,0,0,0,1,0,0,0,0,1,0
5.749392985908253,10.227417172661774,2,2,7,7,1960,2007,0.0,3,3,4,3,4,6,6.054439346269371,1,0.0,5.081404364984463,585.0,5,1,7.635303886259415,0.0,0.0,7.635303886259415,1.0,0.0,2,0,4,1,4,9,8,1,4,1960.0,2,2.0,505.0,3,3,2,0.0,0.0,0.0,0.0,0.0,0,0.0,11,2008,7.884199933676039,3.0,48,1,1,1,1,0,0,0,0,0,1,0,0,0,0,0,0,0,0,0,0,0,0,0,1,0,0,1,0,1,0,0,1,0,0,0,0,0,1,0,0,0,0,0,0,0,0,0,0,0,0,1,0,0,0,0,0,0,0,0,0,0,0,0,0,0,0,1,0,0,0,0,0,0,0,1,0,0,0,0,0,1,0,0,0,0,0,0,1,0,0,0,0,0,1,0,0,0,0,0,0,0,0,0,1,0,0,0,0,0,0,0,0,0,0,0,0,0,0,0,1,0,0,0,0,0,0,0,0,0,0,0,0,0,0,0,1,0,0,0,1,0,0,1,0,0,0,0,0,1,0,0,0,0,0,0,0,0,1,0,1,0,0,0,0,0,0,0,0,0,0,0,0,0,1,0,0,0,0,1,0
3.970291913552122,8.67008593751938,3,3,4,5,1926,1953,4.6913478822291435,3,4,2,3,2,1,0.0,1,0.0,6.398594934535208,600.0,4,1,6.617402977974478,0.0,0.0,6.617402977974478,0.0,0.0,1,0,1,1,3,5,8,0,0,1953.0,1,2.0,528.0,3,3,2,0.0,0.0,3.4965075614664802,0.0,0.0,0,0.0,6,2006,7.206377291472252,1.0,80,53,1,1,0,0,0,0,0,0,0,1,0,0,0,0,0,0,0,0,0,0,0,0,1,0,0,1,0,0,0,1,1,0,0,0,0,0,1,0,0,0,1,0,0,0,0,0,0,0,0,0,0,0,0,0,0,0,0,0,0,0,0,0,0,0,1,0,0,0,0,0,0,0,0,1,0,0,0,0,0,1,0,0,0,0,0,0,1,0,0,0,0,0,0,1,0,0,0,0,1,0,0,0,0,0,0,0,0,0,0,0,0,0,0,1,0,0,0,0,0,0,0,0,0,0,0,0,0,0,1,0,0,0,0,0,0,0,0,1,0,0,0,0,1,0,0,0,0,1,0,0,0,0,0,0,0,0,1,0,0,0,0,0,1,0,0,0,0,0,0,0,0,0,1,0,0,0,0,1,0
4.219507705176107,9.218705288307811,4,3,7,5,2003,2003,0.0,4,3,4,3,1,6,6.726233402358747,1,0.0,5.840641657373398,1176.0,5,1,7.0909098220799835,0.0,0.0,7.0909098220799835,1.0,0.0,2,0,2,1,4,5,8,0,0,2003.0,2,2.0,555.0,3,3,2,0.0,3.7376696182833684,0.0,0.0,0.0,0,0.0,8,2009,7.773594467360194,3.0,6,6,1,1,0,0,0,0,0,0,1,0,0,0,0,0,0,0,0,0,0,0,0,0,1,0,0,1,0,0,0,1,1,0,0,0,0,0,1,0,0,0,0,0,0,0,0,0,0,0,0,0,0,0,0,0,0,0,0,1,0,0,0,0,0,0,1,0,0,0,0,0,0,0,0,1,0,0,0,0,0,1,0,0,0,0,0,0,1,0,0,0,0,0,0,1,0,0,0,0,1,0,0,0,0,0,0,0,0,0,0,0,0,0,0,0,0,0,0,1,0,0,0,0,0,0,0,0,0,0,0,0,0,0,0,1,0,0,0,0,1,0,0,0,1,0,0,0,0,1,0,0,0,0,0,0,0,0,1,0,1,0,0,0,0,0,0,0,0,0,0,0,0,0,1,0,0,0,0,1,0
4.330733340286331,9.177403871729918,4,3,7,5,2005,2005,0.0,4,3,4,3,2,6,5.834810737062605,1,0.0,6.650279048587422,1113.0,5,1,7.01571242048723,6.755768921984255,0.0,7.586803535162581,0.0,0.0,2,1,3,1,4,8,8,1,4,2005.0,2,2.0,689.0,3,3,2,0.0,3.8918202981106265,0.0,0.0,0.0,0,0.0,2,2009,8.034306936339489,2.5,4,4,1,1,1,0,0,0,0,0,0,0,0,0,0,1,0,0,0,0,0,0,0,0,1,0,0,1,0,0,0,1,1,0,0,0,0,0,1,0,0,0,0,0,0,0,0,0,0,0,0,0,0,0,0,0,0,0,0,0,1,0,0,0,0,0,1,0,0,0,0,0,0,0,0,1,0,0,0,0,0,1,0,0,0,0,0,0,0,0,0,1,0,0,0,1,0,0,0,0,1,0,0,0,0,0,0,0,0,0,0,0,0,0,0,0,0,0,0,1,0,0,0,0,0,0,0,0,0,0,0,0,0,0,0,1,0,0,0,0,1,0,0,0,1,0,0,0,0,1,0,0,0,0,0,0,0,0,1,0,1,0,0,0,0,0,0,0,0,0,0,0,0,0,1,0,0,0,0,1,0
4.30406509320417,9.078065332666364,4,3,7,5,2006,2006,0.0,4,3,4,4,2,6,6.142037405587356,1,0.0,6.833031732786201,1391.0,5,1,7.238496840894365,6.349138991379798,0.0,7.5822291942764615,0.0,0.0,2,1,3,1,4,7,8,0,0,2006.0,2,3.0,868.0,3,3,2,0.0,4.51085950651685,0.0,0.0,0.0,0,0.0,8,2006,8.117908942383155,2.5,0,0,1,1,0,0,0,0,0,0,0,0,0,0,0,1,0,0,0,0,0,0,0,0,1,0,0,1,0,0,0,1,1,0,0,0,0,0,1,0,0,0,0,0,1,0,0,0,0,0,0,0,0,0,0,0,0,0,0,0,0,0,0,0,0,0,1,0,0,0,0,0,0,0,0,1,0,0,0,0,0,1,0,0,0,0,0,0,0,0,0,1,0,0,0,1,0,0,0,0,1,0,0,0,0,0,0,0,0,0,0,0,0,0,0,0,0,0,0,1,0,0,0,0,0,0,0,0,0,0,0,0,0,0,0,1,0,0,0,0,1,0,0,0,1,0,0,0,0,1,0,0,0,0,0,0,0,0,1,0,1,0,0,0,0,0,0,0,0,0,0,0,1,0,0,0,0,0,0,0,1
4.394449154672439,10.089593605747774,4,3,7,7,1940,1950,0.0,3,4,3,3,2,1,0.0,1,0.0,6.940222469119639,1032.0,5,1,7.0967213784947605,7.087573705557973,0.0,7.784889295655098,0.0,0.0,2,0,4,1,3,10,8,2,3,1940.0,1,1.0,349.0,3,3,2,4.04305126783455,0.0,5.765191102784844,0.0,0.0,0,0.0,6,2010,8.142063283104147,2.0,70,60,1,1,1,0,0,0,0,0,0,0,0,0,0,0,1,0,0,0,0,0,0,0,1,0,0,1,0,0,0,1,1,0,0,0,0,0,1,0,0,0,0,1,0,0,0,0,0,0,0,0,0,0,0,0,0,0,0,0,0,0,0,0,0,0,1,0,0,0,0,0,0,0,0,1,0,0,0,0,0,1,0,0,0,0,0,0,0,0,0,1,0,0,0,1,0,0,0,0,1,0,0,0,0,0,0,0,0,0,0,0,0,0,0,1,0,0,0,0,0,0,0,0,0,0,0,0,0,0,1,0,0,0,0,0,0,0,0,0,1,0,0,1,0,0,0,0,0,1,0,0,0,0,0,0,0,0,1,0,1,0,0,0,0,0,1,0,0,0,0,0,0,0,0,0,0,0,0,1,0
4.02535169073515,9.444700778495557,3,3,6,5,1976,1976,0.0,3,3,3,3,4,3,6.842683282238422,2,5.983936280687191,5.983936280687191,1728.0,3,1,7.455298485683291,0.0,0.0,7.455298485683291,0.0,0.0,2,0,4,2,3,8,8,0,0,1976.0,1,2.0,574.0,3,3,2,3.713572066704308,0.0,0.0,0.0,0.0,0,0.0,7,2006,8.148156439921625,2.0,30,30,1,1,0,0,0,0,0,0,0,0,0,0,0,0,0,0,0,0,1,0,0,0,1,0,0,1,0,0,0,1,1,0,0,0,0,0,1,0,0,0,0,0,0,0,0,0,0,0,1,0,0,0,0,0,0,0,0,0,0,0,0,0,0,0,1,0,0,0,0,0,0,0,0,1,0,0,0,0,0,0,0,1,0,0,0,0,1,0,0,0,0,0,0,1,0,0,0,0,1,0,0,0,0,0,0,0,0,0,0,0,0,0,0,0,1,0,0,0,0,0,0,0,0,0,0,0,0,0,0,0,1,0,0,0,0,0,0,0,1,0,0,1,0,0,0,0,0,1,0,0,0,0,0,0,0,0,1,0,1,0,0,0,0,0,0,0,0,0,0,0,0,0,1,0,0,0,0,1,0
4.189654742026425,9.077494458642754,3,3,7,5,1999,1999,5.700443573390687,4,3,4,3,1,5,6.650279048587422,1,0.0,5.3981627015177525,992.0,5,1,6.930494765951626,6.946013991099227,0.0,7.630946580890459,1.0,0.0,2,1,3,1,4,8,8,1,3,1999.0,2,2.0,390.0,3,3,2,0.0,0.0,0.0,5.1298987149230735,0.0,0,0.0,6,2009,8.023879992734878,3.5,10,10,1,1,1,0,0,0,0,0,0,0,0,0,0,1,0,0,0,0,0,0,0,0,1,0,0,1,0,0,0,1,1,0,0,0,1,0,0,0,0,0,0,0,0,0,0,1,0,0,0,0,0,0,0,0,0,0,0,0,0,0,0,0,0,0,0,0,0,0,0,0,1,0,0,1,0,0,0,0,0,1,0,0,0,0,0,0,0,0,0,1,0,0,0,1,0,0,0,0,1,0,0,0,0,0,0,0,0,0,0,0,0,0,0,0,0,0,0,1,0,0,0,0,0,0,0,0,0,0,0,0,0,0,0,1,0,0,0,1,0,0,0,0,1,0,0,0,0,1,0,0,0,0,0,0,0,0,1,0,0,0,1,0,0,0,0,0,0,0,0,0,0,0,1,0,0,0,0,1,0
3.7612001156935624,8.950532836290382,3,3,4,3,1977,1977,0.0,3,3,4,3,4,6,7.273092595999522,1,0.0,0.0,1440.0,3,1,7.273092595999522,0.0,0.0,7.273092595999522,2.0,0.0,2,0,4,2,3,8,8,0,0,0.0,0,0.0,0.0,0,0,0,5.7745515455444085,0.0,0.0,0.0,0.0,0,0.0,8,2007,7.9658927350845286,4.0,30,30,0,1,0,0,0,0,0,0,0,0,0,0,0,0,0,0,0,0,1,0,0,0,1,0,0,1,0,0,0,1,1,0,0,0,0,0,1,0,0,0,0,0,0,0,1,0,0,0,0,0,0,0,0,0,0,0,0,0,0,0,0,0,0,0,1,0,0,0,0,0,0,0,0,1,0,0,0,0,0,0,0,1,0,0,0,0,1,0,0,0,0,0,0,1,0,0,0,0,1,0,0,0,0,0,0,0,0,0,0,0,0,0,0,1,0,0,0,0,0,0,0,0,0,0,0,0,0,0,1,0,0,0,0,0,0,0,0,0,1,0,0,0,1,0,0,0,0,1,0,0,0,0,0,0,0,0,1,0,0,0,0,0,0,1,0,0,0,0,0,0,0,1,0,1,0,0,0,0,0
4.61512051684126,10.12667110305036,4,3,5,4,1967,1967,0.0,3,3,3,3,3,1,0.0,1,0.0,7.398174092970465,1632.0,3,1,7.398174092970465,0.0,0.0,7.398174092970465,0.0,0.0,2,0,4,2,3,8,8,0,0,1967.0,1,2.0,576.0,3,3,1,0.0,0.0,0.0,0.0,0.0,0,0.0,6,2007,8.09101504171053,2.0,40,40,1,1,0,0,0,0,0,0,0,0,0,0,0,0,0,0,0,0,1,0,0,0,1,0,0,1,0,0,1,0,1,0,0,0,0,0,1,0,0,0,0,0,0,0,0,0,0,0,1,0,0,0,0,0,0,0,0,0,0,0,0,0,0,0,1,0,0,0,0,0,0,0,0,1,0,0,0,0,0,0,0,1,0,0,0,0,1,0,0,0,0,0,0,1,0,0,0,0,1,0,0,0,0,0,0,0,0,0,0,0,0,1,0,0,0,0,0,0,0,0,0,0,0,0,0,0,0,0,0,0,1,0,0,0,0,0,0,0,1,0,0,1,0,0,0,0,0,1,0,0,0,0,0,0,0,0,1,0,1,0,0,0,0,0,0,0,0,0,0,0,0,0,1,0,0,0,0,1,0
4.454347296253507,9.573315428463395,3,3,6,6,1958,1958,6.295266001439646,3,3,3,3,1,6,4.718498871295094,3,5.872117789475416,5.872117789475416,819.0,4,1,7.20414929203594,0.0,0.0,7.20414929203594,0.0,1.0,1,0,3,1,4,7,8,1,4,1958.0,2,2.0,525.0,3,3,2,0.0,4.77912349311153,0.0,0.0,5.455321115357702,0,0.0,1,2009,7.679713639966372,1.5,51,51,1,1,1,0,0,0,0,0,1,0,0,0,0,0,0,0,0,0,0,0,0,0,1,0,0,1,0,0,0,1,0,1,0,1,0,0,0,0,0,0,0,0,0,0,0,0,0,0,0,0,0,0,0,0,0,0,0,0,0,0,1,0,0,0,1,0,0,0,0,0,0,0,0,1,0,0,0,0,0,1,0,0,0,0,0,0,0,0,0,0,0,1,0,1,0,0,0,0,1,0,0,0,0,0,0,0,0,0,0,0,0,1,0,0,0,0,0,0,0,0,0,0,0,0,0,0,1,0,0,0,0,0,0,0,0,0,0,1,0,0,0,1,0,0,0,0,0,1,0,0,0,0,1,0,0,0,0,0,0,1,0,0,0,0,1,0,0,0,0,0,0,0,0,1,0,0,0,0,0
4.59511985013459,9.084890521258767,4,3,5,6,1890,1996,0.0,3,3,3,3,1,2,6.9930151229329605,1,0.0,0.0,1088.0,3,1,7.080867896690782,6.331501849893691,4.795790545596741,7.533693709848633,0.0,0.0,1,0,2,1,3,7,8,0,0,1963.0,1,2.0,456.0,3,3,2,3.8918202981106265,0.0,5.501258210544727,0.0,0.0,0,0.0,9,2009,7.950854857719988,1.0,119,13,1,1,0,0,0,0,0,0,0,0,0,0,1,0,0,0,0,0,0,0,0,0,0,1,0,1,0,0,0,1,1,0,1,0,0,0,0,0,0,0,0,0,0,0,0,0,0,0,0,0,0,0,0,0,1,0,0,0,0,0,0,0,0,0,1,0,0,0,0,0,0,0,0,1,0,0,0,0,0,1,0,0,0,0,1,0,0,0,0,0,0,0,0,0,0,1,0,0,1,0,0,0,0,0,0,0,0,0,0,0,0,0,0,0,0,0,0,1,0,0,0,0,0,0,0,0,0,0,0,0,0,0,0,1,0,0,0,0,1,0,1,0,0,0,0,0,0,1,0,0,0,0,0,0,0,0,1,0,0,0,0,0,1,0,0,0,0,0,0,0,0,0,1,0,0,0,0,1,0
4.2626798770413155,9.007489523929735,4,3,5,6,1959,1959,4.859812404361672,3,4,3,3,3,5,6.618738983517219,4,5.68697535633982,4.634728988229636,1144.0,3,1,7.0431599159883405,0.0,0.0,7.0431599159883405,1.0,0.0,1,0,3,1,3,6,8,1,3,1959.0,2,1.0,796.0,3,3,2,4.465908118654584,0.0,0.0,0.0,0.0,0,0.0,3,2006,7.735870319952567,2.0,47,47,1,1,1,0,0,0,0,0,0,0,0,0,0,0,0,0,1,0,0,0,0,0,1,0,0,1,0,0,0,1,1,0,0,0,0,0,1,0,0,0,0,0,0,0,0,0,0,0,0,1,0,0,0,0,0,0,0,0,0,0,0,0,0,0,1,0,0,0,0,0,0,0,0,1,0,0,0,0,0,1,0,0,0,0,0,0,0,0,0,0,0,1,0,1,0,0,0,0,1,0,0,0,0,0,0,0,0,0,0,0,0,1,0,0,0,0,0,0,0,0,0,0,0,0,0,0,1,0,0,0,0,0,0,0,0,0,0,1,0,0,0,1,0,0,0,0,0,1,0,0,0,0,0,0,0,0,1,0,1,0,0,0,0,0,0,0,0,0,0,0,0,0,1,0,0,0,0,1,0
4.454347296253507,9.584452402426324,4,3,8,5,2002,2003,5.4680601411351315,4,3,4,3,3,6,7.170888478512505,1,0.0,5.75890177387728,1616.0,5,1,7.396335293800808,0.0,0.0,7.396335293800808,1.0,0.0,2,0,3,1,4,9,8,1,4,2002.0,3,3.0,808.0,3,3,2,0.0,5.53338948872752,0.0,0.0,0.0,0,0.0,11,2007,8.085178748074537,3.0,5,4,1,1,1,0,0,0,0,0,1,0,0,0,0,0,0,0,0,0,0,0,0,0,1,0,0,1,0,0,0,1,1,0,0,0,0,0,1,0,0,0,0,0,0,0,0,0,0,0,0,0,0,0,0,0,0,0,0,0,0,0,1,0,0,0,1,0,0,0,0,0,0,0,0,1,0,0,0,0,0,1,0,0,0,0,0,0,1,0,0,0,0,0,0,0,0,1,0,0,1,0,0,0,0,0,0,0,0,0,0,0,0,0,0,0,0,0,0,1,0,0,0,0,0,0,0,0,0,0,0,0,0,0,0,1,0,0,0,1,0,0,0,0,1,0,0,0,0,1,0,0,0,0,0,0,0,0,1,0,1,0,0,0,0,0,0,0,0,0,0,0,0,0,1,0,0,0,0,1,0
4.189654742026425,9.547312483639047,3,3,7,5,2002,2002,4.976733742420574,4,3,4,3,0,1,0.0,1,0.0,6.842683282238422,936.0,5,1,6.842683282238422,6.734591659972948,0.0,7.482681828154651,0.0,0.0,2,1,3,1,4,7,8,1,3,2002.0,2,2.0,474.0,3,3,2,4.976733742420574,4.574710978503383,0.0,0.0,0.0,0,0.0,2,2006,7.905810312658931,2.5,4,4,1,1,1,0,0,0,0,0,0,0,0,0,0,1,0,0,0,0,0,0,0,0,1,0,0,1,0,0,0,1,1,0,0,0,0,0,1,0,0,0,0,0,1,0,0,0,0,0,0,0,0,0,0,0,0,0,0,0,0,0,0,0,0,0,1,0,0,0,0,0,0,0,0,1,0,0,0,0,0,1,0,0,0,0,0,0,0,0,0,1,0,0,0,1,0,0,0,0,1,0,0,0,0,0,0,0,0,0,0,0,0,0,0,0,0,0,0,1,0,0,0,0,0,0,0,0,0,0,0,0,0,0,0,1,0,0,0,1,0,0,0,0,1,0,0,0,0,1,0,0,0,0,0,0,0,0,1,0,1,0,0,0,0,0,0,0,0,0,0,0,0,0,1,0,0,0,0,1,0
4.3694478524670215,9.144307401371744,4,3,6,7,1972,2006,0.0,3,3,3,3,1,5,6.890609120147166,1,0.0,5.19295685089021,1161.0,3,1,7.231287004327616,0.0,0.0,7.231287004327616,1.0,0.0,1,1,3,1,4,5,8,1,3,1972.0,2,2.0,676.0,3,3,2,0.0,0.0,0.0,0.0,0.0,0,0.0,3,2010,7.841099765422119,2.5,38,4,1,1,1,0,0,0,0,0,1,0,0,0,0,0,0,0,0,0,0,0,0,0,1,0,0,1,0,0,0,1,1,0,0,0,0,0,1,0,0,0,0,0,0,0,0,0,0,0,0,0,0,1,0,0,0,0,0,0,0,0,0,0,0,0,1,0,0,0,0,0,0,0,0,1,0,0,0,0,0,1,0,0,0,0,0,0,1,0,0,0,0,0,0,0,0,1,0,0,1,0,0,0,0,0,0,0,0,0,0,0,0,0,0,0,1,0,0,0,0,0,0,0,0,0,0,0,0,0,0,0,1,0,0,0,0,0,0,0,1,0,0,1,0,0,0,0,0,1,0,0,0,0,0,0,0,0,1,0,1,0,0,0,0,0,0,0,0,0,0,0,0,0,1,0,0,0,0,1,0
4.110873864173311,8.881975184248867,4,3,5,8,1950,2002,0.0,3,3,3,3,1,5,5.988961416889864,4,5.0106352940962555,5.762051382780177,864.0,4,1,6.762729506931879,0.0,0.0,6.762729506931879,1.0,0.0,1,0,3,1,4,5,8,0,0,1980.0,2,2.0,720.0,3,3,2,5.272999558563747,0.0,0.0,0.0,0.0,0,0.0,7,2007,7.455298485683291,2.0,57,5,1,1,0,0,0,0,0,0,1,0,0,0,0,0,0,0,0,0,0,0,0,0,1,0,0,1,0,0,0,1,1,0,0,0,0,0,1,0,0,0,0,0,0,0,0,0,0,0,0,1,0,0,0,0,0,0,0,0,0,0,0,0,0,0,1,0,0,0,0,0,0,0,0,1,0,0,0,0,0,1,0,0,0,0,0,0,1,0,0,0,0,0,0,1,0,0,0,0,1,0,0,0,0,0,0,0,0,0,0,0,0,0,0,0,0,0,0,1,0,0,0,0,0,0,0,0,0,0,0,0,0,0,0,1,0,0,0,0,1,0,0,1,0,0,0,0,0,1,0,0,0,0,0,0,0,0,1,0,0,0,0,0,1,0,0,0,0,0,0,0,0,0,1,0,0,0,0,1,0
4.110873864173311,8.962007209588313,4,3,5,5,1965,1965,0.0,3,3,3,3,1,4,6.464588303689961,1,0.0,5.236441962829949,828.0,4,1,6.873163834212518,0.0,0.0,6.873163834212518,1.0,0.0,1,0,3,1,3,6,8,0,0,1979.0,1,1.0,300.0,3,3,2,6.045005314036012,0.0,0.0,0.0,0.0,0,0.0,7,2006,7.492203042618741,2.0,41,41,1,1,0,0,0,0,0,0,1,0,0,0,0,0,0,0,0,0,0,0,0,1,0,0,0,1,0,0,0,1,1,0,1,0,0,0,0,0,0,0,0,0,0,0,0,0,0,0,0,0,0,0,0,0,0,0,0,1,0,0,0,0,0,0,1,0,0,0,0,0,0,0,0,1,0,0,0,0,0,1,0,0,0,0,0,0,1,0,0,0,0,0,0,1,0,0,0,0,1,0,0,0,0,0,0,0,0,0,0,0,0,0,0,0,0,0,0,1,0,0,0,0,0,0,0,0,0,0,0,0,0,0,0,1,0,0,0,0,1,0,0,1,0,0,0,0,0,1,0,0,0,0,0,0,0,0,1,0,0,0,0,0,1,0,0,0,0,0,0,0,0,0,1,1,0,0,0,0,0
4.110873864173311,8.881975184248867,4,3,5,8,1972,2003,0.0,3,4,4,3,3,6,6.493753839851686,1,0.0,4.6913478822291435,768.0,4,1,6.645090969505644,0.0,0.0,6.645090969505644,0.0,1.0,1,0,2,1,3,5,8,0,0,1974.0,3,1.0,396.0,3,3,2,5.262690188904886,0.0,0.0,0.0,0.0,0,0.0,4,2009,7.337587743538596,1.5,37,6,1,1,0,0,0,0,0,0,0,0,0,0,0,0,0,0,0,1,0,0,0,0,1,0,0,1,0,0,0,1,1,0,0,0,0,0,1,0,0,0,0,0,1,0,0,0,0,0,0,0,0,0,0,0,0,0,0,0,0,0,0,0,0,0,1,0,0,0,0,0,0,0,0,1,0,0,0,0,0,1,0,0,0,0,0,0,0,0,0,0,1,0,0,1,0,0,0,0,1,0,0,0,0,0,0,0,0,0,0,0,0,0,0,0,0,0,0,0,0,1,0,0,0,0,0,0,1,0,0,0,0,0,0,0,0,0,0,0,1,0,0,1,0,0,0,0,0,1,0,0,0,0,0,0,0,0,1,0,0,0,0,0,1,0,0,0,0,0,0,0,0,0,1,0,0,0,0,1,0
4.30406509320417,9.312535884290853,3,2,5,4,1969,1969,5.4510384535657,3,3,3,3,3,5,6.333279628139691,2,5.267858159063328,3.4011973816621555,784.0,5,1,7.063903961472068,6.68586094706836,0.0,7.585281078639126,0.0,1.0,2,1,4,1,3,7,6,1,1,1969.0,2,2.0,530.0,3,3,2,5.723585101952381,5.247024072160486,0.0,0.0,0.0,0,5.993961427306569,9,2008,7.920446505142607,3.0,39,39,1,1,1,0,0,0,0,0,0,0,0,0,0,1,0,0,0,0,0,0,0,0,1,0,0,1,0,0,0,1,1,0,0,0,0,0,1,0,0,0,0,0,0,0,0,0,0,0,1,0,0,0,0,0,0,0,0,0,0,0,0,0,0,0,1,0,0,0,0,0,0,0,0,1,0,0,0,0,0,1,0,0,0,0,0,0,0,0,0,1,0,0,0,1,0,0,0,0,1,0,0,0,0,0,0,0,0,0,0,0,0,1,0,0,0,0,0,0,0,0,0,0,0,0,0,0,1,0,0,0,0,0,0,0,0,0,0,1,0,0,0,1,0,0,0,0,0,1,0,0,0,0,0,0,0,0,1,0,1,0,0,0,0,0,0,0,0,0,0,0,0,0,1,0,0,0,0,1,0
3.58351893845611,9.148571345578551,3,3,6,5,1975,1975,5.5254529391317835,3,3,4,4,4,6,6.852242569051878,1,0.0,0.0,945.0,3,1,6.8885724595653635,0.0,0.0,6.8885724595653635,0.0,2.0,2,0,4,0,3,4,8,0,0,0.0,0,0.0,0.0,0,0,2,0.0,0.0,0.0,0.0,0.0,0,0.0,10,2006,7.563200592358071,3.0,31,31,0,1,0,0,0,0,0,0,0,0,0,0,0,0,0,0,0,0,1,0,0,0,1,0,0,1,0,0,0,1,1,0,0,1,0,0,0,0,0,0,0,0,0,0,1,0,0,0,0,0,0,0,0,0,0,0,0,0,0,0,0,0,0,0,1,0,0,0,0,0,0,0,0,1,0,0,0,0,0,0,0,1,0,0,0,0,0,0,0,0,1,0,1,0,0,0,0,0,0,0,0,0,1,0,0,0,0,0,0,0,0,0,0,0,0,0,0,0,0,1,0,0,0,0,0,0,0,0,0,0,1,0,0,0,0,0,0,1,0,0,0,1,0,0,0,0,0,1,0,0,0,0,0,0,0,0,1,0,0,0,0,0,0,1,0,0,0,0,0,0,0,0,1,0,1,0,0,0,0
4.418840607796598,8.873047798971067,3,3,6,6,1946,1950,6.049733455231958,3,3,4,3,1,3,6.184148890937483,1,0.0,6.206575926724928,979.0,3,0,6.887552571664617,6.887552571664617,0.0,7.580189417944541,0.0,0.0,2,0,4,2,3,8,8,0,0,1946.0,1,2.0,492.0,3,3,2,0.0,0.0,0.0,0.0,0.0,0,0.0,8,2007,7.9854843567338225,2.0,61,57,1,1,0,0,0,0,0,0,0,0,0,0,0,0,0,0,0,0,1,0,0,1,0,0,0,1,0,1,0,0,1,0,0,0,0,0,1,0,0,0,0,0,0,1,0,0,0,0,0,0,0,0,0,0,0,0,0,0,0,0,0,0,0,0,1,0,0,0,0,0,0,0,0,1,0,0,0,0,0,0,0,1,0,0,0,0,0,0,0,1,0,0,0,1,0,0,0,0,1,0,0,0,0,0,0,0,0,0,0,0,0,0,0,1,0,0,0,0,0,0,0,0,0,0,0,0,0,0,1,0,0,0,0,0,0,0,0,1,0,0,0,1,0,0,0,0,0,1,0,0,0,0,0,1,0,0,0,0,1,0,0,0,0,0,0,0,0,0,0,0,0,0,1,0,0,0,0,1,0
3.2188758248682006,7.170888478512505,4,3,6,6,1980,1980,0.0,3,3,4,3,1,5,5.655991810819852,1,0.0,5.6240175061873385,561.0,3,1,6.331501849893691,6.505784060128229,0.0,7.114769448366463,0.0,0.0,1,1,2,1,3,5,8,1,3,1980.0,3,2.0,462.0,3,3,2,5.017279836814924,0.0,0.0,0.0,0.0,0,0.0,5,2009,7.490529402060711,1.5,29,29,1,1,1,0,0,1,0,0,0,0,0,0,0,0,0,0,0,0,0,0,0,0,0,1,0,1,0,0,0,1,1,0,0,0,0,0,1,0,1,0,0,0,0,0,0,0,0,0,0,0,0,0,0,0,0,0,0,0,0,0,0,0,0,0,1,0,0,0,0,0,0,0,0,1,0,0,0,0,0,0,0,0,0,1,0,0,0,0,0,1,0,0,0,1,0,0,0,0,1,0,0,0,0,0,0,0,0,0,0,0,0,0,0,1,0,0,0,0,0,0,0,0,0,0,0,0,0,0,1,0,0,0,0,0,0,0,0,0,1,0,0,1,0,0,0,0,0,1,0,0,0,0,0,0,0,0,1,0,1,0,0,0,0,0,0,0,0,0,0,0,0,0,1,0,0,0,0,1,0
4.2626798770413155,8.912069097970134,4,3,5,5,1962,1962,0.0,3,3,3,3,1,3,6.035481432524756,1,0.0,6.46302945692067,1057.0,3,1,6.964135612418245,0.0,0.0,6.964135612418245,0.0,0.0,1,0,3,1,3,6,8,0,0,1977.0,3,2.0,576.0,3,3,2,0.0,0.0,0.0,0.0,0.0,0,0.0,4,2007,7.656810091480378,1.0,45,45,1,1,0,0,0,0,0,0,1,0,0,0,0,0,0,0,0,0,0,0,0,0,1,0,0,1,0,0,0,1,1,0,0,0,0,0,1,0,0,0,0,0,0,0,0,0,0,0,0,0,0,0,0,0,0,0,1,0,0,0,0,0,0,0,1,0,0,0,0,0,0,0,0,1,0,0,0,0,0,1,0,0,0,0,0,0,1,0,0,0,0,0,0,0,0,1,0,0,1,0,0,0,0,0,0,0,0,0,0,0,0,0,0,1,0,0,0,0,0,0,0,0,0,0,0,0,0,0,1,0,0,0,0,0,0,0,0,0,1,0,0,1,0,0,0,0,0,1,0,0,0,0,0,0,0,0,1,0,0,0,0,0,1,0,0,0,0,0,0,0,0,0,1,0,0,0,0,1,0
4.189654742026425,9.042040056544483,4,3,7,5,2003,2003,0.0,4,3,4,3,2,6,6.551080335043404,1,0.0,6.459904454377535,1337.0,5,1,7.198931240688173,0.0,0.0,7.198931240688173,1.0,0.0,2,0,3,1,4,6,8,0,0,2003.0,2,2.0,531.0,3,3,2,0.0,3.6888794541139363,0.0,0.0,0.0,0,0.0,10,2007,7.891704659330107,3.0,4,4,1,1,0,0,0,0,0,0,1,0,0,0,0,0,0,0,0,0,0,0,0,0,1,0,0,1,0,0,0,1,1,0,0,0,0,0,1,0,0,0,0,0,1,0,0,0,0,0,0,0,0,0,0,0,0,0,0,0,0,0,0,0,0,0,1,0,0,0,0,0,0,0,0,1,0,0,0,0,0,1,0,0,0,0,0,0,1,0,0,0,0,0,0,1,0,0,0,0,1,0,0,0,0,0,0,0,0,0,0,0,0,0,0,0,0,0,0,1,0,0,0,0,0,0,0,0,0,0,0,0,0,0,0,1,0,0,0,0,1,0,0,0,1,0,0,0,0,1,0,0,0,0,0,0,0,0,1,0,1,0,0,0,0,0,0,0,0,0,0,0,0,0,1,0,0,0,0,1,0
3.2188758248682006,7.8528278122817445,4,3,7,5,1999,1999,0.0,4,3,4,3,1,5,6.405228458030842,1,0.0,4.532599493153256,696.0,5,1,6.546785410760524,6.580639137284949,0.0,7.256297239690681,1.0,0.0,2,1,3,1,4,6,8,0,0,1999.0,1,2.0,484.0,3,3,2,0.0,3.8066624897703196,0.0,0.0,0.0,0,0.0,5,2010,7.655864017616056,3.5,11,11,1,1,0,0,0,1,0,0,0,0,0,0,0,0,0,0,0,0,0,0,1,0,0,0,0,1,0,0,0,1,1,0,0,0,1,0,0,0,0,0,0,0,0,0,0,0,0,0,0,0,0,0,0,0,0,0,0,0,1,0,0,0,0,0,1,0,0,0,0,0,0,0,0,1,0,0,0,0,0,0,0,0,1,0,0,0,0,0,0,1,0,0,0,0,0,1,0,0,1,0,0,0,0,0,0,0,0,0,0,0,0,0,0,1,0,0,0,0,0,0,0,0,0,0,0,0,0,0,1,0,0,0,0,0,0,0,0,0,1,0,0,0,1,0,0,0,0,1,0,0,0,0,0,0,0,0,1,0,0,0,0,0,1,0,0,0,0,0,0,0,0,0,1,0,0,0,0,1,0
3.9318256327243257,8.882946799288174,3,3,5,7,1958,2008,0.0,3,4,3,3,4,4,6.546785410760524,1,0.0,5.093750200806762,858.0,4,1,6.755768921984255,0.0,0.0,6.755768921984255,1.0,0.0,1,0,2,1,3,4,8,0,0,0.0,0,0.0,0.0,0,0,2,4.770684624465665,0.0,0.0,0.0,0.0,0,0.0,2,2010,7.448333860897476,2.0,52,2,0,1,0,0,0,0,0,0,1,0,0,0,0,0,0,0,0,0,0,0,0,0,1,0,0,1,0,0,0,1,1,0,0,0,0,0,1,0,0,0,1,0,0,0,0,0,0,0,0,0,0,0,0,0,0,0,0,0,0,0,0,0,0,0,1,0,0,0,0,0,0,0,0,1,0,0,0,0,0,1,0,0,0,0,0,0,1,0,0,0,0,0,0,1,0,0,0,0,1,0,0,0,0,0,0,0,0,0,0,0,0,0,0,0,0,0,0,0,1,0,0,0,0,0,0,0,0,0,0,0,1,0,0,0,0,0,0,0,1,0,0,1,0,0,0,0,0,1,0,0,0,0,0,0,0,0,1,0,0,0,0,0,0,1,0,0,0,0,0,0,0,0,1,0,0,0,0,1,0
4.394449154672439,9.411483683010726,3,3,6,7,1977,1995,6.052089168924417,3,4,4,4,1,5,6.799055862058796,1,0.0,6.075346031088684,1330.0,3,1,7.341483852363161,7.193685818395112,0.0,7.96311205897929,1.0,0.0,2,1,4,1,3,11,8,1,3,1977.0,3,2.0,619.0,3,3,2,6.311734809152915,5.645446897643238,0.0,0.0,0.0,0,0.0,7,2008,8.343553835005117,3.5,31,13,1,1,1,0,0,0,0,0,0,0,0,0,0,1,0,0,0,0,0,0,0,0,1,0,0,1,0,0,0,1,1,0,1,0,0,0,0,0,0,0,0,0,0,0,0,0,0,0,0,0,0,1,0,0,0,0,0,0,0,0,0,0,0,0,0,0,1,0,0,0,0,0,0,1,0,0,0,0,0,1,0,0,0,0,0,0,0,0,0,1,0,0,0,1,0,0,0,0,1,0,0,0,0,0,0,0,0,0,0,0,0,1,0,0,0,0,0,0,0,0,0,0,0,0,0,0,1,0,0,0,0,0,0,0,0,0,0,1,0,0,0,1,0,0,0,0,0,1,0,0,0,0,0,0,0,0,1,0,1,0,0,0,0,0,0,0,0,0,0,0,0,0,1,0,0,0,0,1,0
3.2188758248682006,7.744569809354496,4,3,6,6,1976,1976,0.0,3,3,4,3,1,5,6.322565239927284,1,0.0,5.517452896464707,804.0,3,1,6.690842277418564,6.61338421837956,0.0,7.3453648404168685,1.0,0.0,2,1,3,1,4,7,8,1,3,1976.0,1,2.0,440.0,3,3,2,3.8918202981106265,0.0,0.0,0.0,0.0,0,0.0,7,2007,7.763446388727362,3.5,31,31,1,1,1,0,0,1,0,0,0,0,0,0,0,0,0,0,0,0,0,0,0,0,1,0,0,1,0,0,0,1,1,0,1,0,0,0,0,0,0,0,0,0,0,0,0,0,0,0,0,0,1,0,0,0,0,0,0,0,0,0,0,0,0,0,1,0,0,0,0,0,0,0,0,1,0,0,0,0,0,0,0,0,0,1,0,0,0,0,0,1,0,0,0,1,0,0,0,0,1,0,0,0,0,0,0,0,0,0,0,0,0,0,0,0,1,0,0,0,0,0,0,0,1,0,0,0,0,0,0,0,0,0,0,0,0,0,0,0,1,0,0,1,0,0,0,0,0,1,0,0,0,0,0,0,0,0,1,0,0,0,0,0,1,0,0,0,0,0,0,0,0,0,1,0,0,0,0,1,0
4.812184355372417,9.386308454797962,3,3,9,5,2007,2007,0.0,4,3,5,3,1,1,0.0,1,0.0,7.496097345175956,1800.0,5,1,7.496097345175956,0.0,0.0,7.496097345175956,0.0,0.0,2,0,2,1,5,7,8,0,0,2007.0,3,2.0,702.0,3,3,2,5.666426688112432,4.919980925828125,0.0,0.0,0.0,0,0.0,5,2009,8.188966863648876,2.0,2,2,1,1,0,0,0,0,0,0,1,0,0,0,0,0,0,0,0,0,0,0,0,0,1,0,0,1,0,0,0,1,1,0,1,0,0,0,0,0,0,0,0,0,1,0,0,0,0,0,0,0,0,0,0,0,0,0,0,0,0,0,0,0,0,0,1,0,0,0,0,0,0,0,0,1,0,0,0,0,0,1,0,0,0,0,0,0,1,0,0,0,0,0,0,1,0,0,0,0,1,0,0,0,0,0,0,0,0,0,0,0,0,0,0,0,0,0,0,1,0,0,0,0,0,0,0,0,0,0,0,0,0,0,0,1,0,0,0,0,1,0,0,0,1,0,0,0,0,1,0,0,0,0,0,0,0,0,1,0,1,0,0,0,0,0,0,0,0,0,0,0,0,0,1,0,0,0,0,1,0
4.394449154672439,9.334061298965942,4,3,7,5,2002,2003,3.8066624897703196,4,3,4,3,1,6,6.437751649736401,1,0.0,5.267858159063328,817.0,5,1,6.715383386334681,6.976348070447749,0.0,7.546974117516527,1.0,0.0,2,1,4,1,4,8,8,1,4,2002.0,3,2.0,510.0,3,3,2,0.0,3.713572066704308,0.0,0.0,0.0,0,0.0,2,2010,7.905441649060286,3.5,8,7,1,1,1,0,0,0,0,0,0,0,0,0,0,1,0,0,0,0,0,0,0,0,1,0,0,1,0,0,0,1,1,0,1,0,0,0,0,0,0,0,0,0,0,0,0,0,0,0,0,0,0,0,0,0,0,0,0,0,0,0,1,0,0,0,1,0,0,0,0,0,0,0,0,1,0,0,0,0,0,1,0,0,0,0,0,0,0,0,0,1,0,0,0,1,0,0,0,0,1,0,0,0,0,0,0,0,0,0,0,0,0,0,0,0,0,0,0,1,0,0,0,0,0,0,0,0,0,0,0,0,0,0,0,1,0,0,0,1,0,0,0,0,1,0,0,0,0,1,0,0,0,0,0,0,0,0,1,0,0,0,1,0,0,0,0,0,0,0,0,0,0,0,1,0,0,0,0,1,0
4.189654742026425,9.233861567017529,4,3,6,5,2005,2007,0.0,4,3,4,3,1,1,0.0,1,0.0,6.664409020350408,783.0,5,1,6.664409020350408,6.553933404025811,0.0,7.3031700512368,0.0,0.0,2,1,3,1,4,8,8,1,4,2005.0,3,2.0,393.0,3,3,2,0.0,4.290459441148391,0.0,0.0,0.0,0,0.0,7,2007,7.7266536648476425,2.5,2,0,1,1,1,0,0,0,0,0,0,0,0,0,0,1,0,0,0,0,0,0,0,0,1,0,0,1,0,0,0,1,1,0,0,0,0,0,1,0,0,0,0,0,0,0,0,1,0,0,0,0,0,0,0,0,0,0,0,0,0,0,0,0,0,0,0,0,0,0,1,0,0,0,0,1,0,0,0,0,0,1,0,0,0,0,0,0,0,0,0,1,0,0,0,1,0,0,0,0,1,0,0,0,0,0,0,0,0,0,0,0,0,0,0,0,0,0,0,1,0,0,0,0,0,0,0,0,0,0,0,0,0,0,0,1,0,0,0,0,1,0,0,0,1,0,0,0,0,1,0,0,0,0,0,0,0,0,1,0,1,0,0,0,0,0,0,0,0,0,0,0,1,0,0,0,0,0,0,0,1
4.875197323201151,9.169622538697624,3,3,5,7,1940,1950,0.0,4,4,3,2,1,3,6.061456918928017,1,0.0,5.707110264748875,728.0,5,1,6.884486652042782,5.808142489980444,0.0,7.1770187659099,1.0,0.0,1,1,2,1,3,7,6,2,3,1940.0,1,1.0,256.0,3,3,2,0.0,4.2626798770413155,0.0,0.0,0.0,0,0.0,6,2009,7.619233416226805,2.5,69,59,1,1,1,0,0,0,0,0,0,0,0,0,1,0,0,0,0,0,0,0,0,0,1,0,0,1,0,1,0,0,1,0,0,0,0,0,1,0,0,0,0,0,0,1,0,0,0,0,0,0,0,0,0,0,0,0,0,0,0,0,0,0,0,0,1,0,0,0,0,0,0,0,0,1,0,0,0,0,0,1,0,0,0,0,1,0,0,0,0,0,0,0,0,1,0,0,0,0,1,0,0,0,0,0,0,0,0,0,0,0,0,0,0,1,0,0,0,0,0,0,0,0,0,0,0,0,0,0,1,0,0,0,0,0,0,0,0,0,1,0,1,0,0,0,0,0,0,1,0,0,0,0,0,0,0,0,1,0,0,0,0,0,1,0,0,0,0,0,0,0,0,0,1,0,0,0,0,1,0
4.30406509320417,8.908018322784887,3,3,5,7,1955,1955,5.0238805208462765,3,3,3,3,1,5,6.805722553416985,1,0.0,5.2832037287379885,1098.0,3,1,7.002155954403621,0.0,0.0,7.002155954403621,1.0,0.0,1,0,3,1,3,6,8,0,0,1955.0,1,1.0,260.0,3,3,2,0.0,0.0,0.0,0.0,0.0,0,0.0,7,2008,7.69484807238461,2.0,53,53,1,1,0,0,0,0,0,0,1,0,0,0,0,0,0,0,0,0,0,0,0,0,1,0,0,1,0,0,0,1,1,0,0,0,0,0,1,0,0,0,0,0,0,0,0,0,0,0,0,1,0,0,0,0,0,0,0,0,0,0,0,0,0,0,1,0,0,0,0,0,0,0,0,1,0,0,0,0,0,1,0,0,0,0,0,0,1,0,0,0,0,0,0,0,0,1,0,0,1,0,0,0,0,0,0,0,0,0,0,0,0,0,0,0,0,0,0,0,1,0,0,0,0,0,0,0,0,0,0,0,0,0,0,0,1,0,0,1,0,0,0,1,0,0,0,0,0,1,0,0,0,0,0,0,0,0,1,0,1,0,0,0,0,0,0,0,0,0,0,0,0,0,1,0,0,0,0,1,0
3.9318256327243257,8.68710472813351,4,3,3,6,1910,1950,0.0,3,3,3,3,1,1,0.0,1,0.0,6.398594934535208,600.0,2,0,6.398594934535208,5.910796644040527,0.0,6.876264611890766,0.0,0.0,1,0,2,1,3,6,8,0,0,0.0,0,0.0,0.0,0,0,2,0.0,0.0,0.0,0.0,0.0,0,0.0,5,2009,7.358193752733032,1.0,99,59,0,1,0,0,0,0,0,0,0,0,0,0,1,0,0,0,0,0,0,0,0,0,0,1,0,1,0,0,0,1,1,0,0,0,0,0,1,0,0,0,0,0,0,0,0,0,0,0,0,0,0,0,0,0,1,0,0,0,0,0,0,0,0,0,1,0,0,0,0,0,0,0,0,1,0,0,0,0,0,1,0,0,0,0,1,0,0,0,0,0,0,0,0,1,0,0,0,0,1,0,0,0,0,0,0,0,0,0,0,0,0,0,0,0,0,0,0,1,0,0,0,0,0,0,0,0,0,0,0,0,0,0,0,1,0,0,0,0,1,0,1,0,0,0,0,0,0,0,0,1,0,0,0,0,0,0,1,0,0,0,0,0,0,1,0,0,0,0,0,0,0,0,1,1,0,0,0,0,0
4.330733340286331,9.247925132303454,4,3,6,5,1958,1958,4.663439094112067,3,2,3,3,4,5,6.2422232654551655,1,0.0,4.330733340286331,588.0,3,1,6.999422467507961,0.0,0.0,6.999422467507961,1.0,0.0,1,0,2,1,3,6,8,0,0,1958.0,2,1.0,264.0,3,3,2,0.0,0.0,0.0,0.0,0.0,0,0.0,3,2006,7.428927194802272,2.0,48,48,1,1,0,0,0,0,0,1,0,0,0,0,0,0,0,0,0,0,0,0,0,0,1,0,0,1,0,0,0,1,1,0,0,0,0,0,1,0,0,0,0,0,0,0,0,0,0,0,0,1,0,0,0,0,0,0,0,0,0,0,0,0,0,0,1,0,0,0,0,0,0,0,0,1,0,0,0,0,0,0,1,0,0,0,0,0,0,0,0,0,0,1,0,0,0,1,0,0,1,0,0,0,0,0,0,0,0,0,0,0,0,1,0,0,0,0,0,0,0,0,0,0,0,0,0,0,1,0,0,0,0,0,0,0,0,0,0,1,0,0,0,1,0,0,0,0,0,1,0,0,0,0,0,0,0,0,1,0,1,0,0,0,0,0,0,0,0,1,0,0,0,0,0,0,0,0,0,1,0
4.110873864173311,9.287394001418473,4,3,4,4,1949,1950,0.0,3,3,3,3,1,1,0.0,1,0.0,6.580639137284949,720.0,3,0,6.580639137284949,6.159095388491933,0.0,7.084226422097916,0.0,0.0,1,1,4,1,3,6,8,0,0,0.0,0,0.0,0.0,0,0,2,0.0,0.0,0.0,0.0,0.0,0,0.0,12,2006,7.556427969440253,1.5,57,56,0,1,0,0,0,0,0,0,0,0,0,0,1,0,0,0,0,0,0,0,0,0,1,0,0,1,0,0,0,1,1,0,0,0,0,0,1,0,0,0,0,0,0,0,0,0,0,0,0,1,0,0,0,0,0,0,0,0,0,0,0,0,0,0,1,0,0,0,0,0,0,0,0,1,0,0,0,0,0,1,0,0,0,0,1,0,0,0,0,0,0,0,0,1,0,0,0,0,1,0,0,0,0,0,0,1,0,0,0,0,0,0,0,0,0,0,0,0,0,0,1,0,0,0,0,0,0,0,0,0,0,0,0,0,0,0,0,0,1,0,0,1,0,0,0,0,0,1,0,0,0,0,1,0,0,0,0,0,0,0,0,0,0,1,0,0,0,0,0,0,0,0,1,1,0,0,0,0,0
3.6109179126442243,7.727094484779841,4,3,7,5,2003,2004,4.672828834461906,4,3,4,3,1,6,6.342121418721152,1,0.0,5.288267030694535,764.0,5,1,6.639875833826536,6.760414691083428,0.0,7.394493107219038,0.0,0.0,2,0,2,1,4,6,8,0,0,2003.0,2,2.0,474.0,3,3,2,0.0,3.332204510175204,0.0,0.0,0.0,0,0.0,7,2009,7.779466967458324,2.0,6,5,1,1,0,0,0,1,0,0,0,0,0,0,0,0,0,0,0,0,0,0,0,0,1,0,0,1,0,0,0,1,1,0,0,0,0,0,1,0,0,0,0,0,0,0,0,0,0,0,0,0,0,0,0,1,0,0,0,0,0,0,0,0,0,0,1,0,0,0,0,0,0,0,0,1,0,0,0,0,0,0,0,0,1,0,0,0,0,0,0,1,0,0,0,1,0,0,0,0,1,0,0,0,0,0,0,0,0,0,0,0,0,0,0,0,0,0,0,1,0,0,0,0,0,0,0,0,0,0,0,0,0,0,0,0,0,1,0,0,0,1,0,0,1,0,0,0,0,1,0,0,0,0,0,0,0,0,1,0,0,0,1,0,0,0,0,0,0,0,0,0,0,0,1,0,0,0,0,1,0
4.02535169073515,8.973731569708402,4,3,6,5,1979,1979,0.0,3,3,4,3,1,1,0.0,1,0.0,6.823286122355687,918.0,3,1,6.823286122355687,0.0,0.0,6.823286122355687,0.0,0.0,2,0,2,1,3,5,8,1,3,1979.0,1,1.0,264.0,3,3,2,3.367295829986474,0.0,0.0,0.0,0.0,0,0.0,4,2010,7.515889085215125,2.0,31,31,1,1,1,1,0,0,0,0,0,0,0,0,0,0,0,0,0,0,0,0,0,0,1,0,0,1,0,0,0,1,1,0,0,0,0,0,1,0,0,0,0,0,0,0,0,0,0,0,0,0,0,0,0,0,0,0,0,1,0,0,0,0,0,0,1,0,0,0,0,0,0,0,0,1,0,0,0,0,0,0,0,0,0,1,0,0,1,0,0,0,0,0,0,1,0,0,0,0,1,0,0,0,0,0,0,0,0,0,0,0,0,0,0,0,1,0,0,0,0,0,0,0,0,0,0,0,0,0,0,0,1,0,0,0,0,0,0,0,1,0,0,1,0,0,0,0,0,1,0,0,0,0,0,0,0,0,1,0,1,0,0,0,0,0,0,0,0,0,0,0,0,0,1,0,0,0,0,1,0
4.564348191467836,9.36220272128543,4,3,7,5,2007,2008,0.0,4,3,4,3,1,1,0.0,1,0.0,7.264730177929867,1428.0,5,1,7.264730177929867,0.0,0.0,7.264730177929867,0.0,0.0,2,0,3,1,4,6,8,0,0,2007.0,3,2.0,480.0,3,3,2,0.0,4.795790545596741,0.0,0.0,0.0,0,0.0,12,2008,7.957527402230773,2.0,1,0,1,1,0,0,0,0,0,0,1,0,0,0,0,0,0,0,0,0,0,0,1,0,0,0,0,1,0,0,0,1,1,0,1,0,0,0,0,0,0,0,0,0,0,0,0,0,0,0,0,0,0,0,0,0,0,0,0,0,1,0,0,0,0,0,1,0,0,0,0,0,0,0,0,1,0,0,0,0,0,1,0,0,0,0,0,0,1,0,0,0,0,0,0,1,0,0,0,0,1,0,0,0,0,0,0,0,0,0,0,0,1,0,0,0,0,0,0,0,0,0,0,0,0,0,0,1,0,0,0,0,0,0,0,0,0,0,0,0,1,0,0,0,1,0,0,0,0,1,0,0,0,0,0,0,0,0,1,0,1,0,0,0,0,0,0,0,0,0,0,0,1,0,0,0,0,0,0,0,1
4.110873864173311,9.342683558963897,3,3,7,8,1910,1993,0.0,3,4,4,3,1,1,0.0,1,0.0,6.591673732008658,728.0,3,0,7.036148493750536,6.784457062637643,0.0,7.61085279039525,0.0,0.0,1,0,3,1,4,8,8,0,0,1997.0,1,2.0,532.0,3,3,2,6.234410725718371,4.912654885736052,0.0,0.0,0.0,0,0.0,10,2009,7.91862865334224,1.0,99,16,1,1,0,0,0,0,0,0,0,0,0,0,0,0,1,0,0,0,0,0,0,0,1,0,0,1,0,0,0,1,1,0,1,0,0,0,0,0,0,0,1,0,0,0,0,0,0,0,0,0,0,0,0,0,0,0,0,0,0,0,0,0,0,0,0,0,0,0,1,0,0,0,1,0,0,0,0,0,0,1,0,0,0,0,0,0,0,0,0,1,0,0,0,1,0,0,0,0,1,0,0,0,0,0,0,0,0,0,0,0,0,1,0,0,0,0,0,0,0,0,0,0,0,0,0,0,1,0,0,0,0,0,0,0,0,0,0,0,1,0,1,0,0,0,0,0,0,1,0,0,0,0,0,0,0,0,1,0,0,0,0,0,1,0,0,0,0,0,0,0,0,0,1,0,0,0,0,1,0
4.310799125385514,7.883069351305753,4,3,7,5,2000,2000,0.0,4,3,4,3,1,6,6.464588303689961,1,0.0,3.4965075614664802,673.0,5,1,6.513230110912307,6.565264970035361,0.0,7.232010331664759,1.0,0.0,2,1,3,1,4,6,8,0,0,2000.0,1,2.0,490.0,3,3,2,5.0369526024136295,3.9318256327243257,0.0,0.0,0.0,0,0.0,4,2006,7.628517626575055,3.5,6,6,1,1,0,0,0,1,0,0,0,0,0,0,0,0,0,0,0,0,0,0,1,0,0,0,0,1,0,0,0,1,1,0,0,0,1,0,0,0,0,0,0,0,0,0,0,0,0,0,0,0,0,0,0,0,0,0,0,0,1,0,0,0,0,0,1,0,0,0,0,0,0,0,0,1,0,0,0,0,0,0,0,0,1,0,0,0,0,0,0,1,0,0,0,1,0,0,0,0,1,0,0,0,0,0,0,0,0,0,0,0,0,0,0,1,0,0,0,0,0,0,0,0,0,0,0,0,0,0,1,0,0,0,0,0,0,0,0,0,1,0,0,0,1,0,0,0,0,1,0,0,0,0,0,0,0,0,1,0,0,0,0,0,1,0,0,0,0,0,0,0,0,0,1,0,0,0,0,1,0
3.9512437185814275,8.682877107057168,3,3,4,7,1923,1958,0.0,3,3,4,3,1,1,0.0,1,0.0,6.089044875446846,440.0,3,1,6.76849321164863,0.0,0.0,6.76849321164863,0.0,0.0,1,0,2,1,2,4,8,0,0,0.0,0,0.0,0.0,0,0,2,0.0,0.0,0.0,0.0,0.0,0,0.0,8,2006,7.177782416195197,1.0,83,48,0,1,0,0,0,0,0,0,0,1,0,0,0,0,0,0,0,0,0,0,0,0,1,0,0,1,1,0,0,0,1,0,0,0,0,0,1,0,0,0,1,0,0,0,0,0,0,0,0,0,0,0,0,0,0,0,0,0,0,0,0,0,0,0,1,0,0,0,0,0,0,0,0,1,0,0,0,0,0,1,0,0,0,0,0,0,1,0,0,0,0,0,0,1,0,0,0,0,1,0,0,0,0,0,0,0,0,0,0,0,0,0,0,0,0,0,0,0,1,0,0,0,0,0,0,0,0,0,0,0,0,0,0,0,1,0,0,0,1,0,0,0,1,0,0,0,0,1,0,0,0,0,1,0,0,0,0,0,0,0,0,0,0,1,0,0,0,0,0,0,0,0,1,0,0,0,0,1,0
3.58351893845611,8.360539381370861,3,3,7,5,2006,2007,0.0,4,3,4,3,1,6,7.009408932708637,1,0.0,4.912654885736052,1241.0,5,1,7.124478262493424,0.0,0.0,7.124478262493424,1.0,0.0,1,1,1,1,4,4,8,0,0,2007.0,3,2.0,569.0,3,3,2,0.0,4.762173934797756,0.0,0.0,0.0,0,0.0,11,2007,7.817222785508166,2.5,1,0,1,1,0,1,0,0,0,0,0,0,0,0,0,0,0,0,0,0,0,0,1,0,0,0,0,1,0,0,0,1,1,0,0,0,0,0,1,0,0,0,0,0,0,0,0,0,0,0,0,0,0,0,0,0,0,0,0,0,1,0,0,0,0,0,1,0,0,0,0,0,0,0,0,1,0,0,0,0,0,0,0,0,0,1,0,0,1,0,0,0,0,0,0,1,0,0,0,0,1,0,0,0,0,0,0,0,0,0,0,0,0,0,0,0,0,0,0,1,0,0,0,0,0,0,0,0,0,0,0,0,0,0,0,1,0,0,0,0,1,0,0,0,1,0,0,0,0,1,0,0,0,0,0,0,0,0,1,0,1,0,0,0,0,0,0,0,0,0,0,0,1,0,0,0,0,0,0,0,1
4.23410650459726,9.153875834995056,4,2,4,5,1954,1954,0.0,3,3,3,3,1,2,6.315358001522335,1,0.0,5.8377304471659395,894.0,5,1,6.796823718274855,0.0,0.0,6.796823718274855,0.0,0.0,1,0,3,1,3,5,8,0,0,1999.0,1,2.0,400.0,3,3,2,0.0,0.0,0.0,0.0,0.0,0,0.0,5,2007,7.489412083508719,1.0,53,53,1,1,0,0,0,0,0,0,1,0,0,0,0,0,0,0,0,0,0,0,0,0,1,0,0,1,1,0,0,0,1,0,0,0,0,0,1,0,0,0,0,0,0,0,1,0,0,0,0,0,0,0,0,0,0,0,0,0,0,0,0,0,0,0,1,0,0,0,0,0,0,0,0,1,0,0,0,0,0,1,0,0,0,0,0,0,1,0,0,0,0,0,0,1,0,0,0,0,1,0,0,0,0,0,0,0,0,0,0,0,0,0,0,1,0,0,0,0,0,0,0,0,0,0,0,0,0,0,1,0,0,0,0,0,0,0,0,0,1,0,0,1,0,0,0,0,0,1,0,0,0,0,0,0,0,0,1,0,0,0,0,0,1,0,0,0,0,0,0,0,0,0,1,1,0,0,0,0,0
4.394449154672439,9.084436955087027,4,3,5,6,1963,1963,0.0,3,3,3,3,1,3,6.480044561926653,1,0.0,6.154858094016418,1121.0,3,1,7.022868086082641,0.0,0.0,7.022868086082641,1.0,0.0,1,0,3,1,3,5,8,0,0,1963.0,1,2.0,480.0,3,3,2,0.0,4.394449154672439,0.0,0.0,0.0,0,0.0,6,2009,7.715569534520208,2.0,46,46,1,1,0,0,0,0,0,0,1,0,0,0,0,0,0,0,0,0,0,0,0,0,1,0,0,1,0,0,0,1,1,0,1,0,0,0,0,0,0,0,0,0,0,0,0,0,0,0,0,0,0,0,0,0,0,0,1,0,0,0,0,0,0,1,0,0,0,0,0,0,0,0,0,1,0,0,0,0,0,1,0,0,0,0,0,0,1,0,0,0,0,0,0,1,0,0,0,0,1,0,0,0,0,0,0,0,0,0,0,0,0,0,0,0,0,0,0,1,0,0,0,0,0,0,0,0,0,0,0,0,0,0,0,1,0,0,0,0,1,0,0,0,1,0,0,0,0,1,0,0,0,0,0,0,0,0,1,0,0,0,0,0,1,0,0,0,0,0,0,0,0,0,1,0,0,0,0,1,0
4.30406509320417,9.402859753746583,3,3,7,9,1961,2007,5.351858133476067,5,3,3,3,3,5,6.7661917146603505,1,0.0,4.356708826689592,944.0,4,1,6.907755278982137,0.0,0.0,6.907755278982137,1.0,0.0,1,0,3,1,5,6,8,0,0,1961.0,2,2.0,588.0,3,3,2,4.976733742420574,4.343805421853684,0.0,0.0,0.0,0,0.0,7,2008,7.572502985020384,2.0,47,1,1,1,0,0,0,0,0,0,0,0,0,0,0,0,0,0,0,1,0,0,0,0,1,0,0,1,0,0,0,1,1,0,1,0,0,0,0,0,0,0,0,0,0,0,0,0,0,0,0,1,0,0,0,0,0,0,0,0,0,0,0,0,0,0,1,0,0,0,0,0,0,0,0,1,0,0,0,0,0,1,0,0,0,0,0,0,0,0,0,0,1,0,0,1,0,0,0,0,1,0,0,0,0,0,0,0,0,0,0,0,1,0,0,0,0,0,0,0,0,0,0,0,0,0,0,1,0,0,0,0,0,0,0,0,0,0,0,0,0,1,0,1,0,0,0,0,0,1,0,0,0,0,0,0,0,0,1,0,1,0,0,0,0,0,0,0,0,0,0,0,0,0,1,0,0,0,0,1,0
4.59511985013459,9.40951904583656,3,3,8,5,1998,1999,6.883462586413092,4,3,4,3,1,6,6.75110146893676,1,0.0,5.918893854273146,1225.0,5,1,7.152268856032539,7.198183577101943,0.0,7.868254265520613,1.0,0.0,2,1,4,1,4,8,8,1,3,1998.0,3,3.0,676.0,3,3,2,5.5254529391317835,0.0,0.0,0.0,0.0,0,0.0,7,2009,8.252706676567644,3.5,11,10,1,1,1,0,0,0,0,0,0,0,0,0,0,1,0,0,0,0,0,0,0,0,1,0,0,1,0,0,0,1,1,0,1,0,0,0,0,0,0,0,0,0,0,0,0,0,0,0,0,0,0,0,1,0,0,0,0,0,0,0,0,0,0,0,1,0,0,0,0,0,0,0,0,1,0,0,0,0,0,1,0,0,0,0,0,0,0,0,0,1,0,0,0,0,0,1,0,0,1,0,0,0,0,0,0,0,0,0,0,0,0,0,0,0,0,0,0,1,0,0,0,0,0,0,0,0,0,0,0,0,0,0,0,1,0,0,0,1,0,0,0,0,1,0,0,0,0,1,0,0,0,0,0,0,0,0,1,0,1,0,0,0,0,0,0,0,0,0,0,0,0,0,1,0,0,0,0,1,0
3.784189633918261,8.065579427282092,4,3,7,5,2007,2007,2.833213344056216,4,3,4,3,3,1,0.0,1,0.0,7.144407180321139,1266.0,5,1,7.144407180321139,0.0,0.0,7.144407180321139,0.0,0.0,2,0,2,1,4,6,8,1,4,2007.0,3,2.0,388.0,3,3,2,4.61512051684126,2.833213344056216,0.0,0.0,0.0,0,0.0,3,2008,7.837159650001675,2.0,1,1,1,1,1,0,0,0,0,0,1,0,0,0,0,0,0,0,0,0,0,0,0,0,1,0,0,1,0,0,0,1,1,0,0,0,0,0,1,1,0,0,0,0,0,0,0,0,0,0,0,0,0,0,0,0,0,0,0,0,0,0,0,0,0,0,1,0,0,0,0,0,0,0,0,1,0,0,0,0,0,1,0,0,0,0,0,0,1,0,0,0,0,0,0,1,0,0,0,0,1,0,0,0,0,0,0,0,0,0,0,0,0,0,0,0,0,0,0,1,0,0,0,0,0,0,0,0,0,0,0,0,0,0,0,1,0,0,0,1,0,0,0,0,1,0,0,0,0,1,0,0,0,0,0,0,0,0,1,0,1,0,0,0,0,0,0,0,0,0,0,0,0,0,1,0,0,0,0,1,0
4.2626798770413155,9.328212292571072,4,3,8,5,2002,2002,0.0,4,3,4,3,2,1,0.0,1,0.0,7.029087564149662,1128.0,5,1,7.047517221357296,7.040536390215956,0.0,7.736743682453495,0.0,0.0,2,1,4,1,4,9,8,1,4,2002.0,1,2.0,779.0,3,3,2,0.0,0.0,0.0,0.0,0.0,0,0.0,5,2008,8.137103389639302,2.5,6,6,1,1,1,0,0,0,0,0,0,0,0,0,0,1,0,0,0,0,0,0,0,0,1,0,0,1,0,0,0,1,1,0,1,0,0,0,0,0,0,0,0,0,1,0,0,0,0,0,0,0,0,0,0,0,0,0,0,0,0,0,0,0,0,0,1,0,0,0,0,0,0,0,0,1,0,0,0,0,0,1,0,0,0,0,0,0,0,0,0,1,0,0,0,1,0,0,0,0,1,0,0,0,0,0,0,0,0,0,0,0,1,0,0,0,0,0,0,0,0,0,0,0,0,0,0,1,0,0,0,0,0,0,0,0,0,0,0,0,1,0,0,0,1,0,0,0,0,1,0,0,0,0,0,0,0,0,1,0,1,0,0,0,0,0,0,0,0,0,0,0,0,0,1,0,0,0,0,1,0
4.330733340286331,9.222861652529854,4,3,5,5,1977,1977,0.0,3,3,0,0,0,0,0.0,0,0.0,0.0,0.0,3,1,7.172424577124845,6.07073772800249,0.0,7.45876269238096,0.0,0.0,2,0,4,2,4,8,8,0,0,1977.0,1,2.0,539.0,3,3,2,0.0,0.0,0.0,0.0,0.0,0,0.0,8,2009,7.45876269238096,2.0,32,32,1,0,0,0,0,0,0,0,0,0,0,0,0,0,0,0,0,0,1,0,0,0,1,0,0,1,0,0,0,1,1,0,0,0,0,0,1,0,0,0,0,0,0,0,0,0,0,0,1,0,0,0,0,0,0,0,0,0,0,0,0,0,0,0,1,0,0,0,0,0,0,0,0,1,0,0,0,0,0,0,0,1,0,0,1,0,0,0,0,0,0,0,0,1,0,0,0,0,1,0,0,0,0,0,0,0,0,0,0,0,0,0,0,0,1,0,0,0,0,0,0,0,0,0,0,0,0,0,0,0,1,0,0,0,0,0,0,0,1,0,0,1,0,0,0,0,0,1,0,0,0,0,0,0,0,0,1,0,1,0,0,0,0,0,1,0,0,0,0,0,0,0,0,0,0,0,0,1,0
4.23410650459726,9.294773427951013,4,3,5,5,1950,1950,0.0,3,3,3,3,1,5,6.947937068614969,1,0.0,4.8283137373023015,1164.0,3,0,7.060476365999801,0.0,0.0,7.060476365999801,1.0,0.0,1,0,3,1,3,5,8,0,0,1950.0,1,1.0,240.0,3,3,2,0.0,3.8918202981106265,0.0,0.0,0.0,0,0.0,8,2008,7.753194269884341,2.0,58,58,1,1,0,0,0,0,0,1,0,0,0,0,0,0,0,0,0,0,0,0,0,0,1,0,0,1,0,0,0,1,1,0,0,0,0,0,1,0,0,0,0,0,0,0,1,0,0,0,0,0,0,0,0,0,0,0,0,0,0,0,0,0,0,0,1,0,0,0,0,0,0,0,0,1,0,0,0,0,0,0,1,0,0,0,0,0,1,0,0,0,0,0,0,1,0,0,0,0,1,0,0,0,0,0,0,0,0,0,0,0,0,0,0,1,0,0,0,0,0,0,0,0,0,0,0,0,0,0,1,0,0,0,0,0,0,0,0,0,1,0,0,1,0,0,0,0,0,0,1,0,0,0,0,0,0,0,1,0,0,0,0,0,1,0,0,0,0,1,0,0,0,0,0,0,0,0,0,1,0
4.0943445622221,8.577535420422398,4,3,6,8,1910,2003,0.0,3,4,3,2,1,1,0.0,1,0.0,6.186208623900494,485.0,4,1,6.90975328164481,6.453624998892692,0.0,7.400009517162692,0.0,0.0,1,0,2,1,4,5,8,0,0,1950.0,1,1.0,255.0,2,3,2,5.978885764901122,0.0,0.0,0.0,0.0,0,0.0,6,2006,7.659642954564682,1.0,96,3,1,1,0,0,0,0,0,0,0,0,0,0,1,0,0,0,0,0,0,0,0,0,0,1,0,1,0,0,0,1,1,0,1,0,0,0,0,0,0,0,0,0,0,0,0,0,0,0,0,0,0,0,0,0,1,0,0,0,0,0,0,0,0,1,0,0,0,0,0,0,0,0,0,1,0,0,0,0,0,1,0,0,0,0,1,0,0,0,0,0,0,0,0,0,0,1,0,0,1,0,0,0,0,0,0,0,0,0,0,0,0,0,0,0,0,0,0,1,0,0,0,0,0,0,0,0,0,0,0,0,0,0,0,1,0,0,0,0,1,0,0,1,0,0,0,0,0,1,0,0,0,0,0,0,0,0,1,0,1,0,0,0,0,0,0,0,0,0,0,0,0,0,1,0,0,0,0,1,0
4.430816798843313,9.226213721132472,3,3,9,5,2009,2010,6.111467339502679,5,3,5,3,3,6,7.4067107301776405,1,0.0,5.652489180268651,1930.0,5,1,7.57095858316901,0.0,0.0,7.57095858316901,1.0,0.0,2,1,3,1,5,8,8,1,4,2010.0,3,3.0,606.0,3,3,2,5.1298987149230735,4.564348191467836,0.0,0.0,0.0,0,0.0,4,2010,8.261268150577648,3.5,1,0,1,1,1,0,0,0,0,0,1,0,0,0,0,0,0,0,0,0,0,0,0,0,1,0,0,1,0,0,0,1,1,0,0,0,0,0,1,0,0,0,0,0,0,0,0,0,0,0,0,0,0,0,0,1,0,0,0,0,0,0,0,0,0,0,1,0,0,0,0,0,0,0,0,1,0,0,0,0,0,1,0,0,0,0,0,0,1,0,0,0,0,0,0,0,0,1,0,0,1,0,0,0,0,0,0,0,0,0,0,0,0,0,0,0,0,0,0,1,0,0,0,0,0,0,0,0,0,0,0,0,0,0,0,1,0,0,0,0,0,1,0,0,1,0,0,0,0,1,0,0,0,0,0,0,0,0,1,0,1,0,0,0,0,0,0,0,0,0,0,0,1,0,0,0,0,0,0,0,1
4.394449154672439,9.396570945266852,3,3,6,6,1976,1976,5.700443573390687,3,3,3,3,1,2,5.056245805348308,1,0.0,6.541029999189903,848.0,3,1,7.020190708311925,6.816735880594968,0.0,7.616283561580385,0.0,0.0,2,1,4,1,4,8,8,1,3,1976.0,3,2.0,551.0,3,3,2,0.0,5.41610040220442,0.0,0.0,0.0,0,0.0,6,2007,7.965198290612176,2.5,31,31,1,1,1,0,0,0,0,0,0,0,0,0,0,1,0,0,0,0,0,0,0,0,1,0,0,1,0,0,0,1,1,0,0,0,0,0,1,0,0,0,0,0,0,0,0,0,0,0,0,0,0,1,0,0,0,0,0,0,0,0,0,0,0,0,1,0,0,0,0,0,0,0,0,1,0,0,0,0,0,1,0,0,0,0,0,0,0,0,0,1,0,0,0,1,0,0,0,0,1,0,0,0,0,0,0,0,0,0,0,0,0,0,0,0,1,0,0,0,0,0,0,0,0,0,0,0,0,0,0,0,1,0,0,0,0,0,0,1,0,0,0,1,0,0,0,0,0,1,0,0,0,0,0,0,0,0,1,0,1,0,0,0,0,0,0,0,0,0,0,0,0,0,1,0,0,0,0,1,0
4.189654742026425,9.002824076547672,4,3,7,5,2006,2006,0.0,4,3,4,4,1,1,0.0,1,0.0,6.647688373563329,770.0,5,1,6.658011045870748,6.683360945766275,0.0,7.3632795869630385,0.0,0.0,2,1,3,1,4,6,8,0,0,2006.0,2,2.0,614.0,3,3,2,0.0,3.9318256327243257,0.0,0.0,0.0,0,0.0,8,2006,7.760893195851024,2.5,0,0,1,1,0,0,0,0,0,0,0,0,0,0,0,1,0,0,0,0,0,0,1,0,0,0,0,1,0,0,0,1,1,0,0,0,0,0,1,0,0,0,0,0,0,0,0,0,0,0,0,0,0,0,0,0,0,0,0,0,1,0,0,0,0,0,1,0,0,0,0,0,0,0,0,1,0,0,0,0,0,1,0,0,0,0,0,0,0,0,0,1,0,0,0,1,0,0,0,0,1,0,0,0,0,0,0,0,0,0,0,0,0,0,0,0,0,0,0,1,0,0,0,0,0,0,0,0,0,0,0,0,0,0,0,1,0,0,0,0,1,0,0,0,1,0,0,0,0,1,0,0,0,0,0,0,0,0,1,0,1,0,0,0,0,0,0,0,0,0,0,0,1,0,0,0,0,0,0,0,1
4.418840607796598,9.154087430425385,4,3,8,5,1997,1998,6.049733455231958,4,3,4,3,1,6,6.980075940561763,1,0.0,5.777652323222656,1396.0,5,1,7.249925536717988,6.893656354602635,0.0,7.780303087908373,1.0,0.0,2,1,3,1,4,7,8,1,3,1997.0,3,3.0,870.0,3,3,2,0.0,4.2626798770413155,0.0,0.0,0.0,0,0.0,6,2006,8.239857411018601,3.5,9,8,1,1,1,0,0,0,0,0,0,0,0,0,0,1,0,0,0,0,0,0,0,0,1,0,0,1,0,0,0,1,1,0,0,0,0,0,1,0,0,0,0,0,0,0,0,0,0,0,0,0,0,0,1,0,0,0,0,0,0,0,0,0,0,0,1,0,0,0,0,0,0,0,0,1,0,0,0,0,0,1,0,0,0,0,0,0,0,0,0,1,0,0,0,1,0,0,0,0,1,0,0,0,0,0,0,0,0,0,0,0,0,0,0,0,0,0,0,1,0,0,0,0,0,0,0,0,0,0,0,0,0,0,0,1,0,0,0,1,0,0,0,0,1,0,0,0,0,1,0,0,0,0,0,0,0,0,1,0,1,0,0,0,0,0,0,0,0,0,0,0,0,0,1,0,0,0,0,1,0
4.804021044733257,9.779736745099953,4,3,8,9,1882,1986,0.0,4,4,3,3,1,4,5.37989735354046,1,0.0,6.55250788703459,916.0,4,1,6.821107472256465,6.717804695023691,0.0,7.463363045520021,0.0,0.0,1,1,4,1,4,8,8,1,4,1925.0,1,2.0,424.0,3,3,1,0.0,5.135798437050262,0.0,0.0,0.0,0,0.0,11,2009,7.88570539124302,1.5,127,23,1,1,1,0,0,0,0,0,0,0,0,0,0,0,1,0,0,0,0,0,0,0,0,1,0,1,0,0,0,1,1,0,1,0,0,0,0,0,0,0,0,0,0,0,0,0,0,0,0,0,0,0,0,0,1,0,0,0,0,0,0,0,1,0,0,0,0,0,0,0,0,0,0,1,0,0,0,0,0,1,0,0,0,0,0,0,0,0,0,1,0,0,0,1,0,0,0,0,1,0,0,0,0,0,0,0,0,0,0,0,0,0,0,0,0,0,0,0,1,0,0,0,0,0,0,0,0,0,0,0,0,0,0,0,1,0,0,0,1,0,1,0,0,0,0,0,0,1,0,0,0,0,0,0,0,0,1,0,1,0,0,0,0,0,0,0,0,0,0,0,0,0,1,0,0,0,0,1,0
4.394449154672439,9.186150133174966,4,2,6,8,1964,1993,5.831882477283517,3,3,3,3,4,4,6.285998094508865,3,4.770684624465665,5.135798437050262,822.0,4,1,6.928537818164665,6.723832440821209,0.0,7.524021415206125,0.0,0.0,2,1,3,1,4,7,8,1,2,1964.0,2,2.0,440.0,3,3,2,5.480638923341991,3.7612001156935624,0.0,0.0,0.0,0,0.0,7,2007,7.891330757661889,2.5,43,14,1,1,1,0,0,0,0,0,0,0,0,0,0,1,0,0,0,0,0,0,0,0,1,0,0,1,0,0,0,1,1,0,0,0,0,0,1,0,0,0,0,0,0,0,0,0,0,0,0,1,0,0,0,0,0,0,0,0,0,0,0,0,0,0,1,0,0,0,0,0,0,0,0,1,0,0,0,0,0,1,0,0,0,0,0,0,0,0,0,1,0,0,0,0,0,1,0,0,1,0,0,0,0,0,0,0,0,0,0,0,0,0,0,0,0,0,0,0,1,0,0,0,0,0,0,0,0,0,0,0,0,0,0,0,1,0,0,1,0,0,0,1,0,0,0,0,0,1,0,0,0,0,0,0,0,0,1,0,1,0,0,0,0,0,0,0,0,0,0,0,0,0,1,0,0,0,0,1,0
4.23410650459726,9.087833697483386,4,3,6,5,2005,2006,0.0,3,3,4,3,1,1,0.0,1,0.0,6.621405651764134,750.0,5,1,6.621405651764134,6.621405651764134,0.0,7.313886831633462,0.0,0.0,2,1,3,1,4,6,8,0,0,2005.0,2,2.0,564.0,3,3,2,0.0,3.58351893845611,0.0,0.0,0.0,0,0.0,8,2006,7.719129840906732,2.5,1,0,1,1,0,0,0,0,0,0,0,0,0,0,0,1,0,0,0,0,0,0,0,0,1,0,0,1,0,0,0,1,1,0,0,0,0,0,1,0,0,0,0,0,1,0,0,0,0,0,0,0,0,0,0,0,0,0,0,0,0,0,0,0,0,0,1,0,0,0,0,0,0,0,0,1,0,0,0,0,0,1,0,0,0,0,0,0,0,0,0,1,0,0,0,1,0,0,0,0,1,0,0,0,0,0,0,0,0,0,0,0,0,0,0,0,0,0,0,1,0,0,0,0,0,0,0,0,0,0,0,0,0,0,0,1,0,0,0,0,1,0,0,0,1,0,0,0,0,1,0,0,0,0,0,0,0,0,1,0,1,0,0,0,0,0,0,0,0,0,0,0,1,0,0,0,0,0,0,0,1
4.574710978503383,9.430037992886092,4,3,10,5,2006,2007,5.442417710521793,5,3,5,3,4,6,7.067319848653476,1,0.0,6.270988431858299,1700.0,5,1,7.449498005382849,0.0,0.0,7.449498005382849,1.0,0.0,2,0,3,1,5,7,8,1,4,2008.0,3,3.0,786.0,3,3,2,5.37989735354046,3.8918202981106265,0.0,0.0,0.0,0,0.0,7,2009,8.137103389639302,3.0,3,2,1,1,1,0,0,0,0,0,1,0,0,0,0,0,0,0,0,0,0,0,0,0,1,0,0,1,0,0,0,1,1,0,0,0,1,0,0,0,0,0,0,0,0,0,0,0,0,0,0,0,0,0,0,1,0,0,0,0,0,0,0,0,0,0,1,0,0,0,0,0,0,0,0,1,0,0,0,0,0,1,0,0,0,0,0,0,1,0,0,0,0,0,0,0,0,1,0,0,1,0,0,0,0,0,0,0,0,0,0,0,1,0,0,0,0,0,0,0,0,0,0,0,0,0,0,1,0,0,0,0,0,0,0,0,0,0,0,0,0,1,0,0,1,0,0,0,0,1,0,0,0,0,0,0,0,0,1,0,1,0,0,0,0,0,0,0,0,0,0,0,0,0,1,0,0,0,0,1,0
3.9512437185814275,8.45807992692373,3,2,4,7,1946,1950,0.0,3,3,3,3,1,5,5.953243334287785,1,0.0,5.8971538676367405,747.0,3,1,6.652863029353347,6.124683390894205,0.0,7.115582126184454,1.0,0.0,1,1,3,1,3,5,8,0,0,1946.0,1,1.0,305.0,3,3,2,0.0,4.060443010546419,0.0,0.0,4.1588830833596715,0,0.0,8,2006,7.589841512182657,2.5,60,56,1,1,0,0,0,0,0,0,0,0,0,0,1,0,0,0,0,0,0,0,0,0,1,0,0,1,0,0,0,1,1,0,0,0,0,0,1,0,0,0,1,0,0,0,0,0,0,0,0,0,0,0,0,0,0,0,0,0,0,0,0,0,0,1,0,0,0,0,0,0,0,0,0,1,0,0,0,0,0,1,0,0,0,0,1,0,0,0,0,0,0,0,0,1,0,0,0,0,1,0,0,0,0,0,0,0,0,0,0,0,0,0,0,1,0,0,0,0,0,0,0,0,0,0,0,0,0,0,1,0,0,0,0,0,0,0,0,0,1,0,0,1,0,0,0,0,0,1,0,0,0,0,0,0,0,0,1,0,0,0,0,0,1,0,0,0,0,0,0,0,0,0,1,1,0,0,0,0,0
4.30406509320417,9.274253697719836,3,3,5,6,1961,1961,0.0,3,3,3,3,1,3,6.82001636467413,1,0.0,4.912654885736052,1050.0,3,1,6.957497370876951,0.0,0.0,6.957497370876951,1.0,0.0,1,0,3,1,3,6,8,0,0,1961.0,1,1.0,368.0,3,3,2,0.0,5.768320995793772,0.0,0.0,0.0,0,0.0,1,2006,7.650168700845001,2.0,45,45,1,1,0,0,0,0,0,0,1,0,0,0,0,0,0,0,0,0,0,0,0,0,1,0,0,1,0,0,0,1,1,0,0,0,0,0,1,0,0,0,0,0,0,0,0,0,0,0,0,1,0,0,0,0,0,0,0,0,0,0,0,0,0,0,1,0,0,0,0,0,0,0,0,1,0,0,0,0,0,1,0,0,0,0,0,0,1,0,0,0,0,0,0,0,0,1,0,0,1,0,0,0,0,0,0,0,0,0,0,0,0,0,0,0,0,0,0,0,1,0,0,0,0,0,0,0,0,0,0,0,0,0,0,0,1,0,0,0,1,0,0,1,0,0,0,0,0,1,0,0,0,0,0,0,0,0,1,0,1,0,0,0,0,0,1,0,0,0,0,0,0,0,0,0,0,0,0,1,0
4.394449154672439,9.368881400104733,3,3,6,6,1970,1970,6.349138991379798,3,3,3,3,1,1,0.0,1,0.0,7.274479558773871,1442.0,3,1,7.274479558773871,0.0,0.0,7.274479558773871,0.0,0.0,2,0,2,1,3,6,8,1,3,1970.0,2,2.0,615.0,3,3,2,5.918893854273146,0.0,0.0,0.0,0.0,0,0.0,2,2009,7.9672801789422,2.0,39,39,1,1,1,0,0,0,0,0,1,0,0,0,0,0,0,0,0,0,0,0,0,0,1,0,0,1,0,0,0,1,1,0,0,0,0,0,1,0,0,0,0,0,0,0,0,0,0,0,0,0,0,1,0,0,0,0,0,0,0,0,0,0,0,0,0,1,0,0,0,0,0,0,0,1,0,0,0,0,0,1,0,0,0,0,0,0,1,0,0,0,0,0,0,0,0,1,0,0,1,0,0,0,0,0,0,0,0,0,0,0,0,1,0,0,0,0,0,0,0,0,0,0,0,0,0,0,1,0,0,0,0,0,0,0,0,0,0,1,0,0,0,1,0,0,0,0,0,1,0,0,0,0,0,0,0,0,1,0,1,0,0,0,0,0,0,0,0,0,0,0,0,0,1,0,0,0,0,1,0
4.110873864173311,9.18881025342582,4,3,3,4,1922,1950,0.0,3,3,3,2,1,1,0.0,1,0.0,6.915723448631314,1007.0,2,0,6.982862751468942,0.0,0.0,6.982862751468942,0.0,0.0,1,0,3,1,3,6,8,1,4,1922.0,1,1.0,210.0,3,2,1,0.0,4.61512051684126,3.8918202981106265,0.0,0.0,0,0.0,5,2006,7.642524134232902,1.0,84,56,1,1,1,0,0,0,0,0,0,1,0,0,0,0,0,0,0,0,0,0,0,0,0,1,0,1,0,0,0,1,1,0,0,0,0,0,1,0,0,0,0,0,0,0,0,0,1,0,0,0,0,0,0,0,0,0,0,0,0,0,0,0,0,0,1,0,0,0,0,0,0,0,0,1,0,0,0,0,0,1,0,0,0,0,0,0,1,0,0,0,0,0,0,0,0,1,0,0,1,0,0,0,0,0,0,0,0,0,0,0,0,0,0,0,0,0,0,0,1,0,0,0,0,0,0,0,0,0,0,0,0,0,0,0,1,0,0,0,1,0,1,0,0,0,0,0,0,1,0,0,0,0,0,0,0,0,1,0,0,0,0,0,1,0,0,0,0,0,0,0,0,0,1,0,0,0,0,1,0
4.174387269895637,8.81922185757494,4,3,7,5,2006,2006,3.2188758248682006,4,3,4,3,3,6,6.532334292222349,1,0.0,6.218600119691729,1187.0,5,1,7.097548850614793,0.0,0.0,7.097548850614793,1.0,0.0,2,0,2,1,4,6,8,0,0,2006.0,2,2.0,632.0,3,3,2,4.663439094112067,4.127134385045092,0.0,0.0,0.0,0,0.0,2,2010,7.78155595923534,3.0,4,4,1,1,0,0,0,0,0,0,1,0,0,0,0,0,0,0,0,0,0,0,0,0,1,0,0,1,0,0,0,1,1,0,0,0,0,0,1,0,0,0,0,0,1,0,0,0,0,0,0,0,0,0,0,0,0,0,0,0,0,0,0,0,0,0,1,0,0,0,0,0,0,0,0,1,0,0,0,0,0,1,0,0,0,0,0,0,1,0,0,0,0,0,0,1,0,0,0,0,1,0,0,0,0,0,0,0,0,0,0,0,0,0,0,0,0,0,0,1,0,0,0,0,0,0,0,0,0,0,0,0,0,0,0,1,0,0,0,0,0,1,0,0,1,0,0,0,0,1,0,0,0,0,0,0,0,0,1,0,1,0,0,0,0,0,0,0,0,0,0,0,0,0,1,0,0,0,0,1,0
4.31748811353631,9.230829038403499,4,3,3,3,1952,1952,0.0,3,3,0,0,0,0,0.0,0,0.0,0.0,0.0,2,0,6.851184927493743,0.0,0.0,6.851184927493743,0.0,0.0,1,0,2,1,2,4,7,0,0,1956.0,1,2.0,528.0,3,2,2,0.0,0.0,0.0,0.0,0.0,0,0.0,7,2009,6.851184927493743,1.0,57,57,1,0,0,0,0,0,0,0,1,0,0,0,0,0,0,0,0,0,0,0,0,0,1,0,0,1,0,0,0,1,1,0,1,0,0,0,0,0,0,0,0,0,0,0,1,0,0,0,0,0,0,0,0,0,0,0,0,0,0,0,0,0,0,0,1,0,0,0,0,0,0,0,0,1,0,0,0,0,0,1,0,0,0,0,0,0,1,0,0,0,0,0,1,0,0,0,0,0,0,0,0,0,1,0,0,0,0,1,0,0,0,0,0,0,0,0,0,0,0,0,0,0,1,0,0,0,0,0,0,0,0,0,0,0,0,0,0,0,1,0,0,0,0,1,0,0,0,0,1,0,0,0,0,1,0,0,0,0,0,0,0,0,1,0,0,0,0,0,0,0,0,0,1,0,0,0,0,1,0
4.110873864173311,8.594339400592892,4,3,5,6,1920,1950,0.0,3,3,2,3,1,1,0.0,1,0.0,6.539585955617669,691.0,5,1,6.539585955617669,0.0,0.0,6.539585955617669,0.0,0.0,1,0,2,1,5,4,8,0,0,1920.0,1,1.0,216.0,2,3,0,0.0,3.044522437723423,4.553876891600541,0.0,0.0,0,0.0,1,2007,7.232010331664759,1.0,87,57,1,1,0,0,0,0,0,0,0,1,0,0,0,0,0,0,0,0,0,0,0,0,1,0,0,1,0,0,0,1,1,0,1,0,0,0,0,0,0,0,0,0,0,0,0,0,0,0,0,0,0,0,0,0,1,0,0,0,0,0,0,0,0,0,1,0,0,0,0,0,0,0,0,1,0,0,0,0,0,1,0,0,0,0,0,0,1,0,0,0,0,0,0,1,0,0,0,0,1,0,0,0,0,0,0,0,0,0,0,0,0,0,0,0,0,0,0,0,1,0,0,0,0,0,0,0,0,0,0,0,0,0,0,0,1,0,0,0,1,0,1,0,0,0,0,0,0,1,0,0,0,0,1,0,0,0,0,0,0,0,0,0,1,0,0,0,0,0,0,0,0,0,1,1,0,0,0,0,0
4.330733340286331,9.38915578944085,3,3,8,5,2006,2006,3.9889840465642745,4,3,4,3,1,6,3.2188758248682006,1,0.0,7.346655163176539,1574.0,5,1,7.362010551259734,0.0,0.0,7.362010551259734,0.0,0.0,2,0,3,1,4,7,8,1,4,2006.0,2,3.0,824.0,3,3,2,4.976733742420574,4.653960350157523,0.0,0.0,0.0,0,0.0,7,2008,8.054840221101024,2.0,2,2,1,1,1,0,0,0,0,0,1,0,0,0,0,0,0,0,0,0,0,0,0,0,1,0,0,1,0,0,0,1,1,0,0,0,0,0,1,0,0,0,0,0,0,0,0,0,0,0,0,0,0,0,0,0,0,0,0,0,1,0,0,0,0,0,0,0,0,0,1,0,0,0,0,1,0,0,0,0,0,1,0,0,0,0,0,0,1,0,0,0,0,0,0,1,0,0,0,0,1,0,0,0,0,0,0,0,0,0,0,0,0,0,0,0,0,0,0,1,0,0,0,0,0,0,0,0,0,0,0,0,0,0,0,1,0,0,0,1,0,0,0,0,1,0,0,0,0,1,0,0,0,0,0,0,0,0,1,0,1,0,0,0,0,0,0,0,0,0,0,0,0,0,1,0,0,0,0,1,0
4.394449154672439,9.350189267092581,3,3,5,6,1976,1976,5.10594547390058,3,3,3,3,1,1,0.0,1,0.0,7.427144133408616,1680.0,2,1,7.427144133408616,0.0,0.0,7.427144133408616,0.0,0.0,2,0,4,2,3,8,8,0,0,1976.0,1,2.0,528.0,3,3,2,0.0,0.0,0.0,0.0,0.0,0,0.0,6,2007,8.119993827725105,2.0,31,31,1,1,0,0,0,0,0,0,0,0,0,0,0,0,0,0,0,0,1,0,0,0,1,0,0,1,0,0,0,1,1,0,1,0,0,0,0,0,0,0,0,0,0,0,0,0,0,0,0,0,0,1,0,0,0,0,0,0,0,0,0,0,0,1,0,0,0,0,0,0,0,0,0,0,0,0,0,1,0,0,0,1,0,0,0,0,1,0,0,0,0,0,0,1,0,0,0,0,1,0,0,0,0,0,0,0,0,0,0,0,0,0,0,0,0,0,0,1,0,0,0,0,0,0,0,0,0,0,0,0,0,0,0,1,0,0,0,1,0,0,0,1,0,0,0,0,0,1,0,0,0,0,0,0,0,0,1,0,0,0,0,0,1,0,0,0,0,0,0,0,0,0,1,0,0,0,0,1,0
3.784189633918261,8.065579427282092,4,3,7,5,2005,2006,2.833213344056216,4,3,4,3,1,6,2.833213344056216,1,0.0,7.193685818395112,1346.0,5,1,7.316548177182976,0.0,0.0,7.316548177182976,0.0,0.0,2,0,1,1,4,7,8,1,4,2005.0,3,2.0,457.0,3,3,2,5.056245805348308,0.0,0.0,0.0,0.0,0,0.0,5,2009,7.955425088912672,2.0,4,3,1,1,1,1,0,0,0,0,0,0,0,0,0,0,0,0,0,0,0,0,0,0,1,0,0,1,0,0,0,1,1,0,0,0,0,0,1,1,0,0,0,0,0,0,0,0,0,0,0,0,0,0,0,0,0,0,0,0,0,0,0,0,0,0,1,0,0,0,0,0,0,0,0,1,0,0,0,0,0,0,0,0,0,1,0,0,1,0,0,0,0,0,0,1,0,0,0,0,1,0,0,0,0,0,0,0,0,0,0,0,0,0,0,0,0,0,0,1,0,0,0,0,0,0,0,0,0,0,0,0,0,0,0,1,0,0,0,1,0,0,0,0,1,0,0,0,0,1,0,0,0,0,0,0,0,0,1,0,1,0,0,0,0,0,0,0,0,0,0,0,0,0,1,0,0,0,0,1,0
4.189654742026425,9.034318927730707,4,3,5,8,1977,1977,5.3981627015177525,4,3,4,4,3,6,6.39024066706535,1,0.0,5.968707559985366,985.0,3,1,6.893656354602635,0.0,0.0,6.893656354602635,0.0,0.0,2,0,3,1,3,6,8,0,0,1977.0,1,1.0,328.0,3,3,2,5.351858133476067,0.0,0.0,0.0,0.0,0,0.0,11,2008,7.58629630715272,2.0,31,31,1,1,0,0,0,0,0,0,0,0,0,0,0,0,0,0,1,0,0,0,0,0,1,0,0,1,0,0,0,1,1,0,0,0,0,0,1,0,0,0,0,0,1,0,0,0,0,0,0,0,0,0,0,0,0,0,0,0,0,0,0,0,0,0,1,0,0,0,0,0,0,0,0,1,0,0,0,0,0,1,0,0,0,0,0,0,0,0,0,0,0,1,0,1,0,0,0,0,1,0,0,0,0,0,0,0,0,0,0,0,0,1,0,0,0,0,0,0,0,0,0,0,0,0,0,0,1,0,0,0,0,0,0,0,0,0,0,1,0,0,0,1,0,0,0,0,0,1,0,0,0,0,0,0,0,0,1,0,1,0,0,0,0,0,0,0,0,0,0,0,0,0,1,0,0,0,0,1,0
4.30406509320417,9.405578154036684,1,3,6,3,1970,1970,0.0,3,3,4,3,1,2,7.121252453244542,1,0.0,6.042632833682381,1657.0,4,1,7.4133673356952405,0.0,0.0,7.4133673356952405,0.0,1.0,2,0,3,1,3,7,8,1,3,1970.0,1,2.0,484.0,3,3,2,0.0,0.0,0.0,0.0,4.997212273764115,0,0.0,3,2007,8.106212902619962,2.5,37,37,1,1,1,0,0,0,0,0,1,0,0,0,0,0,0,0,0,0,0,0,0,0,1,0,0,1,0,0,0,1,1,0,0,0,0,0,1,0,0,0,0,0,0,0,0,0,0,0,0,1,0,0,0,0,0,0,0,0,0,0,0,0,0,0,0,0,1,0,0,0,0,0,0,1,0,0,0,0,0,1,0,0,0,0,0,0,1,0,0,0,0,0,0,1,0,0,0,0,1,0,0,0,0,0,0,0,0,0,0,0,0,0,0,0,1,0,0,0,0,0,0,0,0,0,0,0,0,0,0,0,1,0,0,0,0,0,0,0,1,0,0,1,0,0,0,0,0,1,0,0,0,0,0,0,0,0,1,0,1,0,0,0,0,0,0,0,0,0,0,0,0,0,1,0,0,0,0,1,0
3.091042453358316,7.704361167910313,4,3,4,4,1970,1970,0.0,3,3,3,3,1,4,5.6131281063880705,2,5.6131281063880705,0.0,546.0,3,1,6.304448802421981,6.304448802421981,0.0,6.996681488176539,0.0,0.0,1,1,3,1,3,6,8,0,0,1970.0,2,1.0,286.0,3,3,2,5.476463551931511,0.0,0.0,0.0,0.0,0,0.0,8,2009,7.40184157874383,1.5,39,39,1,1,0,0,0,1,0,0,0,0,0,0,0,0,0,0,0,0,0,0,0,0,0,1,0,1,0,0,0,1,1,0,0,0,0,0,1,0,0,0,0,0,0,0,0,0,0,1,0,0,0,0,0,0,0,0,0,0,0,0,0,0,0,0,1,0,0,0,0,0,0,0,0,1,0,0,0,0,0,0,0,0,0,1,0,0,0,0,0,1,0,0,0,1,0,0,0,0,1,0,0,0,0,0,0,0,0,0,0,0,1,0,0,0,0,0,0,0,0,0,0,0,0,0,0,1,0,0,0,0,0,0,0,0,0,0,0,0,1,0,0,1,0,0,0,0,0,1,0,0,0,0,0,0,0,0,1,0,1,0,0,0,0,0,0,0,0,0,0,0,0,0,1,0,0,0,0,1,0
3.784189633918261,9.402529747968487,3,3,7,5,2004,2005,4.6913478822291435,4,3,5,3,2,1,0.0,1,0.0,7.444833273892193,1710.0,5,1,7.444833273892193,0.0,0.0,7.444833273892193,0.0,0.0,2,0,3,1,4,7,8,1,4,2004.0,3,2.0,550.0,3,3,2,4.61512051684126,3.8918202981106265,0.0,0.0,5.198497031265826,0,0.0,4,2009,8.137688184977605,2.0,5,4,1,1,1,0,0,0,0,0,1,0,0,0,0,0,0,0,0,0,0,0,0,0,1,0,0,1,0,0,0,1,1,0,0,1,0,0,0,0,0,0,0,0,0,0,0,0,0,0,1,0,0,0,0,0,0,0,0,0,0,0,0,0,0,0,1,0,0,0,0,0,0,0,0,1,0,0,0,0,0,1,0,0,0,0,0,0,1,0,0,0,0,0,0,0,0,1,0,0,1,0,0,0,0,0,0,0,0,0,0,0,0,0,0,0,0,0,0,1,0,0,0,0,0,0,0,0,0,0,0,0,0,0,0,1,0,0,0,0,0,1,0,0,1,0,0,0,0,1,0,0,0,0,0,0,0,0,1,0,1,0,0,0,0,0,0,0,0,0,0,0,0,0,1,0,0,0,0,1,0
4.110873864173311,8.699681400989514,4,3,5,5,1926,1950,0.0,3,2,3,3,1,1,0.0,1,0.0,6.9167150203536085,1008.0,5,1,6.9167150203536085,0.0,6.244166900663736,7.328437352895162,0.0,0.0,2,0,4,1,3,7,8,0,0,0.0,0,0.0,0.0,0,0,1,0.0,0.0,4.9344739331306915,0.0,0.0,0,0.0,6,2006,7.6093665379542115,2.0,80,56,0,1,0,0,0,0,0,0,0,0,0,0,1,0,0,0,0,0,0,0,0,0,1,0,0,1,0,0,0,1,1,0,0,0,0,0,1,0,0,0,0,0,0,0,0,0,0,0,0,0,0,0,0,0,0,1,0,0,0,0,0,0,0,0,1,0,0,0,0,0,0,0,0,1,0,0,0,0,0,1,0,0,0,0,1,0,0,0,0,0,0,0,0,1,0,0,0,0,1,0,0,0,0,0,0,0,0,0,0,0,0,0,0,0,0,0,0,0,1,0,0,0,0,0,0,0,0,0,0,0,0,0,0,0,1,0,0,0,1,0,1,0,0,0,0,0,0,1,0,0,0,0,0,0,0,0,1,0,0,0,0,0,0,1,0,0,0,0,0,0,0,0,1,0,0,0,0,1,0
4.7535901911063645,9.965851836732678,4,3,5,5,1948,1950,0.0,3,3,3,3,1,1,0.0,1,0.0,6.580639137284949,720.0,3,1,6.580639137284949,6.313548046277095,0.0,7.148345743900068,0.0,0.0,2,0,4,1,3,7,8,1,4,1948.0,1,1.0,312.0,3,3,2,0.0,0.0,4.6913478822291435,0.0,0.0,0,0.0,8,2008,7.596894438144544,2.0,60,58,1,1,1,0,0,0,0,0,0,0,0,0,1,0,0,0,0,0,0,0,0,0,1,0,0,1,0,0,0,1,1,0,0,0,0,0,1,0,0,0,0,0,0,0,0,0,0,0,0,0,0,0,0,0,0,0,1,0,0,0,0,0,0,0,1,0,0,0,0,0,0,0,0,1,0,0,0,0,0,1,0,0,0,0,1,0,0,0,0,0,0,0,0,1,0,0,0,0,1,0,0,0,0,0,0,0,0,0,0,0,0,0,0,0,0,0,0,0,1,0,0,0,0,0,0,0,0,0,0,0,0,0,0,0,1,0,0,0,1,0,0,1,0,0,0,0,0,1,0,0,0,0,0,0,0,0,1,0,1,0,0,0,0,0,0,0,0,0,0,0,0,0,1,0,0,0,0,1,0
4.330733340286331,9.192787212728593,4,3,5,5,1965,1965,0.0,3,3,0,0,0,0,0.0,0,0.0,0.0,0.0,3,0,7.417580402414544,0.0,0.0,7.417580402414544,0.0,0.0,2,0,4,2,3,8,8,0,0,0.0,0,0.0,0.0,0,0,2,0.0,0.0,0.0,0.0,0.0,0,0.0,5,2010,7.417580402414544,2.0,45,45,0,0,0,0,0,0,0,0,0,0,0,0,0,0,0,0,0,0,1,0,0,0,1,0,0,1,0,0,0,1,1,0,0,0,0,0,1,0,0,0,0,0,0,0,1,0,0,0,0,0,0,0,0,0,0,0,0,0,0,0,0,0,0,0,1,0,0,0,0,0,0,0,0,1,0,0,0,0,0,0,0,1,0,0,0,0,1,0,0,0,0,0,0,0,0,1,0,0,1,0,0,0,0,0,0,0,1,0,0,0,0,0,0,0,0,0,0,0,0,0,0,1,0,0,0,0,0,0,0,0,0,0,0,0,0,0,0,0,1,0,0,1,0,0,0,0,0,1,0,0,0,0,0,0,0,0,1,0,0,0,0,0,0,1,0,0,0,0,0,0,0,0,1,0,0,0,0,1,0
4.02535169073515,9.267948684596496,4,3,6,7,1923,1996,0.0,3,4,3,2,1,1,0.0,1,0.0,6.401917196727186,602.0,3,1,6.803505257608338,6.401917196727186,0.0,7.315218389752975,0.0,0.0,1,1,3,1,4,7,8,2,3,1923.0,1,1.0,180.0,3,3,2,4.574710978503383,0.0,4.727387818712341,0.0,3.9889840465642745,0,0.0,8,2007,7.652070746116482,1.5,84,11,1,1,1,0,0,0,0,0,0,0,0,0,0,0,1,0,0,0,0,0,0,0,1,0,0,1,0,0,0,1,1,0,0,0,0,0,1,0,0,0,0,0,0,1,0,0,0,0,0,0,0,0,0,0,0,0,0,0,0,0,0,0,0,0,1,0,0,0,0,0,0,0,0,1,0,0,0,0,0,1,0,0,0,0,0,0,0,0,0,1,0,0,0,0,0,1,0,0,1,0,0,0,0,0,0,0,0,0,0,0,0,0,0,0,0,0,0,0,1,0,0,0,0,0,0,0,0,0,0,0,0,0,0,0,1,0,0,0,1,0,0,0,1,0,0,0,0,1,0,0,0,0,0,0,0,0,1,0,0,0,0,0,1,0,0,0,0,0,0,0,0,0,1,0,0,0,0,1,0
4.110873864173311,8.881975184248867,4,3,5,4,1910,2006,0.0,3,3,3,3,1,5,5.5134287461649825,3,6.144185634125646,5.739792912179234,1022.0,3,0,6.930494765951626,0.0,0.0,6.930494765951626,1.0,0.0,1,0,2,1,3,4,3,0,0,1956.0,1,1.0,280.0,3,3,2,0.0,3.4339872044851463,5.424950017481403,0.0,0.0,0,0.0,6,2009,7.623153068476902,2.0,99,3,1,1,0,0,0,0,0,0,0,1,0,0,0,0,0,0,0,0,0,0,0,0,0,1,0,1,0,0,0,1,1,0,0,0,0,0,1,0,0,0,0,0,0,0,0,0,0,0,0,0,0,0,0,0,1,0,0,0,0,0,0,0,0,0,1,0,0,0,0,0,0,0,0,1,0,0,0,0,0,1,0,0,0,0,0,0,1,0,0,0,0,0,0,0,0,1,0,0,1,0,0,0,0,0,0,0,0,0,0,0,0,0,0,1,0,0,0,0,0,0,0,0,0,0,0,0,0,0,0,0,0,0,1,0,0,0,0,0,1,0,1,0,0,0,0,0,0,0,1,0,0,0,0,0,0,0,1,0,0,0,0,0,1,0,0,0,0,0,0,0,0,0,1,0,0,0,0,1,0
4.110873864173311,9.36434818445553,4,3,6,5,1948,1950,5.332718793265369,3,3,3,2,1,4,5.820082930352362,1,0.0,6.616065185132817,1082.0,3,1,6.9874902470009905,0.0,0.0,6.9874902470009905,0.0,0.0,1,0,2,1,3,5,8,1,4,1948.0,1,1.0,240.0,3,3,2,0.0,4.875197323201151,0.0,0.0,0.0,0,0.0,11,2007,7.68017564043659,1.0,59,57,1,1,1,0,0,0,0,0,1,0,0,0,0,0,0,0,0,0,0,0,0,0,1,0,0,1,0,0,0,1,1,0,0,0,0,0,1,0,0,0,0,0,0,0,0,0,0,0,0,1,0,0,0,0,0,0,0,0,0,0,0,0,1,0,0,0,0,0,0,0,0,0,0,1,0,0,0,0,0,1,0,0,0,0,0,0,1,0,0,0,0,0,0,1,0,0,0,0,1,0,0,0,0,0,0,0,0,0,0,0,0,0,0,1,0,0,0,0,0,0,0,0,0,0,0,0,0,0,1,0,0,0,0,0,0,0,0,1,0,0,0,1,0,0,0,0,0,1,0,0,0,0,0,0,0,0,1,0,0,0,0,0,1,0,0,0,0,0,0,0,0,0,1,0,0,0,0,1,0
4.2626798770413155,9.036106025364846,4,3,8,6,2001,2001,0.0,4,3,4,3,1,6,6.467698726104354,1,0.0,5.123963979403259,810.0,5,1,6.698268054115413,6.752270376141742,0.0,7.418180822726788,1.0,0.0,2,1,3,1,4,6,8,0,0,2001.0,3,2.0,528.0,3,3,2,0.0,3.828641396489095,0.0,0.0,0.0,0,0.0,11,2009,7.814399633804487,3.5,8,8,1,1,0,0,0,0,0,0,0,0,0,0,0,1,0,0,0,0,0,0,0,0,1,0,0,1,0,0,0,1,1,0,0,0,0,0,1,0,0,0,0,0,0,0,0,0,0,0,0,0,0,1,0,0,0,0,0,0,0,0,0,0,0,0,1,0,0,0,0,0,0,0,0,1,0,0,0,0,0,1,0,0,0,0,0,0,0,0,0,1,0,0,0,1,0,0,0,0,1,0,0,0,0,0,0,0,0,0,0,0,0,0,0,0,0,0,0,1,0,0,0,0,0,0,0,0,0,0,0,0,0,0,0,1,0,0,0,0,1,0,0,0,1,0,0,0,0,1,0,0,0,0,0,0,0,0,1,0,1,0,0,0,0,0,0,0,0,0,0,0,0,0,1,0,0,0,0,1,0
4.30406509320417,9.382948236582498,4,3,7,5,1996,1996,5.2832037287379885,4,3,4,3,4,6,6.53813982376767,1,0.0,6.703188113240863,1504.0,5,1,7.316548177182976,0.0,0.0,7.316548177182976,1.0,0.0,2,0,3,1,4,6,8,1,3,1996.0,3,2.0,478.0,3,3,2,4.7535901911063645,4.204692619390966,0.0,0.0,0.0,0,0.0,6,2009,8.009363076630045,3.0,13,13,1,1,1,0,0,0,0,0,1,0,0,0,0,0,0,0,0,0,0,0,0,0,1,0,0,1,0,0,0,1,1,0,0,0,0,0,1,0,0,0,0,0,1,0,0,0,0,0,0,0,0,0,0,0,0,0,0,0,0,0,0,0,0,0,1,0,0,0,0,0,0,0,0,1,0,0,0,0,0,1,0,0,0,0,0,0,1,0,0,0,0,0,0,0,0,1,0,0,1,0,0,0,0,0,0,0,0,0,0,0,0,0,0,0,0,0,0,1,0,0,0,0,0,0,0,0,0,0,0,0,0,0,0,1,0,0,0,1,0,0,0,0,1,0,0,0,0,1,0,0,0,0,0,0,0,0,1,0,1,0,0,0,0,0,0,0,0,0,0,0,0,0,1,0,0,0,0,1,0
4.135166556742356,8.668196064952765,3,3,8,5,1984,1984,0.0,4,3,4,3,3,6,6.9440872082295275,1,0.0,5.220355825078324,1220.0,4,1,7.215975002651466,0.0,0.0,7.215975002651466,1.0,0.0,1,0,1,1,4,4,8,1,5,1984.0,2,2.0,565.0,3,3,2,4.1588830833596715,0.0,0.0,0.0,0.0,0,0.0,8,2009,7.855932199718614,2.0,25,25,1,1,1,1,0,0,0,0,0,0,0,0,0,0,0,0,0,0,0,0,0,0,1,0,0,1,0,0,0,1,1,0,0,1,0,0,0,0,0,0,0,0,0,0,0,0,0,0,0,0,0,0,0,0,0,0,0,0,0,1,0,0,0,0,1,0,0,0,0,0,0,0,0,1,0,0,0,0,0,0,0,0,0,1,0,0,1,0,0,0,0,0,0,1,0,0,0,0,1,0,0,0,0,0,0,0,0,0,0,0,0,1,0,0,0,0,0,0,0,0,0,0,0,0,0,0,1,0,0,0,0,0,0,0,0,0,0,0,1,0,0,1,0,0,0,0,0,1,0,0,0,0,0,0,0,0,1,0,1,0,0,0,0,0,1,0,0,0,0,0,0,0,0,1,0,0,0,0,0
4.189654742026425,9.285911558823257,3,3,7,5,1991,1992,4.343805421853684,4,3,4,3,1,1,0.0,1,0.0,5.953243334287785,384.0,4,1,6.688354713946762,6.508769136971682,0.0,7.29505641646263,0.0,0.0,2,1,3,1,4,7,8,1,3,1991.0,2,2.0,402.0,3,3,2,5.10594547390058,0.0,0.0,0.0,0.0,0,0.0,5,2007,7.526717561352706,2.5,16,15,1,1,1,0,0,0,0,0,0,0,0,0,0,0,0,0,1,0,0,0,0,0,1,0,0,1,0,0,0,1,1,0,0,0,1,0,0,0,0,0,0,0,0,0,0,1,0,0,0,0,0,0,0,0,0,0,0,0,0,0,0,0,0,0,1,0,0,0,0,0,0,0,0,1,0,0,0,0,0,1,0,0,0,0,0,0,0,0,0,0,0,1,0,1,0,0,0,0,1,0,0,0,0,0,0,0,0,0,0,0,0,1,0,0,0,0,0,0,0,0,0,0,0,0,0,0,1,0,0,0,0,0,0,0,0,0,0,1,0,0,0,0,1,0,0,0,0,1,0,0,0,0,0,0,0,0,1,0,1,0,0,0,0,0,0,0,0,0,0,0,0,0,1,0,0,0,0,1,0
3.784189633918261,8.01102337918644,4,3,7,5,2005,2005,4.983606621708336,4,3,4,3,4,6,2.833213344056216,1,0.0,7.205635176410364,1362.0,5,1,7.317876198626496,0.0,0.0,7.317876198626496,0.0,0.0,2,0,2,1,4,6,8,1,4,2005.0,3,2.0,440.0,3,3,2,4.962844630259907,3.044522437723423,0.0,0.0,0.0,0,0.0,4,2006,7.9617188159813645,2.0,1,1,1,1,1,1,0,0,0,0,0,0,0,0,0,0,0,0,0,0,0,0,0,0,1,0,0,1,0,0,0,1,1,0,0,0,0,0,1,1,0,0,0,0,0,0,0,0,0,0,0,0,0,0,0,0,0,0,0,0,0,0,0,0,0,0,1,0,0,0,0,0,0,0,0,1,0,0,0,0,0,0,0,0,0,1,0,0,1,0,0,0,0,0,0,1,0,0,0,0,1,0,0,0,0,0,0,0,0,0,0,0,0,0,0,0,0,0,0,1,0,0,0,0,0,0,0,0,0,0,0,0,0,0,0,1,0,0,0,1,0,0,0,0,1,0,0,0,0,1,0,0,0,0,0,0,0,0,1,0,1,0,0,0,0,0,0,0,0,0,0,0,0,0,1,0,0,0,0,1,0
4.110873864173311,8.857230494201946,4,3,4,5,2005,2005,0.0,3,3,4,3,1,6,6.932447891572509,1,0.0,4.6913478822291435,1132.0,5,1,7.0326242610280065,0.0,0.0,7.0326242610280065,1.0,0.0,1,1,2,1,4,5,8,0,0,2005.0,3,2.0,451.0,3,3,2,5.53338948872752,4.174387269895637,0.0,0.0,0.0,0,0.0,6,2008,7.725330037917135,2.5,3,3,1,1,0,0,0,0,0,0,1,0,0,0,0,0,0,0,0,0,0,0,0,0,1,0,0,1,0,0,0,1,1,0,0,0,0,0,1,0,0,0,0,0,0,0,1,0,0,0,0,0,0,0,0,0,0,0,0,0,0,0,0,0,0,0,1,0,0,0,0,0,0,0,0,1,0,0,0,0,0,1,0,0,0,0,0,0,1,0,0,0,0,0,0,1,0,0,0,0,1,0,0,0,0,0,0,0,0,0,0,0,0,0,0,0,0,0,0,1,0,0,0,0,0,0,0,0,0,0,0,0,0,0,0,1,0,0,0,0,1,0,0,0,1,0,0,0,0,1,0,0,0,0,0,0,0,0,1,0,1,0,0,0,0,0,0,0,0,0,0,0,0,0,1,0,0,0,0,1,0
4.174387269895637,8.91018077801329,4,3,7,5,2006,2006,4.442651256490317,4,3,4,3,3,6,6.529418838262226,1,0.0,6.246106765481563,1199.0,5,1,7.107425474110705,0.0,0.0,7.107425474110705,1.0,0.0,2,0,2,1,4,6,8,0,0,2006.0,2,2.0,632.0,3,3,2,4.663439094112067,4.007333185232471,0.0,0.0,0.0,0,0.0,7,2006,7.791522819150732,3.0,0,0,1,1,0,0,0,0,0,0,1,0,0,0,0,0,0,0,0,0,0,0,0,0,1,0,0,1,0,0,0,1,1,0,0,0,0,0,1,0,0,0,0,0,1,0,0,0,0,0,0,0,0,0,0,0,0,0,0,0,0,0,0,0,0,0,1,0,0,0,0,0,0,0,0,1,0,0,0,0,0,1,0,0,0,0,0,0,1,0,0,0,0,0,0,1,0,0,0,0,1,0,0,0,0,0,0,0,0,0,0,0,0,0,0,0,0,0,0,1,0,0,0,0,0,0,0,0,0,0,0,0,0,0,0,1,0,0,0,0,0,1,0,0,1,0,0,0,0,1,0,0,0,0,0,0,0,0,1,0,1,0,0,0,0,0,0,0,0,0,0,0,1,0,0,0,0,0,0,0,1
3.970291913552122,9.152711259139547,4,3,5,5,1930,1950,0.0,3,3,3,3,1,2,5.783825182329737,1,0.0,6.3784261836515865,912.0,4,1,6.816735880594968,5.820082930352362,0.0,7.130098510125578,0.0,0.0,1,0,2,1,3,6,8,0,0,1957.0,1,1.0,160.0,2,2,2,0.0,0.0,5.262690188904886,0.0,0.0,0,0.0,3,2007,7.6783263565068856,1.0,77,57,1,1,0,0,0,0,0,0,0,0,0,0,1,0,0,0,0,0,0,0,0,0,0,1,0,1,0,0,0,1,1,0,0,0,0,0,1,0,0,0,0,0,0,0,0,0,0,0,0,0,0,0,0,0,1,0,0,0,0,0,0,0,0,0,1,0,0,0,0,0,0,0,0,1,0,0,0,0,0,1,0,0,0,0,1,0,0,0,0,0,0,0,0,1,0,0,0,0,1,0,0,0,0,0,0,0,0,0,0,0,0,0,0,0,0,0,0,0,1,0,0,0,0,0,0,0,0,0,0,0,0,0,0,0,1,0,0,0,1,0,0,1,0,0,0,0,0,1,0,0,0,0,1,0,0,0,0,0,0,0,0,0,1,0,0,0,0,0,0,0,0,0,1,0,0,0,0,1,0
3.784189633918261,8.065579427282092,4,3,7,5,2005,2006,2.70805020110221,4,3,4,4,1,6,2.833213344056216,1,0.0,7.193685818395112,1346.0,5,1,7.316548177182976,0.0,0.0,7.316548177182976,0.0,0.0,2,0,2,1,4,7,8,1,4,2005.0,3,2.0,437.0,3,3,2,5.056245805348308,3.044522437723423,0.0,0.0,0.0,0,0.0,5,2008,7.955425088912672,2.0,3,2,1,1,1,1,0,0,0,0,0,0,0,0,0,0,0,0,0,0,0,0,0,0,1,0,0,1,0,0,0,1,1,0,0,0,0,0,1,1,0,0,0,0,0,0,0,0,0,0,0,0,0,0,0,0,0,0,0,0,0,0,0,0,0,0,1,0,0,0,0,0,0,0,0,1,0,0,0,0,0,0,0,0,0,1,0,0,1,0,0,0,0,0,0,1,0,0,0,0,1,0,0,0,0,0,0,0,0,0,0,0,0,0,0,0,0,0,0,1,0,0,0,0,0,0,0,0,0,0,0,0,0,0,0,1,0,0,0,1,0,0,0,0,1,0,0,0,0,1,0,0,0,0,0,0,0,0,1,0,1,0,0,0,0,0,0,0,0,0,0,0,0,0,1,0,0,0,0,1,0
4.454347296253507,9.648530784697051,3,3,8,6,1976,1976,0.0,4,3,4,3,3,5,7.061334366910438,2,5.993961427306569,0.0,1565.0,3,1,7.972121128921655,0.0,0.0,7.972121128921655,1.0,0.0,2,0,2,1,4,10,8,1,4,1976.0,3,2.0,665.0,3,3,2,0.0,4.290459441148391,5.1647859739235145,0.0,0.0,0,0.0,5,2008,8.403800504061147,3.0,32,32,1,1,1,0,0,0,0,0,1,0,0,0,0,0,0,0,0,0,0,0,0,0,1,0,0,1,0,0,0,1,1,0,1,0,0,0,0,0,0,0,0,0,0,0,0,0,0,0,0,0,0,0,0,0,0,0,0,0,0,0,1,0,0,0,1,0,0,0,0,0,0,0,0,1,0,0,0,0,0,1,0,0,0,0,0,0,1,0,0,0,0,0,0,0,0,1,0,0,0,0,0,0,0,1,0,0,0,0,0,0,0,0,0,0,0,1,0,0,0,0,0,0,0,0,0,0,1,0,0,0,0,0,0,0,0,0,0,0,1,0,0,1,0,0,0,0,0,1,0,0,0,0,0,0,0,0,1,0,1,0,0,0,0,0,1,0,0,0,0,0,0,0,0,1,0,0,0,0,0
4.2626798770413155,8.94910546953925,4,3,5,5,1972,1972,0.0,3,3,3,3,1,2,4.9344739331306915,3,6.150602768446279,5.6240175061873385,882.0,3,1,6.78332520060396,0.0,0.0,6.78332520060396,1.0,0.0,1,0,3,1,3,5,8,0,0,1980.0,1,2.0,461.0,3,3,2,4.574710978503383,0.0,0.0,0.0,0.0,0,0.0,3,2007,7.475905969367397,2.0,35,35,1,1,0,0,0,0,0,0,1,0,0,0,0,0,0,0,0,0,0,0,0,0,1,0,0,1,0,0,0,1,1,0,1,0,0,0,0,0,0,0,0,0,1,0,0,0,0,0,0,0,0,0,0,0,0,0,0,0,0,0,0,0,0,0,1,0,0,0,0,0,0,0,0,1,0,0,0,0,0,1,0,0,0,0,0,0,1,0,0,0,0,0,0,1,0,0,0,0,1,0,0,0,0,0,0,0,0,0,0,0,0,0,0,0,0,0,0,1,0,0,0,0,0,0,0,0,0,0,0,0,0,0,0,1,0,0,0,0,1,0,0,1,0,0,0,0,0,1,0,0,0,0,0,0,0,0,1,0,0,0,0,0,1,0,0,0,0,0,0,0,0,0,1,0,0,0,0,1,0
4.30406509320417,9.137877200242468,4,3,5,5,1960,1960,5.783825182329737,3,3,3,3,1,3,6.548219102762372,1,0.0,6.349138991379798,1268.0,3,1,7.142827401161621,0.0,0.0,7.142827401161621,1.0,0.0,1,0,3,1,3,6,8,2,4,1960.0,1,2.0,461.0,3,3,2,0.0,0.0,0.0,0.0,4.969813299576001,0,0.0,4,2010,7.837159650001675,2.0,50,50,1,1,1,0,0,0,0,0,1,0,0,0,0,0,0,0,0,0,0,0,0,0,1,0,0,1,0,0,0,1,1,0,0,0,0,0,1,0,0,0,0,0,0,0,0,0,0,0,0,1,0,0,0,0,0,0,0,0,0,0,0,0,0,1,0,0,0,0,0,0,0,0,0,1,0,0,0,0,0,1,0,0,0,0,0,0,1,0,0,0,0,0,0,1,0,0,0,0,1,0,0,0,0,0,0,0,0,0,0,0,0,0,0,1,0,0,0,0,0,0,0,0,0,0,0,0,1,0,0,0,0,0,0,0,0,0,0,1,0,0,0,1,0,0,0,0,0,1,0,0,0,0,0,0,0,0,1,0,1,0,0,0,0,0,0,0,0,0,0,0,0,0,1,0,0,0,0,1,0
4.276666119016055,9.161255164285691,3,3,8,5,2007,2008,5.82600010738045,4,3,4,3,4,6,7.322510433997394,1,0.0,4.836281906951478,1638.0,5,1,7.4067107301776405,0.0,0.0,7.4067107301776405,1.0,0.0,2,0,3,1,4,7,8,1,4,2008.0,2,3.0,800.0,3,3,2,5.262690188904886,3.8066624897703196,0.0,0.0,0.0,0,0.0,4,2008,8.09712193091871,3.0,1,0,1,1,1,0,0,0,0,0,1,0,0,0,0,0,0,0,0,0,0,0,0,0,1,0,0,1,0,1,0,0,1,0,0,0,0,0,1,0,0,0,0,0,0,0,0,0,0,0,0,0,0,0,0,0,0,0,0,0,0,0,1,0,0,0,1,0,0,0,0,0,0,0,0,1,0,0,0,0,0,1,0,0,0,0,0,0,1,0,0,0,0,0,0,1,0,0,0,0,1,0,0,0,0,0,0,0,0,0,0,0,0,0,0,0,0,0,0,1,0,0,0,0,0,0,0,0,0,0,0,0,0,0,0,1,0,0,0,0,0,1,0,0,1,0,0,0,0,1,0,0,0,0,0,0,0,0,1,0,1,0,0,0,0,0,0,0,0,0,0,0,1,0,0,0,0,0,0,0,1
4.382026634673881,9.158309963881798,4,3,5,5,1941,1950,0.0,3,3,3,3,1,3,5.910796644040527,4,3.7376696182833684,5.886104031450156,768.0,3,1,6.876264611890766,6.013715156042802,0.0,7.227662498728654,1.0,0.0,1,0,3,1,3,6,8,1,4,1941.0,1,1.0,240.0,3,3,2,0.0,0.0,0.0,0.0,0.0,0,0.0,4,2007,7.6708948313621175,2.0,66,57,1,1,1,0,0,0,0,0,0,0,0,0,1,0,0,0,0,0,0,0,0,0,1,0,0,1,0,0,0,1,1,0,0,0,0,0,1,0,0,0,0,0,0,0,0,0,0,0,0,1,0,0,0,0,0,0,0,0,0,0,0,0,1,0,0,0,0,0,0,0,0,0,0,1,0,0,0,0,0,1,0,0,0,0,1,0,0,0,0,0,0,0,0,1,0,0,0,0,1,0,0,0,0,0,0,0,0,0,0,0,0,0,0,0,0,0,0,0,0,1,0,0,0,0,0,0,0,0,0,0,0,0,0,0,0,1,0,0,1,0,0,1,0,0,0,0,0,1,0,0,0,0,0,0,0,0,1,0,1,0,0,0,0,0,0,0,0,0,0,0,0,0,1,0,0,0,0,1,0
3.091042453358316,7.427144133408616,4,3,6,7,1972,1972,5.641907070938114,3,3,3,3,1,4,5.762051382780177,1,0.0,5.87493073085203,672.0,4,1,6.511745329644728,6.304448802421981,0.0,7.105786129481271,0.0,1.0,1,1,3,1,3,7,8,0,0,1972.0,1,1.0,264.0,3,3,2,0.0,3.367295829986474,0.0,0.0,0.0,0,0.0,5,2006,7.544861068658458,2.0,34,34,1,1,0,0,0,1,0,0,0,0,0,0,0,0,0,0,0,0,0,0,0,0,0,1,0,1,0,0,0,1,1,0,0,0,0,0,1,0,0,1,0,0,0,0,0,0,0,0,0,0,0,0,0,0,0,0,0,0,0,0,0,0,0,0,1,0,0,0,0,0,0,0,0,1,0,0,0,0,0,0,0,0,1,0,0,0,0,0,0,1,0,0,0,1,0,0,0,0,1,0,0,0,0,0,0,0,0,0,0,0,0,1,0,0,0,0,0,0,0,0,0,0,0,0,0,0,1,0,0,0,0,0,0,0,0,0,0,1,0,0,0,1,0,0,0,0,0,1,0,0,0,0,0,0,0,0,1,0,0,0,0,0,1,0,0,0,0,0,0,0,0,0,1,0,0,0,0,1,0
4.110873864173311,8.865452825753623,4,3,5,8,1916,1995,0.0,3,3,3,3,2,1,0.0,1,0.0,6.532334292222349,686.0,4,1,6.855408798609928,6.8885724595653635,0.0,7.564757012905729,0.0,0.0,2,0,5,2,3,10,8,0,0,0.0,0,0.0,0.0,0,0,0,0.0,0.0,5.43372200355424,0.0,0.0,0,0.0,7,2006,7.869019376499023,2.0,90,11,0,1,0,0,0,0,0,1,0,0,0,0,0,0,0,0,0,0,0,0,0,1,0,0,0,1,0,0,0,1,1,0,0,0,0,0,1,0,0,0,0,0,0,0,0,0,0,0,0,0,0,0,0,0,0,1,0,0,0,0,0,0,0,0,1,0,0,0,0,0,0,0,0,1,0,0,0,0,0,0,1,0,0,0,0,0,0,0,0,1,0,0,0,1,0,0,0,0,1,0,0,0,0,0,0,0,0,0,0,0,0,0,0,0,0,0,0,1,0,0,0,0,0,0,0,0,0,0,0,0,0,0,0,1,0,0,0,0,1,0,0,0,1,0,0,0,0,1,0,0,0,0,0,0,0,0,1,0,0,0,0,0,0,1,0,0,0,0,0,0,0,0,1,0,0,0,0,1,0
4.634728988229636,9.671807670199632,4,3,7,3,1920,1970,0.0,3,3,3,3,1,6,6.261491684321042,1,0.0,5.71042701737487,824.0,5,1,7.431299675155903,6.906754778648554,5.986452005284438,8.03365842788615,1.0,0.0,2,1,5,1,3,12,8,2,3,1970.0,3,2.0,672.0,3,3,2,4.919980925828125,4.1588830833596715,0.0,0.0,0.0,0,0.0,8,2009,8.163371316459912,3.5,89,39,1,1,1,0,0,0,0,0,0,0,0,0,0,0,0,1,0,0,0,0,0,0,1,0,0,1,0,0,0,1,1,0,1,0,0,0,0,0,0,0,0,0,0,0,0,0,0,0,0,0,0,0,0,0,0,1,0,0,0,0,0,0,0,0,1,0,0,0,0,0,0,0,0,1,0,0,0,0,0,1,0,0,0,0,0,0,0,1,0,0,0,0,0,1,0,0,0,0,1,0,0,0,0,0,0,0,0,0,0,0,0,0,0,0,0,0,0,0,1,0,0,0,0,0,0,0,0,0,0,0,1,0,0,0,0,0,0,0,1,0,1,0,0,0,0,0,0,1,0,0,0,0,0,0,0,0,1,0,0,1,0,0,0,0,0,0,0,0,0,0,0,0,1,0,0,0,0,1,0
4.5217885770490405,9.584796293210003,3,3,8,7,1993,1993,0.0,4,4,4,4,1,6,6.920671504248683,1,0.0,5.7899601708972535,1338.0,5,1,7.210079628170788,7.063903961472068,0.0,7.83241092718792,1.0,0.0,2,1,5,1,4,10,8,1,3,1993.0,2,3.0,796.0,3,3,2,5.3471075307174685,4.02535169073515,0.0,0.0,0.0,0,0.0,11,2006,8.258163361537619,3.5,13,13,1,1,1,0,0,0,0,0,0,0,0,0,0,1,0,0,0,0,0,0,0,0,1,0,0,1,0,0,0,1,1,0,1,0,0,0,0,0,0,0,0,0,0,0,0,0,0,0,0,0,0,0,1,0,0,0,0,0,0,0,0,0,0,0,1,0,0,0,0,0,0,0,0,1,0,0,0,0,0,1,0,0,0,0,0,0,0,0,0,1,0,0,0,1,0,0,0,0,1,0,0,0,0,0,0,0,0,0,0,0,0,0,0,1,0,0,0,0,0,0,0,0,0,0,0,0,0,0,1,0,0,0,0,0,0,0,0,0,1,0,0,0,1,0,0,0,0,1,0,0,0,0,0,0,0,0,1,0,1,0,0,0,0,0,0,0,0,0,0,0,0,0,1,1,0,0,0,0,0
4.2626798770413155,9.002824076547672,4,3,7,5,2002,2002,5.69035945432406,4,3,4,3,1,6,6.894670039433482,1,0.0,6.505784060128229,1654.0,5,1,7.411556287811163,0.0,0.0,7.411556287811163,1.0,0.0,2,0,3,1,4,6,8,0,0,2002.0,1,3.0,900.0,3,3,2,0.0,4.919980925828125,0.0,0.0,0.0,0,0.0,2,2006,8.104401307921613,3.0,4,4,1,1,0,0,0,0,0,0,1,0,0,0,0,0,0,0,0,0,0,0,0,0,1,0,0,1,0,0,0,1,1,0,0,0,0,0,1,0,0,0,0,0,1,0,0,0,0,0,0,0,0,0,0,0,0,0,0,0,0,0,0,0,0,0,1,0,0,0,0,0,0,0,0,1,0,0,0,0,0,1,0,0,0,0,0,0,1,0,0,0,0,0,0,1,0,0,0,0,1,0,0,0,0,0,0,0,0,0,0,0,0,0,0,0,0,0,0,1,0,0,0,0,0,0,0,0,0,0,0,0,0,0,0,1,0,0,0,0,0,1,0,0,1,0,0,0,0,1,0,0,0,0,0,0,0,0,1,0,1,0,0,0,0,0,0,0,0,0,0,0,0,0,1,0,0,0,0,1,0
3.9318256327243257,8.749256840105007,4,3,5,7,1938,1950,0.0,3,4,2,2,1,1,0.0,1,0.0,6.825460036255307,920.0,5,1,6.86171134048073,0.0,0.0,6.86171134048073,0.0,0.0,1,0,2,1,2,5,8,1,4,1938.0,1,1.0,240.0,2,3,2,0.0,0.0,0.0,0.0,0.0,0,0.0,6,2007,7.536363938404511,1.0,69,57,1,1,1,0,0,0,0,0,0,1,0,0,0,0,0,0,0,0,0,0,0,0,1,0,0,1,1,0,0,0,1,0,0,0,0,0,1,0,0,0,0,0,0,1,0,0,0,0,0,0,0,0,0,0,0,0,0,0,0,0,0,0,0,0,1,0,0,0,0,0,0,0,0,1,0,0,0,0,0,1,0,0,0,0,0,0,1,0,0,0,0,0,0,1,0,0,0,0,1,0,0,0,0,0,0,0,0,0,0,0,0,0,0,1,0,0,0,0,0,0,0,0,0,0,0,0,0,0,1,0,0,0,0,0,0,0,0,0,1,0,0,0,1,0,0,0,0,1,0,0,0,0,0,0,0,0,1,0,0,1,0,0,0,0,0,0,0,0,0,0,0,0,1,0,0,0,0,1,0
4.182050142641207,9.350189267092581,3,3,4,3,1957,1957,0.0,3,4,0,0,0,0,0.0,0,0.0,0.0,0.0,5,0,6.740519359606223,0.0,0.0,6.740519359606223,0.0,0.0,1,0,3,1,3,5,8,0,0,1957.0,1,1.0,290.0,3,3,0,5.231108616854587,0.0,0.0,0.0,0.0,0,0.0,1,2009,6.740519359606223,1.0,52,52,1,0,0,0,0,0,0,0,1,0,0,0,0,0,0,0,0,0,0,0,0,0,1,0,0,1,0,0,0,1,1,0,0,1,0,0,0,0,0,0,0,0,0,0,1,0,0,0,0,0,0,0,0,0,0,0,0,0,0,0,0,0,0,0,1,0,0,0,0,0,0,0,0,1,0,0,0,0,0,1,0,0,0,0,0,0,1,0,0,0,0,0,0,1,0,0,0,0,1,0,0,0,0,0,0,0,0,0,0,0,0,0,0,0,0,0,0,0,1,0,0,0,0,0,0,0,0,0,0,0,0,0,0,0,1,0,0,0,1,0,0,0,0,1,0,0,0,1,0,0,0,0,0,0,0,0,1,0,0,0,0,0,1,0,0,0,0,0,0,0,0,0,1,0,0,0,0,1,0
4.499809670330265,9.464905067965136,3,3,9,5,2007,2008,4.2626798770413155,4,3,5,3,4,6,6.930494765951626,1,0.0,6.395261598115449,1620.0,5,1,7.390798521735676,0.0,0.0,7.390798521735676,1.0,0.0,2,0,2,1,5,6,8,1,5,2008.0,3,3.0,912.0,3,3,2,5.43372200355424,0.0,0.0,0.0,0.0,0,0.0,9,2009,8.083637203141548,3.0,2,1,1,1,1,0,0,0,0,0,1,0,0,0,0,0,0,0,0,0,0,0,0,0,1,0,0,1,0,1,0,0,1,0,0,0,0,0,1,0,0,0,0,0,0,0,0,0,0,0,0,0,0,0,0,0,0,0,0,0,0,0,1,0,0,0,1,0,0,0,0,0,0,0,0,1,0,0,0,0,0,1,0,0,0,0,0,0,1,0,0,0,0,0,0,0,0,1,0,0,1,0,0,0,0,0,0,0,0,0,0,0,0,0,0,0,0,0,0,1,0,0,0,0,0,0,0,0,0,0,0,0,0,0,0,1,0,0,0,0,0,1,0,0,1,0,0,0,0,1,0,0,0,0,0,0,0,0,1,0,1,0,0,0,0,0,0,0,0,0,0,0,0,0,1,0,0,0,0,1,0
4.2626798770413155,9.13140538388804,4,3,8,5,2001,2002,5.983936280687191,4,3,4,3,1,1,0.0,1,0.0,6.962243464266207,1055.0,5,1,6.962243464266207,7.097548850614793,0.0,7.724888439323074,0.0,0.0,2,1,3,1,4,7,8,1,3,2001.0,3,2.0,905.0,3,3,2,0.0,3.828641396489095,0.0,0.0,5.247024072160486,0,0.0,9,2008,8.107418811719974,2.5,7,6,1,1,1,0,0,0,0,0,0,0,0,0,0,1,0,0,0,0,0,0,0,0,1,0,0,1,0,0,0,1,1,0,0,0,0,0,1,0,0,0,0,0,1,0,0,0,0,0,0,0,0,0,0,0,0,0,0,0,0,0,0,0,0,0,1,0,0,0,0,0,0,0,0,1,0,0,0,0,0,1,0,0,0,0,0,0,0,0,0,1,0,0,0,1,0,0,0,0,1,0,0,0,0,0,0,0,0,0,0,0,0,0,0,0,0,0,0,1,0,0,0,0,0,0,0,0,0,0,0,0,0,0,0,1,0,0,0,1,0,0,0,0,1,0,0,0,0,1,0,0,0,0,0,0,0,0,1,0,0,0,1,0,0,0,0,0,0,0,0,0,0,0,1,0,0,0,0,1,0
3.091042453358316,7.335633981927201,4,3,4,6,1970,2008,0.0,3,3,3,3,1,1,0.0,1,0.0,6.304448802421981,546.0,3,1,6.683360945766275,6.304448802421981,0.0,7.20414929203594,0.0,0.0,1,1,3,1,3,6,8,1,3,0.0,0,0.0,0.0,0,0,2,0.0,0.0,0.0,0.0,0.0,0,0.0,5,2009,7.544861068658458,1.5,39,1,0,1,1,0,0,1,0,0,0,0,0,0,0,0,0,0,0,0,0,0,0,0,0,1,0,1,0,0,0,1,1,0,0,0,0,0,1,0,0,0,0,0,0,0,0,0,0,1,0,0,0,0,0,0,0,0,0,0,0,0,0,0,0,0,1,0,0,0,0,0,0,0,0,1,0,0,0,0,0,0,0,0,1,0,0,0,0,0,0,1,0,0,0,1,0,0,0,0,1,0,0,0,0,0,0,0,0,0,0,0,1,0,0,0,0,0,0,0,0,0,0,0,0,0,0,1,0,0,0,0,0,0,0,0,0,0,0,0,1,0,0,1,0,0,0,0,0,1,0,0,0,0,0,0,0,0,1,0,0,0,0,0,0,1,0,0,0,0,0,0,0,0,1,0,0,0,0,1,0
3.091042453358316,7.298445101508147,4,3,4,4,1970,1970,0.0,3,3,4,3,3,6,6.234410725718371,1,0.0,4.804021044733257,630.0,3,1,6.447305862541213,0.0,0.0,6.447305862541213,1.0,0.0,1,0,1,1,3,3,8,0,0,1970.0,1,1.0,286.0,3,3,2,0.0,0.0,0.0,0.0,0.0,0,0.0,4,2009,7.13966033596492,2.0,39,39,1,1,0,0,0,0,1,0,0,0,0,0,0,0,0,0,0,0,0,0,0,0,0,1,0,1,0,0,0,1,1,0,0,0,0,0,1,0,0,0,0,0,0,0,0,0,0,1,0,0,0,0,0,0,0,0,0,0,0,0,0,0,0,0,1,0,0,0,0,0,0,0,0,1,0,0,0,0,0,0,0,0,0,1,0,0,0,0,0,0,1,0,0,1,0,0,0,0,1,0,0,0,0,0,0,0,0,0,0,0,1,0,0,0,0,0,0,0,0,0,0,0,0,0,0,1,0,0,0,0,0,0,0,0,0,0,0,0,1,0,0,1,0,0,0,0,0,1,0,0,0,0,0,0,0,0,1,0,1,0,0,0,0,0,0,0,0,0,0,0,0,0,1,0,0,0,0,1,0
4.48863636973214,9.482350275033667,4,3,5,4,1957,2000,4.219507705176107,3,3,3,3,1,3,5.1298987149230735,4,6.52649485957079,5.652489180268651,1134.0,5,1,7.4977617006225685,0.0,0.0,7.4977617006225685,1.0,0.0,2,0,3,1,3,8,4,1,3,1957.0,2,2.0,484.0,3,3,2,0.0,0.0,0.0,0.0,0.0,0,0.0,1,2006,7.9854843567338225,3.0,49,6,1,1,1,0,0,0,0,0,1,0,0,0,0,0,0,0,0,0,0,0,0,0,1,0,0,1,0,0,0,1,1,0,1,0,0,0,0,0,0,0,0,0,0,0,0,0,0,0,0,0,0,0,0,0,0,0,1,0,0,0,0,0,0,0,1,0,0,0,0,0,0,0,0,1,0,0,0,0,0,1,0,0,0,0,0,0,1,0,0,0,0,0,0,1,0,0,0,0,1,0,0,0,0,0,0,0,0,0,0,0,0,0,0,0,0,0,0,0,1,0,0,0,0,0,0,0,0,0,0,0,0,0,0,0,1,0,1,0,0,0,0,1,0,0,0,0,0,1,0,0,0,0,0,0,0,0,1,0,1,0,0,0,0,0,0,0,0,0,0,0,0,0,1,0,0,0,0,1,0
4.394449154672439,9.11943049661634,4,3,6,8,1966,2000,5.53338948872752,3,3,3,3,1,6,5.993961427306569,3,4.174387269895637,5.820082930352362,800.0,4,1,6.68586094706836,6.725033642166843,0.0,7.398174092970465,0.0,1.0,1,1,4,1,4,7,8,0,0,1966.0,1,2.0,484.0,3,3,2,0.0,3.713572066704308,0.0,0.0,0.0,0,0.0,7,2008,7.796880342783522,2.0,42,8,1,1,0,0,0,0,0,0,0,0,0,0,0,1,0,0,0,0,0,0,0,0,1,0,0,1,0,0,0,1,1,0,0,0,0,0,1,0,0,0,0,0,0,0,0,0,0,0,0,0,0,1,0,0,0,0,0,0,0,0,0,0,0,1,0,0,0,0,0,0,0,0,0,1,0,0,0,0,0,1,0,0,0,0,0,0,0,0,0,1,0,0,0,0,0,1,0,0,1,0,0,0,0,0,0,0,0,0,0,0,0,1,0,0,0,0,0,0,0,0,0,0,0,0,0,0,1,0,0,0,0,0,0,0,0,0,0,1,0,0,0,1,0,0,0,0,0,1,0,0,0,0,0,0,0,0,1,0,1,0,0,0,0,0,0,0,0,0,0,0,0,0,1,0,0,0,0,1,0
3.5553480614894135,8.590815331286851,3,3,6,5,2005,2005,4.912654885736052,4,3,4,3,3,5,6.803505257608338,1,0.0,6.008813185442595,1306.0,5,1,7.175489713624222,0.0,0.0,7.175489713624222,1.0,0.0,2,0,1,1,4,5,8,1,4,2005.0,2,2.0,624.0,3,3,2,5.14166355650266,4.1588830833596715,0.0,0.0,0.0,0,0.0,8,2009,7.868254265520613,3.0,4,4,1,1,1,1,0,0,0,0,0,0,0,0,0,0,0,0,0,0,0,0,0,0,1,0,0,1,0,0,0,1,1,0,0,0,0,0,1,0,0,0,0,0,0,0,0,0,0,0,0,0,0,0,0,1,0,0,0,0,0,0,0,0,0,0,1,0,0,0,0,0,0,0,0,1,0,0,0,0,0,0,0,0,1,0,0,0,1,0,0,0,0,0,0,1,0,0,0,0,1,0,0,0,0,0,0,0,0,0,0,0,0,0,0,0,0,0,0,1,0,0,0,0,0,0,0,0,0,0,0,0,0,0,0,1,0,0,0,0,0,1,0,0,1,0,0,0,0,1,0,0,0,0,0,0,0,0,1,0,1,0,0,0,0,0,0,0,0,0,0,0,0,0,1,0,0,0,0,1,0
4.465908118654584,9.379238908437996,4,3,7,5,1990,1990,4.605170185988092,3,3,4,3,1,6,6.990256500493881,1,0.0,5.968707559985366,1475.0,5,1,7.334981878871814,6.682108597449809,0.0,7.753623546559746,1.0,0.0,2,1,4,1,4,10,8,1,5,1990.0,1,2.0,514.0,3,3,2,5.262690188904886,4.804021044733257,0.0,0.0,0.0,0,0.0,5,2008,8.244071270295786,3.5,18,18,1,1,1,0,0,0,0,0,0,0,0,0,0,1,0,0,0,0,0,0,0,0,1,0,0,1,0,0,0,1,1,0,0,0,0,0,1,0,0,0,0,0,0,0,0,0,0,0,0,0,0,0,0,0,0,0,0,1,0,0,0,0,0,0,1,0,0,0,0,0,0,0,0,1,0,0,0,0,0,1,0,0,0,0,0,0,0,0,0,1,0,0,0,0,0,1,0,0,1,0,0,0,0,0,0,0,0,0,0,0,0,1,0,0,0,0,0,0,0,0,0,0,0,0,0,0,1,0,0,0,0,0,0,0,0,0,0,1,0,0,0,0,1,0,0,0,0,1,0,0,0,0,0,0,0,0,1,0,1,0,0,0,0,0,0,0,0,0,0,0,0,0,1,0,0,0,0,1,0
4.394449154672439,9.169622538697624,4,3,8,5,1981,1981,0.0,4,3,4,3,1,5,7.007600613951853,1,0.0,7.259116128097101,2524.0,3,1,7.83399634170946,0.0,0.0,7.83399634170946,1.0,0.0,2,1,4,1,4,9,8,1,4,1981.0,3,2.0,542.0,3,3,2,6.163314804034641,4.795790545596741,0.0,0.0,0.0,0,0.0,7,2009,8.526945482858915,3.5,28,28,1,1,1,0,0,0,0,0,1,0,0,0,0,0,0,0,0,0,0,0,0,0,1,0,0,1,0,0,0,1,1,0,0,0,0,0,1,0,0,0,0,0,0,0,0,0,0,0,0,0,0,1,0,0,0,0,0,0,0,0,0,0,0,0,0,0,1,0,0,0,0,0,0,1,0,0,0,0,0,1,0,0,0,0,0,0,1,0,0,0,0,0,0,0,0,1,0,0,0,0,0,0,0,0,1,0,0,0,1,0,0,0,0,0,0,0,0,0,0,0,0,0,0,1,0,0,0,0,0,0,0,0,0,0,0,0,0,0,1,0,0,0,1,0,0,0,0,1,0,0,0,0,0,0,0,0,1,0,1,0,0,0,0,0,0,0,0,0,0,0,0,0,1,0,0,0,0,1,0
4.182050142641207,9.523763287920113,3,3,3,5,1955,1955,0.0,3,3,0,0,0,0,0.0,0,0.0,0.0,0.0,5,1,7.458186157340487,0.0,0.0,7.458186157340487,0.0,0.0,2,0,4,1,3,8,6,1,4,1955.0,1,2.0,452.0,3,3,2,0.0,0.0,0.0,0.0,0.0,0,0.0,6,2009,7.458186157340487,2.0,54,54,1,0,1,0,0,0,0,0,1,0,0,0,0,0,0,0,0,0,0,0,0,0,1,0,0,1,0,0,0,1,1,0,0,1,0,0,0,0,0,0,0,0,0,0,1,0,0,0,0,0,0,0,0,0,0,0,0,0,0,0,0,0,0,0,1,0,0,0,0,0,0,0,0,1,0,0,0,0,0,1,0,0,0,0,0,0,1,0,0,0,0,0,0,0,0,1,0,0,1,0,0,0,0,0,0,0,0,0,1,0,0,0,0,0,0,0,0,0,0,0,0,0,0,0,0,0,0,0,0,0,0,0,0,0,1,0,0,0,1,0,0,0,0,1,0,0,0,1,0,0,0,0,1,0,0,0,0,0,1,0,0,0,0,0,0,0,0,0,0,0,0,0,1,0,0,0,0,1,0
4.454347296253507,9.683900170549684,3,3,9,5,2005,2006,5.342334251964811,4,3,5,3,3,6,5.484796933490655,1,0.0,7.469083884921234,1992.0,5,1,7.597396320212795,6.776506992372183,0.0,7.9617188159813645,0.0,0.0,3,1,4,1,5,11,8,1,4,2005.0,3,3.0,716.0,3,3,2,5.3706380281276624,4.6913478822291435,0.0,0.0,0.0,0,0.0,7,2006,8.488999457045455,3.5,1,0,1,1,1,0,0,0,0,0,0,0,0,0,0,1,0,0,0,0,0,0,0,0,1,0,0,1,0,0,0,1,1,0,0,0,0,0,1,0,0,0,0,0,0,0,0,0,0,0,0,0,0,0,0,0,0,0,0,0,0,1,0,0,0,0,1,0,0,0,0,0,0,0,0,1,0,0,0,0,0,1,0,0,0,0,0,0,0,0,0,1,0,0,0,0,0,1,0,0,1,0,0,0,0,0,0,0,0,0,0,0,1,0,0,0,0,0,0,0,0,0,0,0,0,0,0,1,0,0,0,0,0,0,0,0,0,0,0,0,0,1,0,0,1,0,0,0,0,1,0,0,0,0,0,0,0,0,1,0,0,0,1,0,0,0,0,0,0,0,0,0,1,0,0,0,0,0,0,0,1
4.060443010546419,9.13194630454817,2,3,5,5,1994,1995,0.0,3,3,4,3,1,6,6.532334292222349,1,0.0,5.720311776607412,990.0,5,1,6.898714534329988,0.0,0.0,6.898714534329988,0.0,1.0,1,0,3,1,3,5,8,0,0,1996.0,1,2.0,672.0,3,3,2,0.0,0.0,0.0,0.0,0.0,0,0.0,2,2008,7.591357046698551,1.5,14,13,1,1,0,0,0,0,0,0,1,0,0,0,0,0,0,0,0,0,0,0,0,0,1,0,0,1,0,0,0,1,1,0,0,0,0,0,1,0,0,0,0,0,1,0,0,0,0,0,0,0,0,0,0,0,0,0,0,0,0,0,0,0,0,0,1,0,0,0,0,0,0,0,0,1,0,0,0,0,0,1,0,0,0,0,0,0,1,0,0,0,0,0,0,1,0,0,0,0,1,0,0,0,0,0,0,0,0,0,0,0,0,0,0,0,0,0,0,1,0,0,0,0,0,0,0,0,0,0,0,0,0,0,0,1,0,0,0,0,1,0,0,0,1,0,0,0,0,1,0,0,0,0,0,0,0,0,1,0,0,0,0,0,1,0,0,0,0,0,0,0,0,0,1,0,0,0,0,1,0
4.61512051684126,9.987415012471414,4,3,5,4,1960,2006,4.330733340286331,3,2,0,0,0,0,0.0,0,0.0,0.0,0.0,3,1,7.4798641311650265,0.0,0.0,7.4798641311650265,0.0,0.0,1,0,3,1,3,9,7,1,3,1960.0,1,2.0,336.0,3,3,2,0.0,0.0,0.0,0.0,0.0,0,0.0,11,2009,7.4798641311650265,1.0,49,3,1,0,1,0,0,0,0,0,1,0,0,0,0,0,0,0,0,0,0,0,0,0,1,0,0,1,0,0,0,1,1,0,0,0,0,0,1,0,0,0,0,0,0,0,0,0,0,0,1,0,0,0,0,0,0,0,0,0,0,0,0,0,0,0,1,0,0,0,0,0,0,0,0,1,0,0,0,0,0,1,0,0,0,0,0,0,1,0,0,0,0,0,0,0,0,1,0,0,1,0,0,0,0,0,0,0,0,0,0,0,0,1,0,0,0,0,0,0,0,0,0,0,0,0,0,0,1,0,0,0,0,0,0,0,0,0,0,1,0,0,0,0,0,1,0,0,0,1,0,0,0,0,0,0,0,0,1,0,1,0,0,0,0,0,0,0,0,0,0,0,0,0,1,0,0,0,0,1,0
4.110873864173311,9.314790473332646,4,3,4,7,1946,2006,0.0,3,3,0,0,0,0,0.0,0,0.0,0.0,0.0,5,1,6.836259277277067,0.0,0.0,6.836259277277067,0.0,0.0,1,0,2,1,4,6,8,0,0,1946.0,1,1.0,308.0,3,3,2,0.0,0.0,0.0,0.0,0.0,0,0.0,4,2010,6.836259277277067,1.0,64,4,1,0,0,0,0,0,0,0,1,0,0,0,0,0,0,0,0,0,0,0,0,0,1,0,0,1,0,0,1,0,1,0,0,0,0,0,1,0,0,0,0,0,0,0,1,0,0,0,0,0,0,0,0,0,0,0,0,0,0,0,0,0,0,0,1,0,0,0,0,0,0,0,0,1,0,0,0,0,0,1,0,0,0,0,0,0,1,0,0,0,0,0,0,1,0,0,0,0,1,0,0,0,0,0,0,0,0,0,0,0,0,0,0,1,0,0,0,0,0,0,0,0,0,0,0,0,0,0,1,0,0,0,0,0,0,0,0,0,1,0,0,1,0,0,0,0,0,1,0,0,0,0,0,0,0,0,1,0,0,0,0,0,1,0,0,0,0,0,0,0,0,0,1,1,0,0,0,0,0
4.30406509320417,9.104312967330653,3,3,7,5,2007,2007,0.0,4,3,4,3,3,1,0.0,1,0.0,7.172424577124845,1302.0,5,1,7.172424577124845,0.0,0.0,7.172424577124845,0.0,0.0,2,0,3,1,4,6,8,0,0,2007.0,3,2.0,436.0,3,3,2,0.0,3.1354942159291497,0.0,0.0,0.0,0,0.0,8,2007,7.865187954187467,2.0,0,0,1,1,0,0,0,0,0,0,1,0,0,0,0,0,0,0,0,0,0,0,0,0,1,0,0,1,0,0,0,1,1,0,0,0,0,0,1,0,0,0,0,0,0,0,0,1,0,0,0,0,0,0,0,0,0,0,0,0,0,0,0,0,0,0,1,0,0,0,0,0,0,0,0,1,0,0,0,0,0,1,0,0,0,0,0,0,1,0,0,0,0,0,0,1,0,0,0,0,1,0,0,0,0,0,0,0,0,0,0,0,0,0,0,0,0,0,0,1,0,0,0,0,0,0,0,0,0,0,0,0,0,0,0,1,0,0,0,0,1,0,0,0,1,0,0,0,0,1,0,0,0,0,0,0,0,0,1,0,1,0,0,0,0,0,0,0,0,0,0,0,1,0,0,0,0,0,0,0,1
4.6443908991413725,9.321523900936798,3,3,7,5,2007,2007,0.0,4,3,4,3,3,1,0.0,1,0.0,7.183111701743281,1316.0,5,1,7.183111701743281,0.0,0.0,7.183111701743281,0.0,0.0,2,0,3,1,4,6,8,1,4,2007.0,3,2.0,440.0,3,3,2,0.0,3.044522437723423,0.0,0.0,0.0,0,0.0,10,2007,7.87587915949631,2.0,0,0,1,1,1,0,0,0,0,0,1,0,0,0,0,0,0,0,0,0,0,0,0,0,1,0,0,1,0,0,0,1,1,0,1,0,0,0,0,0,0,0,0,0,1,0,0,0,0,0,0,0,0,0,0,0,0,0,0,0,0,0,0,0,0,0,1,0,0,0,0,0,0,0,0,1,0,0,0,0,0,1,0,0,0,0,0,0,1,0,0,0,0,0,0,1,0,0,0,0,1,0,0,0,0,0,0,0,0,0,0,0,0,0,0,0,0,0,0,1,0,0,0,0,0,0,0,0,0,0,0,0,0,0,0,1,0,0,0,0,1,0,0,0,1,0,0,0,0,1,0,0,0,0,0,0,0,0,1,0,1,0,0,0,0,0,0,0,0,0,0,0,1,0,0,0,0,0,0,0,1
4.61512051684126,9.15915233520675,4,3,6,6,1964,1978,5.60947179518496,3,3,3,3,1,3,6.093569770045136,1,0.0,5.926926025970411,816.0,3,1,7.028201432058005,6.7464121285733745,0.0,7.589841512182657,0.0,1.0,1,1,4,1,3,9,8,1,3,1964.0,2,2.0,540.0,3,3,2,0.0,3.970291913552122,0.0,0.0,0.0,0,0.0,6,2007,7.935229539816907,2.0,43,29,1,1,1,0,0,0,0,0,0,0,0,0,0,1,0,0,0,0,0,0,0,0,1,0,0,1,0,0,0,1,1,0,1,0,0,0,0,0,0,0,0,0,0,0,0,0,0,0,0,1,0,0,0,0,0,0,0,0,0,0,0,0,1,0,0,0,0,0,0,0,0,0,0,1,0,0,0,0,0,1,0,0,0,0,0,0,0,0,0,1,0,0,0,1,0,0,0,0,1,0,0,0,0,0,0,0,0,0,0,0,0,0,0,0,0,0,0,1,0,0,0,0,0,0,0,0,0,0,0,0,0,0,0,1,0,0,1,0,0,0,0,1,0,0,0,0,0,1,0,0,0,0,0,0,0,0,1,0,1,0,0,0,0,0,0,0,0,0,0,0,0,0,1,0,0,0,0,1,0
4.23410650459726,9.055205875026193,4,2,5,6,1957,2002,4.983606621708336,3,3,3,3,3,3,5.950642552587727,1,0.0,6.726233402358747,1216.0,5,1,7.3310603052186325,0.0,0.0,7.3310603052186325,0.0,0.0,1,0,4,1,3,7,6,1,4,1957.0,1,1.0,364.0,3,3,2,4.762173934797756,4.3694478524670215,0.0,0.0,0.0,0,0.0,5,2010,7.916807490937603,1.0,53,8,1,1,1,0,0,0,0,0,1,0,0,0,0,0,0,0,0,0,0,0,0,0,1,0,0,1,0,0,0,1,1,0,0,0,0,0,1,0,0,0,0,0,0,0,1,0,0,0,0,0,0,0,0,0,0,0,0,0,0,0,0,0,0,0,1,0,0,0,0,0,0,0,0,1,0,0,0,0,0,1,0,0,0,0,0,0,1,0,0,0,0,0,0,0,0,1,0,0,1,0,0,0,0,0,0,0,0,0,0,0,0,1,0,0,0,0,0,0,0,0,0,0,0,0,0,0,1,0,0,0,0,0,0,0,0,0,0,0,0,1,0,1,0,0,0,0,0,1,0,0,0,0,1,0,0,0,0,0,0,1,0,0,0,0,0,0,0,0,0,0,0,0,1,0,0,0,0,1,0
4.51085950651685,9.338557669776936,4,3,8,5,2002,2002,5.351858133476067,4,3,4,3,2,6,6.838405200847344,1,0.0,4.897839799950911,1065.0,5,1,6.9957661563048505,6.80128303447162,0.0,7.595889917718538,1.0,0.0,2,1,3,1,4,7,8,1,4,2002.0,3,2.0,586.0,3,3,2,5.298317366548036,4.110873864173311,0.0,0.0,0.0,0,0.0,11,2006,8.024534871605695,3.5,4,4,1,1,1,0,0,0,0,0,0,0,0,0,0,1,0,0,0,0,0,0,0,0,1,0,0,1,0,0,0,1,1,0,1,0,0,0,0,0,0,0,0,0,1,0,0,0,0,0,0,0,0,0,0,0,0,0,0,0,0,0,0,0,0,0,1,0,0,0,0,0,0,0,0,1,0,0,0,0,0,1,0,0,0,0,0,0,0,0,0,1,0,0,0,1,0,0,0,0,1,0,0,0,0,0,0,0,0,0,0,0,0,0,0,0,0,0,0,1,0,0,0,0,0,0,0,0,0,0,0,0,0,0,0,1,0,0,0,1,0,0,0,0,1,0,0,0,0,1,0,0,0,0,0,0,0,0,1,0,1,0,0,0,0,0,0,0,0,0,0,0,0,0,1,0,0,0,0,1,0
4.653960350157523,9.338029733117072,4,3,6,5,1976,1976,5.081404364984463,3,3,4,3,1,5,6.4692503167957724,1,0.0,6.309918278226516,1193.0,3,1,7.329093736246592,0.0,0.0,7.329093736246592,0.0,1.0,2,0,3,1,3,7,8,1,3,1976.0,3,2.0,478.0,3,3,2,0.0,0.0,0.0,0.0,5.247024072160486,0,0.0,5,2008,7.907283609426348,2.5,32,32,1,1,1,0,0,0,0,0,1,0,0,0,0,0,0,0,0,0,0,0,0,0,1,0,0,1,0,0,0,1,1,0,0,0,0,0,1,0,0,0,0,0,0,0,0,0,0,0,0,0,0,1,0,0,0,0,0,0,0,0,0,0,0,0,1,0,0,0,0,0,0,0,0,1,0,0,0,0,0,1,0,0,0,0,0,0,1,0,0,0,0,0,0,1,0,0,0,0,1,0,0,0,0,0,0,0,0,0,0,0,0,0,0,0,1,0,0,0,0,0,0,0,0,0,0,0,0,0,0,0,1,0,0,0,0,0,0,1,0,0,0,1,0,0,0,0,0,1,0,0,0,0,0,0,0,0,1,0,1,0,0,0,0,0,1,0,0,0,0,0,0,0,0,1,0,0,0,0,0
3.784189633918261,8.86120833720818,3,3,7,5,2005,2005,5.484796933490655,4,3,4,3,3,6,6.492239835020471,1,0.0,6.559615237493242,1364.0,5,1,7.21890970761906,0.0,0.0,7.21890970761906,1.0,0.0,2,0,2,1,4,6,8,1,4,2005.0,2,2.0,484.0,3,3,2,5.262690188904886,3.6109179126442243,0.0,0.0,0.0,0,0.0,6,2006,7.911690520708339,3.0,1,1,1,1,1,1,0,0,0,0,0,0,0,0,0,0,0,0,0,0,0,0,0,0,1,0,0,1,0,0,0,1,1,0,0,0,0,0,1,0,0,0,0,0,0,0,0,0,0,0,0,0,0,0,0,1,0,0,0,0,0,0,0,0,0,0,1,0,0,0,0,0,0,0,0,1,0,0,0,0,0,0,0,0,0,1,0,0,1,0,0,0,0,0,0,1,0,0,0,0,1,0,0,0,0,0,0,0,0,0,0,0,0,0,0,0,0,0,0,1,0,0,0,0,0,0,0,0,0,0,0,0,0,0,0,1,0,0,0,0,0,1,0,0,1,0,0,0,0,1,0,0,0,0,0,0,0,0,1,0,1,0,0,0,0,0,0,0,0,0,0,0,0,0,1,0,0,0,0,1,0
4.5217885770490405,10.307618437631156,2,3,7,6,1994,1994,0.0,4,3,4,3,1,6,6.39024066706535,1,0.0,5.937536205082426,973.0,5,1,6.887552571664617,6.77078942390898,0.0,7.523481312573497,0.0,0.0,2,1,3,1,4,7,8,1,4,1994.0,3,2.0,467.0,3,3,2,5.1298987149230735,4.59511985013459,0.0,0.0,0.0,0,0.0,1,2009,7.945909598613133,2.5,15,15,1,1,1,0,0,0,0,0,0,0,0,0,0,1,0,0,0,0,0,0,0,0,1,0,0,1,0,0,0,1,1,0,0,0,1,0,0,0,0,0,0,0,0,0,0,0,0,0,0,0,0,0,1,0,0,0,0,0,0,0,0,0,0,0,1,0,0,0,0,0,0,0,0,1,0,0,0,0,0,1,0,0,0,0,0,0,0,0,0,1,0,0,0,1,0,0,0,0,1,0,0,0,0,0,0,0,0,0,0,0,0,1,0,0,0,0,0,0,0,0,0,0,0,0,0,0,1,0,0,0,0,0,0,0,0,0,0,0,1,0,0,0,1,0,0,0,0,1,0,0,0,0,0,0,0,0,1,0,0,0,1,0,0,0,0,0,0,0,0,0,0,0,1,0,0,0,0,1,0
4.574710978503383,9.333354147871328,3,3,9,5,2008,2008,5.043425116919247,5,3,5,3,3,6,6.842683282238422,1,0.0,5.1298987149230735,1104.0,5,1,7.030857476116121,6.961296045910167,0.0,7.68937110752969,1.0,0.0,2,1,3,1,5,10,8,1,4,2008.0,3,3.0,836.0,3,3,2,0.0,4.634728988229636,0.0,0.0,0.0,0,0.0,7,2009,8.098338846189057,3.5,1,1,1,1,1,0,0,0,0,0,0,0,0,0,0,1,0,0,0,0,0,0,0,0,1,0,0,1,0,0,0,1,1,0,0,0,0,0,1,0,0,0,0,0,0,0,0,0,0,0,0,0,0,0,0,1,0,0,0,0,0,0,0,0,0,0,1,0,0,0,0,0,0,0,0,1,0,0,0,0,0,1,0,0,0,0,0,0,0,0,0,1,0,0,0,1,0,0,0,0,1,0,0,0,0,0,0,0,0,0,0,0,0,0,0,0,0,0,0,1,0,0,0,0,0,0,0,0,0,0,0,0,0,0,0,1,0,0,0,0,0,1,0,0,1,0,0,0,0,1,0,0,0,0,0,0,0,0,1,0,1,0,0,0,0,0,0,0,0,0,0,0,0,0,1,0,0,0,0,1,0
4.31748811353631,9.330431852234003,3,2,6,7,1932,1950,6.175867270105761,3,3,3,3,2,3,5.697093486505405,2,6.324358962381311,0.0,854.0,3,1,7.00033446027523,6.79794041297493,0.0,7.596894438144544,0.0,0.0,1,1,3,1,3,7,8,1,4,1977.0,1,2.0,432.0,3,2,2,0.0,0.0,2.995732273553991,0.0,0.0,0,0.0,3,2007,7.953669778649798,1.5,75,57,1,1,1,0,0,0,0,0,0,0,0,0,1,0,0,0,0,0,0,0,0,0,1,0,0,1,0,1,0,0,1,0,1,0,0,0,0,0,0,0,0,0,0,1,0,0,0,0,0,0,0,0,0,0,0,0,0,0,0,0,0,0,0,0,1,0,0,0,0,0,0,0,0,1,0,0,0,0,0,1,0,0,0,0,1,0,0,0,0,0,0,0,0,1,0,0,0,0,1,0,0,0,0,0,0,0,0,0,0,0,0,0,0,1,0,0,0,0,0,0,0,0,0,0,0,0,0,0,1,0,0,0,0,0,0,0,0,1,0,0,0,1,0,0,0,0,0,1,0,0,0,0,0,0,0,0,1,0,0,0,0,0,1,0,0,0,0,0,0,0,0,0,1,0,0,0,0,1,0
3.7376696182833684,8.501267040865978,4,3,8,5,2001,2001,0.0,4,3,4,3,2,6,6.424869023905388,1,0.0,6.583409222158765,1338.0,5,1,7.199678345691172,0.0,0.0,7.199678345691172,1.0,0.0,2,0,2,1,4,6,8,0,0,2001.0,3,2.0,582.0,3,3,2,0.0,0.0,5.14166355650266,0.0,0.0,0,0.0,4,2010,7.892452043520352,3.0,9,9,1,1,0,1,0,0,0,0,0,0,0,0,0,0,0,0,0,0,0,0,0,0,1,0,0,1,0,0,0,1,1,0,0,0,0,0,1,0,0,0,0,0,0,0,0,0,0,0,0,0,0,0,0,0,0,0,0,0,0,1,0,0,0,0,1,0,0,0,0,0,0,0,0,1,0,0,0,0,0,0,0,0,0,1,0,0,1,0,0,0,0,0,0,1,0,0,0,0,1,0,0,0,0,0,0,0,0,0,0,0,1,0,0,0,0,0,0,0,0,0,0,0,0,0,0,1,0,0,0,0,0,0,0,0,0,0,0,0,1,0,0,0,1,0,0,0,0,1,0,0,0,0,0,0,0,0,1,0,1,0,0,0,0,0,0,0,0,0,0,0,0,0,1,0,0,0,0,1,0
4.795790545596741,9.798182590890704,4,3,3,4,1935,1950,0.0,2,3,3,3,1,1,0.0,1,0.0,6.796823718274855,894.0,3,1,6.796823718274855,0.0,0.0,6.796823718274855,0.0,0.0,1,0,2,1,3,6,8,0,0,1994.0,2,3.0,1248.0,3,3,2,0.0,3.044522437723423,0.0,0.0,0.0,0,6.329720905522696,8,2008,7.489412083508719,1.0,73,58,1,1,0,0,0,0,0,0,0,1,0,0,0,0,0,0,0,0,0,1,0,0,0,0,1,0,0,0,1,0,1,0,0,0,0,0,1,0,0,0,0,0,0,0,0,0,1,0,0,0,0,0,0,0,0,0,0,0,0,0,0,0,0,0,1,0,0,0,0,0,0,0,0,1,0,0,0,0,0,1,0,0,0,0,0,0,1,0,0,0,0,0,0,1,0,0,0,0,1,0,0,0,0,0,0,0,0,0,0,0,0,0,0,1,0,0,0,0,0,0,0,0,0,0,0,0,0,0,1,0,0,0,0,0,0,0,0,0,1,0,0,1,0,0,0,0,0,1,0,0,0,0,0,0,0,0,1,0,0,0,0,0,1,0,0,0,0,1,0,0,0,0,0,0,0,0,0,1,0
4.454347296253507,9.517898598432753,4,3,5,5,1900,1950,0.0,3,3,3,3,1,1,0.0,1,0.0,6.4967749901858625,662.0,3,0,7.260522598089852,6.82001636467413,0.0,7.757051142032013,0.0,0.0,2,0,5,2,3,10,6,0,0,1945.0,1,2.0,560.0,3,3,2,0.0,4.060443010546419,0.0,0.0,0.0,0,0.0,9,2007,8.006367567650246,2.0,107,57,1,1,0,0,0,0,0,1,0,0,0,0,0,0,0,0,0,0,0,0,0,0,0,1,0,1,0,0,0,1,1,0,0,0,0,0,1,0,0,0,0,0,0,0,0,0,0,0,0,0,0,0,0,0,1,0,0,0,0,0,0,0,0,0,1,0,0,0,0,0,0,0,0,1,0,0,0,0,0,0,1,0,0,0,0,0,0,0,0,1,0,0,0,1,0,0,0,0,1,0,0,0,0,0,0,0,0,0,0,0,0,0,0,0,0,0,0,0,1,0,0,0,0,0,0,0,0,0,0,0,0,0,0,0,1,0,0,0,1,0,1,0,0,0,0,0,0,1,0,0,0,0,0,0,0,0,1,0,0,0,0,0,1,0,0,0,0,0,0,0,0,0,1,0,0,0,0,1,0
3.9318256327243257,8.699681400989514,4,3,6,6,1925,1980,0.0,3,4,3,3,1,4,5.986452005284438,1,0.0,6.561030665896573,1103.0,4,1,7.00669522683704,0.0,0.0,7.00669522683704,0.0,0.0,1,0,2,1,4,5,8,1,4,1976.0,1,2.0,440.0,3,3,2,5.117993812416755,4.795790545596741,0.0,0.0,0.0,0,0.0,7,2006,7.699389406256737,1.0,81,26,1,1,1,0,0,0,0,0,0,1,0,0,0,0,0,0,0,0,0,0,0,0,0,1,0,1,0,0,0,1,1,0,0,0,0,0,1,0,0,0,0,0,0,0,0,0,0,0,0,0,0,0,0,0,1,0,0,0,0,0,0,0,1,0,0,0,0,0,0,0,0,0,0,1,0,0,0,0,0,1,0,0,0,0,0,0,1,0,0,0,0,0,0,1,0,0,0,0,1,0,0,0,0,0,0,0,0,0,0,0,0,0,0,1,0,0,0,0,0,0,0,0,0,0,0,0,0,0,1,0,0,0,0,0,0,0,0,0,1,0,1,0,0,0,0,0,0,1,0,0,0,0,0,0,0,0,1,0,0,0,0,0,1,0,0,0,0,0,0,0,0,0,1,0,0,0,0,1,0
4.30406509320417,9.305741456739435,3,3,5,6,1966,1966,5.303304908059076,3,3,3,3,2,4,6.608000625296087,3,5.442417710521793,5.220355825078324,1154.0,5,1,7.051855622955894,0.0,0.0,7.051855622955894,0.0,0.0,1,1,3,1,3,6,8,1,1,1966.0,2,2.0,480.0,3,3,2,0.0,4.07753744390572,0.0,0.0,0.0,0,0.0,11,2009,7.744569809354496,1.5,43,43,1,1,1,0,0,0,0,0,1,0,0,0,0,0,0,0,0,0,0,0,0,0,1,0,0,1,0,0,0,1,1,0,0,1,0,0,0,0,0,0,0,0,0,0,0,0,0,0,0,1,0,0,0,0,0,0,0,0,0,0,0,0,0,0,1,0,0,0,0,0,0,0,0,1,0,0,0,0,0,1,0,0,0,0,0,0,1,0,0,0,0,0,0,1,0,0,0,0,1,0,0,0,0,0,0,0,0,0,0,0,0,0,0,0,1,0,0,0,0,0,0,0,0,0,0,0,0,0,0,0,1,0,0,0,0,0,0,1,0,0,0,1,0,0,0,0,0,1,0,0,0,0,0,0,0,0,1,0,1,0,0,0,0,0,0,0,0,0,0,0,0,0,1,0,0,0,0,1,0
4.394449154672439,9.546884034617925,4,2,7,5,1996,1997,0.0,4,3,5,3,4,6,7.091742115095153,1,0.0,4.663439094112067,1306.0,5,1,7.175489713624222,6.86171134048073,0.0,7.72356247227797,1.0,0.0,2,1,3,1,4,7,8,0,0,1996.0,2,2.0,533.0,3,3,2,5.6937321388027,3.8066624897703196,0.0,0.0,0.0,0,0.0,4,2010,8.17948018535889,3.5,14,13,1,1,0,0,0,0,0,0,0,0,0,0,0,1,0,0,0,0,0,0,0,0,1,0,0,1,0,0,0,1,1,0,0,0,0,0,1,0,0,0,0,1,0,0,0,0,0,0,0,0,0,0,0,0,0,0,0,0,0,0,0,0,0,0,1,0,0,0,0,0,0,0,0,1,0,0,0,0,0,1,0,0,0,0,0,0,0,0,0,1,0,0,0,1,0,0,0,0,1,0,0,0,0,0,0,0,0,0,0,0,0,0,0,0,0,0,0,0,1,0,0,0,0,0,0,0,0,0,0,0,0,0,0,0,1,0,0,0,1,0,0,0,1,0,0,0,0,1,0,0,0,0,0,0,0,0,1,0,1,0,0,0,0,0,0,0,0,0,0,0,0,0,1,0,0,0,0,1,0
4.0943445622221,8.966738978759576,3,3,6,7,1993,1994,0.0,4,3,4,3,1,1,0.0,1,0.0,6.684611727667927,799.0,4,1,6.684611727667927,6.650279048587422,0.0,7.360103972989152,0.0,0.0,2,1,3,1,3,7,8,1,3,1993.0,2,2.0,380.0,3,3,2,0.0,3.713572066704308,0.0,0.0,0.0,0,0.0,5,2009,7.771067086065406,2.5,16,15,1,1,1,0,0,0,0,0,0,0,0,0,0,1,0,0,0,0,0,0,0,0,1,0,0,1,0,0,0,1,1,0,0,0,0,0,1,0,0,0,0,0,0,0,0,1,0,0,0,0,0,0,0,0,0,0,0,0,0,0,0,0,0,0,1,0,0,0,0,0,0,0,0,1,0,0,0,0,0,1,0,0,0,0,0,0,0,0,0,1,0,0,0,1,0,0,0,0,1,0,0,0,0,0,0,0,0,0,0,0,0,0,0,0,0,0,0,1,0,0,0,0,0,0,0,0,0,0,0,0,0,0,0,1,0,0,0,0,1,0,0,0,1,0,0,0,0,1,0,0,0,0,0,0,0,0,1,0,1,0,0,0,0,0,0,0,0,0,0,0,0,0,1,0,0,0,0,1,0
4.394449154672439,9.186150133174966,4,2,6,6,1964,1964,5.8888779583328805,3,3,3,3,4,6,6.51471269087253,2,4.672828834461906,0.0,780.0,3,1,6.683360945766275,6.70196036600254,0.0,7.385230923066573,1.0,0.0,1,1,4,1,3,7,8,0,0,1964.0,2,2.0,442.0,3,3,2,5.796057750765372,4.859812404361672,0.0,0.0,5.247024072160486,0,0.0,6,2008,7.779885115070522,2.5,44,44,1,1,0,0,0,0,0,0,0,0,0,0,0,1,0,0,0,0,0,0,0,0,1,0,0,1,0,0,0,1,1,0,0,0,0,0,1,0,0,0,0,0,0,0,0,0,0,0,0,1,0,0,0,0,0,0,0,0,0,0,0,0,0,0,1,0,0,0,0,0,0,0,0,1,0,0,0,0,0,1,0,0,0,0,0,0,0,0,0,1,0,0,0,1,0,0,0,0,1,0,0,0,0,0,0,0,0,0,0,0,0,1,0,0,0,0,0,0,0,0,0,0,0,0,0,0,1,0,0,0,0,0,0,0,0,0,0,1,0,0,0,1,0,0,0,0,0,1,0,0,0,0,0,0,0,0,1,0,1,0,0,0,0,0,0,0,0,0,0,0,0,0,1,0,0,0,0,1,0
3.7612001156935624,8.285261134068948,4,3,6,4,1973,1973,0.0,3,3,4,3,1,5,6.731018100482083,1,0.0,4.663439094112067,942.0,4,1,7.163946684342547,7.115582126184454,0.0,7.8328075165248645,1.0,0.0,2,1,5,1,3,10,4,1,4,1973.0,3,2.0,576.0,3,3,2,6.591673732008658,3.044522437723423,0.0,0.0,0.0,0,0.0,6,2006,8.150179269682326,3.5,33,33,1,1,1,0,0,1,0,0,0,0,0,0,0,0,0,0,0,0,0,0,0,0,0,1,0,1,0,0,0,1,1,0,0,0,0,0,1,0,0,0,0,0,0,0,0,0,0,1,0,0,0,0,0,0,0,0,0,0,0,0,0,0,0,0,1,0,0,0,0,0,0,0,0,1,0,0,0,0,0,0,0,0,0,1,0,0,0,0,0,1,0,0,0,1,0,0,0,0,1,0,0,0,0,0,0,0,0,0,0,0,1,0,0,0,0,0,0,0,0,0,0,0,0,0,0,1,0,0,0,0,0,0,0,0,0,0,0,0,1,0,0,1,0,0,0,0,0,1,0,0,0,0,0,0,0,0,1,0,1,0,0,0,0,0,0,0,0,0,0,0,0,0,1,0,0,0,0,1,0
4.110873864173311,9.169622538697624,4,3,5,7,1949,2003,0.0,3,3,3,3,1,5,5.3981627015177525,1,0.0,6.439350371100098,845.0,3,1,6.795705775173514,0.0,0.0,6.795705775173514,0.0,1.0,1,0,2,1,4,4,8,0,0,1985.0,1,2.0,576.0,3,3,2,0.0,0.0,0.0,0.0,0.0,0,0.0,5,2007,7.461065514354283,1.5,58,4,1,1,0,0,0,0,0,0,0,0,0,1,0,0,0,0,0,0,0,0,0,0,1,0,0,1,0,0,0,1,1,0,0,0,0,0,1,0,0,0,0,0,0,0,0,0,0,0,0,1,0,0,0,0,0,0,0,0,0,0,0,0,0,0,1,0,0,0,0,0,0,0,0,1,0,0,0,0,0,1,0,0,0,0,0,1,0,0,0,0,0,0,0,1,0,0,0,0,1,0,0,0,0,0,0,0,0,0,0,0,0,0,0,1,0,0,0,0,0,0,0,0,0,0,0,0,0,0,1,0,0,0,0,0,0,0,0,0,1,0,0,1,0,0,0,0,0,1,0,0,0,0,0,0,0,0,1,0,0,0,0,0,1,0,0,0,0,0,0,0,0,0,1,0,0,0,0,1,0
4.290459441148391,9.225524507301223,4,3,5,5,1956,1956,4.795790545596741,3,3,3,3,1,4,6.375024819828097,1,0.0,6.137727054086234,1048.0,3,1,6.955592608396297,0.0,0.0,6.955592608396297,1.0,0.0,1,0,3,1,3,6,8,0,0,1956.0,1,1.0,286.0,3,3,2,0.0,3.044522437723423,0.0,0.0,5.262690188904886,0,0.0,6,2007,7.64826303090192,2.0,51,51,1,1,0,0,0,0,0,0,1,0,0,0,0,0,0,0,0,0,0,0,0,0,1,0,0,1,0,0,0,1,1,0,0,0,0,0,1,0,0,0,0,0,0,0,0,0,0,0,0,1,0,0,0,0,0,0,0,0,0,0,0,0,0,0,1,0,0,0,0,0,0,0,0,1,0,0,0,0,0,1,0,0,0,0,0,0,1,0,0,0,0,0,0,0,0,1,0,0,1,0,0,0,0,0,0,0,0,0,0,0,0,0,0,1,0,0,0,0,0,0,0,0,0,0,0,0,0,0,1,0,0,0,0,0,0,0,0,1,0,0,0,1,0,0,0,0,0,1,0,0,0,0,0,0,0,0,1,0,1,0,0,0,0,0,0,0,0,0,0,0,0,0,1,0,0,0,0,1,0
4.3694478524670215,9.367429587218957,4,3,6,6,1968,1968,0.0,3,3,3,3,1,3,5.700443573390687,1,0.0,6.063785208687608,727.0,5,1,6.721425700790643,6.590301048196686,0.0,7.350516171833998,0.0,0.0,1,1,4,1,3,8,8,0,0,1968.0,1,2.0,441.0,3,3,2,0.0,0.0,0.0,0.0,0.0,0,0.0,5,2009,7.7336835707759,1.5,41,41,1,1,0,0,0,0,0,0,0,0,0,0,0,1,0,0,0,0,0,0,0,0,1,0,0,1,0,0,0,1,1,0,0,0,0,0,1,0,0,0,0,0,0,0,0,0,0,0,0,0,0,1,0,0,0,0,0,0,0,0,0,0,0,0,0,0,0,0,1,0,0,0,0,1,0,0,0,0,0,1,0,0,0,0,0,0,0,0,0,1,0,0,0,1,0,0,0,0,1,0,0,0,0,0,0,0,0,0,0,0,0,0,0,1,0,0,0,0,0,0,0,0,0,0,0,0,0,0,1,0,0,0,0,0,0,0,0,0,1,0,0,1,0,0,0,0,0,1,0,0,0,0,0,0,0,0,1,0,1,0,0,0,0,0,0,0,0,0,0,0,0,0,1,0,0,0,0,1,0
3.9318256327243257,8.934059722248843,4,3,5,3,1948,1950,0.0,3,3,2,2,2,1,0.0,1,0.0,6.698268054115413,810.0,2,1,6.910750787961936,6.12029741895095,0.0,7.284134806195205,1.0,1.0,1,0,4,1,3,7,8,1,3,1954.0,1,1.0,280.0,3,3,1,0.0,0.0,0.0,0.0,0.0,0,0.0,8,2006,7.726212650507529,2.5,58,56,1,1,1,0,0,0,0,0,0,0,0,0,1,0,0,0,0,0,0,0,0,0,1,0,0,1,0,0,0,1,1,0,0,0,0,0,1,0,0,0,0,0,0,0,1,0,0,0,0,0,0,0,0,0,0,0,0,0,0,0,0,0,1,0,0,0,0,0,0,0,0,0,0,1,0,0,0,0,0,1,0,0,0,0,1,0,0,0,0,0,0,0,0,1,0,0,0,0,1,0,0,0,0,0,0,0,0,0,0,0,0,0,0,1,0,0,0,0,0,0,0,0,0,0,0,0,0,0,1,0,0,0,0,0,0,0,0,0,1,0,0,1,0,0,0,0,0,1,0,0,0,0,1,0,0,0,0,0,0,0,0,0,1,0,0,0,0,0,0,0,0,0,1,0,0,0,0,1,0
4.330733340286331,8.981052985901483,3,3,6,6,1977,1977,4.948759890378168,3,3,3,3,1,4,6.284134161070802,1,0.0,5.049856007249537,690.0,3,1,6.54965074223381,6.591673732008658,0.0,7.2633296174768365,0.0,0.0,1,1,3,1,3,6,8,0,0,1977.0,3,2.0,440.0,3,3,2,5.53338948872752,0.0,0.0,0.0,0.0,0,0.0,7,2009,7.6577552711348655,1.5,32,32,1,1,0,0,0,0,0,0,0,0,0,0,0,1,0,0,0,0,0,0,0,0,1,0,0,1,1,0,0,0,1,0,1,0,0,0,0,0,0,0,0,0,0,0,1,0,0,0,0,0,0,0,0,0,0,0,0,0,0,0,0,0,0,0,1,0,0,0,0,0,0,0,0,1,0,0,0,0,0,1,0,0,0,0,0,0,0,0,0,1,0,0,0,0,0,1,0,0,1,0,0,0,0,0,0,0,0,0,0,0,0,1,0,0,0,0,0,0,0,0,0,0,0,0,0,0,0,0,0,0,1,0,0,0,0,0,0,1,0,0,0,1,0,0,0,0,0,1,0,0,0,0,0,0,0,0,1,0,1,0,0,0,0,0,0,0,0,0,0,0,0,0,1,0,0,0,0,1,0
4.31748811353631,9.054504940418054,4,3,7,5,2006,2006,0.0,4,3,4,3,3,1,0.0,1,0.0,7.123672785204607,1240.0,5,1,7.123672785204607,0.0,0.0,7.123672785204607,0.0,0.0,2,0,2,1,4,5,8,0,0,2006.0,2,3.0,826.0,3,3,2,4.948759890378168,4.543294782270004,0.0,0.0,0.0,0,0.0,5,2007,7.816416983691801,2.0,1,1,1,1,0,0,0,0,0,0,1,0,0,0,0,0,0,0,0,0,0,0,0,0,1,0,0,1,0,0,0,1,1,0,0,0,0,0,1,0,0,0,0,0,1,0,0,0,0,0,0,0,0,0,0,0,0,0,0,0,0,0,0,0,0,0,1,0,0,0,0,0,0,0,0,1,0,0,0,0,0,1,0,0,0,0,0,0,1,0,0,0,0,0,0,1,0,0,0,0,1,0,0,0,0,0,0,0,0,0,0,0,0,0,0,0,0,0,0,1,0,0,0,0,0,0,0,0,0,0,0,0,0,0,0,1,0,0,0,0,1,0,0,0,1,0,0,0,0,1,0,0,0,0,0,0,0,0,1,0,1,0,0,0,0,0,0,0,0,0,0,0,0,0,1,0,0,0,0,1,0
4.330733340286331,9.482350275033667,4,3,7,6,1940,1984,0.0,3,3,3,3,1,4,6.018593214496234,1,0.0,5.968707559985366,800.0,3,1,6.8679744089702925,6.660575149839686,0.0,7.462214939768189,0.0,0.0,1,1,3,1,3,6,8,2,4,1940.0,1,1.0,240.0,3,3,2,0.0,0.0,0.0,0.0,0.0,0,0.0,7,2007,7.840312983320164,1.5,67,23,1,1,1,0,0,0,0,0,0,0,0,0,0,0,1,0,0,0,0,0,0,0,1,0,0,1,0,0,0,1,1,0,0,0,0,0,1,0,0,0,0,0,0,1,0,0,0,0,0,0,0,0,0,0,0,0,0,0,0,0,0,0,0,0,1,0,0,0,0,0,0,0,0,1,0,0,0,0,0,1,0,0,0,0,0,0,0,0,0,1,0,0,0,1,0,0,0,0,1,0,0,0,0,0,0,0,0,0,0,0,0,0,0,0,0,0,0,0,1,0,0,0,0,0,0,0,0,0,0,0,0,0,0,0,1,0,0,0,1,0,0,1,0,0,0,0,0,1,0,0,0,0,0,0,0,0,1,0,1,0,0,0,0,0,0,1,0,0,0,0,0,0,0,0,0,0,0,1,0
4.110873864173311,9.287394001418473,4,3,5,8,1936,1989,0.0,3,3,2,3,1,5,6.440946540632921,1,0.0,5.14166355650266,796.0,4,1,7.00033446027523,5.916202062607435,0.0,7.2909747781429814,0.0,1.0,2,0,3,1,4,7,7,1,3,1950.0,1,2.0,566.0,3,3,2,6.07993319509559,3.091042453358316,0.0,0.0,0.0,0,6.2166061010848646,4,2006,7.724446645633537,2.5,70,17,1,1,1,0,0,0,0,0,0,0,0,0,1,0,0,0,0,0,0,0,0,0,1,0,0,1,0,0,0,1,1,0,0,0,0,0,1,0,0,0,0,0,0,0,0,0,0,0,0,0,0,0,0,0,1,0,0,0,0,0,0,0,0,0,1,0,0,0,0,0,0,0,0,1,0,0,0,0,0,1,0,0,0,0,1,0,0,0,0,0,0,0,0,1,0,0,0,0,1,0,0,0,0,0,0,0,0,0,0,0,0,0,0,0,0,0,0,0,1,0,0,0,0,0,0,0,0,0,0,0,0,0,0,0,1,0,0,0,1,0,0,1,0,0,0,0,0,1,0,0,0,0,0,0,0,0,1,0,1,0,0,0,0,0,0,0,0,0,0,0,0,0,1,0,0,0,0,1,0
4.30406509320417,9.672248823507559,3,3,5,5,1969,1969,0.0,3,3,3,3,2,4,4.330733340286331,3,6.674561391814426,5.442417710521793,1096.0,5,1,7.00033446027523,0.0,0.0,7.00033446027523,1.0,0.0,1,0,3,1,3,6,8,0,0,1969.0,3,1.0,299.0,3,3,2,5.484796933490655,3.4965075614664802,0.0,0.0,0.0,0,0.0,3,2006,7.693025748417888,2.0,37,37,1,1,0,0,0,0,0,0,1,0,0,0,0,0,0,0,0,0,0,0,0,0,1,0,0,1,0,0,0,1,1,0,1,0,0,0,0,0,0,0,0,0,0,0,0,0,0,0,0,1,0,0,0,0,0,0,0,0,0,0,0,0,0,0,1,0,0,0,0,0,0,0,0,1,0,0,0,0,0,1,0,0,0,0,0,0,1,0,0,0,0,0,0,1,0,0,0,0,1,0,0,0,0,0,0,0,0,0,0,0,0,0,0,0,0,0,0,1,0,0,0,0,0,0,0,0,0,0,0,0,1,0,0,0,0,0,0,0,1,0,0,1,0,0,0,0,0,1,0,0,0,0,0,0,0,0,1,0,1,0,0,0,0,0,0,0,0,0,0,0,0,0,1,1,0,0,0,0,0
3.6375861597263857,8.397508348470257,4,3,6,5,2004,2004,5.135798437050262,4,3,4,3,2,6,6.4967749901858625,1,0.0,5.231108616854587,848.0,5,1,6.744059186311348,0.0,0.0,6.744059186311348,1.0,0.0,1,0,1,1,4,3,8,1,4,2004.0,2,2.0,420.0,3,3,2,4.948759890378168,0.0,0.0,0.0,0.0,0,0.0,5,2006,7.436617265234227,2.0,2,2,1,1,1,1,0,0,0,0,0,0,0,0,0,0,0,0,0,0,0,0,0,0,0,1,0,1,0,0,0,1,1,0,0,0,0,0,1,0,0,0,0,0,1,0,0,0,0,0,0,0,0,0,0,0,0,0,0,0,0,0,0,0,0,0,1,0,0,0,0,0,0,0,0,1,0,0,0,0,0,0,0,0,0,1,0,0,1,0,0,0,0,0,0,1,0,0,0,0,1,0,0,0,0,0,0,0,0,0,0,0,0,0,0,0,0,0,0,1,0,0,0,0,0,0,0,0,0,0,0,0,0,0,0,1,0,0,0,1,0,0,0,0,1,0,0,0,0,1,0,0,0,0,0,0,0,0,1,0,1,0,0,0,0,0,0,0,0,0,0,0,0,0,1,0,0,0,0,1,0
4.189654742026425,9.079776001955066,4,3,5,5,1994,1994,0.0,3,3,4,3,1,6,6.206575926724928,1,0.0,6.206575926724928,990.0,4,1,6.898714534329988,0.0,0.0,6.898714534329988,0.0,0.0,1,0,3,1,3,5,8,0,0,1996.0,1,1.0,299.0,3,3,2,0.0,4.174387269895637,0.0,0.0,0.0,0,0.0,4,2007,7.591357046698551,1.0,13,13,1,1,0,0,0,0,0,0,1,0,0,0,0,0,0,0,0,0,0,0,0,0,1,0,0,1,0,0,0,1,1,0,0,0,0,0,1,0,0,0,0,0,1,0,0,0,0,0,0,0,0,0,0,0,0,0,0,0,0,0,0,0,0,0,1,0,0,0,0,0,0,0,0,1,0,0,0,0,0,1,0,0,0,0,0,0,1,0,0,0,0,0,0,1,0,0,0,0,1,0,0,0,0,0,0,0,0,0,0,0,0,0,0,0,0,0,0,1,0,0,0,0,0,0,0,0,0,0,0,0,0,0,0,1,0,0,0,0,1,0,0,0,1,0,0,0,0,1,0,0,0,0,0,0,0,0,1,0,1,0,0,0,0,0,0,0,0,0,0,0,0,0,1,0,0,0,0,1,0
4.394449154672439,9.309370895439137,4,3,6,7,1971,2004,4.976733742420574,4,4,3,3,1,5,6.48768401848461,1,0.0,6.401917196727186,1258.0,5,1,7.138073034044347,0.0,0.0,7.138073034044347,0.0,1.0,2,0,3,1,4,5,8,0,0,1971.0,2,2.0,528.0,3,3,2,4.02535169073515,0.0,0.0,5.37989735354046,0.0,0,0.0,10,2008,7.830822995135316,2.5,37,4,1,1,0,0,0,0,0,0,1,0,0,0,0,0,0,0,0,0,0,0,0,0,1,0,0,1,0,0,0,1,1,0,0,0,0,0,1,0,0,0,0,0,0,0,0,0,0,0,0,0,0,1,0,0,0,0,0,0,0,0,0,0,0,0,1,0,0,0,0,0,0,0,0,1,0,0,0,0,0,1,0,0,0,0,0,0,1,0,0,0,0,0,0,1,0,0,0,0,1,0,0,0,0,0,0,0,0,0,0,0,0,0,0,0,0,0,0,1,0,0,0,0,0,0,0,0,0,0,0,0,0,0,0,1,0,0,0,1,0,0,0,1,0,0,0,0,0,1,0,0,0,0,0,0,0,0,1,0,1,0,0,0,0,0,1,0,0,0,0,0,0,0,0,1,0,0,0,0,0
4.330733340286331,8.922791623969637,4,3,5,5,1963,1963,0.0,3,3,3,3,1,5,6.715383386334681,1,0.0,5.37989735354046,1040.0,2,1,6.947937068614969,0.0,0.0,6.947937068614969,1.0,0.0,1,1,3,1,3,5,8,0,0,1963.0,3,1.0,308.0,3,3,2,0.0,0.0,5.3981627015177525,0.0,0.0,0,0.0,6,2010,7.640603826393634,2.5,47,47,1,1,0,0,0,0,0,0,1,0,0,0,0,0,0,0,0,0,0,0,0,0,1,0,0,1,0,0,0,1,1,0,1,0,0,0,0,0,0,0,0,0,0,0,0,0,0,0,0,0,0,0,0,0,0,0,1,0,0,0,0,0,0,1,0,0,0,0,0,0,0,0,0,1,0,0,0,0,0,1,0,0,0,0,0,0,1,0,0,0,0,0,0,1,0,0,0,0,1,0,0,0,0,0,0,0,0,0,0,0,0,1,0,0,0,0,0,0,0,0,0,0,0,0,0,0,1,0,0,0,0,0,0,0,0,0,0,0,1,0,0,1,0,0,0,0,0,1,0,0,0,0,0,0,0,0,1,0,1,0,0,0,0,0,0,0,0,0,0,0,0,0,1,0,0,0,0,1,0
4.2626798770413155,9.07680897935166,4,3,7,5,2002,2002,4.61512051684126,4,3,4,3,1,1,0.0,1,0.0,7.286191714702382,1459.0,5,1,7.286191714702382,0.0,0.0,7.286191714702382,0.0,0.0,2,0,3,1,4,6,8,1,4,2002.0,2,2.0,527.0,3,3,2,5.262690188904886,3.6888794541139363,0.0,0.0,0.0,0,0.0,9,2007,7.978996370854115,2.0,5,5,1,1,1,0,0,0,0,0,1,0,0,0,0,0,0,0,0,0,0,0,0,0,1,0,0,1,0,0,0,1,1,0,0,0,0,0,1,0,0,0,0,0,1,0,0,0,0,0,0,0,0,0,0,0,0,0,0,0,0,0,0,0,0,0,1,0,0,0,0,0,0,0,0,1,0,0,0,0,0,1,0,0,0,0,0,0,1,0,0,0,0,0,0,1,0,0,0,0,1,0,0,0,0,0,0,0,0,0,0,0,0,0,0,0,0,0,0,1,0,0,0,0,0,0,0,0,0,0,0,0,0,0,0,1,0,0,0,1,0,0,0,0,1,0,0,0,0,1,0,0,0,0,0,0,0,0,1,0,1,0,0,0,0,0,0,0,0,0,0,0,0,0,1,0,0,0,0,1,0
4.394449154672439,9.082620630373812,4,3,6,6,1964,1964,6.054439346269371,3,3,3,3,1,4,6.317164686747284,1,0.0,6.54965074223381,1251.0,3,1,7.132497551660044,0.0,0.0,7.132497551660044,1.0,0.0,1,0,3,1,3,6,8,2,4,1964.0,2,1.0,461.0,3,3,2,0.0,4.762173934797756,0.0,0.0,0.0,0,6.55250788703459,3,2006,7.8252452914317745,2.0,42,42,1,1,1,0,0,0,0,0,1,0,0,0,0,0,0,0,0,0,0,0,0,0,1,0,0,1,0,0,0,1,1,0,0,0,0,0,1,0,0,0,0,0,0,0,0,0,0,0,0,1,0,0,0,0,0,0,0,0,0,0,0,0,0,0,1,0,0,0,0,0,0,0,0,1,0,0,0,0,0,1,0,0,0,0,0,0,1,0,0,0,0,0,0,0,0,1,0,0,1,0,0,0,0,0,0,0,0,0,0,0,0,1,0,0,0,0,0,0,0,0,0,0,0,0,0,0,1,0,0,0,0,0,0,0,0,0,0,1,0,0,0,1,0,0,0,0,0,1,0,0,0,0,0,0,0,0,1,0,1,0,0,0,0,0,0,0,0,0,0,0,0,0,1,0,0,0,0,1,0
4.189654742026425,9.475163150281881,2,3,6,5,1995,1996,0.0,3,3,4,3,1,5,6.385194398997726,1,0.0,4.605170185988092,691.0,4,1,6.539585955617669,6.694562058521095,0.0,7.312553498102598,0.0,0.0,2,1,3,1,3,6,8,1,3,1995.0,3,2.0,409.0,3,3,2,5.755742213586912,3.8066624897703196,0.0,0.0,0.0,0,0.0,7,2006,7.691656822810547,2.5,11,10,1,1,1,0,0,0,0,0,0,0,0,0,0,1,0,0,0,0,0,0,0,0,1,0,0,1,0,0,0,1,1,0,1,0,0,0,0,0,0,0,0,0,0,0,0,1,0,0,0,0,0,0,0,0,0,0,0,0,0,0,0,0,0,0,1,0,0,0,0,0,0,0,0,1,0,0,0,0,0,1,0,0,0,0,0,0,0,0,0,1,0,0,0,1,0,0,0,0,1,0,0,0,0,0,0,0,0,0,0,0,0,1,0,0,0,0,0,0,0,0,0,0,0,0,0,0,1,0,0,0,0,0,0,0,0,0,0,0,1,0,0,0,1,0,0,0,0,1,0,0,0,0,0,0,0,0,1,0,1,0,0,0,0,0,0,0,0,0,0,0,0,0,1,0,0,0,0,1,0
4.30406509320417,9.112727543109182,4,3,6,6,1992,1992,0.0,3,3,4,3,3,6,6.617402977974478,1,0.0,5.247024072160486,936.0,5,1,6.904750769961838,0.0,0.0,6.904750769961838,1.0,0.0,1,0,2,1,4,5,8,0,0,1992.0,1,2.0,564.0,3,3,2,4.795790545596741,0.0,0.0,0.0,0.0,0,0.0,4,2010,7.566828479208331,2.0,18,18,1,1,0,0,0,0,0,0,0,0,0,0,0,0,0,0,0,1,0,0,0,0,1,0,0,1,0,0,0,1,1,0,0,0,0,0,1,0,0,0,0,0,0,0,0,0,0,0,0,0,0,0,0,0,0,0,0,1,0,0,0,0,0,0,1,0,0,0,0,0,0,0,0,1,0,0,0,0,0,1,0,0,0,0,0,0,0,0,0,0,1,0,0,1,0,0,0,0,1,0,0,0,0,0,0,0,0,0,0,0,0,1,0,0,0,0,0,0,0,0,0,0,0,0,0,0,1,0,0,0,0,0,0,0,0,0,0,0,1,0,0,0,1,0,0,0,0,1,0,0,0,0,0,0,0,0,1,0,1,0,0,0,0,0,0,0,0,0,0,0,0,0,1,0,0,0,0,1,0
3.091042453358316,7.5883236773352225,4,3,4,5,1973,1973,0.0,3,3,3,3,1,4,5.814130531825066,1,0.0,5.3612921657094255,546.0,3,1,6.304448802421981,6.304448802421981,0.0,6.996681488176539,0.0,0.0,1,1,3,1,3,6,8,0,0,1973.0,2,1.0,286.0,3,3,2,4.795790545596741,4.574710978503383,0.0,0.0,0.0,0,0.0,5,2010,7.40184157874383,1.5,37,37,1,1,0,0,0,1,0,0,0,0,0,0,0,0,0,0,0,0,0,0,0,0,0,1,0,1,0,0,0,1,1,0,0,0,0,0,1,0,0,0,0,0,0,0,0,0,0,1,0,0,0,0,0,0,0,0,0,0,0,0,0,0,0,0,1,0,0,0,0,0,0,0,0,1,0,0,0,0,0,0,0,0,0,1,0,0,0,0,0,1,0,0,0,1,0,0,0,0,1,0,0,0,0,0,0,0,0,0,0,0,1,0,0,0,0,0,0,0,0,0,0,0,0,0,0,1,0,0,0,0,0,0,0,0,0,0,0,0,1,0,0,1,0,0,0,0,0,1,0,0,0,0,0,0,0,0,1,0,1,0,0,0,0,0,0,0,0,0,0,0,0,0,1,0,0,0,0,1,0
4.454347296253507,9.266248003914479,4,3,8,5,2005,2006,0.0,4,3,4,3,2,1,0.0,1,0.0,6.9874902470009905,1082.0,5,1,6.9874902470009905,6.77078942390898,0.0,7.577633832602728,0.0,0.0,2,1,3,1,4,9,8,1,4,2005.0,2,3.0,1043.0,3,3,2,5.081404364984463,3.9318256327243257,0.0,0.0,0.0,0,0.0,5,2009,8.01829613851552,2.5,4,3,1,1,1,0,0,0,0,0,0,0,0,0,0,1,0,0,0,0,0,0,1,0,0,0,0,1,0,0,0,1,1,0,0,0,0,0,1,0,0,0,0,0,0,0,0,0,0,0,0,0,0,0,0,0,0,0,0,0,1,0,0,0,0,0,1,0,0,0,0,0,0,0,0,1,0,0,0,0,0,1,0,0,0,0,0,0,0,0,0,1,0,0,0,1,0,0,0,0,1,0,0,0,0,0,0,0,0,0,0,0,0,0,0,0,0,0,0,1,0,0,0,0,0,0,0,0,0,0,0,0,0,0,0,1,0,0,0,0,1,0,0,0,1,0,0,0,0,1,0,0,0,0,0,0,0,0,1,0,1,0,0,0,0,0,0,0,0,0,0,0,0,0,1,0,0,0,0,1,0
3.2188758248682006,7.833203948641057,4,3,7,5,2004,2004,3.9318256327243257,4,3,4,3,1,1,0.0,1,0.0,6.878326468291325,970.0,5,1,6.878326468291325,6.606650186198215,0.0,7.444248649496705,0.0,0.0,2,0,3,1,4,7,4,0,0,2004.0,1,2.0,380.0,3,3,2,0.0,3.713572066704308,0.0,0.0,0.0,0,0.0,4,2006,7.893572073504902,2.0,2,2,1,1,0,0,0,1,0,0,0,0,0,0,0,0,0,0,0,0,0,0,0,0,0,1,0,1,0,0,0,1,1,0,0,0,0,0,1,0,0,0,0,0,0,0,1,0,0,0,0,0,0,0,0,0,0,0,0,0,0,0,0,0,0,0,1,0,0,0,0,0,0,0,0,1,0,0,0,0,0,0,0,0,1,0,0,0,0,0,0,1,0,0,0,1,0,0,0,0,1,0,0,0,0,0,0,0,0,0,0,0,0,0,0,0,0,0,0,1,0,0,0,0,0,0,0,0,0,0,0,0,0,0,0,1,0,0,0,0,0,1,0,0,1,0,0,0,0,1,0,0,0,0,0,0,0,0,1,0,0,0,0,0,1,0,0,0,0,0,0,0,0,0,1,0,0,0,0,1,0
3.6375861597263857,8.106816038947052,3,3,8,5,2005,2005,0.0,4,3,4,3,1,6,6.946975992135418,1,0.0,5.342334251964811,1247.0,5,1,7.129297548929373,0.0,0.0,7.129297548929373,1.0,0.0,1,1,1,1,4,4,8,1,4,2005.0,3,2.0,550.0,3,3,2,0.0,4.442651256490317,0.0,0.0,0.0,0,0.0,4,2006,7.822044008185619,2.5,1,1,1,1,1,1,0,0,0,0,0,0,0,0,0,0,0,0,0,0,0,0,1,0,0,0,0,1,0,0,0,1,1,0,0,0,0,0,1,0,0,0,0,0,0,0,0,0,0,0,0,0,0,0,0,0,0,0,0,0,1,0,0,0,0,0,1,0,0,0,0,0,0,0,0,1,0,0,0,0,0,0,0,0,0,1,0,0,1,0,0,0,0,0,0,1,0,0,0,0,1,0,0,0,0,0,0,0,0,0,0,0,0,0,0,1,0,0,0,0,0,0,0,0,0,0,0,0,0,0,1,0,0,0,0,0,0,0,0,0,1,0,0,0,1,0,0,0,0,1,0,0,0,0,0,0,0,0,1,0,1,0,0,0,0,0,0,0,0,0,0,0,0,0,1,0,0,0,0,1,0
4.110873864173311,9.053101595549691,4,3,3,4,1950,1950,0.0,3,3,0,0,0,0,0.0,0,0.0,0.0,0.0,2,0,6.947937068614969,0.0,0.0,6.947937068614969,0.0,0.0,2,0,2,2,3,6,8,0,0,1987.0,1,2.0,400.0,3,3,2,0.0,0.0,0.0,0.0,0.0,0,0.0,6,2009,6.947937068614969,2.0,59,59,1,0,0,0,0,0,0,0,0,0,0,0,0,0,0,0,0,0,1,0,0,0,1,0,0,1,0,0,0,1,1,0,1,0,0,0,0,0,0,0,0,0,0,0,0,0,0,0,0,1,0,0,0,0,0,0,0,0,0,0,0,0,0,0,1,0,0,0,0,0,0,0,0,1,0,0,0,0,0,0,0,1,0,0,0,0,1,0,0,0,0,0,0,1,0,0,0,0,1,0,0,0,0,0,0,0,0,0,1,0,0,0,0,0,0,0,0,0,0,0,0,0,0,1,0,0,0,0,0,0,0,0,0,0,0,0,0,0,1,0,0,0,0,1,0,0,0,0,0,0,0,1,1,0,0,0,0,0,0,0,0,0,1,0,0,0,0,0,0,0,0,0,1,0,0,0,0,1,0
3.2188758248682006,7.6783263565068856,4,3,7,5,1999,2000,5.3612921657094255,4,3,4,3,1,4,6.236369590203704,1,0.0,4.51085950651685,600.0,5,1,6.437751649736401,6.444131256700441,0.0,7.133295954896068,1.0,0.0,2,1,2,1,4,4,8,0,0,1999.0,1,2.0,462.0,3,3,2,0.0,3.8918202981106265,0.0,0.0,0.0,0,0.0,3,2008,7.52456122628536,3.5,9,8,1,1,0,0,0,1,0,0,0,0,0,0,0,0,0,0,0,0,0,0,1,0,0,0,0,1,0,0,0,1,1,0,0,0,0,0,1,0,0,0,0,0,0,0,0,0,0,0,0,0,0,0,0,0,0,0,0,0,1,0,0,0,0,0,1,0,0,0,0,0,0,0,0,1,0,0,0,0,0,0,0,0,1,0,0,0,0,0,0,1,0,0,0,1,0,0,0,0,1,0,0,0,0,0,0,0,0,0,0,0,0,0,0,1,0,0,0,0,0,0,0,0,0,0,0,0,0,0,1,0,0,0,0,0,0,0,0,1,0,0,0,0,1,0,0,0,0,1,0,0,0,0,0,0,0,0,1,0,0,0,0,0,1,0,0,0,0,0,0,0,0,0,1,0,0,0,0,1,0
4.110873864173311,9.036106025364846,4,3,6,5,1925,1950,0.0,3,3,3,3,1,3,6.049733455231958,1,0.0,6.63200177739563,1181.0,2,1,7.237778191923443,5.720311776607412,0.0,7.43543801981455,0.0,0.0,2,0,4,1,3,7,8,1,4,1925.0,1,2.0,576.0,3,3,2,5.8377304471659395,0.0,4.859812404361672,0.0,0.0,0,0.0,6,2008,7.964155718840937,2.0,83,58,1,1,1,0,0,0,0,0,0,0,0,0,1,0,0,0,0,0,0,0,0,0,1,0,0,1,1,0,0,0,1,0,0,0,0,0,1,0,0,0,0,0,0,0,0,0,0,0,0,0,0,0,0,0,0,1,0,0,0,0,0,0,0,0,1,0,0,0,0,0,0,0,0,1,0,0,0,0,0,1,0,0,0,0,1,0,0,0,0,0,0,0,0,1,0,0,0,0,1,0,0,0,0,0,0,0,0,0,0,0,0,0,0,1,0,0,0,0,0,0,0,0,0,0,0,0,0,0,1,0,0,0,0,0,0,0,0,0,1,0,0,0,1,0,0,0,0,1,0,0,0,0,0,0,0,0,1,0,0,0,0,0,1,0,0,0,0,0,0,0,0,0,1,0,0,0,0,1,0
4.276666119016055,9.130322663990151,4,3,5,8,1965,1998,5.117993812416755,3,3,3,3,2,6,6.495265555937008,1,0.0,5.318119993844216,864.0,4,1,7.0909098220799835,0.0,0.0,7.0909098220799835,1.0,0.0,1,1,1,1,4,6,8,0,0,1977.0,1,2.0,884.0,3,3,2,0.0,4.174387269895637,0.0,0.0,0.0,0,0.0,10,2006,7.632885505395133,2.5,41,8,1,1,0,0,0,0,0,0,1,0,0,0,0,0,0,0,0,0,0,0,0,0,1,0,0,1,0,0,0,1,1,0,1,0,0,0,0,0,0,0,0,0,0,0,0,0,0,0,0,1,0,0,0,0,0,0,0,0,0,0,0,0,0,1,0,0,0,0,0,0,0,0,0,1,0,0,0,0,0,1,0,0,0,0,0,0,1,0,0,0,0,0,0,0,0,1,0,0,1,0,0,0,0,0,0,0,0,0,0,0,0,0,0,1,0,0,0,0,0,0,0,0,0,0,0,0,0,0,1,0,0,0,0,0,0,0,0,1,0,0,0,1,0,0,0,0,0,1,0,0,0,0,0,0,0,0,1,0,0,0,0,0,1,0,0,0,0,0,0,0,0,0,1,0,0,0,0,1,0
4.31748811353631,8.677439540558334,4,3,5,7,1956,2000,0.0,3,3,3,3,1,4,5.517452896464707,3,5.484796933490655,6.1070228877422545,936.0,5,1,6.842683282238422,0.0,0.0,6.842683282238422,1.0,0.0,1,0,2,1,3,4,8,0,0,1956.0,3,1.0,308.0,3,3,2,0.0,0.0,4.394449154672439,0.0,5.081404364984463,0,0.0,5,2010,7.5352967024440884,2.0,54,10,1,1,0,0,0,0,0,0,1,0,0,0,0,0,0,0,0,0,0,0,0,0,1,0,0,1,0,0,0,1,1,0,0,0,0,0,1,0,0,0,0,0,0,0,0,0,0,0,0,1,0,0,0,0,0,0,0,0,0,0,0,0,0,0,1,0,0,0,0,0,0,0,0,1,0,0,0,0,0,1,0,0,0,0,0,0,1,0,0,0,0,0,0,1,0,0,0,0,1,0,0,0,0,0,0,0,0,0,0,0,0,0,0,1,0,0,0,0,0,0,0,0,0,0,0,0,0,0,1,0,0,0,0,0,0,0,0,0,1,0,0,1,0,0,0,0,0,1,0,0,0,0,0,0,0,0,1,0,1,0,0,0,0,0,0,0,0,0,0,0,0,0,1,0,0,0,0,1,0
4.3694478524670215,9.139703292376742,3,3,6,5,2006,2006,0.0,4,3,4,3,1,6,3.2188758248682006,1,0.0,7.1631723908466425,1314.0,4,1,7.181591944611865,0.0,0.0,7.181591944611865,0.0,0.0,2,0,3,1,4,6,8,1,4,2006.0,2,2.0,440.0,3,3,2,0.0,3.1354942159291497,0.0,0.0,0.0,0,0.0,3,2007,7.874358824729881,2.0,1,1,1,1,1,0,0,0,0,0,1,0,0,0,0,0,0,0,0,0,0,0,0,0,1,0,0,1,0,0,0,1,1,0,0,0,0,0,1,0,0,0,0,0,1,0,0,0,0,0,0,0,0,0,0,0,0,0,0,0,0,0,0,0,0,0,1,0,0,0,0,0,0,0,0,1,0,0,0,0,0,1,0,0,0,0,0,0,1,0,0,0,0,0,0,1,0,0,0,0,1,0,0,0,0,0,0,0,0,0,0,0,0,0,0,0,0,0,0,1,0,0,0,0,0,0,0,0,0,0,0,0,0,0,0,1,0,0,0,0,1,0,0,0,1,0,0,0,0,1,0,0,0,0,0,0,0,0,1,0,1,0,0,0,0,0,0,0,0,0,0,0,0,0,1,0,0,0,0,1,0
4.110873864173311,8.836809882398365,4,3,6,7,1914,2006,0.0,3,3,3,3,1,1,0.0,1,0.0,6.529418838262226,684.0,3,1,6.651571873589727,6.368187186350492,0.0,7.212294468500341,0.0,0.0,1,1,3,1,4,7,8,0,0,0.0,0,0.0,0.0,0,0,2,4.919980925828125,0.0,4.7535901911063645,0.0,0.0,0,0.0,3,2007,7.620705086838262,1.5,93,1,0,1,0,0,0,0,0,0,0,0,0,0,0,0,1,0,0,0,0,0,0,0,0,1,0,1,0,0,0,1,1,0,0,0,0,0,1,0,0,0,0,0,0,0,0,0,1,0,0,0,0,0,0,0,0,0,0,0,0,0,0,0,0,0,1,0,0,0,0,0,0,0,0,1,0,0,0,0,0,1,0,0,0,0,0,0,0,0,0,1,0,0,0,1,0,0,0,0,1,0,0,0,0,0,0,0,0,0,0,0,0,0,0,0,0,0,0,0,1,0,0,0,0,0,0,0,0,0,0,0,0,0,0,0,1,0,0,0,1,0,0,0,1,0,0,0,0,1,0,0,0,0,0,0,0,0,1,0,0,0,0,0,0,1,0,0,0,0,0,0,0,0,1,0,0,0,0,1,0
4.135166556742356,8.215276958936633,4,3,8,5,1986,1986,0.0,4,3,4,3,1,1,0.0,1,0.0,6.980075940561763,1074.0,5,1,6.9930151229329605,0.0,0.0,6.9930151229329605,0.0,0.0,1,1,2,1,4,5,8,0,0,1987.0,2,2.0,461.0,3,3,2,0.0,4.31748811353631,4.927253685157205,0.0,0.0,0,0.0,10,2007,7.679251425953058,1.5,21,21,1,1,0,1,0,0,0,0,0,0,0,0,0,0,0,0,0,0,0,0,0,0,1,0,0,1,0,0,0,1,1,0,0,0,0,0,1,0,0,0,0,0,0,0,0,0,0,0,0,0,0,0,0,0,0,0,0,0,0,1,0,0,0,0,1,0,0,0,0,0,0,0,0,1,0,0,0,0,0,0,0,0,0,1,0,0,1,0,0,0,0,0,0,1,0,0,0,0,1,0,0,0,0,0,0,0,0,0,0,0,0,1,0,0,0,0,0,0,0,0,0,0,0,0,0,0,1,0,0,0,0,0,0,0,0,0,0,0,1,0,0,1,0,0,0,0,0,1,0,0,0,0,0,0,0,0,1,0,1,0,0,0,0,0,0,0,0,0,0,0,0,0,1,0,0,0,0,1,0
3.9318256327243257,8.699681400989514,4,3,4,6,1936,1950,0.0,3,3,3,3,1,4,6.511745329644728,1,0.0,0.0,672.0,3,1,6.630683385642372,6.342121418721152,0.0,7.1891677384203225,0.0,0.0,1,0,3,1,3,6,8,0,0,1936.0,1,1.0,240.0,3,3,2,0.0,0.0,0.0,0.0,0.0,0,0.0,7,2009,7.599401333415815,1.0,73,59,1,1,0,0,0,0,0,0,0,0,0,0,1,0,0,0,0,0,0,0,0,0,0,1,0,1,0,0,0,1,1,0,0,0,0,0,1,0,0,0,1,0,0,0,0,0,0,0,0,0,0,0,0,0,0,0,0,0,0,0,0,0,0,0,1,0,0,0,0,0,0,0,0,1,0,0,0,0,0,1,0,0,0,0,1,0,0,0,0,0,0,0,0,1,0,0,0,0,1,0,0,0,0,0,0,0,0,0,0,0,0,0,0,1,0,0,0,0,0,0,0,0,0,0,0,0,0,0,1,0,0,0,0,0,0,0,0,0,1,0,1,0,0,0,0,0,0,1,0,0,0,0,0,0,0,0,1,0,0,0,0,0,1,0,0,0,0,0,0,0,0,0,1,0,0,0,0,1,0
4.418840607796598,9.382695764458287,3,3,7,5,1978,1978,5.332718793265369,3,3,4,3,1,5,6.558197802812269,1,0.0,6.342121418721152,1271.0,3,1,7.379008127628304,0.0,0.0,7.379008127628304,0.0,0.0,2,0,3,1,3,7,8,1,3,1978.0,2,2.0,478.0,3,3,2,0.0,0.0,0.0,0.0,0.0,0,0.0,4,2009,7.96311205897929,2.0,31,31,1,1,1,0,0,0,0,0,1,0,0,0,0,0,0,0,0,0,0,0,0,0,1,0,0,1,0,0,0,1,1,0,0,0,0,0,1,0,0,0,0,0,0,0,0,0,0,0,0,0,0,1,0,0,0,0,0,0,0,0,0,0,0,0,0,0,0,0,1,0,0,0,0,1,0,0,0,0,0,1,0,0,0,0,0,0,1,0,0,0,0,0,0,1,0,0,0,0,1,0,0,0,0,0,0,0,0,0,0,0,0,0,0,0,1,0,0,0,0,0,0,0,0,0,0,0,0,0,0,0,1,0,0,0,0,0,0,1,0,0,0,1,0,0,0,0,0,1,0,0,0,0,0,0,0,0,1,0,1,0,0,0,0,0,1,0,0,0,0,0,0,0,0,1,0,0,0,0,0
4.110873864173311,9.036106025364846,4,3,2,5,1920,1950,0.0,3,3,3,2,1,3,5.673323267171493,1,0.0,0.0,290.0,3,0,6.0844994130751715,0.0,0.0,6.0844994130751715,0.0,0.0,1,0,1,1,2,3,8,0,0,1930.0,1,1.0,246.0,3,3,0,0.0,0.0,0.0,0.0,0.0,0,0.0,1,2009,6.591673732008658,1.0,89,59,1,1,0,0,0,0,0,0,0,1,0,0,0,0,0,0,0,0,0,0,0,0,1,0,0,1,1,0,0,0,1,0,0,0,0,0,1,0,0,0,0,0,0,0,0,0,0,0,0,0,0,0,0,0,0,1,0,0,0,0,0,0,0,0,1,0,0,0,0,0,0,0,0,1,0,0,0,0,0,1,0,0,0,0,0,0,1,0,0,0,0,0,0,1,0,0,0,0,1,0,0,0,0,0,0,0,0,0,0,0,0,0,0,0,0,0,0,0,1,0,0,0,0,0,0,0,0,0,0,0,0,0,0,0,1,0,0,0,1,0,0,1,0,0,0,0,0,1,0,0,0,0,0,1,0,0,0,0,0,0,0,0,1,0,0,0,0,0,0,0,0,0,1,0,0,0,0,1,0
4.127134385045092,9.18594521514146,3,3,5,5,1971,1971,0.0,3,3,3,3,1,4,6.023447592961033,2,5.662960480135946,5.529429087511423,950.0,3,1,6.85751406254539,0.0,0.0,6.85751406254539,0.0,0.0,1,0,3,1,3,5,8,0,0,1981.0,1,1.0,280.0,3,3,2,0.0,0.0,0.0,0.0,0.0,0,0.0,7,2007,7.550135342488429,1.0,36,36,1,1,0,0,0,0,0,0,1,0,0,0,0,0,0,0,0,0,0,0,0,0,1,0,0,1,0,0,0,1,1,0,0,0,0,0,1,0,0,0,0,0,0,0,0,0,0,0,0,1,0,0,0,0,0,0,0,0,0,0,0,0,0,0,1,0,0,0,0,0,0,0,0,1,0,0,0,0,0,1,0,0,0,0,0,0,1,0,0,0,0,0,0,1,0,0,0,0,1,0,0,0,0,0,0,0,0,0,0,0,0,1,0,0,0,0,0,0,0,0,0,0,0,0,0,0,0,0,1,0,0,0,0,0,0,0,0,0,1,0,0,1,0,0,0,0,0,1,0,0,0,0,0,0,0,0,1,0,0,0,0,0,1,0,0,0,0,0,0,0,0,0,1,0,0,0,0,1,0
4.2626798770413155,8.853808274977197,4,3,5,7,1960,2002,3.828641396489095,3,3,3,3,1,3,6.3784261836515865,1,0.0,6.0473721790462776,1010.0,5,1,7.034387929915503,0.0,0.0,7.034387929915503,0.0,0.0,1,0,2,1,3,6,8,0,0,1960.0,2,1.0,254.0,3,3,2,0.0,2.833213344056216,0.0,0.0,0.0,0,0.0,4,2007,7.6708948313621175,1.0,47,5,1,1,0,0,0,0,0,0,1,0,0,0,0,0,0,0,0,0,0,0,0,0,1,0,0,1,0,0,0,1,1,0,0,0,0,0,1,0,0,0,0,0,0,0,0,0,0,0,0,1,0,0,0,0,0,0,0,0,0,0,0,0,0,0,1,0,0,0,0,0,0,0,0,1,0,0,0,0,0,1,0,0,0,0,0,0,1,0,0,0,0,0,0,1,0,0,0,0,1,0,0,0,0,0,0,0,0,0,0,0,0,0,0,0,0,0,0,0,1,0,0,0,0,0,0,0,0,0,0,0,0,0,0,0,1,0,0,1,0,0,0,1,0,0,0,0,0,1,0,0,0,0,0,0,0,0,1,0,1,0,0,0,0,0,0,0,0,0,0,0,0,0,1,0,0,0,1,0,0
4.382026634673881,9.09504174761272,4,3,6,6,1959,1959,0.0,3,3,3,3,2,5,6.486160788944089,1,0.0,0.0,655.0,5,1,7.085901464365611,0.0,0.0,7.085901464365611,0.0,1.0,1,0,3,1,3,6,8,1,2,1954.0,3,2.0,539.0,3,3,2,0.0,0.0,5.262690188904886,0.0,0.0,0,0.0,7,2006,7.52294091807237,1.5,47,47,1,1,1,0,0,0,0,0,1,0,0,0,0,0,0,0,0,0,0,0,0,0,1,0,0,1,0,0,0,1,1,0,1,0,0,0,0,0,0,0,0,0,0,0,0,0,0,0,0,1,0,0,0,0,0,0,0,0,0,0,0,0,0,0,1,0,0,0,0,0,0,0,0,1,0,0,0,0,0,1,0,0,0,0,0,0,1,0,0,0,0,0,0,0,0,1,0,0,1,0,0,0,0,0,0,0,0,0,1,0,0,0,0,0,0,0,0,0,0,0,0,0,0,1,0,0,0,0,0,0,0,0,0,0,0,0,0,0,1,0,0,1,0,0,0,0,0,1,0,0,0,0,0,0,0,0,1,0,0,0,1,0,0,0,0,0,0,0,0,0,0,0,1,0,0,0,0,1,0
3.2188758248682006,7.6093665379542115,4,3,5,5,1970,1970,5.720311776607412,3,3,3,3,1,1,0.0,1,0.0,6.447305862541213,630.0,3,1,6.447305862541213,6.511745329644728,0.0,7.172424577124845,0.0,0.0,2,1,3,1,3,6,8,0,0,1970.0,1,2.0,440.0,3,3,2,0.0,0.0,0.0,0.0,0.0,0,0.0,4,2007,7.566828479208331,2.5,37,37,1,1,0,0,0,1,0,0,0,0,0,0,0,0,0,0,0,0,0,0,0,0,0,1,0,1,0,0,0,1,1,0,0,0,0,0,1,0,0,1,0,0,0,0,0,0,0,0,0,0,0,0,0,0,0,0,0,0,0,0,0,0,0,0,1,0,0,0,0,0,0,0,0,1,0,0,0,0,0,0,0,0,0,1,0,0,0,0,0,1,0,0,0,1,0,0,0,0,1,0,0,0,0,0,0,0,0,0,0,0,0,1,0,0,0,0,0,0,0,0,0,0,0,0,0,0,1,0,0,0,0,0,0,0,0,0,0,1,0,0,0,1,0,0,0,0,0,1,0,0,0,0,0,0,0,0,1,0,0,0,0,0,1,0,0,0,0,0,0,0,0,0,1,0,0,0,0,1,0
4.59511985013459,9.413852481341165,3,3,8,5,1994,1995,5.8944028342648505,4,3,5,3,3,6,6.940222469119639,1,0.0,6.068425588244111,1463.0,5,1,7.313886831633462,7.023758954738443,0.0,7.872073979866873,1.0,0.0,2,1,3,1,4,9,8,2,3,1994.0,2,2.0,712.0,3,3,2,5.231108616854587,3.4965075614664802,0.0,0.0,0.0,0,0.0,4,2010,8.315321775377567,3.5,16,15,1,1,1,0,0,0,0,0,0,0,0,0,0,1,0,0,0,0,0,0,0,0,1,0,0,1,0,0,0,1,1,0,1,0,0,0,0,0,0,0,0,0,0,0,0,0,0,0,0,0,0,0,1,0,0,0,0,0,0,0,0,0,0,0,1,0,0,0,0,0,0,0,0,1,0,0,0,0,0,1,0,0,0,0,0,0,0,0,0,1,0,0,0,1,0,0,0,0,1,0,0,0,0,0,0,0,0,0,0,0,0,1,0,0,0,0,0,0,0,0,0,0,0,0,0,0,1,0,0,0,0,0,0,0,0,0,0,1,0,0,0,0,1,0,0,0,0,1,0,0,0,0,0,0,0,0,1,0,1,0,0,0,0,0,0,0,0,0,0,0,0,0,1,0,0,0,0,1,0
4.74493212836325,9.245514446983837,3,3,7,5,1990,1991,0.0,4,3,4,3,2,6,6.6052979209482015,1,0.0,5.153291594497779,910.0,4,1,7.274479558773871,0.0,0.0,7.274479558773871,1.0,0.0,2,0,3,1,4,6,8,1,3,1990.0,3,2.0,719.0,3,3,2,0.0,5.501258210544727,0.0,0.0,0.0,0,0.0,5,2007,7.763446388727362,3.0,17,16,1,1,1,0,0,0,0,0,1,0,0,0,0,0,0,0,0,0,0,0,0,0,1,0,0,1,0,0,0,1,1,0,1,0,0,0,0,0,0,0,0,0,0,0,0,0,0,0,0,0,0,0,0,0,0,0,0,1,0,0,0,0,0,1,0,0,0,0,0,0,0,0,0,1,0,0,0,0,0,1,0,0,0,0,0,0,1,0,0,0,0,0,0,0,0,1,0,0,1,0,0,0,0,0,0,0,0,0,0,0,0,1,0,0,0,0,0,0,0,0,0,0,0,0,0,0,1,0,0,0,0,0,0,0,0,0,0,0,1,0,0,0,1,0,0,0,0,1,0,0,0,0,0,0,0,0,1,0,1,0,0,0,0,0,0,0,0,0,0,0,0,0,1,0,0,0,0,1,0
5.1298987149230735,10.05440443785299,1,3,7,5,2006,2006,0.0,4,3,5,4,1,1,0.0,1,0.0,6.767343125265392,868.0,5,1,6.78897174299217,7.034387929915503,0.0,7.611842399580417,0.0,0.0,2,1,3,1,4,9,8,1,4,2006.0,2,2.0,422.0,3,3,2,0.0,4.61512051684126,0.0,0.0,0.0,0,0.0,9,2006,7.969011781106478,2.5,0,0,1,1,1,0,0,0,0,0,0,0,0,0,0,1,0,0,0,0,0,0,0,0,1,0,0,1,0,1,0,0,1,0,0,1,0,0,0,0,0,0,0,0,0,0,0,1,0,0,0,0,0,0,0,0,0,0,0,0,0,0,0,0,0,0,1,0,0,0,0,0,0,0,0,1,0,0,0,0,0,1,0,0,0,0,0,0,0,0,0,1,0,0,0,1,0,0,0,0,1,0,0,0,0,0,0,0,0,0,0,0,0,0,0,0,0,0,0,1,0,0,0,0,0,0,0,0,0,0,0,0,0,0,0,1,0,0,0,0,1,0,0,0,1,0,0,0,0,1,0,0,0,0,0,0,0,0,1,0,0,0,1,0,0,0,0,0,0,0,0,0,1,0,0,0,0,0,0,0,1
4.189654742026425,8.99516499031115,4,3,6,5,2000,2000,0.0,3,3,4,3,1,1,0.0,1,0.0,6.829793737512425,924.0,5,1,6.855408798609928,6.610696044717759,0.0,7.43307534889858,0.0,0.0,2,1,3,1,3,7,8,1,3,2000.0,2,2.0,463.0,3,3,2,4.61512051684126,3.8918202981106265,0.0,0.0,0.0,0,0.0,11,2007,7.869019376499023,2.5,7,7,1,1,1,0,0,0,0,0,0,0,0,0,0,1,0,0,0,0,0,0,0,0,1,0,0,1,0,0,0,1,1,0,0,0,0,0,1,0,0,0,0,0,0,0,0,1,0,0,0,0,0,0,0,0,0,0,0,0,0,0,0,0,0,0,1,0,0,0,0,0,0,0,0,1,0,0,0,0,0,1,0,0,0,0,0,0,0,0,0,1,0,0,0,1,0,0,0,0,1,0,0,0,0,0,0,0,0,0,0,0,0,0,0,0,0,0,0,1,0,0,0,0,0,0,0,0,0,0,0,0,0,0,0,1,0,0,0,0,1,0,0,0,1,0,0,0,0,1,0,0,0,0,0,0,0,0,1,0,1,0,0,0,0,0,0,0,0,0,0,0,0,0,1,1,0,0,0,0,0
4.68213122712422,9.338117741918008,3,3,8,5,2004,2005,3.7612001156935624,4,3,5,3,2,6,6.946975992135418,1,0.0,6.682108597449809,1836.0,5,1,7.515889085215125,0.0,0.0,7.515889085215125,1.0,0.0,2,0,3,1,4,7,8,1,4,2004.0,3,3.0,862.0,3,3,2,4.836281906951478,5.225746673713202,0.0,0.0,0.0,0,0.0,3,2009,8.208764045819667,3.0,5,4,1,1,1,0,0,0,0,0,1,0,0,0,0,0,0,0,0,0,0,0,0,0,1,0,0,1,0,0,0,1,1,0,0,0,0,0,1,0,0,0,0,0,0,0,0,0,0,0,0,0,0,0,0,1,0,0,0,0,0,0,0,0,0,0,1,0,0,0,0,0,0,0,0,1,0,0,0,0,0,1,0,0,0,0,0,0,1,0,0,0,0,0,0,1,0,0,0,0,1,0,0,0,0,0,0,0,0,0,0,0,0,0,0,1,0,0,0,0,0,0,0,0,0,0,0,0,0,0,1,0,0,0,0,0,0,0,0,0,0,1,0,0,1,0,0,0,0,1,0,0,0,0,0,0,0,0,1,0,1,0,0,0,0,0,0,0,0,0,0,0,0,0,1,0,0,0,0,1,0
4.189654742026425,8.987321812850125,4,3,6,5,1995,1996,0.0,3,3,4,3,1,6,5.393627546352362,1,0.0,6.318968113746434,773.0,4,1,6.651571873589727,6.786716950605081,0.0,7.413970290190444,1.0,0.0,2,1,3,1,3,8,8,1,3,1995.0,3,2.0,431.0,3,3,2,5.41610040220442,4.442651256490317,0.0,0.0,0.0,0,0.0,6,2008,7.796469243086058,3.5,13,12,1,1,1,0,0,0,0,0,0,0,0,0,0,1,0,0,0,0,0,0,0,0,1,0,0,1,0,0,0,1,1,0,0,0,0,0,1,0,0,0,0,0,0,0,0,1,0,0,0,0,0,0,0,0,0,0,0,0,0,0,0,0,0,0,1,0,0,0,0,0,0,0,0,1,0,0,0,0,0,1,0,0,0,0,0,0,0,0,0,1,0,0,0,1,0,0,0,0,1,0,0,0,0,0,0,0,0,0,0,0,0,1,0,0,0,0,0,0,0,0,0,0,0,0,0,0,1,0,0,0,0,0,0,0,0,0,0,0,1,0,0,0,1,0,0,0,0,1,0,0,0,0,0,0,0,0,1,0,1,0,0,0,0,0,0,0,0,0,0,0,0,0,1,0,0,0,0,1,0
4.394449154672439,9.257319373170178,4,3,7,6,1976,1976,6.493753839851686,3,3,3,3,1,5,6.0014148779611505,1,0.0,5.993961427306569,803.0,3,1,7.002155954403621,6.7650389767805414,0.0,7.583247524303362,0.0,0.0,2,1,4,1,3,8,8,1,4,1976.0,2,2.0,483.0,3,3,2,0.0,4.248495242049359,0.0,0.0,0.0,0,0.0,9,2008,7.92588031673756,2.5,32,32,1,1,1,0,0,0,0,0,0,0,0,0,0,1,0,0,0,0,0,0,0,0,1,0,0,1,0,0,0,1,1,0,0,0,0,0,1,0,0,0,0,0,0,0,0,0,0,0,0,0,0,1,0,0,0,0,0,0,0,0,0,0,0,0,1,0,0,0,0,0,0,0,0,1,0,0,0,0,0,1,0,0,0,0,0,0,0,0,0,1,0,0,0,0,0,1,0,0,1,0,0,0,0,0,0,0,0,0,0,0,0,0,0,0,1,0,0,0,0,0,0,0,0,0,0,0,0,0,0,0,1,0,0,0,0,0,0,1,0,0,0,1,0,0,0,0,0,1,0,0,0,0,0,0,0,0,1,0,1,0,0,0,0,0,0,0,0,0,0,0,0,0,1,0,0,0,0,1,0
4.30406509320417,8.867990898182093,3,3,5,7,1957,1957,0.0,3,3,3,3,1,6,6.5638555265321274,1,0.0,4.6913478822291435,816.0,3,1,6.705639094860003,0.0,0.0,6.705639094860003,1.0,0.0,1,0,2,1,3,5,8,0,0,1957.0,1,1.0,308.0,3,3,2,0.0,0.0,0.0,0.0,0.0,0,0.0,7,2006,7.398174092970465,2.0,49,49,1,1,0,0,0,0,0,0,1,0,0,0,0,0,0,0,0,0,0,0,0,0,1,0,0,1,0,0,0,1,1,0,1,0,0,0,0,0,0,0,0,0,0,0,0,0,0,0,0,1,0,0,0,0,0,0,0,0,0,0,0,0,0,0,1,0,0,0,0,0,0,0,0,1,0,0,0,0,0,1,0,0,0,0,0,0,1,0,0,0,0,0,0,1,0,0,0,0,1,0,0,0,0,0,0,0,0,0,0,0,0,0,0,0,0,0,0,0,0,1,0,0,0,0,0,0,0,0,0,0,0,0,0,0,0,1,0,0,1,0,0,1,0,0,0,0,0,1,0,0,0,0,1,0,0,0,0,0,0,0,0,0,1,0,0,0,0,0,0,0,0,0,1,0,0,0,0,1,0
4.204692619390966,9.096499555552423,4,3,5,7,1953,2006,0.0,3,3,3,3,1,4,6.467698726104354,1,0.0,5.902633333401366,1008.0,4,1,6.9167150203536085,0.0,0.0,6.9167150203536085,1.0,0.0,1,0,2,1,4,6,8,0,0,1953.0,1,1.0,240.0,3,3,2,0.0,2.9444389791664403,0.0,0.0,0.0,0,0.0,5,2007,7.6093665379542115,2.0,54,1,1,1,0,0,0,0,0,0,1,0,0,0,0,0,0,0,0,0,0,0,0,0,1,0,0,1,0,0,0,1,1,0,0,0,0,0,1,0,0,0,0,0,0,0,0,0,0,0,0,1,0,0,0,0,0,0,0,0,0,0,0,0,0,0,1,0,0,0,0,0,0,0,0,1,0,0,0,0,0,1,0,0,0,0,0,0,1,0,0,0,0,0,0,1,0,0,0,0,1,0,0,0,0,0,0,0,0,0,0,0,0,0,0,0,0,0,0,0,1,0,0,0,0,0,0,0,0,0,0,0,0,0,0,0,1,0,0,0,1,0,0,1,0,0,0,0,0,1,0,0,0,0,0,0,0,0,1,0,1,0,0,0,0,0,0,0,0,0,0,0,0,0,1,0,0,0,0,1,0
4.51085950651685,8.594339400592892,4,3,5,7,1954,2000,0.0,3,4,3,3,1,3,6.030685260261263,1,0.0,6.037870919922137,833.0,5,1,6.726233402358747,0.0,0.0,6.726233402358747,0.0,0.0,1,0,2,1,4,4,8,0,0,1955.0,1,1.0,326.0,3,3,2,0.0,0.0,0.0,0.0,0.0,0,0.0,8,2006,7.418780882750794,1.0,52,6,1,1,0,0,0,0,0,0,1,0,0,0,0,0,0,0,0,0,0,0,0,0,1,0,0,1,0,0,0,1,1,0,0,0,0,0,1,0,0,0,0,0,0,0,0,0,0,0,0,0,0,0,0,0,1,0,0,0,0,0,0,0,0,0,1,0,0,0,0,0,0,0,0,1,0,0,0,0,0,1,0,0,0,0,0,0,1,0,0,0,0,0,0,1,0,0,0,0,1,0,0,0,0,0,0,0,0,0,0,0,0,0,0,1,0,0,0,0,0,0,0,0,0,0,0,0,0,0,1,0,0,0,0,0,0,0,0,0,1,0,0,1,0,0,0,0,0,1,0,0,0,0,0,0,0,0,1,0,0,0,0,0,1,0,0,0,0,0,0,0,0,0,1,0,0,0,0,1,0
4.543294782270004,9.399803036921504,4,3,8,5,2007,2007,5.796057750765372,4,3,5,3,1,6,6.912742820493176,1,0.0,6.594413459749778,1734.0,5,1,7.45876269238096,0.0,0.0,7.45876269238096,1.0,0.0,2,0,3,1,5,7,8,1,4,2007.0,2,3.0,928.0,3,3,2,0.0,0.0,0.0,0.0,0.0,0,0.0,11,2007,8.15162164696975,3.0,0,0,1,1,1,0,0,0,0,0,1,0,0,0,0,0,0,0,0,0,0,0,0,0,1,0,0,1,0,0,0,1,1,0,0,0,0,0,1,0,0,0,0,0,0,0,0,0,0,0,0,0,0,0,0,1,0,0,0,0,0,0,0,0,0,0,1,0,0,0,0,0,0,0,0,1,0,0,0,0,0,1,0,0,0,0,0,0,1,0,0,0,0,0,0,0,0,1,0,0,1,0,0,0,0,0,0,0,0,0,0,0,0,0,0,0,0,0,0,1,0,0,0,0,0,0,0,0,0,0,0,0,0,0,0,1,0,0,0,0,0,1,0,0,1,0,0,0,0,1,0,0,0,0,0,0,0,0,1,0,1,0,0,0,0,0,0,0,0,0,0,0,1,0,0,0,0,0,0,0,1
4.189654742026425,8.955577146281511,4,3,8,5,2002,2002,0.0,4,3,4,3,1,6,5.869296913133774,1,0.0,4.02535169073515,408.0,5,1,6.659293919683638,6.46302945692067,0.0,7.258412150595307,1.0,0.0,2,1,3,1,4,7,8,1,3,2002.0,3,2.0,527.0,3,3,2,4.795790545596741,0.0,0.0,0.0,0.0,0,0.0,3,2009,7.510977752014095,3.5,7,7,1,1,1,0,0,0,0,0,0,0,0,0,0,0,0,0,1,0,0,0,0,0,1,0,0,1,0,0,0,1,1,0,0,0,0,0,1,0,0,0,0,0,0,0,0,1,0,0,0,0,0,0,0,0,0,0,0,0,0,0,0,0,0,0,1,0,0,0,0,0,0,0,0,1,0,0,0,0,0,1,0,0,0,0,0,0,0,0,0,0,0,1,0,0,0,1,0,0,1,0,0,0,0,0,0,0,0,0,0,0,0,0,0,0,0,0,0,1,0,0,0,0,0,0,0,0,0,0,0,0,0,0,0,1,0,0,0,0,1,0,0,0,1,0,0,0,0,1,0,0,0,0,0,0,0,0,1,0,0,0,1,0,0,0,0,0,0,0,0,0,0,0,1,0,0,0,0,1,0
4.060443010546419,9.186559843310778,3,3,5,7,1967,2003,0.0,3,3,3,3,1,4,6.555356891810665,1,0.0,5.262690188904886,894.0,5,1,6.796823718274855,0.0,0.0,6.796823718274855,1.0,0.0,1,0,3,1,4,5,8,0,0,1967.0,2,2.0,450.0,3,3,2,0.0,0.0,0.0,0.0,0.0,0,0.0,5,2008,7.489412083508719,2.0,41,5,1,1,0,0,0,0,0,0,1,0,0,0,0,0,0,0,0,0,0,0,0,0,1,0,0,1,0,0,0,1,1,0,0,0,1,0,0,0,0,0,0,0,0,0,0,0,0,0,0,0,0,0,0,0,0,0,1,0,0,0,0,0,0,1,0,0,0,0,0,0,0,0,0,1,0,0,0,0,0,1,0,0,0,0,0,0,1,0,0,0,0,0,0,1,0,0,0,0,1,0,0,0,0,0,0,0,0,0,0,0,0,0,0,0,0,0,0,1,0,0,0,0,0,0,0,0,0,0,0,0,0,0,0,1,0,0,0,0,1,0,0,1,0,0,0,0,0,1,0,0,0,0,0,0,0,0,1,0,1,0,0,0,0,0,0,0,0,0,0,0,0,0,1,0,0,0,0,1,0
4.454347296253507,9.53430615650521,4,3,5,6,1958,1987,0.0,3,4,3,3,1,1,0.0,1,0.0,6.280395838960195,533.0,3,1,6.92951677076365,6.364750756851911,0.0,7.379008127628304,0.0,1.0,1,0,3,1,3,6,6,0,0,1958.0,2,1.0,300.0,3,3,2,5.638354669333745,3.5553480614894135,0.0,0.0,0.0,0,0.0,12,2008,7.666221925662725,1.5,50,21,1,1,0,0,0,0,0,0,0,0,0,0,0,0,0,0,1,0,0,0,0,0,1,0,0,1,0,0,0,1,1,0,0,0,0,0,1,0,0,0,0,0,0,0,0,0,0,0,0,0,0,0,0,0,0,0,1,0,0,0,0,0,0,0,1,0,0,0,0,0,0,0,0,1,0,0,0,0,0,1,0,0,0,0,0,0,0,0,0,0,0,1,0,1,0,0,0,0,1,0,0,0,0,0,0,0,0,0,0,0,0,0,0,1,0,0,0,0,0,0,0,0,0,0,0,0,0,0,1,0,0,0,0,0,0,0,0,0,1,0,0,1,0,0,0,0,0,1,0,0,0,0,0,0,0,0,1,0,0,0,1,0,0,0,0,0,0,0,0,0,0,0,1,0,0,0,0,1,0
4.2626798770413155,8.93075873555827,4,3,5,5,1959,1959,0.0,3,3,3,3,1,2,5.91350300563827,1,0.0,6.51025834052315,1040.0,3,1,6.947937068614969,0.0,0.0,6.947937068614969,0.0,0.0,1,0,3,1,3,6,8,0,0,1959.0,2,1.0,286.0,3,3,2,4.948759890378168,0.0,5.53338948872752,0.0,0.0,0,0.0,7,2006,7.640603826393634,1.0,47,47,1,1,0,0,0,0,0,0,1,0,0,0,0,0,0,0,0,0,0,0,0,0,1,0,0,1,0,0,0,1,1,0,0,0,0,0,1,0,0,0,0,0,0,0,0,0,0,0,0,1,0,0,0,0,0,0,0,0,0,0,0,0,0,0,1,0,0,0,0,0,0,0,0,1,0,0,0,0,0,1,0,0,0,0,0,0,1,0,0,0,0,0,0,1,0,0,0,0,1,0,0,0,0,0,0,0,0,0,1,0,0,0,0,0,0,0,0,0,0,0,0,0,0,0,0,0,0,0,0,0,0,0,0,0,1,0,0,0,1,0,0,1,0,0,0,0,0,1,0,0,0,0,1,0,0,0,0,0,1,0,0,0,0,0,0,0,0,0,0,0,0,0,1,0,0,0,0,1,0
4.0943445622221,9.019664010799474,4,2,6,5,1920,1950,0.0,3,3,3,3,1,1,0.0,1,0.0,6.920671504248683,1012.0,3,1,6.920671504248683,0.0,0.0,6.920671504248683,0.0,0.0,1,0,2,1,3,6,8,1,4,1920.0,1,1.0,308.0,3,3,2,0.0,3.1354942159291497,4.727387818712341,0.0,0.0,0,0.0,5,2007,7.613324979540639,1.0,87,57,1,1,1,0,0,0,0,0,0,1,0,0,0,0,0,0,0,0,0,0,0,0,0,1,0,1,1,0,0,0,1,0,0,0,0,0,1,0,0,0,0,0,0,0,0,0,1,0,0,0,0,0,0,0,0,0,0,0,0,0,0,0,0,0,1,0,0,0,0,0,0,0,0,1,0,0,0,0,0,1,0,0,0,0,0,0,1,0,0,0,0,0,0,1,0,0,0,0,1,0,0,0,0,0,0,0,0,0,1,0,0,0,0,0,0,0,0,0,0,0,0,0,0,1,0,0,0,0,0,0,0,0,0,0,0,0,0,0,1,0,1,0,0,0,0,0,0,1,0,0,0,0,1,0,0,0,0,0,0,0,0,0,1,0,0,0,0,0,0,0,0,0,1,0,0,0,0,1,0
4.442651256490317,9.218804450388312,4,3,7,5,2005,2006,5.2832037287379885,4,3,4,3,3,6,3.2188758248682006,1,0.0,7.332369205929062,1552.0,5,1,7.347943823148687,0.0,0.0,7.347943823148687,0.0,0.0,2,0,3,1,4,7,8,0,0,2005.0,2,3.0,782.0,3,3,2,4.976733742420574,3.044522437723423,0.0,0.0,0.0,0,0.0,7,2006,8.040768994367578,2.0,1,0,1,1,0,0,0,0,0,0,1,0,0,0,0,0,0,0,0,0,0,0,0,0,1,0,0,1,0,0,0,1,1,0,0,0,0,0,1,0,0,0,0,0,1,0,0,0,0,0,0,0,0,0,0,0,0,0,0,0,0,0,0,0,0,0,1,0,0,0,0,0,0,0,0,1,0,0,0,0,0,1,0,0,0,0,0,0,1,0,0,0,0,0,0,1,0,0,0,0,1,0,0,0,0,0,0,0,0,0,0,0,0,0,0,0,0,0,0,1,0,0,0,0,0,0,0,0,0,0,0,0,0,0,0,1,0,0,0,1,0,0,0,0,1,0,0,0,0,1,0,0,0,0,0,0,0,0,1,0,1,0,0,0,0,0,0,0,0,0,0,0,1,0,0,0,0,0,0,0,1
4.182050142641207,9.096835671179361,3,3,4,3,1956,1956,0.0,3,3,3,3,1,1,0.0,1,0.0,6.511745329644728,672.0,5,1,6.8679744089702925,0.0,0.0,6.8679744089702925,0.0,0.0,1,0,3,1,3,5,8,0,0,1956.0,1,1.0,288.0,3,3,2,4.174387269895637,0.0,0.0,0.0,5.081404364984463,0,0.0,10,2009,7.398174092970465,1.0,53,53,1,1,0,0,0,0,0,0,1,0,0,0,0,0,0,0,0,0,0,0,0,0,1,0,0,1,0,0,0,1,1,0,1,0,0,0,0,0,0,0,0,0,0,0,1,0,0,0,0,0,0,0,0,0,0,0,0,0,0,0,0,0,0,0,1,0,0,0,0,0,0,0,0,1,0,0,0,0,0,1,0,0,0,0,0,0,1,0,0,0,0,0,0,1,0,0,0,0,1,0,0,0,0,0,0,1,0,0,0,0,0,0,0,0,0,0,0,0,0,0,1,0,0,0,0,0,0,0,0,0,0,0,0,0,0,0,0,0,1,0,0,1,0,0,0,0,0,1,0,0,0,0,1,0,0,0,0,0,0,1,0,0,0,0,1,0,0,0,0,0,0,0,0,1,0,0,0,0,0
3.9318256327243257,9.149103062504993,4,3,5,9,1947,2008,0.0,3,5,3,3,1,1,0.0,1,0.0,6.54965074223381,698.0,5,1,6.54965074223381,0.0,0.0,6.54965074223381,0.0,1.0,1,0,2,1,3,4,8,0,0,0.0,0,0.0,0.0,0,0,2,0.0,5.303304908059076,0.0,0.0,0.0,0,0.0,6,2009,7.242082359256962,1.5,62,1,0,1,0,0,0,0,0,0,1,0,0,0,0,0,0,0,0,0,0,0,0,0,1,0,0,1,0,0,0,1,1,0,0,0,0,0,1,0,0,0,0,0,0,0,1,0,0,0,0,0,0,0,0,0,0,0,0,0,0,0,0,0,0,0,1,0,0,0,0,0,0,0,0,1,0,0,0,0,0,1,0,0,0,0,0,0,1,0,0,0,0,0,0,0,0,1,0,0,1,0,0,0,0,0,0,0,0,0,0,0,0,0,0,0,0,0,0,1,0,0,0,0,0,0,0,0,0,0,0,0,0,0,0,1,0,0,0,0,1,0,0,1,0,0,0,0,0,1,0,0,0,0,0,0,0,0,1,0,0,0,0,0,0,1,0,0,0,0,0,0,0,0,1,0,0,0,0,1,0
4.189654742026425,9.118882761487347,3,3,7,5,1992,1992,5.14166355650266,3,3,4,3,1,1,0.0,1,0.0,5.953243334287785,384.0,4,1,6.70073110954781,6.508769136971682,0.0,7.301822342137932,0.0,0.0,2,1,3,1,4,7,8,1,3,1992.0,3,2.0,392.0,3,3,2,4.61512051684126,3.258096538021482,0.0,0.0,0.0,0,0.0,7,2007,7.532088143541722,2.5,15,15,1,1,1,0,0,0,0,0,0,0,0,0,0,0,0,0,1,0,0,0,0,0,1,0,0,1,0,0,0,1,1,0,0,0,0,0,1,0,0,0,0,0,0,0,0,1,0,0,0,0,0,0,0,0,0,0,0,0,0,0,0,0,0,0,1,0,0,0,0,0,0,0,0,1,0,0,0,0,0,1,0,0,0,0,0,0,0,0,0,0,0,1,0,1,0,0,0,0,1,0,0,0,0,0,0,0,0,0,0,0,0,1,0,0,0,0,0,0,0,0,0,0,0,0,0,0,1,0,0,0,0,0,0,0,0,0,0,1,0,0,0,0,1,0,0,0,0,1,0,0,0,0,0,0,0,0,1,0,1,0,0,0,0,0,0,0,0,0,0,0,0,0,1,0,0,0,0,1,0
4.110873864173311,9.252920819511301,4,3,4,5,1955,1955,0.0,3,3,3,3,1,1,0.0,1,0.0,6.913737350659685,1005.0,3,1,6.913737350659685,0.0,0.0,6.913737350659685,0.0,0.0,1,0,2,1,2,5,8,1,3,1977.0,1,2.0,672.0,2,2,2,0.0,0.0,0.0,0.0,0.0,0,0.0,11,2009,7.606387389772652,1.0,54,54,1,1,1,0,0,0,0,0,1,0,0,0,0,0,0,0,0,0,0,0,0,0,1,0,0,1,0,0,0,1,1,0,0,0,0,0,1,0,0,0,0,0,0,0,0,0,0,0,0,1,0,0,0,0,0,0,0,0,0,0,0,0,0,0,1,0,0,0,0,0,0,0,0,1,0,0,0,0,0,1,0,0,0,0,0,0,1,0,0,0,0,0,0,1,0,0,0,0,1,0,0,0,0,0,0,0,0,0,0,0,0,0,0,0,1,0,0,0,0,0,0,0,0,0,0,0,0,0,0,0,1,0,0,0,0,0,0,0,1,0,0,1,0,0,0,0,0,1,0,0,0,0,0,0,0,0,1,0,0,0,0,0,1,0,0,0,0,0,0,0,0,0,1,0,0,0,0,1,0
3.9889840465642745,8.212025804623437,4,3,7,5,2007,2007,4.875197323201151,4,3,4,3,1,1,0.0,1,0.0,7.2254814727822945,1373.0,5,1,7.349873704738337,0.0,0.0,7.349873704738337,0.0,0.0,2,0,2,1,4,7,8,1,3,2007.0,3,3.0,660.0,3,3,2,4.969813299576001,3.044522437723423,0.0,0.0,0.0,0,0.0,6,2009,7.982416346827733,2.0,2,2,1,1,1,1,0,0,0,0,0,0,0,0,0,0,0,0,0,0,0,0,0,0,1,0,0,1,0,0,0,1,1,0,0,0,0,0,1,1,0,0,0,0,0,0,0,0,0,0,0,0,0,0,0,0,0,0,0,0,0,0,0,0,0,0,1,0,0,0,0,0,0,0,0,1,0,0,0,0,0,0,0,0,0,1,0,0,1,0,0,0,0,0,0,0,0,1,0,0,1,0,0,0,0,0,0,0,0,0,0,0,0,0,0,0,0,0,0,1,0,0,0,0,0,0,0,0,0,0,0,0,0,0,0,1,0,0,0,1,0,0,0,0,1,0,0,0,0,1,0,0,0,0,0,0,0,0,1,0,1,0,0,0,0,0,0,0,0,0,0,0,0,0,1,0,0,0,0,1,0
5.209486152841421,9.586925780533697,1,3,7,5,2004,2004,0.0,4,3,4,3,3,6,7.170888478512505,1,0.0,5.442417710521793,1530.0,5,1,7.333676395657684,0.0,0.0,7.333676395657684,1.0,0.0,2,0,3,1,4,7,8,1,4,2004.0,3,3.0,630.0,3,3,2,4.976733742420574,3.6109179126442243,0.0,0.0,0.0,0,0.0,11,2007,8.026496938945412,3.0,3,3,1,1,1,0,0,0,0,0,1,0,0,0,0,0,0,0,0,0,0,0,0,0,1,0,0,1,0,0,0,1,1,0,1,0,0,0,0,0,0,0,0,0,0,0,0,1,0,0,0,0,0,0,0,0,0,0,0,0,0,0,0,0,0,0,1,0,0,0,0,0,0,0,0,1,0,0,0,0,0,1,0,0,0,0,0,0,1,0,0,0,0,0,0,0,0,1,0,0,1,0,0,0,0,0,0,0,0,0,0,0,0,0,0,0,0,0,0,1,0,0,0,0,0,0,0,0,0,0,0,0,0,0,0,1,0,0,0,0,1,0,0,0,1,0,0,0,0,1,0,0,0,0,0,0,0,0,1,0,1,0,0,0,0,0,0,0,0,0,0,0,0,0,1,0,0,0,1,0,0
4.0943445622221,9.375600540841843,3,3,7,5,2004,2005,0.0,4,3,4,3,3,1,0.0,1,0.0,6.742880635791903,847.0,5,1,6.742880635791903,7.014814351275545,0.0,7.580699752224563,0.0,0.0,2,1,4,1,4,8,8,1,4,2004.0,3,2.0,434.0,3,3,2,4.61512051684126,3.8918202981106265,0.0,0.0,0.0,0,0.0,7,2007,7.939871576361883,2.5,3,2,1,1,1,0,0,0,0,0,0,0,0,0,0,1,0,0,0,0,0,0,0,0,1,0,0,1,0,0,0,1,1,0,0,0,0,0,1,0,0,0,0,0,0,0,0,1,0,0,0,0,0,0,0,0,0,0,0,0,0,0,0,0,0,0,1,0,0,0,0,0,0,0,0,1,0,0,0,0,0,1,0,0,0,0,0,0,0,0,0,1,0,0,0,1,0,0,0,0,1,0,0,0,0,0,0,0,0,0,0,0,0,0,0,0,0,0,0,1,0,0,0,0,0,0,0,0,0,0,0,0,0,0,0,1,0,0,0,0,1,0,0,0,1,0,0,0,0,1,0,0,0,0,0,0,0,0,1,0,0,0,1,0,0,0,0,0,0,0,0,0,0,0,1,0,0,0,0,1,0
4.110873864173311,8.881975184248867,4,3,5,5,1980,1980,5.198497031265826,3,3,4,3,4,6,6.842683282238422,1,0.0,0.0,936.0,3,1,6.842683282238422,0.0,0.0,6.842683282238422,1.0,0.0,1,0,2,1,3,4,8,0,0,1980.0,1,2.0,672.0,3,3,2,3.912023005428146,0.0,0.0,0.0,0.0,0,0.0,8,2007,7.5352967024440884,2.0,27,27,1,1,0,0,0,0,0,0,0,0,0,0,0,0,0,0,0,0,1,0,0,0,0,1,0,1,0,0,0,1,1,0,0,0,0,0,1,0,0,0,0,0,0,0,0,0,0,0,0,0,0,0,0,0,1,0,0,0,0,0,0,0,0,0,1,0,0,0,0,0,0,0,0,1,0,0,0,0,0,0,0,1,0,0,0,0,0,0,0,0,1,0,0,1,0,0,0,0,1,0,0,0,0,0,0,0,0,0,0,0,0,0,0,1,0,0,0,0,0,0,0,0,0,0,0,0,0,0,1,0,0,0,0,0,0,0,0,1,0,0,0,1,0,0,0,0,0,1,0,0,0,0,0,0,0,0,1,0,0,0,0,0,1,0,0,0,0,0,0,0,0,0,1,0,0,0,0,1,0
4.189654742026425,8.962519832949532,4,3,4,3,1928,1950,0.0,3,3,3,3,1,4,6.434546518787453,1,0.0,6.2166061010848646,1122.0,3,1,7.192182058713246,6.483107351457199,0.0,7.591861714889934,1.0,0.0,2,0,4,1,4,7,6,2,3,1981.0,1,2.0,576.0,3,3,2,6.068425588244111,3.8066624897703196,0.0,0.0,0.0,0,0.0,12,2009,8.04044688130311,3.0,81,59,1,1,1,0,0,0,0,0,0,0,0,0,1,0,0,0,0,0,0,0,0,0,1,0,0,1,0,0,0,1,1,0,0,0,0,0,1,0,0,0,0,0,0,0,0,0,0,0,0,0,0,0,0,0,0,1,0,0,0,0,0,0,0,0,1,0,0,0,0,0,0,0,0,1,0,0,0,0,0,1,0,0,0,0,1,0,0,0,0,0,0,0,0,1,0,0,0,0,1,0,0,0,0,0,0,0,0,0,0,0,0,0,0,0,0,0,0,0,0,1,0,0,0,0,0,0,0,0,0,0,1,0,0,0,0,0,0,0,1,0,1,0,0,0,0,0,0,1,0,0,0,0,0,0,0,0,1,0,0,0,0,0,1,0,0,0,0,0,0,0,0,0,1,0,0,0,0,1,0
4.1588830833596715,9.279213236262558,4,3,5,5,1991,1992,0.0,3,3,4,3,2,4,5.3612921657094255,1,0.0,6.637258031284457,974.0,3,1,6.882437470997847,0.0,0.0,6.882437470997847,0.0,0.0,1,0,3,1,3,5,8,0,0,0.0,0,0.0,0.0,0,0,2,0.0,3.367295829986474,0.0,0.0,0.0,0,0.0,9,2007,7.575071699507561,1.0,16,15,0,1,0,0,0,0,0,0,1,0,0,0,0,0,0,0,0,0,0,0,0,0,1,0,0,1,0,0,0,1,1,0,0,0,0,0,1,0,0,0,0,0,0,0,0,0,0,0,1,0,0,0,0,0,0,0,0,0,0,0,0,0,0,0,1,0,0,0,0,0,0,0,0,1,0,0,0,0,0,1,0,0,0,0,0,0,1,0,0,0,0,0,0,1,0,0,0,0,1,0,0,0,0,0,0,0,0,0,0,0,0,1,0,0,0,0,0,0,0,0,0,0,0,0,0,0,1,0,0,0,0,0,0,0,0,0,0,0,1,0,0,0,1,0,0,0,0,1,0,0,0,0,0,0,0,0,1,0,0,0,0,0,0,1,0,0,0,0,0,0,0,1,0,1,0,0,0,0,0
4.51085950651685,9.200391041122515,4,3,6,4,1880,1950,0.0,3,3,3,3,2,1,0.0,1,0.0,6.9167150203536085,1008.0,3,1,7.072421900537371,6.940222469119639,0.0,7.701200180857446,0.0,0.0,2,0,5,1,2,8,8,0,0,1930.0,1,1.0,205.0,2,3,0,0.0,3.8918202981106265,0.0,0.0,0.0,0,0.0,5,2007,8.076826031298808,2.0,127,57,1,1,0,0,0,0,0,0,0,0,0,0,0,0,1,0,0,0,0,0,0,0,0,1,0,1,0,0,0,1,1,0,0,0,0,0,1,0,0,0,0,0,0,0,0,0,0,0,0,0,0,0,0,0,1,0,0,0,0,0,0,0,0,0,1,0,0,0,0,0,0,0,0,1,0,0,0,0,0,1,0,0,0,0,0,0,0,0,0,1,0,0,0,1,0,0,0,0,1,0,0,0,0,0,0,0,0,0,0,0,0,0,0,0,0,0,0,0,1,0,0,0,0,0,0,0,0,0,0,0,0,0,0,0,1,0,0,0,1,0,1,0,0,0,0,0,0,0,1,0,0,0,0,0,0,0,1,0,0,0,0,0,1,0,0,0,0,0,0,0,0,0,1,0,0,0,0,1,0
4.394449154672439,9.19309247856663,3,3,8,5,1995,1995,0.0,4,3,4,3,1,6,6.371611847231857,1,0.0,6.300785794663244,1128.0,5,1,7.04141166379481,6.778784897685177,0.0,7.611347717403621,0.0,0.0,2,1,3,1,4,8,8,1,3,1995.0,2,2.0,466.0,3,3,2,0.0,5.049856007249537,0.0,0.0,0.0,0,0.0,6,2009,8.054840221101024,2.5,14,14,1,1,1,0,0,0,0,0,0,0,0,0,0,1,0,0,0,0,0,0,0,0,1,0,0,1,0,0,0,1,1,0,0,0,0,0,1,0,0,0,0,0,0,0,0,0,0,0,0,0,0,0,0,0,0,0,0,1,0,0,0,0,0,0,1,0,0,0,0,0,0,0,0,1,0,0,0,0,0,1,0,0,0,0,0,0,0,0,0,1,0,0,0,1,0,0,0,0,1,0,0,0,0,0,0,0,0,0,0,0,0,0,0,0,0,0,0,1,0,0,0,0,0,0,0,0,0,0,0,0,0,0,0,1,0,0,0,0,1,0,0,0,1,0,0,0,0,1,0,0,0,0,0,0,0,0,1,0,1,0,0,0,0,0,0,0,0,0,0,0,0,0,1,0,0,0,0,1,0
4.060443010546419,9.07954808172616,3,3,6,5,1997,1997,0.0,3,3,4,3,3,1,0.0,1,0.0,6.821107472256465,916.0,4,1,6.821107472256465,6.529418838262226,0.0,7.3783837129967145,0.0,0.0,2,1,3,1,3,7,8,1,3,1997.0,3,2.0,460.0,3,3,2,4.61512051684126,3.6635616461296463,0.0,0.0,0.0,0,0.0,8,2007,7.830822995135316,2.5,10,10,1,1,1,0,0,0,0,0,0,0,0,0,0,1,0,0,0,0,0,0,0,0,1,0,0,1,0,1,0,0,1,0,0,0,0,0,1,0,0,0,0,0,0,0,0,1,0,0,0,0,0,0,0,0,0,0,0,0,0,0,0,0,0,0,1,0,0,0,0,0,0,0,0,1,0,0,0,0,0,1,0,0,0,0,0,0,0,0,0,1,0,0,0,1,0,0,0,0,1,0,0,0,0,0,0,0,0,0,0,0,0,0,0,0,0,0,0,1,0,0,0,0,0,0,0,0,0,0,0,0,0,0,0,1,0,0,0,0,1,0,0,0,1,0,0,0,0,1,0,0,0,0,0,0,0,0,1,0,1,0,0,0,0,0,0,0,0,0,0,0,0,0,1,0,0,0,0,1,0
4.110873864173311,8.729235349659273,4,3,6,5,1926,1950,0.0,3,3,3,3,1,1,0.0,1,0.0,6.8679744089702925,960.0,3,0,6.894670039433482,0.0,0.0,6.894670039433482,0.0,0.0,1,0,2,1,3,5,8,1,4,1926.0,1,1.0,180.0,3,3,2,0.0,4.859812404361672,0.0,0.0,0.0,0,0.0,5,2007,7.5740450053721995,1.0,81,57,1,1,1,0,0,0,0,0,0,1,0,0,0,0,0,0,0,0,0,0,0,0,0,1,0,1,0,0,0,1,1,0,1,0,0,0,0,0,0,0,1,0,0,0,0,0,0,0,0,0,0,0,0,0,0,0,0,0,0,0,0,0,0,0,1,0,0,0,0,0,0,0,0,1,0,0,0,0,0,1,0,0,0,0,0,0,1,0,0,0,0,0,0,1,0,0,0,0,1,0,0,0,0,0,0,0,0,0,0,0,0,0,0,0,0,0,0,0,1,0,0,0,0,0,0,0,0,0,0,0,0,0,0,0,1,0,0,0,1,0,1,0,0,0,0,0,0,1,0,0,0,0,0,0,0,0,1,0,0,0,0,0,1,0,0,0,0,0,0,0,0,0,1,0,0,0,0,1,0
4.394449154672439,9.169622538697624,4,3,6,5,1950,1950,0.0,3,3,3,3,1,4,5.638354669333745,1,0.0,6.6240652277998935,1032.0,3,1,6.940222469119639,5.3981627015177525,0.0,7.133295954896068,0.0,0.0,1,0,3,1,3,6,8,0,0,1950.0,1,1.0,288.0,3,3,2,0.0,0.0,4.574710978503383,0.0,0.0,0,0.0,4,2008,7.734121303328305,1.0,58,58,1,1,0,0,0,0,0,0,0,0,0,0,1,0,0,0,0,0,0,0,0,0,1,0,0,1,0,0,0,1,1,0,0,0,0,0,1,0,0,0,0,0,0,0,0,0,0,0,0,1,0,0,0,0,0,0,0,0,0,0,0,0,0,0,1,0,0,0,0,0,0,0,0,1,0,0,0,0,0,1,0,0,0,0,1,0,0,0,0,0,0,0,0,1,0,0,0,0,1,0,0,0,0,0,0,0,0,0,0,0,0,0,0,0,0,0,0,1,0,0,0,0,0,0,0,0,0,0,0,0,0,0,0,1,0,0,0,0,1,0,0,1,0,0,0,0,0,1,0,0,0,0,1,0,0,0,0,0,1,0,0,0,0,0,0,0,0,0,0,0,0,0,1,1,0,0,0,0,0
4.007333185232471,8.755107121633896,4,3,5,8,1875,1996,0.0,3,4,3,3,1,1,0.0,1,0.0,6.660575149839686,780.0,4,0,6.660575149839686,5.484796933490655,0.0,6.928537818164665,0.0,0.0,1,0,2,1,3,6,8,0,0,0.0,0,0.0,0.0,0,0,0,0.0,0.0,5.176149732573829,0.0,0.0,0,0.0,5,2010,7.496097345175956,1.0,135,14,0,1,0,0,0,0,0,0,0,0,0,0,1,0,0,0,0,0,0,0,0,0,1,0,0,1,0,0,0,1,1,0,0,0,0,0,1,0,0,0,0,0,0,0,0,0,0,0,0,0,0,0,0,0,0,0,1,0,0,0,0,0,0,1,0,0,0,0,0,0,0,0,0,1,0,0,0,0,0,1,0,0,0,0,1,0,0,0,0,0,0,0,0,1,0,0,0,0,1,0,0,0,0,0,0,0,0,0,0,0,0,0,0,0,0,0,0,1,0,0,0,0,0,0,0,0,0,0,0,0,0,0,0,1,0,0,0,0,1,0,0,1,0,0,0,0,0,1,0,0,0,0,0,0,0,0,1,0,0,0,0,0,0,1,0,0,0,0,0,0,0,0,1,0,0,0,0,1,0
4.30406509320417,9.192176401348512,3,2,6,5,1977,1977,0.0,3,3,3,3,4,5,7.357556200910353,1,0.0,0.0,1567.0,3,1,7.357556200910353,0.0,0.0,7.357556200910353,1.0,0.0,2,0,2,1,4,5,8,2,3,1977.0,2,2.0,714.0,3,3,2,5.579729825986222,3.4965075614664802,0.0,0.0,0.0,0,0.0,5,2009,8.050384453067021,3.0,32,32,1,1,1,0,0,0,0,0,1,0,0,0,0,0,0,0,0,0,0,0,0,0,1,0,0,1,0,0,0,1,1,0,0,0,0,0,1,0,0,0,0,0,0,0,0,0,0,0,1,0,0,0,0,0,0,0,0,0,0,0,0,0,0,0,1,0,0,0,0,0,0,0,0,1,0,0,0,0,0,1,0,0,0,0,0,0,1,0,0,0,0,0,0,1,0,0,0,0,1,0,0,0,0,0,0,0,0,0,0,0,0,0,0,0,1,0,0,0,0,0,0,0,0,0,0,0,0,1,0,0,0,0,0,0,0,0,0,0,1,0,0,0,1,0,0,0,0,1,0,0,0,0,0,0,0,0,1,0,1,0,0,0,0,0,0,0,0,0,0,0,0,0,1,0,0,0,0,1,0
4.59511985013459,9.074749717669835,3,3,5,5,1920,1950,0.0,3,2,3,3,1,4,6.470799503782602,1,0.0,5.602118820879701,915.0,3,1,7.0630481633881725,0.0,0.0,7.0630481633881725,0.0,0.0,1,0,3,1,3,6,4,1,4,1972.0,1,2.0,495.0,3,3,2,0.0,0.0,5.37989735354046,0.0,4.844187086458591,0,0.0,5,2007,7.641564441260972,1.0,87,57,1,1,1,0,0,0,0,0,0,1,0,0,0,0,0,0,0,0,0,0,0,0,1,0,0,1,0,0,0,1,1,0,0,0,0,0,1,0,0,0,1,0,0,0,0,0,0,0,0,0,0,0,0,0,0,0,0,0,0,0,0,0,0,0,1,0,0,0,0,0,0,0,0,1,0,0,0,0,0,1,0,0,0,0,0,0,1,0,0,0,0,0,0,1,0,0,0,0,1,0,0,0,0,0,0,0,0,0,0,0,0,0,0,0,0,0,1,0,0,0,0,0,0,0,0,0,0,0,0,0,0,0,1,0,0,0,0,0,1,0,1,0,0,0,0,0,0,1,0,0,0,0,0,0,0,0,1,0,0,0,0,0,1,0,0,0,0,0,0,0,0,0,1,0,0,0,0,1,0
4.110873864173311,8.902591637374087,4,3,5,7,1951,1951,0.0,3,3,3,3,2,5,6.748759547491679,1,0.0,4.61512051684126,952.0,3,1,6.859614903654202,0.0,0.0,6.859614903654202,1.0,0.0,1,0,2,1,3,4,8,0,0,1988.0,1,2.0,840.0,3,3,2,0.0,0.0,0.0,0.0,0.0,0,0.0,6,2008,7.552237287560802,2.0,57,57,1,1,0,0,0,0,0,0,1,0,0,0,0,0,0,0,0,0,0,0,0,0,1,0,0,1,0,0,0,1,1,0,1,0,0,0,0,0,0,0,0,0,0,0,0,0,0,0,0,1,0,0,0,0,0,0,0,0,0,0,0,0,0,0,1,0,0,0,0,0,0,0,0,1,0,0,0,0,0,1,0,0,0,0,0,0,1,0,0,0,0,0,0,1,0,0,0,0,1,0,0,0,0,0,0,0,0,0,0,0,0,1,0,0,0,0,0,0,0,0,0,0,0,0,0,0,1,0,0,0,0,0,0,0,0,0,0,0,1,0,0,1,0,0,0,0,0,1,0,0,0,0,0,0,0,0,1,0,0,0,0,0,1,0,1,0,0,0,0,0,0,0,0,1,0,0,0,0,0
4.394449154672439,9.240384493324559,3,3,5,7,1976,1976,3.8066624897703196,3,4,3,3,1,5,5.945420608606575,1,0.0,5.991464547107982,780.0,5,1,6.9930151229329605,6.660575149839686,0.0,7.533158807455563,1.0,0.0,2,1,4,1,4,9,8,1,3,1976.0,1,2.0,484.0,3,3,2,6.1070228877422545,4.574710978503383,0.0,0.0,0.0,0,0.0,10,2009,7.88193748927207,3.5,33,33,1,1,1,0,0,0,0,0,0,0,0,0,0,1,0,0,0,0,0,0,0,0,1,0,0,1,0,0,0,1,1,0,0,1,0,0,0,0,0,0,0,0,0,0,0,0,0,0,0,0,0,1,0,0,0,0,0,0,0,0,0,0,0,0,0,0,1,0,0,0,0,0,0,1,0,0,0,0,0,1,0,0,0,0,0,0,0,0,0,1,0,0,0,1,0,0,0,0,1,0,0,0,0,0,0,0,0,0,0,0,0,0,0,0,1,0,0,0,0,0,0,0,0,0,0,0,0,0,0,0,1,0,0,0,0,0,0,1,0,0,0,1,0,0,0,0,0,1,0,0,0,0,0,0,0,0,1,0,1,0,0,0,0,0,0,0,0,0,0,0,0,0,1,0,0,0,0,1,0
4.356708826689592,9.20693457884135,4,3,8,5,2006,2007,5.831882477283517,4,3,5,3,4,6,7.048386408721883,1,0.0,5.75890177387728,1466.0,5,1,7.2909747781429814,7.217443431696533,0.0,7.947678571301568,1.0,0.0,3,0,4,1,4,11,8,1,3,2006.0,2,3.0,1052.0,3,3,2,4.836281906951478,4.976733742420574,0.0,0.0,0.0,0,0.0,4,2007,8.365206834418355,4.0,1,0,1,1,1,0,0,0,0,0,0,0,0,0,0,1,0,0,0,0,0,0,0,0,1,0,0,1,0,0,0,1,1,0,0,0,0,0,1,0,0,0,0,0,1,0,0,0,0,0,0,0,0,0,0,0,0,0,0,0,0,0,0,0,0,0,1,0,0,0,0,0,0,0,0,1,0,0,0,0,0,1,0,0,0,0,0,0,0,0,0,1,0,0,0,0,0,1,0,0,1,0,0,0,0,0,0,0,0,0,0,0,0,0,0,0,0,0,0,1,0,0,0,0,0,0,0,0,0,0,0,0,0,0,0,1,0,0,0,0,0,1,0,0,1,0,0,0,0,1,0,0,0,0,0,0,0,0,1,0,0,0,1,0,0,0,0,0,0,0,0,0,1,0,0,0,0,0,0,0,1
4.276666119016055,9.105090961257085,4,3,5,3,1959,1959,0.0,3,3,3,3,1,6,5.666426688112432,1,0.0,6.577861357721047,1006.0,3,1,6.914730892718563,0.0,0.0,6.914730892718563,0.0,0.0,1,0,3,1,3,5,8,0,0,0.0,0,0.0,0.0,0,0,2,0.0,3.2188758248682006,0.0,0.0,0.0,0,0.0,7,2008,7.607381425639791,1.0,49,49,0,1,0,0,0,0,0,0,1,0,0,0,0,0,0,0,0,0,0,0,0,0,1,0,0,1,0,0,0,1,1,0,0,0,0,0,1,0,0,0,0,0,0,0,0,0,0,0,0,0,0,0,0,0,0,0,1,0,0,0,0,0,0,0,1,0,0,0,0,0,0,0,0,1,0,0,0,0,0,1,0,0,0,0,0,0,1,0,0,0,0,0,0,1,0,0,0,0,1,0,0,0,0,0,0,0,0,0,0,0,0,0,0,0,0,0,0,0,1,0,0,0,0,0,0,0,0,0,0,0,1,0,0,0,0,0,0,0,1,0,0,1,0,0,0,0,0,1,0,0,0,0,0,0,0,0,1,0,0,0,0,0,0,1,0,0,0,0,0,0,0,0,1,0,0,0,0,1,0
4.110873864173311,9.407632639699958,4,3,4,4,1941,1950,0.0,3,2,4,3,1,4,5.855071922202427,1,0.0,5.783825182329737,672.0,2,0,6.511745329644728,5.53338948872752,0.0,6.829793737512425,1.0,0.0,1,0,2,1,2,5,8,0,0,1941.0,1,1.0,280.0,3,3,2,0.0,0.0,0.0,0.0,0.0,0,0.0,7,2010,7.3758821482150125,2.0,69,60,1,1,0,0,0,0,0,1,0,0,0,0,0,0,0,0,0,0,0,0,0,0,1,0,0,1,0,0,0,1,1,0,0,0,0,0,1,0,0,0,0,0,0,0,1,0,0,0,0,0,0,0,0,0,0,0,0,0,0,0,0,0,0,0,1,0,0,0,0,0,0,0,0,1,0,0,0,0,0,0,1,0,0,0,1,0,0,0,0,0,0,0,0,1,0,0,0,0,1,0,0,0,0,0,0,0,0,0,0,0,0,0,0,1,0,0,0,0,0,0,0,0,0,0,0,0,0,0,1,0,0,0,0,0,0,0,0,0,1,0,1,0,0,0,0,0,0,0,0,1,0,0,1,0,0,0,0,0,0,0,0,0,1,0,0,0,0,0,0,0,0,0,1,0,0,0,0,1,0
3.970291913552122,8.738895704934043,4,3,5,6,1928,1950,0.0,3,3,3,3,1,1,0.0,1,0.0,6.949856455000773,1042.0,5,1,6.949856455000773,6.282266746896006,0.0,7.3632795869630385,0.0,0.0,1,0,3,1,3,8,8,1,4,1928.0,1,1.0,225.0,3,3,2,0.0,0.0,0.0,0.0,0.0,0,0.0,8,2006,7.870547844507712,1.0,78,56,1,1,1,0,0,0,0,0,0,0,0,0,1,0,0,0,0,0,0,0,0,0,0,1,0,1,0,0,0,1,1,0,0,0,0,0,1,0,0,0,1,0,0,0,0,0,0,0,0,0,0,0,0,0,0,0,0,0,0,0,0,0,0,0,1,0,0,0,0,0,0,0,0,1,0,0,0,0,0,1,0,0,0,0,1,0,0,0,0,0,0,0,0,1,0,0,0,0,1,0,0,0,0,0,0,0,0,0,0,0,0,0,0,1,0,0,0,0,0,0,0,0,0,0,0,0,0,0,1,0,0,0,0,0,0,0,0,0,1,0,1,0,0,0,0,0,0,1,0,0,0,0,0,0,0,0,1,0,0,0,0,0,1,0,0,0,0,0,0,0,0,0,1,0,0,0,1,0,0
4.212127597878484,9.32375833901174,4,3,6,5,1985,1985,4.454347296253507,4,3,4,3,1,6,7.138073034044347,1,0.0,3.713572066704308,1298.0,3,1,7.1693500166706,0.0,0.0,7.1693500166706,1.0,0.0,2,0,3,1,4,5,8,1,3,1985.0,1,2.0,403.0,3,3,2,5.111987788356544,3.295836866004329,0.0,0.0,0.0,0,0.0,5,2006,7.862112211662748,3.0,21,21,1,1,1,0,0,0,0,0,1,0,0,0,0,0,0,0,0,0,0,0,0,0,1,0,0,1,0,0,0,1,1,0,0,0,0,0,1,0,0,0,0,0,0,0,0,0,0,0,0,0,0,0,0,0,0,0,0,1,0,0,0,0,0,0,1,0,0,0,0,0,0,0,0,1,0,0,0,0,0,1,0,0,0,0,0,0,1,0,0,0,0,0,0,1,0,0,0,0,1,0,0,0,0,0,0,0,0,0,0,0,0,0,0,0,0,0,0,0,1,0,0,0,0,0,0,0,0,0,0,0,0,0,0,0,0,1,0,1,0,0,0,1,0,0,0,0,0,1,0,0,0,0,0,0,0,0,1,0,1,0,0,0,0,0,0,0,0,0,0,0,0,0,1,0,0,0,0,1,0
4.330733340286331,9.392745258631441,4,3,7,7,1941,1950,0.0,3,3,3,3,1,3,5.62040086571715,1,0.0,6.063785208687608,704.0,5,1,6.7580945044277305,6.558197802812269,0.0,7.355641102974253,0.0,0.0,1,1,3,1,2,7,8,1,4,1941.0,1,1.0,234.0,3,3,2,0.0,0.0,0.0,0.0,0.0,0,0.0,7,2009,7.727094484779841,1.5,68,59,1,1,1,0,0,0,0,0,0,0,0,0,0,0,1,0,0,0,0,0,0,0,1,0,0,1,1,0,0,0,1,0,0,0,0,0,1,0,0,0,0,0,0,1,0,0,0,0,0,0,0,0,0,0,0,0,0,0,0,0,0,0,0,0,1,0,0,0,0,0,0,0,0,1,0,0,0,0,0,1,0,0,0,0,0,0,0,0,0,1,0,0,0,1,0,0,0,0,1,0,0,0,0,0,0,0,0,0,0,0,0,0,0,1,0,0,0,0,0,0,0,0,0,0,0,0,0,0,1,0,0,0,0,0,0,0,0,0,1,0,0,1,0,0,0,0,0,1,0,0,0,0,0,0,0,0,1,0,1,0,0,0,0,0,0,0,0,0,0,0,0,0,1,0,0,0,0,1,0
4.110873864173311,8.648396877031582,4,3,7,7,1926,1950,0.0,3,3,3,3,1,1,0.0,1,0.0,6.35088571671474,572.0,3,1,6.35088571671474,6.29156913955832,0.0,7.013915474810528,0.0,0.0,1,0,2,1,3,5,8,1,4,1982.0,1,1.0,288.0,3,3,2,0.0,0.0,5.176149732573829,0.0,0.0,0,0.0,8,2008,7.428927194802272,1.0,82,58,1,1,1,0,0,0,0,0,0,0,0,0,1,0,0,0,0,0,0,0,0,0,0,1,0,1,0,0,0,1,1,0,0,0,0,0,1,0,0,0,0,0,0,0,0,0,0,0,0,0,0,0,0,0,1,0,0,0,0,0,0,0,0,0,1,0,0,0,0,0,0,0,0,1,0,0,0,0,0,1,0,0,0,0,1,0,0,0,0,0,0,0,0,1,0,0,0,0,1,0,0,0,0,0,0,0,0,0,0,0,0,0,0,0,0,0,0,0,1,0,0,0,0,0,0,0,0,0,0,0,0,0,0,0,1,0,0,0,1,0,0,0,1,0,0,0,0,1,0,0,0,0,0,0,0,0,1,0,0,0,0,0,1,0,0,0,0,0,0,0,0,0,1,0,0,0,0,1,0
3.9318256327243257,9.105090961257085,4,3,7,9,1920,1988,0.0,3,4,3,3,1,5,6.437751649736401,1,0.0,3.295836866004329,650.0,5,1,6.725033642166843,6.478509642208569,0.0,7.301822342137932,0.0,1.0,1,0,3,1,3,7,8,0,0,1930.0,1,2.0,324.0,3,3,2,0.0,0.0,0.0,0.0,0.0,0,0.0,7,2009,7.665284718471351,1.5,89,21,1,1,0,0,0,0,0,0,0,0,0,0,0,0,1,0,0,0,0,0,0,0,0,1,0,1,0,0,0,1,1,0,0,0,0,0,1,0,0,0,0,0,0,0,0,0,0,0,0,0,0,0,0,0,1,0,0,0,0,0,0,0,1,0,0,0,0,0,0,0,0,0,0,1,0,0,0,0,0,1,0,0,0,0,0,0,0,0,0,1,0,0,0,0,0,1,0,0,1,0,0,0,0,0,0,0,0,0,0,0,0,0,0,0,0,0,0,1,0,0,0,0,0,0,0,0,0,0,0,0,0,0,0,1,0,0,0,0,1,0,0,0,1,0,0,0,0,1,0,0,0,0,0,0,0,0,1,0,0,0,0,0,1,0,0,0,0,0,0,0,0,0,1,0,0,0,0,1,0
4.060443010546419,9.0217190130337,3,3,6,5,1950,1950,0.0,3,3,3,3,1,1,0.0,1,0.0,6.838405200847344,932.0,5,1,6.838405200847344,0.0,0.0,6.838405200847344,0.0,0.0,1,0,2,1,4,4,8,1,4,1950.0,1,1.0,306.0,3,3,2,0.0,0.0,5.3706380281276624,0.0,0.0,0,0.0,11,2007,7.5310163320779155,1.0,57,57,1,1,1,0,0,0,0,0,1,0,0,0,0,0,0,0,0,0,0,0,0,0,1,0,0,1,0,0,0,1,1,0,0,0,0,0,1,0,0,0,0,0,0,0,0,0,0,0,0,1,0,0,0,0,0,0,0,0,0,0,0,0,0,0,1,0,0,0,0,0,0,0,0,1,0,0,0,0,0,1,0,0,0,0,0,0,1,0,0,0,0,0,0,1,0,0,0,0,1,0,0,0,0,0,0,0,0,0,1,0,0,0,0,0,0,0,0,0,0,0,0,0,0,1,0,0,0,0,0,0,0,0,0,0,0,0,0,0,1,0,0,1,0,0,0,0,0,1,0,0,0,0,1,0,0,0,0,0,1,0,0,0,0,0,0,0,0,0,0,0,0,0,1,0,0,0,0,1,0
4.90527477843843,9.784478765953926,4,3,5,4,1959,1959,4.890349128221754,3,3,3,3,1,4,5.176149732573829,1,0.0,7.1631723908466425,1466.0,3,1,7.2909747781429814,0.0,0.0,7.2909747781429814,0.0,0.0,1,1,3,1,2,6,8,2,4,1959.0,3,2.0,528.0,3,3,2,0.0,4.948759890378168,0.0,0.0,4.61512051684126,0,0.0,11,2006,7.983781068977451,1.5,47,47,1,1,1,0,0,0,0,0,1,0,0,0,0,0,0,0,0,0,0,0,0,0,1,0,0,1,0,0,0,1,1,0,0,0,0,0,1,0,0,0,0,0,0,0,1,0,0,0,0,0,0,0,0,0,0,0,0,0,0,0,0,0,0,0,1,0,0,0,0,0,0,0,0,1,0,0,0,0,0,1,0,0,0,0,0,0,1,0,0,0,0,0,0,1,0,0,0,0,1,0,0,0,0,0,0,0,0,0,0,0,0,1,0,0,0,0,0,0,0,0,0,0,0,0,0,0,0,0,0,0,1,0,0,0,0,0,0,1,0,0,0,1,0,0,0,0,0,1,0,0,0,0,0,0,0,0,1,0,1,0,0,0,0,0,0,0,0,0,0,0,0,0,1,0,0,0,0,1,0
4.51085950651685,9.55506418479516,3,3,6,7,1956,2004,0.0,3,3,3,3,1,5,5.6937321388027,6,6.306275286948016,5.442417710521793,1073.0,5,1,7.502186486602924,0.0,0.0,7.502186486602924,0.0,0.0,1,0,2,1,5,6,8,1,4,1956.0,3,2.0,470.0,3,3,2,0.0,0.0,5.638354669333745,0.0,0.0,0,0.0,7,2006,7.9672801789422,1.0,50,2,1,1,1,0,0,0,0,0,1,0,0,0,0,0,0,0,0,0,0,0,0,0,1,0,0,1,0,0,0,1,1,0,0,0,0,0,1,0,0,0,0,0,0,1,0,0,0,0,0,0,0,0,0,0,0,0,0,0,0,0,0,0,0,0,1,0,0,0,0,0,0,0,0,1,0,0,0,0,0,1,0,0,0,0,0,0,1,0,0,0,0,0,0,1,0,0,0,0,1,0,0,0,0,0,0,0,0,0,0,0,0,0,0,0,0,1,0,0,0,0,0,0,0,0,0,0,0,0,0,0,0,1,0,0,0,0,0,0,1,0,0,0,1,0,0,0,0,1,0,0,0,0,0,0,0,0,1,0,1,0,0,0,0,0,0,0,0,0,0,0,0,0,1,1,0,0,0,0,0
4.110873864173311,8.681181041521688,4,3,6,8,1930,2007,0.0,4,4,3,3,3,5,6.289715570908998,1,0.0,5.631211781821365,816.0,5,1,6.705639094860003,0.0,0.0,6.705639094860003,0.0,0.0,1,0,2,1,3,5,8,0,0,2002.0,1,1.0,432.0,3,3,2,0.0,0.0,4.574710978503383,0.0,0.0,0,0.0,6,2008,7.398174092970465,1.0,78,1,1,1,0,0,0,0,0,0,0,1,0,0,0,0,0,0,0,0,0,0,0,0,0,1,0,1,0,0,0,1,1,0,1,0,0,0,0,0,0,0,0,0,0,0,0,0,1,0,0,0,0,0,0,0,0,0,0,0,0,0,0,0,0,0,1,0,0,0,0,0,0,0,0,1,0,0,0,0,0,1,0,0,0,0,0,0,1,0,0,0,0,0,0,1,0,0,0,0,1,0,0,0,0,0,0,0,0,0,0,0,0,0,0,0,0,0,0,0,1,0,0,0,0,0,0,0,0,0,0,0,0,0,0,0,1,0,0,0,1,0,1,0,0,0,0,0,0,1,0,0,0,0,0,0,0,0,1,0,0,0,0,0,1,0,0,0,0,0,0,0,0,0,1,0,0,0,0,1,0
4.30406509320417,9.525224101853109,3,3,7,6,1965,1988,5.666426688112432,3,3,3,3,4,5,6.12029741895095,1,0.0,6.018593214496234,864.0,3,1,6.805722553416985,6.823286122355687,0.0,7.507141079727608,0.0,0.0,1,2,4,1,4,8,8,2,4,1965.0,1,2.0,492.0,3,3,2,4.110873864173311,4.442651256490317,0.0,0.0,5.6131281063880705,0,0.0,5,2008,7.895436006942965,2.0,43,20,1,1,1,0,0,0,0,0,0,0,0,0,0,1,0,0,0,0,0,0,0,0,1,0,0,1,0,0,0,1,1,0,0,0,0,0,1,0,0,0,0,0,0,0,0,0,0,0,0,1,0,0,0,0,0,0,0,0,0,0,0,0,0,0,1,0,0,0,0,0,0,0,0,1,0,0,0,0,0,1,0,0,0,0,0,0,0,0,0,1,0,0,0,1,0,0,0,0,1,0,0,0,0,0,0,0,0,0,0,0,0,0,0,0,0,0,0,1,0,0,0,0,0,0,0,0,0,0,0,0,0,0,0,1,0,0,0,0,0,1,0,1,0,0,0,0,0,1,0,0,0,0,0,0,0,0,1,0,1,0,0,0,0,0,0,0,0,0,0,0,0,0,1,0,0,0,0,1,0
4.51085950651685,9.284426915328881,3,3,5,8,1976,2004,0.0,4,4,4,3,4,5,7.05444965813294,1,0.0,5.638354669333745,1437.0,3,1,7.271008538280992,0.0,0.0,7.271008538280992,1.0,0.0,2,0,3,1,4,6,8,1,2,1976.0,2,2.0,528.0,3,3,2,0.0,3.091042453358316,0.0,0.0,5.198497031265826,0,0.0,7,2007,7.963807953231451,3.0,31,3,1,1,1,0,0,0,0,0,1,0,0,0,0,0,0,0,0,0,0,0,0,0,1,0,0,1,0,0,0,1,1,0,1,0,0,0,0,0,0,0,0,0,0,0,0,0,0,0,0,0,0,0,0,0,0,0,0,0,0,0,0,1,0,0,1,0,0,0,0,0,0,0,0,1,0,0,0,0,0,1,0,0,0,0,0,0,1,0,0,0,0,0,0,1,0,0,0,0,1,0,0,0,0,0,0,0,0,0,0,0,0,0,0,0,1,0,0,0,0,0,0,0,0,0,0,0,0,0,0,0,1,0,0,0,0,0,0,0,1,0,0,1,0,0,0,0,0,1,0,0,0,0,0,0,0,0,1,0,1,0,0,0,0,0,0,0,0,0,0,0,0,0,1,0,0,0,0,1,0
4.454347296253507,9.143238568435446,4,3,5,8,1965,1999,0.0,3,4,3,3,4,5,6.452048954437226,1,0.0,6.375024819828097,1219.0,4,1,7.143617602704121,0.0,0.0,7.143617602704121,0.0,1.0,2,0,3,1,4,6,8,1,4,1965.0,2,2.0,502.0,3,3,2,0.0,4.532599493153256,0.0,4.574710978503383,0.0,0,0.0,10,2008,7.818027938530729,2.5,43,9,1,1,1,0,0,0,0,0,0,0,0,0,0,0,0,0,1,0,0,0,0,0,1,0,0,1,0,0,0,1,1,0,0,0,0,0,1,0,0,0,0,0,0,0,0,0,0,0,0,1,0,0,0,0,0,0,0,0,0,0,0,0,0,0,1,0,0,0,0,0,0,0,0,1,0,0,0,0,0,1,0,0,0,0,0,0,0,0,0,0,0,1,0,1,0,0,0,0,1,0,0,0,0,0,0,0,0,0,1,0,0,0,0,0,0,0,0,0,0,0,0,0,0,1,0,0,0,0,0,0,0,0,0,0,0,0,0,0,1,0,0,0,1,0,0,0,0,1,0,0,0,0,0,0,0,0,1,0,1,0,0,0,0,0,0,0,0,0,0,0,0,0,1,0,0,0,0,1,0
3.5553480614894135,8.517593111437565,3,3,7,5,2007,2008,5.117993812416755,4,3,4,3,1,6,6.807934943699926,1,0.0,6.018593214496234,1314.0,5,1,7.181591944611865,0.0,0.0,7.181591944611865,1.0,0.0,2,0,2,1,4,6,8,1,4,2008.0,2,2.0,626.0,3,3,2,5.153291594497779,4.143134726391533,0.0,0.0,0.0,0,0.0,7,2009,7.874358824729881,3.0,2,1,1,1,1,1,0,0,0,0,0,0,0,0,0,0,0,0,0,0,0,0,0,0,1,0,0,1,0,0,0,1,1,0,0,0,0,0,1,0,0,0,0,0,0,0,0,0,0,0,0,0,0,0,0,1,0,0,0,0,0,0,0,0,0,0,1,0,0,0,0,0,0,0,0,1,0,0,0,0,0,0,0,0,1,0,0,0,1,0,0,0,0,0,0,1,0,0,0,0,1,0,0,0,0,0,0,0,0,0,0,0,0,0,0,0,0,0,0,1,0,0,0,0,0,0,0,0,0,0,0,0,0,0,0,1,0,0,0,0,0,1,0,0,1,0,0,0,0,1,0,0,0,0,0,0,0,0,1,0,1,0,0,0,0,0,0,0,0,0,0,0,0,0,1,0,0,0,0,1,0
4.532599493153256,9.387062950369655,4,3,8,5,2007,2008,5.231108616854587,4,3,4,3,1,1,0.0,1,0.0,7.365812837209472,1580.0,5,1,7.365812837209472,0.0,0.0,7.365812837209472,0.0,0.0,2,0,3,1,4,7,8,0,0,2008.0,2,3.0,830.0,3,3,2,0.0,3.2188758248682006,0.0,0.0,0.0,0,0.0,6,2008,8.058643712215618,2.0,1,0,1,1,0,0,0,0,0,0,1,0,0,0,0,0,0,0,0,0,0,0,0,0,1,0,0,1,0,0,0,1,1,0,0,0,1,0,0,0,0,0,0,0,0,0,0,0,0,0,0,0,0,0,0,0,0,0,0,0,1,0,0,0,0,1,0,0,0,0,0,0,0,0,0,1,0,0,0,0,0,1,0,0,0,0,0,0,1,0,0,0,0,0,0,1,0,0,0,0,1,0,0,0,0,0,0,0,0,0,0,0,0,0,0,0,0,0,0,1,0,0,0,0,0,0,0,0,0,0,0,0,0,0,0,1,0,0,0,0,0,1,0,0,1,0,0,0,0,1,0,0,0,0,0,0,0,0,1,0,1,0,0,0,0,0,0,0,0,1,0,0,0,0,0,0,0,0,0,0,1
4.343805421853684,9.118334726180159,4,3,6,6,1974,1974,5.602118820879701,4,3,3,3,1,5,6.093569770045136,1,0.0,6.131226489483141,901.0,3,1,6.8501261661455,6.839476438228843,0.0,7.537430036586509,0.0,0.0,2,1,4,1,4,8,8,1,3,1974.0,2,2.0,540.0,4,3,2,0.0,4.248495242049359,0.0,0.0,0.0,0,0.0,7,2008,7.9294865233142895,2.5,34,34,1,1,1,0,0,0,0,0,0,0,0,0,0,1,0,0,0,0,0,0,0,0,1,0,0,1,0,0,0,1,1,0,0,0,0,0,1,0,0,0,0,0,0,0,0,0,0,0,0,0,0,1,0,0,0,0,0,0,0,0,0,0,0,0,1,0,0,0,0,0,0,0,0,1,0,0,0,0,0,1,0,0,0,0,0,0,0,0,0,1,0,0,0,0,0,1,0,0,1,0,0,0,0,0,0,0,0,0,0,0,0,1,0,0,0,0,0,0,0,0,0,0,0,0,0,0,1,0,0,0,0,0,0,0,0,0,0,1,0,0,0,1,0,0,0,0,0,1,0,0,0,0,0,0,0,0,1,0,1,0,0,0,0,0,0,0,0,0,0,0,0,0,1,0,0,0,0,1,0
3.2188758248682006,7.732369222284388,4,3,6,5,1978,1978,0.0,3,3,4,3,1,5,5.7430031878094825,1,0.0,6.300785794663244,855.0,2,1,6.752270376141742,6.400257445308821,0.0,7.284134806195205,0.0,0.0,2,1,3,1,3,7,8,1,3,1978.0,1,2.0,440.0,3,3,2,3.295836866004329,0.0,0.0,0.0,0.0,0,0.0,7,2010,7.7458682297922685,2.5,32,32,1,1,1,0,0,1,0,0,0,0,0,0,0,0,0,0,0,0,0,0,0,0,1,0,0,1,0,0,0,1,1,0,0,0,0,0,1,0,0,0,0,0,0,0,0,0,0,0,0,0,1,0,0,0,0,0,0,0,0,0,0,0,0,0,1,0,0,0,0,0,0,0,0,1,0,0,0,0,0,0,0,0,1,0,0,0,0,0,0,1,0,0,0,1,0,0,0,0,1,0,0,0,0,0,0,0,0,0,0,0,0,0,0,0,1,0,0,0,0,0,0,0,1,0,0,0,0,0,0,0,0,0,0,0,0,0,0,0,1,0,0,1,0,0,0,0,0,1,0,0,0,0,0,0,0,0,1,0,1,0,0,0,0,0,0,0,0,0,0,0,0,0,1,0,0,0,0,1,0
4.31748811353631,9.600962533214572,3,3,6,7,1954,2006,4.290459441148391,4,3,3,3,1,4,6.591673732008658,1,0.0,6.343880434126331,1296.0,5,1,7.403061091090091,0.0,0.0,7.403061091090091,1.0,0.0,1,0,3,1,4,7,8,1,4,1993.0,1,2.0,924.0,3,3,2,4.6913478822291435,0.0,0.0,5.37989735354046,0.0,0,0.0,11,2008,7.98514393119862,2.0,54,2,1,1,1,0,0,0,0,0,1,0,0,0,0,0,0,0,0,0,0,0,0,0,1,0,0,1,0,0,1,0,1,0,0,1,0,0,0,0,0,0,0,0,0,1,0,0,0,0,0,0,0,0,0,0,0,0,0,0,0,0,0,0,0,0,0,0,1,0,0,0,0,0,0,1,0,0,0,0,0,1,0,0,0,0,0,0,1,0,0,0,0,0,0,0,0,1,0,0,1,0,0,0,0,0,0,0,0,0,0,0,0,1,0,0,0,0,0,0,0,0,0,0,0,0,0,0,1,0,0,0,0,0,0,0,0,0,0,1,0,0,0,1,0,0,0,0,0,1,0,0,0,0,0,0,0,0,1,0,0,0,0,0,1,0,0,0,0,0,0,0,0,0,1,0,0,0,0,1,0
4.700480365792417,9.073947747070628,4,3,5,5,1968,1968,0.0,3,3,4,3,1,4,6.20050917404269,1,0.0,5.998936561946683,894.0,4,1,6.796823718274855,0.0,0.0,6.796823718274855,0.0,0.0,1,0,3,1,3,5,8,1,1,1968.0,3,2.0,450.0,3,3,2,0.0,0.0,0.0,0.0,0.0,0,0.0,5,2007,7.489412083508719,1.0,39,39,1,1,1,0,0,0,0,0,1,0,0,0,0,0,0,0,0,0,0,0,0,0,1,0,0,1,0,0,0,1,1,0,0,0,0,0,1,0,0,0,0,0,0,0,0,0,0,0,0,0,0,0,0,0,0,0,1,0,0,0,0,0,0,0,1,0,0,0,0,0,0,0,0,1,0,0,0,0,0,1,0,0,0,0,0,0,1,0,0,0,0,0,0,1,0,0,0,0,1,0,0,0,0,0,0,0,0,0,0,0,0,0,0,0,0,0,0,1,0,0,0,0,0,0,0,0,0,0,0,0,0,0,0,1,0,0,0,0,1,0,0,1,0,0,0,0,0,1,0,0,0,0,0,0,0,0,1,0,1,0,0,0,0,0,0,0,0,0,0,0,0,0,1,0,0,0,0,1,0
4.110873864173311,9.465060106725137,4,3,4,4,1969,1969,0.0,3,3,4,3,3,6,7.089243155027514,1,0.0,0.0,1198.0,3,1,7.138073034044347,0.0,0.0,7.138073034044347,2.0,0.0,0,2,0,2,3,6,8,0,0,1969.0,1,2.0,400.0,2,3,2,4.795790545596741,0.0,0.0,0.0,0.0,0,0.0,1,2008,7.806696372521179,3.0,39,39,1,1,0,0,0,0,0,0,0,0,0,0,0,0,0,0,0,0,1,0,0,0,1,0,0,1,0,0,0,1,1,0,0,0,0,0,1,0,0,0,0,0,0,0,0,0,0,0,0,0,0,0,0,0,0,0,1,0,0,0,0,0,0,1,0,0,0,0,0,0,0,0,0,1,0,0,0,0,0,0,0,1,0,0,0,0,0,0,0,0,1,0,0,1,0,0,0,0,1,0,0,0,0,0,0,0,0,0,0,0,0,0,0,0,1,0,0,0,0,0,0,0,0,0,0,0,0,0,0,0,1,0,0,0,0,0,0,0,1,0,0,1,0,0,0,0,0,1,0,0,0,0,0,0,0,0,1,0,0,0,0,1,0,0,0,0,0,0,0,0,0,0,1,0,0,1,0,0,0
4.23410650459726,9.690170562039654,3,3,5,7,1978,1978,0.0,3,3,4,3,4,5,6.523562306149512,3,5.971261839790462,5.66988092298052,1360.0,5,1,7.267525427828172,0.0,0.0,7.267525427828172,1.0,0.0,1,1,2,1,4,5,8,1,3,1978.0,1,2.0,588.0,3,3,2,5.1298987149230735,5.198497031265826,0.0,0.0,0.0,0,0.0,6,2007,7.934871565945177,2.5,29,29,1,1,1,0,0,0,0,0,0,0,0,0,0,0,0,0,1,0,0,0,0,0,1,0,0,1,0,0,0,1,1,0,0,0,1,0,0,0,0,0,0,0,0,0,0,0,0,0,0,0,0,0,0,0,0,0,0,0,0,0,0,1,0,1,0,0,0,0,0,0,0,0,0,1,0,0,0,0,0,1,0,0,0,0,0,0,0,0,0,0,0,1,0,1,0,0,0,0,1,0,0,0,0,0,0,0,0,0,0,0,0,0,0,0,1,0,0,0,0,0,0,0,0,0,0,0,0,0,0,0,1,0,0,0,0,0,0,0,1,0,0,0,1,0,0,0,0,1,0,0,0,0,0,0,0,0,1,0,1,0,0,0,0,0,0,0,0,0,0,0,0,0,1,0,0,0,0,1,0
4.382026634673881,9.163458386076051,3,3,7,5,2009,2009,5.594711379601839,4,3,4,3,1,1,0.0,1,0.0,7.315218389752975,1502.0,5,1,7.315218389752975,0.0,0.0,7.315218389752975,0.0,0.0,2,0,3,1,4,7,8,0,0,2009.0,2,2.0,644.0,3,3,2,0.0,4.74493212836325,0.0,0.0,0.0,0,0.0,9,2009,8.008032846969307,2.0,0,0,1,1,0,0,0,0,0,0,1,0,0,0,0,0,0,0,0,0,0,0,0,0,1,0,0,1,0,0,0,1,1,0,0,0,0,0,1,0,0,0,0,0,0,0,0,0,0,0,0,0,0,0,0,1,0,0,0,0,0,0,0,0,0,0,1,0,0,0,0,0,0,0,0,1,0,0,0,0,0,1,0,0,0,0,0,0,1,0,0,0,0,0,0,1,0,0,0,0,1,0,0,0,0,0,0,0,0,0,0,0,0,0,0,0,0,0,0,1,0,0,0,0,0,0,0,0,0,0,0,0,0,0,0,1,0,0,0,0,0,1,0,0,1,0,0,0,0,1,0,0,0,0,0,0,0,0,1,0,1,0,0,0,0,0,0,0,0,0,0,0,1,0,0,0,0,0,0,0,1
4.174387269895637,9.256842205627603,3,3,8,5,2008,2008,4.290459441148391,4,3,4,3,3,1,0.0,1,0.0,7.43543801981455,1694.0,5,1,7.43543801981455,0.0,0.0,7.43543801981455,0.0,0.0,2,0,3,1,4,7,8,0,0,2008.0,2,3.0,776.0,3,3,2,5.081404364984463,3.5263605246161616,0.0,0.0,0.0,0,0.0,2,2010,8.128290171607052,2.0,2,2,1,1,0,0,0,0,0,0,1,0,0,0,0,0,0,0,0,0,0,0,0,0,1,0,0,1,0,0,0,1,1,0,1,0,0,0,0,0,0,0,0,0,1,0,0,0,0,0,0,0,0,0,0,0,0,0,0,0,0,0,0,0,0,0,1,0,0,0,0,0,0,0,0,1,0,0,0,0,0,1,0,0,0,0,0,0,1,0,0,0,0,0,0,1,0,0,0,0,1,0,0,0,0,0,0,0,0,0,0,0,0,0,0,0,0,0,0,1,0,0,0,0,0,0,0,0,0,0,0,0,0,0,0,1,0,0,0,0,0,1,0,0,1,0,0,0,0,1,0,0,0,0,0,0,0,0,1,0,1,0,0,0,0,0,0,0,0,0,0,0,0,0,1,0,0,0,0,1,0
4.07753744390572,9.292196818446016,3,3,6,5,2000,2000,0.0,3,3,4,3,1,6,6.668228248417403,1,0.0,5.159055299214529,959.0,5,1,6.866933284461882,6.569481420414296,0.0,7.421775793644647,1.0,0.0,2,1,3,1,3,7,8,1,3,2000.0,3,2.0,472.0,3,3,2,0.0,3.6635616461296463,0.0,0.0,0.0,0,0.0,2,2006,7.875119281040293,3.5,6,6,1,1,1,0,0,0,0,0,0,0,0,0,0,1,0,0,0,0,0,0,0,0,1,0,0,1,0,0,0,1,1,0,0,0,0,0,1,0,0,0,0,0,0,0,0,1,0,0,0,0,0,0,0,0,0,0,0,0,0,0,0,0,0,0,0,0,0,0,1,0,0,0,0,1,0,0,0,0,0,1,0,0,0,0,0,0,0,0,0,1,0,0,0,1,0,0,0,0,1,0,0,0,0,0,0,0,0,0,0,0,0,0,0,0,0,0,0,1,0,0,0,0,0,0,0,0,0,0,0,0,0,0,0,1,0,0,0,0,1,0,0,0,1,0,0,0,0,1,0,0,0,0,0,0,0,0,1,0,1,0,0,0,0,0,0,0,0,0,0,0,0,0,1,0,0,0,0,1,0
4.795790545596741,9.527265662897605,4,3,6,7,1935,1986,0.0,3,3,3,3,1,3,6.440946540632921,1,0.0,6.218600119691729,1127.0,5,1,7.1204443723924875,6.771935555839602,0.0,7.653969180478774,0.0,0.0,2,0,4,1,4,7,8,2,3,1935.0,1,2.0,540.0,3,3,2,0.0,0.0,0.0,0.0,4.51085950651685,0,0.0,7,2008,8.082093278178382,2.0,73,22,1,1,1,0,0,0,0,0,0,0,0,0,0,0,1,0,0,0,0,0,0,0,1,0,0,1,0,0,0,1,1,0,1,0,0,0,0,0,0,0,0,0,0,0,1,0,0,0,0,0,0,0,0,0,0,0,0,0,0,0,0,0,0,0,1,0,0,0,0,0,0,0,0,1,0,0,0,0,0,1,0,0,0,0,0,0,0,0,0,1,0,0,0,0,0,1,0,0,1,0,0,0,0,0,0,0,0,0,0,0,0,0,0,0,0,0,1,0,0,0,0,0,0,0,0,0,0,0,0,0,0,0,1,0,0,0,0,0,1,0,0,1,0,0,0,0,0,1,0,0,0,0,0,0,0,0,1,0,0,1,0,0,0,0,0,0,0,0,0,0,0,0,1,0,0,0,0,1,0
4.77912349311153,10.484613193102275,3,3,10,5,1995,1996,7.229113877793302,4,4,5,3,4,6,7.23561914106675,1,0.0,6.298949246855942,1930.0,5,1,7.513163545234075,7.493873886783559,0.0,8.196436811235028,1.0,0.0,3,1,4,1,4,10,8,1,3,1995.0,3,3.0,807.0,3,3,2,5.8916442118257715,4.343805421853684,0.0,0.0,0.0,0,0.0,7,2006,8.62299361030245,4.5,11,10,1,1,1,0,0,0,0,0,0,0,0,0,0,1,0,0,0,0,0,0,0,0,1,0,0,1,0,0,0,1,1,0,0,1,0,0,0,0,0,0,0,0,0,0,0,0,0,0,0,0,0,0,1,0,0,0,0,0,0,0,0,0,0,0,1,0,0,0,0,0,0,0,0,1,0,0,0,0,0,1,0,0,0,0,0,0,0,0,0,1,0,0,0,0,0,1,0,0,1,0,0,0,0,0,0,0,0,0,0,0,0,1,0,0,0,0,0,0,0,0,0,0,0,0,0,0,1,0,0,0,0,0,0,0,0,0,0,1,0,0,0,0,1,0,0,0,0,1,0,0,0,0,0,0,0,0,1,0,1,0,0,0,0,0,0,0,0,0,0,0,0,0,1,0,0,0,0,1,0
4.343805421853684,9.198369000194964,4,3,6,6,1977,1977,0.0,3,3,3,3,3,5,6.259581464064923,1,0.0,6.354370040797351,1096.0,3,1,7.020190708311925,0.0,0.0,7.020190708311925,1.0,0.0,1,0,3,1,3,6,8,1,1,1977.0,3,1.0,358.0,3,3,2,5.318119993844216,0.0,0.0,0.0,0.0,576,0.0,7,2008,7.703007682479236,2.0,31,31,1,1,1,0,0,0,0,0,0,0,0,0,0,0,0,0,1,0,0,0,0,0,1,0,0,1,0,0,0,1,1,0,0,0,0,0,1,0,0,0,0,0,0,0,0,0,0,0,1,0,0,0,0,0,0,0,0,0,0,0,0,0,0,0,1,0,0,0,0,0,0,0,0,1,0,0,0,0,0,1,0,0,0,0,0,0,0,0,0,0,0,1,0,1,0,0,0,0,1,0,0,0,0,0,0,0,0,0,0,0,0,0,0,0,1,0,0,0,0,0,0,0,0,0,0,0,0,0,0,0,1,0,0,0,0,0,0,0,1,0,0,1,0,0,0,0,0,1,0,0,0,0,0,0,0,0,1,0,1,0,0,0,0,0,0,0,0,0,0,0,0,0,1,0,0,0,0,1,0
4.343805421853684,9.118334726180159,4,3,6,6,1958,1958,0.0,3,3,3,3,1,5,6.4967749901858625,1,0.0,6.396929655216146,1261.0,5,1,7.140453043101158,0.0,0.0,7.140453043101158,1.0,0.0,1,0,3,1,3,6,8,1,3,1958.0,2,2.0,433.0,3,3,2,0.0,0.0,0.0,0.0,5.666426688112432,0,7.244941546337007,11,2008,7.833203948641057,2.0,50,50,1,1,1,0,0,0,0,0,1,0,0,0,0,0,0,0,0,0,0,0,0,0,1,0,0,1,0,0,0,1,1,0,0,0,0,0,1,0,0,0,0,0,0,0,0,0,0,0,0,1,0,0,0,0,0,0,0,0,0,0,0,0,0,0,1,0,0,0,0,0,0,0,0,1,0,0,0,0,0,1,0,0,0,0,0,0,1,0,0,0,0,0,0,0,0,1,0,0,1,0,0,0,0,0,0,0,0,0,0,0,0,0,0,1,0,0,0,0,0,0,0,0,0,0,0,0,0,0,1,0,0,0,0,0,0,0,0,0,1,0,0,1,0,0,0,0,0,1,0,0,0,0,0,0,0,0,1,0,1,0,0,0,0,0,0,0,0,0,0,0,0,0,1,0,0,0,0,1,0
3.58351893845611,8.29853954537488,3,3,7,5,2006,2007,0.0,4,3,4,3,1,1,0.0,1,0.0,6.439350371100098,625.0,5,1,6.439350371100098,6.439350371100098,0.0,7.1316985104669115,0.0,0.0,2,1,2,1,4,5,8,0,0,2006.0,3,2.0,625.0,3,3,2,0.0,4.007333185232471,0.0,0.0,0.0,0,0.0,3,2008,7.53689712956617,2.5,2,1,1,1,0,0,0,1,0,0,0,0,0,0,0,0,0,0,0,0,0,0,1,0,0,0,0,1,0,0,0,1,1,0,0,0,0,0,1,0,0,0,0,0,0,0,0,0,0,0,0,0,0,0,0,0,0,0,0,0,1,0,0,0,0,0,1,0,0,0,0,0,0,0,0,1,0,0,0,0,0,0,0,0,0,1,0,0,0,0,0,1,0,0,0,1,0,0,0,0,1,0,0,0,0,0,0,0,0,0,0,0,0,0,0,1,0,0,0,0,0,0,0,0,0,0,0,0,0,0,1,0,0,0,0,0,0,0,0,0,1,0,0,0,1,0,0,0,0,1,0,0,0,0,0,0,0,0,1,0,0,0,0,0,1,0,0,0,0,0,0,0,0,0,1,0,0,0,0,1,0
4.9344739331306915,9.799847777776368,3,3,5,6,1946,1994,0.0,3,3,3,3,1,3,5.030437921392435,4,6.152732694704104,6.885509670034818,1598.0,3,1,7.400620577371135,6.879355804460439,6.173786103901937,8.034955024502159,0.0,0.0,3,0,3,1,5,12,4,1,4,0.0,0,0.0,0.0,0,0,2,4.812184355372417,0.0,0.0,0.0,0.0,0,0.0,3,2007,8.344267356262645,3.0,61,13,0,1,1,0,0,0,0,0,0,0,0,0,1,0,0,0,0,0,0,0,0,0,1,0,0,1,1,0,0,0,1,0,0,0,0,0,1,0,0,0,0,1,0,0,0,0,0,0,0,0,0,0,0,0,0,0,0,0,0,0,0,0,0,0,1,0,0,0,0,0,0,0,0,1,0,0,0,0,0,1,0,0,0,0,1,0,0,0,0,0,0,0,0,1,0,0,0,0,1,0,0,0,0,0,0,0,0,0,0,0,0,0,0,1,0,0,0,0,0,0,0,0,0,0,0,0,0,0,1,0,0,0,0,0,0,0,0,0,1,0,0,1,0,0,0,0,0,1,0,0,0,0,0,0,0,0,1,0,0,0,0,0,0,1,0,0,0,0,0,0,0,0,1,0,0,0,0,1,0
4.394449154672439,9.714805812589491,3,3,6,8,1932,1950,0.0,3,3,4,3,1,3,6.222576268071369,1,0.0,6.1092475827643655,952.0,3,1,7.065613363597717,7.069874128458572,0.0,7.76046702921342,0.0,0.0,2,1,4,1,3,9,8,1,4,1932.0,1,2.0,360.0,3,3,2,0.0,0.0,0.0,0.0,0.0,0,0.0,7,2006,8.101071503119543,2.5,74,56,1,1,1,0,0,0,0,0,0,0,0,0,0,0,1,0,0,0,0,0,0,0,1,0,0,1,0,0,0,1,1,0,0,0,0,0,1,0,0,0,0,0,0,1,0,0,0,0,0,0,0,0,0,0,0,0,0,0,0,0,0,0,0,0,1,0,0,0,0,0,0,0,0,1,0,0,0,0,0,1,0,0,0,0,0,0,0,0,0,1,0,0,0,1,0,0,0,0,1,0,0,0,0,0,0,0,0,0,0,0,0,0,0,0,0,0,0,0,1,0,0,0,0,0,0,0,0,0,0,0,0,0,0,0,1,0,0,0,1,0,1,0,0,0,0,0,0,1,0,0,0,0,0,0,0,0,1,0,0,0,0,0,1,0,0,0,0,0,0,0,0,0,1,0,0,0,0,1,0
4.454347296253507,9.276034475171546,4,3,8,5,1992,2000,5.823045895483019,4,3,4,3,1,6,6.55250788703459,1,0.0,6.891625897052253,1683.0,5,1,7.6638772587034705,6.612041034833092,0.0,7.96311205897929,0.0,0.0,2,1,4,1,4,9,8,1,3,1992.0,3,2.0,541.0,3,3,2,0.0,3.5263605246161616,0.0,0.0,0.0,0,0.0,4,2007,8.424200324567073,2.5,15,7,1,1,1,0,0,0,0,0,0,0,0,0,1,0,0,0,0,0,0,0,0,0,1,0,0,1,0,0,0,1,1,0,0,0,0,0,1,0,0,0,0,0,0,0,0,0,0,0,0,0,0,0,1,0,0,0,0,0,0,0,0,0,0,0,1,0,0,0,0,0,0,0,0,1,0,0,0,0,0,1,0,0,0,0,1,0,0,0,0,0,0,0,0,0,0,1,0,0,1,0,0,0,0,0,0,0,0,0,0,0,0,1,0,0,0,0,0,0,0,0,0,0,0,0,0,0,1,0,0,0,0,0,0,0,0,0,0,1,0,0,0,0,1,0,0,0,0,1,0,0,0,0,0,0,0,0,1,0,1,0,0,0,0,0,0,0,0,0,0,0,0,0,1,0,0,0,0,1,0
3.6375861597263857,8.846784666945227,3,3,5,5,1984,1985,0.0,3,3,3,3,1,5,6.490723534502507,1,0.0,5.389071729816501,876.0,3,1,6.828712071641684,0.0,0.0,6.828712071641684,1.0,0.0,1,0,3,1,3,5,8,0,0,1984.0,1,1.0,264.0,3,3,2,5.8944028342648505,0.0,0.0,0.0,0.0,0,0.0,10,2008,7.495541943884256,2.0,24,23,1,1,0,0,0,0,0,0,1,0,0,0,0,0,0,0,0,0,0,0,0,0,1,0,0,1,0,0,0,1,1,0,0,1,0,0,0,0,0,0,0,0,0,0,0,0,0,0,1,0,0,0,0,0,0,0,0,0,0,0,0,0,0,0,1,0,0,0,0,0,0,0,0,1,0,0,0,0,0,1,0,0,0,0,0,0,1,0,0,0,0,0,0,1,0,0,0,0,1,0,0,0,0,0,0,0,0,0,0,0,0,1,0,0,0,0,0,0,0,0,0,0,0,0,0,0,0,0,0,0,1,0,0,0,0,0,0,0,1,0,0,1,0,0,0,0,0,1,0,0,0,0,0,0,0,0,1,0,1,0,0,0,0,0,0,0,0,0,0,0,0,0,1,0,0,0,0,1,0
4.110873864173311,8.281723990411392,4,3,6,8,1926,2004,0.0,3,3,3,3,1,3,6.150602768446279,1,0.0,5.860786223465865,818.0,3,1,6.70808408385307,6.008813185442595,0.0,7.110696122978827,0.0,0.0,1,0,3,1,3,5,8,0,0,1926.0,1,1.0,210.0,3,3,0,0.0,0.0,4.762173934797756,0.0,0.0,0,0.0,12,2009,7.622174594817622,1.0,83,5,1,1,0,0,0,0,0,0,0,0,0,0,1,0,0,0,0,0,0,0,0,0,0,1,0,1,1,0,0,0,1,0,0,0,0,0,1,0,0,0,0,0,0,0,0,0,0,0,0,0,0,0,0,0,1,0,0,0,0,0,0,0,1,0,0,0,0,0,0,0,0,0,0,1,0,0,0,0,0,1,0,0,0,0,1,0,0,0,0,0,0,0,0,1,0,0,0,0,1,0,0,0,0,0,0,0,0,0,0,0,0,0,0,1,0,0,0,0,0,0,0,0,0,0,0,0,0,0,1,0,0,0,0,0,0,0,0,0,1,0,0,1,0,0,0,0,0,1,0,0,0,0,0,0,0,0,1,0,0,0,0,0,1,0,0,0,0,0,0,0,0,0,1,0,0,0,0,1,0
4.007333185232471,8.94663520890585,3,3,5,6,1921,1950,0.0,3,3,3,3,1,1,0.0,1,0.0,6.595780513961311,731.0,5,1,6.710523109452428,6.261491684321042,0.0,7.203405521083095,0.0,0.0,1,1,3,1,3,7,8,1,4,1921.0,1,1.0,186.0,2,3,2,5.262690188904886,0.0,4.634728988229636,0.0,0.0,0,0.0,7,2009,7.637716432664798,1.5,88,59,1,1,1,0,0,0,0,0,0,0,0,0,1,0,0,0,0,0,0,0,0,0,1,0,0,1,0,0,0,1,1,0,0,0,1,0,0,0,0,0,0,0,0,1,0,0,0,0,0,0,0,0,0,0,0,0,0,0,0,0,0,0,0,0,1,0,0,0,0,0,0,0,0,1,0,0,0,0,0,1,0,0,0,0,1,0,0,0,0,0,0,0,0,1,0,0,0,0,1,0,0,0,0,0,0,0,0,0,0,0,0,0,0,0,0,0,0,0,1,0,0,0,0,0,0,0,0,0,0,0,0,0,0,0,1,0,0,0,1,0,1,0,0,0,0,0,0,1,0,0,0,0,0,0,0,0,1,0,0,0,0,0,1,0,0,0,0,0,0,0,0,0,1,0,0,0,0,1,0
4.356708826689592,9.028338763993148,4,3,5,5,1954,1954,0.0,3,3,0,0,0,0,0.0,0,0.0,0.0,0.0,4,1,7.025538314638521,0.0,0.0,7.025538314638521,0.0,0.0,1,0,3,1,3,5,6,1,4,0.0,0,0.0,0.0,0,0,0,0.0,3.6109179126442243,5.25227342804663,0.0,0.0,0,0.0,4,2006,7.025538314638521,1.0,52,52,0,0,1,0,0,0,0,0,1,0,0,0,0,0,0,0,0,0,0,0,0,0,1,0,0,1,0,0,0,1,1,0,1,0,0,0,0,0,0,0,0,0,0,0,1,0,0,0,0,0,0,0,0,0,0,0,0,0,0,0,0,0,0,0,1,0,0,0,0,0,0,0,0,1,0,0,0,0,0,1,0,0,0,0,0,0,1,0,0,0,0,0,0,1,0,0,0,0,1,0,0,0,0,0,0,0,0,0,0,0,0,0,0,0,0,0,0,0,1,0,0,0,0,0,0,0,0,0,0,0,0,0,0,0,1,0,0,0,1,0,0,0,0,1,0,0,0,1,0,0,0,0,0,0,0,0,1,0,0,0,0,0,0,1,0,0,0,0,0,0,0,0,1,0,0,0,0,1,0
4.454347296253507,9.321076413570848,2,3,7,5,1990,1991,0.0,3,3,4,3,1,2,7.104144092987527,1,0.0,0.0,1216.0,5,1,7.1693500166706,7.104144092987527,0.0,7.83002808253384,0.0,0.0,2,1,4,1,3,8,8,0,0,1990.0,3,2.0,693.0,3,3,2,0.0,0.0,0.0,0.0,0.0,0,0.0,4,2006,8.224431573221159,2.5,16,15,1,1,0,0,0,0,0,0,0,0,0,0,0,1,0,0,0,0,0,0,0,0,1,0,0,1,0,0,0,1,1,0,1,0,0,0,0,0,0,0,0,0,0,0,0,0,0,0,0,0,0,0,0,0,0,0,0,0,0,0,1,0,0,0,1,0,0,0,0,0,0,0,0,1,0,0,0,0,0,1,0,0,0,0,0,0,0,0,0,1,0,0,0,1,0,0,0,0,1,0,0,0,0,0,0,0,0,0,0,0,0,0,0,1,0,0,0,0,0,0,0,0,0,0,0,0,0,0,1,0,0,0,0,0,0,0,0,0,1,0,0,0,0,0,0,1,0,1,0,0,0,0,0,0,0,0,1,0,1,0,0,0,0,0,0,0,0,0,0,0,0,0,1,0,0,0,0,1,0
4.174387269895637,8.628376720376853,3,2,8,5,2008,2008,5.231108616854587,5,3,5,3,4,6,7.300472814267799,1,0.0,4.795790545596741,1600.0,5,1,7.410347097821024,0.0,0.0,7.410347097821024,1.0,1.0,2,0,2,1,4,5,8,1,4,2008.0,3,2.0,482.0,3,3,2,5.093750200806762,3.9889840465642745,0.0,5.0369526024136295,0.0,0,0.0,11,2008,8.087332926473351,3.5,0,0,1,1,1,1,0,0,0,0,0,0,0,0,0,0,0,0,0,0,0,0,0,0,0,1,0,1,0,1,0,0,1,0,0,0,0,0,1,0,0,0,0,0,0,1,0,0,0,0,0,0,0,0,0,0,0,0,0,0,0,0,0,0,0,0,1,0,0,0,0,0,0,0,0,1,0,0,0,0,0,0,0,0,0,1,0,0,1,0,0,0,0,0,0,0,0,1,0,0,1,0,0,0,0,0,0,0,0,0,0,0,1,0,0,0,0,0,0,0,0,0,0,0,0,0,0,1,0,0,0,0,0,0,0,0,0,0,0,0,0,1,0,0,1,0,0,0,0,1,0,0,0,0,0,0,0,0,1,0,1,0,0,0,0,0,0,0,0,0,0,0,1,0,0,0,0,0,0,0,1
5.081404364984463,9.656563472556515,3,3,10,5,1996,1996,0.0,4,3,5,3,3,6,7.64826303090192,1,0.0,5.707110264748875,2396.0,5,1,7.788211557847076,7.633369649679584,0.0,8.406708458240965,1.0,0.0,3,1,4,1,5,10,8,2,3,1996.0,3,3.0,813.0,3,3,2,5.147494476813453,4.3694478524670215,0.0,0.0,0.0,555,0.0,7,2007,8.835355971121606,4.5,11,11,1,1,1,0,0,0,0,0,0,0,0,0,0,1,0,0,0,0,0,0,0,0,1,0,0,1,0,0,0,1,1,0,1,0,0,0,0,0,0,0,0,0,0,0,0,0,0,0,0,0,0,0,1,0,0,0,0,0,0,0,0,0,0,0,1,0,0,0,0,0,0,0,0,1,0,0,0,0,0,1,0,0,0,0,0,0,0,0,0,1,0,0,0,0,0,1,0,0,1,0,0,0,0,0,0,0,0,0,0,0,0,0,0,0,0,0,0,0,1,0,0,0,0,0,0,0,0,1,0,0,0,0,0,0,0,0,0,0,1,0,0,0,1,0,0,0,0,1,0,0,0,0,0,0,0,0,1,0,1,0,0,0,0,0,0,0,0,0,0,0,0,0,1,1,0,0,0,0,0
4.110873864173311,9.287394001418473,4,3,5,6,1920,1950,0.0,3,3,3,3,1,3,6.71174039505618,1,0.0,5.703782474656201,1120.0,5,1,7.030857476116121,0.0,0.0,7.030857476116121,1.0,0.0,1,0,2,1,3,5,8,1,4,1970.0,1,2.0,720.0,3,3,2,5.438079308923196,0.0,0.0,0.0,0.0,0,0.0,6,2006,7.719129840906732,2.0,86,56,1,1,1,0,0,0,0,0,0,1,0,0,0,0,0,0,0,0,0,0,0,0,1,0,0,1,0,0,0,1,1,0,0,0,0,0,1,0,0,0,0,0,0,0,0,0,0,0,0,0,0,0,0,0,1,0,0,0,0,0,0,0,0,0,1,0,0,0,0,0,0,0,0,1,0,0,0,0,0,1,0,0,0,0,0,0,1,0,0,0,0,0,0,0,0,1,0,0,1,0,0,0,0,0,0,0,0,0,0,0,0,0,0,0,0,0,1,0,0,0,0,0,0,0,0,0,0,0,0,0,0,0,1,0,0,0,0,0,1,0,1,0,0,0,0,0,0,1,0,0,0,0,0,0,0,0,1,0,0,0,0,0,1,0,0,0,0,0,0,0,0,0,1,0,0,0,0,1,0
3.9318256327243257,10.466924601573329,4,2,5,4,1963,1963,5.424950017481403,3,3,3,3,4,3,7.05617528410041,1,0.0,6.025865973825314,1572.0,4,1,7.360739903058278,0.0,0.0,7.360739903058278,1.0,0.0,1,1,3,1,3,5,8,2,3,1963.0,2,3.0,995.0,3,3,2,0.0,5.575949103146316,0.0,0.0,5.575949103146316,0,0.0,5,2007,8.05356916913454,2.5,44,44,1,1,1,0,0,0,0,0,1,0,0,0,0,0,0,0,0,0,0,0,0,0,1,0,1,0,0,0,0,1,1,0,0,0,0,0,1,0,0,0,0,0,0,0,0,0,0,0,0,0,0,0,0,0,0,0,0,0,0,0,1,0,0,0,1,0,0,0,0,0,0,0,0,1,0,0,0,0,0,1,0,0,0,0,0,0,1,0,0,0,0,0,0,0,0,1,0,0,1,0,0,0,0,0,0,0,0,0,0,0,0,0,0,1,0,0,0,0,0,0,0,0,0,0,0,0,0,0,1,0,0,0,0,0,0,0,0,1,0,0,0,1,0,0,0,0,0,1,0,0,0,0,0,0,0,0,1,1,0,0,0,0,0,0,0,0,0,0,0,0,0,0,1,0,0,0,0,1,0
4.110873864173311,9.1838937219612,4,3,5,7,1924,1950,0.0,3,4,3,3,1,4,5.973809611869261,1,0.0,5.973809611869261,784.0,4,1,6.856461984594587,5.60947179518496,0.0,7.108244139731541,1.0,0.0,1,0,4,1,3,7,8,0,0,1965.0,1,1.0,392.0,3,3,2,0.0,0.0,5.4680601411351315,0.0,0.0,0,0.0,3,2006,7.603897968521881,2.0,82,56,1,1,0,0,0,0,0,0,0,0,0,0,1,0,0,0,0,0,0,0,0,0,1,0,0,1,0,0,0,1,1,0,0,0,0,0,1,0,0,0,0,0,0,0,1,0,0,0,0,0,0,0,0,0,0,0,0,0,0,0,0,0,0,0,1,0,0,0,0,0,0,0,0,1,0,0,0,0,0,1,0,0,0,0,1,0,0,0,0,0,0,0,0,1,0,0,0,0,1,0,0,0,0,0,0,1,0,0,0,0,0,0,0,0,0,0,0,0,0,0,1,0,0,0,0,0,0,0,0,0,0,0,0,0,0,0,0,0,1,0,1,0,0,0,0,0,0,1,0,0,0,0,0,0,0,0,1,0,1,0,0,0,0,0,0,0,0,0,0,0,0,0,1,0,0,0,0,1,0
4.68213122712422,9.270117576012044,3,2,3,5,1900,1970,0.0,3,3,2,3,2,4,6.089044875446846,1,0.0,6.289715570908998,978.0,3,1,6.922643891475888,6.530877627725885,0.0,7.438383530044307,1.0,0.0,2,0,3,2,3,7,8,0,0,1920.0,1,2.0,420.0,2,2,2,0.0,4.31748811353631,0.0,0.0,0.0,0,0.0,8,2009,7.8928255262511176,3.0,109,39,1,1,0,0,0,0,0,1,0,0,0,0,0,0,0,0,0,0,0,0,0,0,1,0,0,1,1,0,0,0,1,0,1,0,0,0,0,0,0,0,0,0,0,0,0,0,0,0,0,0,0,0,0,0,1,0,0,0,0,0,0,0,1,0,0,0,0,0,0,0,0,1,0,0,0,0,0,0,0,0,1,0,0,0,0,0,0,0,0,1,0,0,0,1,0,0,0,0,1,0,0,0,0,0,0,0,0,0,0,0,0,1,0,0,0,0,0,0,0,0,0,0,0,0,0,0,1,0,0,0,0,0,0,0,0,0,0,0,1,0,0,1,0,0,0,0,0,1,0,0,0,0,0,0,0,0,1,0,0,0,0,1,0,0,0,0,0,0,0,0,0,0,1,1,0,0,0,0,0
4.499809670330265,9.430439293104167,4,3,8,5,1994,1995,0.0,4,3,4,3,1,6,7.284134806195205,1,0.0,5.1298987149230735,1624.0,5,1,7.393263094763838,0.0,0.0,7.393263094763838,1.0,0.0,2,0,2,1,4,5,8,1,2,1994.0,2,3.0,757.0,3,3,2,0.0,4.74493212836325,5.262690188904886,0.0,0.0,0,0.0,7,2006,8.0861025356691,3.0,12,11,1,1,1,0,0,0,0,0,1,0,0,0,0,0,0,0,0,0,0,0,0,0,1,0,0,1,0,0,0,1,1,0,1,0,0,0,0,0,0,0,0,0,0,0,0,0,0,0,0,0,0,0,1,0,0,0,0,0,0,0,0,0,0,0,1,0,0,0,0,0,0,0,0,1,0,0,0,0,0,1,0,0,0,0,0,0,1,0,0,0,0,0,0,1,0,0,0,0,1,0,0,0,0,0,0,0,0,0,0,0,0,0,1,0,0,0,0,0,0,0,0,0,0,0,0,0,0,1,0,0,0,0,0,0,0,0,0,0,1,0,0,0,1,0,0,0,0,1,0,0,0,0,0,0,0,0,1,0,1,0,0,0,0,0,0,0,0,0,0,0,0,0,1,0,0,0,0,1,0
4.23410650459726,9.097843340749037,3,3,7,5,2002,2002,4.564348191467836,4,3,4,3,1,1,0.0,1,0.0,6.723832440821209,831.0,5,1,6.723832440821209,6.721425700790643,0.0,7.415175109613295,0.0,0.0,2,1,3,1,4,7,8,0,0,2002.0,2,2.0,493.0,3,3,2,4.976733742420574,4.23410650459726,0.0,0.0,0.0,0,0.0,7,2009,7.820840879907344,2.5,7,7,1,1,0,0,0,0,0,0,0,0,0,0,0,1,0,0,0,0,0,0,0,0,1,0,0,1,0,0,0,1,1,0,0,0,0,0,1,0,0,0,0,0,1,0,0,0,0,0,0,0,0,0,0,0,0,0,0,0,0,0,0,0,0,0,1,0,0,0,0,0,0,0,0,1,0,0,0,0,0,1,0,0,0,0,0,0,0,0,0,1,0,0,0,1,0,0,0,0,1,0,0,0,0,0,0,0,0,0,0,0,0,0,0,0,0,0,0,1,0,0,0,0,0,0,0,0,0,0,0,0,0,0,0,1,0,0,0,1,0,0,0,0,1,0,0,0,0,1,0,0,0,0,0,0,0,0,1,0,1,0,0,0,0,0,0,0,0,0,0,0,0,0,1,0,0,0,0,1,0
4.110873864173311,8.922791623969637,4,3,7,5,1999,1999,0.0,3,3,3,3,1,1,0.0,1,0.0,6.902742737158593,994.0,4,1,6.9363427358340495,6.655440350367647,0.0,7.498315870766981,0.0,0.0,2,1,3,1,4,7,8,1,3,1999.0,3,2.0,442.0,3,3,2,4.948759890378168,4.110873864173311,0.0,0.0,0.0,0,0.0,6,2010,7.937017489515454,2.5,11,11,1,1,1,0,0,0,0,0,0,0,0,0,0,1,0,0,0,0,0,0,0,0,1,0,0,1,0,0,0,1,1,0,0,0,0,0,1,0,0,0,0,0,0,0,0,1,0,0,0,0,0,0,0,0,0,0,0,0,0,0,0,0,0,0,1,0,0,0,0,0,0,0,0,1,0,0,0,0,0,1,0,0,0,0,0,0,0,0,0,1,0,0,0,1,0,0,0,0,1,0,0,0,0,0,0,0,0,0,0,0,0,0,0,0,0,0,0,1,0,0,0,0,0,0,0,0,0,0,0,0,0,0,0,1,0,0,0,0,1,0,0,0,1,0,0,0,0,1,0,0,0,0,0,0,0,0,1,0,1,0,0,0,0,0,0,0,0,0,0,0,0,0,1,0,0,0,0,1,0
4.30406509320417,10.387887062065596,4,2,4,4,1961,1975,5.0106352940962555,3,4,3,3,3,4,7.05617528410041,1,0.0,4.51085950651685,1249.0,5,1,7.392031567514591,0.0,0.0,7.392031567514591,1.0,0.0,1,0,3,1,3,7,8,1,3,1975.0,3,4.0,1356.0,3,3,2,6.0867747269123065,0.0,0.0,0.0,0.0,0,0.0,3,2007,7.962763930168115,2.0,46,32,1,1,1,0,0,0,0,1,0,0,0,0,0,0,0,0,0,0,0,0,0,0,1,0,0,1,0,0,1,0,1,0,0,0,0,0,1,0,0,0,0,0,0,0,0,0,0,0,1,0,0,0,0,0,0,0,0,0,0,0,0,0,0,0,1,0,0,0,0,0,0,0,0,1,0,0,0,0,0,0,1,0,0,0,0,0,1,0,0,0,0,0,0,1,0,0,0,0,1,0,0,0,0,0,0,0,0,0,0,0,0,0,0,1,0,0,0,0,0,0,0,0,0,0,0,0,0,0,1,0,0,0,0,0,0,0,0,0,0,1,0,1,0,0,0,0,0,1,0,0,0,0,0,0,0,0,1,1,0,0,0,0,0,0,0,0,0,0,0,0,0,0,1,0,0,0,0,1,0
3.2188758248682006,7.880804344674901,4,3,8,5,1999,2000,6.124683390894205,4,3,4,3,1,1,0.0,1,0.0,6.655440350367647,776.0,5,1,6.639875833826536,6.519147287940395,0.0,7.273786317844895,0.0,0.0,2,1,2,1,4,5,8,0,0,1999.0,1,2.0,492.0,3,3,2,5.332718793265369,0.0,0.0,0.0,0.0,0,0.0,11,2007,7.704361167910313,2.5,8,7,1,1,0,0,0,1,0,0,0,0,0,0,0,0,0,0,0,0,0,0,1,0,0,0,0,1,0,0,0,1,1,0,0,0,0,0,1,0,0,0,0,0,0,0,0,0,0,0,0,0,0,0,0,0,0,0,0,0,1,0,0,0,0,0,1,0,0,0,0,0,0,0,0,1,0,0,0,0,0,0,0,0,1,0,0,0,0,0,0,1,0,0,0,1,0,0,0,0,1,0,0,0,0,0,0,0,0,0,0,0,0,0,0,1,0,0,0,0,0,0,0,0,0,0,0,0,0,0,1,0,0,0,0,0,0,0,0,1,0,0,0,0,1,0,0,0,0,1,0,0,0,0,0,0,0,0,1,0,0,0,0,0,1,0,0,0,0,0,0,0,0,0,1,0,0,0,0,1,0
4.110873864173311,9.169622538697624,4,3,5,8,1925,1994,0.0,3,3,3,3,2,1,0.0,1,0.0,6.555356891810665,702.0,4,1,6.736966958001855,6.447305862541213,0.0,7.29505641646263,0.0,0.0,1,0,3,1,4,6,8,0,0,1925.0,1,1.0,250.0,3,2,1,0.0,0.0,4.442651256490317,0.0,0.0,0,0.0,7,2007,7.684783943522785,1.0,82,13,1,1,0,0,0,0,0,0,0,0,0,0,1,0,0,0,0,0,0,0,0,0,0,1,0,1,0,0,0,1,1,0,0,0,0,0,1,0,0,0,0,0,0,0,0,0,0,0,0,0,0,0,0,0,1,0,0,0,0,0,0,0,0,0,1,0,0,0,0,0,0,0,0,1,0,0,0,0,0,1,0,0,0,0,1,0,0,0,0,0,0,0,0,0,1,0,0,0,1,0,0,0,0,0,0,0,0,0,0,0,0,0,0,0,0,0,0,1,0,0,0,0,0,0,0,0,0,0,0,0,0,0,0,1,0,0,0,0,1,0,0,0,1,0,0,0,0,1,0,0,0,0,0,0,0,0,1,0,0,0,0,0,1,0,0,0,0,0,0,0,0,0,1,0,0,0,0,1,0
4.30406509320417,8.412054873292933,4,3,6,5,1999,1999,6.054439346269371,3,3,5,3,1,6,6.784457062637643,1,0.0,5.834810737062605,1224.0,5,1,7.110696122978827,0.0,0.0,7.110696122978827,1.0,0.0,2,0,2,1,3,5,8,0,0,1999.0,3,2.0,402.0,3,3,2,0.0,5.720311776607412,0.0,0.0,0.0,0,0.0,6,2009,7.803435056952168,3.0,10,10,1,1,0,1,0,0,0,0,0,0,0,0,0,0,0,0,0,0,0,0,0,0,0,1,0,1,0,0,0,1,1,0,0,0,1,0,0,0,0,0,0,0,0,0,0,0,0,0,1,0,0,0,0,0,0,0,0,0,0,0,0,0,0,0,1,0,0,0,0,0,0,0,0,1,0,0,0,0,0,0,0,0,0,1,0,0,1,0,0,0,0,0,0,0,0,1,0,0,1,0,0,0,0,0,0,0,0,0,0,0,0,0,0,0,0,0,0,1,0,0,0,0,0,0,0,0,0,0,0,0,0,0,0,1,0,0,0,1,0,0,0,0,1,0,0,0,0,1,0,0,0,0,0,0,0,0,1,0,1,0,0,0,0,0,0,0,0,0,0,0,0,0,1,0,0,0,0,1,0
4.394449154672439,9.144734614878189,4,3,6,7,1969,1969,4.969813299576001,3,3,3,3,1,5,5.918893854273146,1,0.0,5.680172609017068,663.0,3,1,6.498282149476434,6.536691597591305,0.0,7.210079628170788,0.0,0.0,1,1,4,1,3,7,8,0,0,1969.0,3,1.0,299.0,3,3,2,5.940171252720432,3.6109179126442243,0.0,0.0,0.0,0,0.0,3,2010,7.60887062919126,1.5,41,41,1,1,0,0,0,0,0,0,0,0,0,0,0,1,0,0,0,0,0,0,0,0,1,0,0,1,0,0,0,1,1,0,1,0,0,0,0,0,0,0,0,0,0,0,0,0,0,0,0,0,0,0,0,0,0,0,1,0,0,0,0,0,0,0,1,0,0,0,0,0,0,0,0,1,0,0,0,0,0,1,0,0,0,0,0,0,0,0,0,1,0,0,0,1,0,0,0,0,1,0,0,0,0,0,0,0,0,0,0,0,0,1,0,0,0,0,0,0,0,0,0,0,0,0,0,0,1,0,0,0,0,0,0,0,0,0,0,0,0,1,0,1,0,0,0,0,0,1,0,0,0,0,0,0,0,0,1,0,1,0,0,0,0,0,0,0,0,0,0,0,0,0,1,0,0,0,0,1,0
3.9512437185814275,8.990939806940807,3,3,6,5,2005,2005,0.0,3,3,4,3,1,1,0.0,1,0.0,6.591673732008658,728.0,5,1,6.591673732008658,6.591673732008658,0.0,7.284134806195205,0.0,0.0,2,1,3,1,4,8,8,0,0,2005.0,3,2.0,400.0,3,3,2,4.61512051684126,3.2188758248682006,0.0,0.0,0.0,0,0.0,7,2008,7.68937110752969,2.5,3,3,1,1,0,0,0,0,0,0,0,0,0,0,0,1,0,0,0,0,0,0,0,0,1,0,0,1,0,0,0,1,1,0,0,0,0,0,1,0,0,0,0,0,0,0,0,1,0,0,0,0,0,0,0,0,0,0,0,0,0,0,0,0,0,0,1,0,0,0,0,0,0,0,0,1,0,0,0,0,0,1,0,0,0,0,0,0,0,0,0,1,0,0,0,1,0,0,0,0,1,0,0,0,0,0,0,0,0,0,0,0,0,0,0,0,0,0,0,1,0,0,0,0,0,0,0,0,0,0,0,0,0,0,0,1,0,0,0,0,1,0,0,0,1,0,0,0,0,1,0,0,0,0,0,0,0,0,1,0,1,0,0,0,0,0,0,0,0,0,0,0,0,0,1,0,0,0,0,1,0
4.07753744390572,9.550733483340633,3,3,7,5,2006,2006,0.0,4,3,4,3,3,1,0.0,1,0.0,6.779921907472252,879.0,5,1,6.779921907472252,6.892641641172089,0.0,7.530479995245536,0.0,0.0,2,1,4,1,4,9,8,1,4,2006.0,3,3.0,660.0,3,3,2,4.61512051684126,2.8903717578961645,0.0,0.0,0.0,0,0.0,11,2006,7.916807490937603,2.5,0,0,1,1,1,0,0,0,0,0,0,0,0,0,0,1,0,0,0,0,0,0,0,0,1,0,0,1,0,0,0,1,1,0,0,0,0,0,1,0,0,0,0,0,0,0,0,1,0,0,0,0,0,0,0,0,0,0,0,0,0,0,0,0,0,0,1,0,0,0,0,0,0,0,0,1,0,0,0,0,0,1,0,0,0,0,0,0,0,0,0,1,0,0,0,1,0,0,0,0,1,0,0,0,0,0,0,0,0,0,0,0,0,0,0,0,0,0,0,1,0,0,0,0,0,0,0,0,0,0,0,0,0,0,0,1,0,0,0,0,1,0,0,0,1,0,0,0,0,1,0,0,0,0,0,0,0,0,1,0,0,0,1,0,0,0,0,0,0,0,0,0,1,0,0,0,0,0,0,0,1
4.189654742026425,9.088285725968877,3,3,7,6,1916,1950,0.0,3,3,3,3,1,1,0.0,1,0.0,6.704414354964107,815.0,5,1,6.704414354964107,6.775366090936392,0.0,7.43307534889858,0.0,0.0,1,0,3,1,3,7,8,1,4,1916.0,1,1.0,225.0,3,3,2,0.0,0.0,5.802118375377063,0.0,0.0,0,0.0,7,2006,7.826443135456014,1.0,90,56,1,1,1,0,0,0,0,0,0,0,0,0,0,0,0,1,0,0,0,0,0,0,0,1,0,1,1,0,0,0,1,0,1,0,0,0,0,0,0,0,0,0,0,0,0,0,0,0,0,0,0,0,0,0,1,0,0,0,0,0,0,0,0,0,1,0,0,0,0,0,0,0,0,1,0,0,0,0,0,1,0,0,0,0,0,0,0,0,1,0,0,0,0,1,0,0,0,0,1,0,0,0,0,0,0,0,0,0,0,0,0,0,0,1,0,0,0,0,0,0,0,0,0,0,0,0,0,0,1,0,0,0,0,0,0,0,0,0,1,0,1,0,0,0,0,0,0,1,0,0,0,0,0,0,0,0,1,0,0,0,0,0,1,0,0,0,0,0,0,1,0,0,0,0,0,0,0,1,0
4.2626798770413155,9.116139576577355,4,3,7,5,2001,2001,0.0,4,3,4,3,1,1,0.0,1,0.0,7.10085190894405,1212.0,5,1,7.10085190894405,0.0,0.0,7.10085190894405,0.0,0.0,2,0,3,1,4,6,8,0,0,2001.0,2,2.0,573.0,3,3,2,5.877735781779639,0.0,0.0,0.0,0.0,0,0.0,6,2009,7.793586803371584,2.0,8,8,1,1,0,0,0,0,0,0,1,0,0,0,0,0,0,0,0,0,0,0,0,0,1,0,0,1,0,0,0,1,1,0,0,0,0,0,1,0,0,0,0,0,1,0,0,0,0,0,0,0,0,0,0,0,0,0,0,0,0,0,0,0,0,0,1,0,0,0,0,0,0,0,0,1,0,0,0,0,0,1,0,0,0,0,0,0,1,0,0,0,0,0,0,1,0,0,0,0,1,0,0,0,0,0,0,0,0,0,0,0,0,0,0,0,0,0,0,1,0,0,0,0,0,0,0,0,0,0,0,0,0,0,0,1,0,0,0,0,1,0,0,0,1,0,0,0,0,1,0,0,0,0,0,0,0,0,1,0,1,0,0,0,0,0,0,0,0,0,0,0,0,0,1,0,0,0,0,1,0
4.330733340286331,9.326878188224134,4,3,4,5,1963,1979,3.9512437185814275,3,3,3,3,1,3,6.306275286948016,1,0.0,6.22455842927536,1051.0,4,1,7.232010331664759,0.0,0.0,7.232010331664759,0.0,0.0,1,1,3,1,3,6,8,1,1,1974.0,1,2.0,459.0,3,3,2,0.0,4.418840607796598,0.0,0.0,0.0,0,0.0,10,2006,7.797291273547472,1.5,43,27,1,1,1,0,0,0,0,0,1,0,0,0,0,0,0,0,0,0,0,0,0,0,1,0,0,1,0,0,0,1,1,0,0,0,0,0,1,0,0,0,0,0,0,0,0,0,0,0,0,0,0,0,0,0,0,0,1,0,0,0,0,0,0,0,1,0,0,0,0,0,0,0,0,1,0,0,0,0,0,1,0,0,0,0,0,0,1,0,0,0,0,0,0,1,0,0,0,0,1,0,0,0,0,0,0,0,0,0,0,0,0,1,0,0,0,0,0,0,0,0,0,0,0,0,0,0,1,0,0,0,0,0,0,0,0,0,0,1,0,0,0,1,0,0,0,0,0,1,0,0,0,0,0,0,0,0,1,0,1,0,0,0,0,0,0,0,0,0,0,0,0,0,1,0,0,0,0,1,0
4.276666119016055,9.143559338285831,4,3,4,5,1970,1970,0.0,3,3,3,3,1,1,0.0,1,0.0,6.762729506931879,864.0,4,1,6.762729506931879,0.0,0.0,6.762729506931879,0.0,0.0,1,0,3,1,3,5,8,0,0,1972.0,1,1.0,280.0,3,3,2,0.0,0.0,0.0,0.0,0.0,0,0.0,7,2006,7.455298485683291,1.0,36,36,1,1,0,0,0,0,0,0,1,0,0,0,0,0,0,0,0,0,0,0,0,0,1,0,0,1,0,0,0,1,1,0,0,0,0,0,1,0,0,0,0,0,0,0,0,0,0,0,0,1,0,0,0,0,0,0,0,0,0,0,0,0,0,0,1,0,0,0,0,0,0,0,0,1,0,0,0,0,0,1,0,0,0,0,0,0,1,0,0,0,0,0,0,1,0,0,0,0,1,0,0,0,0,0,0,0,0,0,0,0,0,0,0,1,0,0,0,0,0,0,0,0,0,0,0,0,0,0,1,0,0,0,0,0,0,0,0,0,1,0,0,1,0,0,0,0,0,1,0,0,0,0,0,0,0,0,1,0,1,0,0,0,0,0,0,0,0,0,0,0,0,1,0,1,0,0,0,0,0
4.394449154672439,9.249657234353133,4,3,7,5,1998,1998,0.0,3,3,4,3,3,1,0.0,1,0.0,6.7650389767805414,866.0,5,1,6.7650389767805414,6.81783057145415,0.0,7.484368643286131,0.0,0.0,2,1,3,1,4,6,8,0,0,1998.0,2,2.0,546.0,3,3,2,5.293304824724492,3.6109179126442243,0.0,0.0,0.0,0,0.0,3,2009,7.880804344674901,2.5,11,11,1,1,0,0,0,0,0,0,0,0,0,0,0,1,0,0,0,0,0,0,0,0,1,0,0,1,0,0,0,1,1,0,1,0,0,0,0,0,0,0,0,0,1,0,0,0,0,0,0,0,0,0,0,0,0,0,0,0,0,0,0,0,0,0,1,0,0,0,0,0,0,0,0,1,0,0,0,0,0,1,0,0,0,0,0,0,0,0,0,1,0,0,0,1,0,0,0,0,1,0,0,0,0,0,0,0,0,0,0,0,0,0,0,0,0,0,0,1,0,0,0,0,0,0,0,0,0,0,0,0,0,0,0,1,0,0,0,0,1,0,0,0,1,0,0,0,0,1,0,0,0,0,0,0,0,0,1,0,1,0,0,0,0,0,0,0,0,0,0,0,0,0,1,0,0,0,0,1,0
3.9318256327243257,8.699681400989514,4,3,5,8,1925,1997,0.0,3,3,3,3,1,1,0.0,1,0.0,6.785587645007929,884.0,5,1,6.785587645007929,6.142037405587356,0.0,7.207118856207756,1.0,0.0,1,0,3,1,3,5,8,1,2,1960.0,1,1.0,216.0,3,3,0,0.0,0.0,5.342334251964811,0.0,0.0,0,0.0,5,2009,7.711101251840158,2.0,84,12,1,1,1,0,0,0,0,0,0,0,0,0,1,0,0,0,0,0,0,0,0,0,0,1,0,1,0,0,0,1,1,0,1,0,0,0,0,0,0,0,1,0,0,0,0,0,0,0,0,0,0,0,0,0,0,0,0,0,0,0,0,0,0,0,1,0,0,0,0,0,0,0,0,1,0,0,0,0,0,1,0,0,0,0,1,0,0,0,0,0,0,0,0,1,0,0,0,0,1,0,0,0,0,0,0,0,0,0,0,0,0,0,0,0,0,0,0,0,1,0,0,0,0,0,0,0,0,0,0,0,0,0,0,0,1,0,0,0,1,0,1,0,0,0,0,0,0,1,0,0,0,0,0,0,0,0,1,0,0,0,0,0,1,0,0,0,0,0,0,0,0,0,1,0,0,0,0,1,0
4.330733340286331,9.18512512283512,4,3,7,5,2000,2001,5.147494476813453,4,3,4,3,1,1,0.0,1,0.0,7.396948602621014,1630.0,5,1,7.396948602621014,0.0,0.0,7.396948602621014,0.0,0.0,2,0,3,1,4,6,8,1,3,2000.0,1,2.0,451.0,3,3,2,4.31748811353631,5.459585514144159,0.0,0.0,0.0,0,0.0,10,2009,8.089789175789319,2.0,9,8,1,1,1,0,0,0,0,0,1,0,0,0,0,0,0,0,0,0,0,0,0,0,1,0,0,1,0,0,0,1,1,0,0,0,0,0,1,0,0,0,0,0,1,0,0,0,0,0,0,0,0,0,0,0,0,0,0,0,0,0,0,0,0,0,1,0,0,0,0,0,0,0,0,1,0,0,0,0,0,1,0,0,0,0,0,0,1,0,0,0,0,0,0,1,0,0,0,0,1,0,0,0,0,0,0,0,0,0,0,0,0,0,0,0,0,0,0,1,0,0,0,0,0,0,0,0,0,0,0,0,0,0,0,1,0,0,0,1,0,0,0,0,1,0,0,0,0,1,0,0,0,0,0,0,0,0,1,0,1,0,0,0,0,0,0,0,0,0,0,0,0,0,1,0,0,0,0,1,0
4.3694478524670215,9.224341891611996,4,3,5,6,1975,1975,0.0,3,3,4,3,1,5,6.670766320845874,1,0.0,5.594711379601839,1056.0,5,1,6.980075940561763,0.0,0.0,6.980075940561763,1.0,0.0,1,1,3,1,3,6,8,0,0,1975.0,2,2.0,495.0,3,3,2,0.0,4.48863636973214,0.0,0.0,0.0,0,0.0,7,2006,7.664346632098617,2.5,31,31,1,1,0,0,0,0,0,0,1,0,0,0,0,0,0,0,0,0,0,0,0,0,1,0,0,1,0,0,0,1,1,0,0,0,0,0,1,0,0,0,0,0,0,0,0,0,0,0,0,0,0,1,0,0,0,0,0,0,0,0,0,0,0,0,1,0,0,0,0,0,0,0,0,1,0,0,0,0,0,1,0,0,0,0,0,0,1,0,0,0,0,0,0,1,0,0,0,0,1,0,0,0,0,0,0,0,0,0,0,0,0,1,0,0,0,0,0,0,0,0,0,0,0,0,0,0,1,0,0,0,0,0,0,0,0,0,0,0,1,0,0,1,0,0,0,0,0,1,0,0,0,0,0,0,0,0,1,0,1,0,0,0,0,0,0,0,0,0,0,0,0,0,1,0,0,0,0,1,0
4.51085950651685,9.59458184363272,3,3,7,7,1990,1991,5.459585514144159,4,3,4,3,2,5,6.186208623900494,4,5.181783550292085,7.311218384419629,2158.0,4,1,7.69484807238461,0.0,0.0,7.69484807238461,0.0,0.0,2,0,3,1,4,7,8,1,3,1990.0,2,3.0,701.0,3,3,2,4.442651256490317,4.2626798770413155,0.0,0.0,0.0,0,0.0,6,2009,8.379079889286603,2.0,19,18,1,1,1,0,0,0,0,0,1,0,0,0,0,0,0,0,0,0,0,0,0,0,1,0,0,1,0,0,0,1,1,0,0,1,0,0,0,0,0,0,0,0,0,0,0,0,0,0,0,0,0,0,0,0,0,0,0,1,0,0,0,0,0,0,1,0,0,0,0,0,0,0,0,1,0,0,0,0,0,1,0,0,0,0,0,0,1,0,0,0,0,0,0,0,0,1,0,0,1,0,0,0,0,0,0,0,0,0,0,0,0,1,0,0,0,0,0,0,0,0,0,0,0,0,0,0,1,0,0,0,0,0,0,0,0,0,0,1,0,0,0,1,0,0,0,0,0,1,0,0,0,0,0,0,0,0,1,0,1,0,0,0,0,0,0,0,0,0,0,0,0,0,1,0,0,0,0,1,0
4.212127597878484,9.093918908958932,4,3,4,4,1966,1966,0.0,3,3,3,3,1,3,6.963189985870238,1,0.0,0.0,1056.0,3,1,6.963189985870238,0.0,0.0,6.963189985870238,1.0,0.0,1,0,2,1,3,5,8,0,0,1966.0,1,1.0,384.0,3,3,2,0.0,3.7612001156935624,0.0,0.0,0.0,0,0.0,11,2006,7.655864017616056,2.0,40,40,1,1,0,0,0,0,0,0,1,0,0,0,0,0,0,0,0,0,0,0,0,1,0,0,0,1,0,0,0,1,1,0,0,0,0,0,1,0,0,0,0,0,0,0,0,0,0,0,0,0,0,0,0,0,0,0,0,1,0,0,0,0,0,0,1,0,0,0,0,0,0,0,0,1,0,0,0,0,0,1,0,0,0,0,0,0,1,0,0,0,0,0,0,1,0,0,0,0,1,0,0,0,0,0,0,0,0,0,0,0,0,1,0,0,0,0,0,0,0,0,0,0,0,0,0,0,1,0,0,0,0,0,0,0,0,0,0,0,1,0,0,1,0,0,0,0,0,1,0,0,0,0,0,0,0,0,1,0,0,0,0,0,1,0,0,0,0,0,0,0,0,0,1,0,0,0,0,1,0
4.2626798770413155,9.119977931895791,4,3,6,5,2003,2003,4.795790545596741,4,3,4,3,3,6,5.831882477283517,1,0.0,7.202661196523238,1682.0,5,1,7.438971592395862,0.0,0.0,7.438971592395862,1.0,0.0,2,0,3,1,4,7,8,0,0,2003.0,2,2.0,544.0,3,3,2,5.262690188904886,3.1780538303479458,0.0,0.0,0.0,0,0.0,5,2006,8.12651816878071,3.0,3,3,1,1,0,0,0,0,0,0,1,0,0,0,0,0,0,0,0,0,0,0,0,0,1,0,0,1,0,0,0,1,1,0,0,0,0,0,1,0,0,0,0,0,1,0,0,0,0,0,0,0,0,0,0,0,0,0,0,0,0,0,0,0,0,0,1,0,0,0,0,0,0,0,0,1,0,0,0,0,0,1,0,0,0,0,0,0,1,0,0,0,0,0,0,1,0,0,0,0,1,0,0,0,0,0,0,0,0,0,0,0,0,0,0,0,0,0,0,1,0,0,0,0,0,0,0,0,0,0,0,0,0,0,0,1,0,0,0,1,0,0,0,0,1,0,0,0,0,1,0,0,0,0,0,0,0,0,1,0,1,0,0,0,0,0,0,0,0,0,0,0,0,0,1,0,0,0,0,1,0
4.2626798770413155,8.957252944288902,4,3,5,7,1962,1980,0.0,3,4,3,3,1,3,6.22455842927536,4,4.6913478822291435,5.768320995793772,931.0,3,1,7.157735484249907,0.0,0.0,7.157735484249907,1.0,0.0,1,0,3,1,3,6,8,0,0,1980.0,1,2.0,506.0,3,3,2,0.0,0.0,0.0,0.0,0.0,0,0.0,10,2008,7.703007682479236,2.0,46,28,1,1,0,0,0,0,0,0,1,0,0,0,0,0,0,0,0,0,0,0,0,0,1,0,0,1,0,0,0,1,1,0,0,0,0,0,1,0,0,0,0,0,0,0,0,0,0,0,0,1,0,0,0,0,0,0,0,0,0,0,0,0,0,0,1,0,0,0,0,0,0,0,0,1,0,0,0,0,0,1,0,0,0,0,0,0,1,0,0,0,0,0,0,1,0,0,0,0,1,0,0,0,0,0,0,0,0,0,0,0,0,0,0,1,0,0,0,0,0,0,0,0,0,0,0,0,0,0,1,0,0,0,0,0,0,0,0,0,1,0,0,1,0,0,0,0,0,1,0,0,0,0,0,0,0,0,1,0,0,0,0,0,1,0,0,0,0,0,0,0,0,0,1,0,0,0,0,1,0
4.454347296253507,9.228474942171665,3,3,8,5,2006,2006,6.042632833682381,4,3,5,3,2,6,7.107425474110705,1,0.0,6.089044875446846,1660.0,5,1,7.415175109613295,0.0,0.0,7.415175109613295,1.0,0.0,2,0,3,1,4,8,8,1,4,2006.0,2,2.0,500.0,3,3,2,5.777652323222656,3.9318256327243257,0.0,0.0,0.0,0,0.0,5,2006,8.108021221376747,3.0,0,0,1,1,1,0,0,0,0,0,1,0,0,0,0,0,0,0,0,0,0,0,0,0,1,0,0,1,0,0,0,1,1,0,0,1,0,0,0,0,0,0,0,0,0,0,0,0,0,0,0,0,0,0,0,0,0,0,0,0,1,0,0,0,0,0,0,0,0,0,0,0,1,0,0,1,0,0,0,0,0,1,0,0,0,0,0,0,1,0,0,0,0,0,0,0,0,1,0,0,1,0,0,0,0,0,0,0,0,0,0,0,0,0,0,0,0,0,0,1,0,0,0,0,0,0,0,0,0,0,0,0,0,0,0,1,0,0,0,0,0,1,0,0,1,0,0,0,0,1,0,0,0,0,0,0,0,0,1,0,1,0,0,0,0,0,0,0,0,0,0,0,1,0,0,0,0,0,0,0,1
4.2626798770413155,9.325364048544964,4,3,6,5,1992,1992,0.0,4,3,4,3,1,1,0.0,1,0.0,6.962243464266207,1055.0,5,1,6.962243464266207,6.673297967767654,0.0,7.520776415062797,0.0,0.0,2,1,3,1,4,8,8,1,3,1992.0,2,2.0,462.0,3,3,2,6.455198563340122,4.653960350157523,0.0,0.0,0.0,0,5.993961427306569,5,2010,7.972810784121404,2.5,18,18,1,1,1,0,0,0,0,0,0,0,0,0,0,1,0,0,0,0,0,0,0,0,1,0,0,1,0,0,0,1,1,0,0,0,0,0,1,0,0,0,0,0,0,0,0,0,0,0,0,0,0,0,0,0,0,0,0,1,0,0,0,0,0,0,1,0,0,0,0,0,0,0,0,1,0,0,0,0,0,1,0,0,0,0,0,0,0,0,0,1,0,0,0,1,0,0,0,0,1,0,0,0,0,0,0,0,0,0,0,0,0,0,0,0,0,0,0,0,1,0,0,0,0,0,0,0,0,0,0,0,0,0,0,0,1,0,0,0,1,0,0,0,1,0,0,0,0,1,0,0,0,0,0,0,0,0,1,0,1,0,0,0,0,0,0,0,0,0,0,0,0,0,1,0,0,0,0,1,0
5.030437921392435,9.403849118160702,3,2,8,7,1988,2005,0.0,4,3,4,3,3,6,6.059123195581797,1,0.0,4.890349128221754,559.0,4,1,6.985641817639208,6.511745329644728,0.0,7.469083884921234,0.0,0.0,2,0,4,1,3,8,8,0,0,1988.0,2,2.0,492.0,3,3,2,5.786897381366708,2.5649493574615367,0.0,0.0,0.0,0,0.0,6,2010,7.7458682297922685,2.0,22,5,1,1,0,0,0,0,0,0,0,0,0,0,1,0,0,0,0,0,0,0,0,0,1,0,0,1,1,0,0,0,1,0,0,0,0,0,1,0,0,0,0,0,0,0,0,1,0,0,0,0,0,0,0,0,0,0,0,0,0,0,0,0,0,0,1,0,0,0,0,0,0,0,0,1,0,0,0,0,0,1,0,0,0,0,1,0,0,0,0,0,0,0,0,1,0,0,0,0,1,0,0,0,0,0,0,0,0,0,0,0,0,0,0,0,0,0,0,0,1,0,0,0,0,0,0,0,0,0,0,0,0,0,0,0,1,0,0,0,1,0,0,0,0,0,0,1,0,1,0,0,0,0,0,0,0,0,1,0,0,1,0,0,0,0,0,0,0,0,0,0,0,0,1,0,0,0,0,1,0
3.9318256327243257,9.14216859187285,4,3,4,6,1941,1950,0.0,3,3,3,3,1,3,5.84354441703136,1,0.0,5.796057750765372,672.0,3,1,6.511745329644728,0.0,0.0,6.511745329644728,1.0,0.0,1,0,2,1,3,4,8,0,0,1941.0,1,1.0,234.0,3,3,0,0.0,4.736198448394496,0.0,0.0,0.0,0,0.0,8,2009,7.20414929203594,2.0,68,59,1,1,0,0,0,0,0,0,0,1,0,0,0,0,0,0,0,0,0,0,0,0,1,0,0,1,0,0,0,1,1,0,0,0,0,0,1,0,0,0,0,0,0,0,1,0,0,0,0,0,0,0,0,0,0,0,0,0,0,0,0,0,0,0,1,0,0,0,0,0,0,0,0,1,0,0,0,0,0,1,0,0,0,0,0,0,1,0,0,0,0,0,0,0,0,1,0,0,1,0,0,0,0,0,0,0,0,0,0,0,0,0,0,1,0,0,0,0,0,0,0,0,0,0,0,0,0,0,1,0,0,0,0,0,0,0,0,0,1,0,0,1,0,0,0,0,0,1,0,0,0,0,0,0,0,0,1,0,1,0,0,0,0,0,0,0,0,0,0,0,0,0,1,0,0,0,0,1,0
4.276666119016055,9.234740258799718,3,3,4,9,1965,2001,0.0,3,4,3,4,3,6,6.47543271670409,1,0.0,0.0,648.0,5,1,6.8679744089702925,0.0,0.0,6.8679744089702925,1.0,1.0,0,0,0,1,3,3,8,0,0,1965.0,1,1.0,364.0,3,3,2,4.48863636973214,0.0,0.0,0.0,0.0,0,0.0,5,2006,7.3833681469923835,1.5,41,5,1,1,0,0,0,0,0,0,0,0,0,0,0,0,0,0,1,0,0,0,0,0,1,0,0,1,0,0,0,1,1,0,0,1,0,0,0,0,0,0,0,0,0,0,0,0,0,0,0,0,0,0,0,0,0,0,1,0,0,0,0,0,0,0,1,0,0,0,0,0,0,0,0,1,0,0,0,0,0,1,0,0,0,0,0,0,0,0,0,0,0,1,0,1,0,0,0,0,1,0,0,0,0,0,0,0,0,0,0,0,0,0,0,0,0,0,0,1,0,0,0,0,0,0,0,0,0,0,0,0,0,0,0,1,0,0,0,0,1,0,0,1,0,0,0,0,0,1,0,0,0,0,0,0,0,0,1,0,1,0,0,0,0,0,0,0,0,0,0,0,0,0,1,0,0,0,0,1,0
4.248495242049359,9.230731061623917,3,3,5,5,1962,1962,0.0,3,3,3,3,3,4,6.665683717782408,1,0.0,4.955827057601261,925.0,3,1,6.907755278982137,0.0,0.0,6.907755278982137,1.0,0.0,1,0,3,1,3,6,8,0,0,1962.0,1,1.0,300.0,3,3,2,5.017279836814924,4.290459441148391,0.0,0.0,0.0,0,0.0,5,2006,7.562681246721884,2.0,44,44,1,1,0,0,0,0,0,0,0,0,0,0,0,0,0,0,0,1,0,0,0,0,1,0,0,1,0,0,0,1,1,0,0,0,0,0,1,0,0,0,0,0,0,0,0,0,0,0,0,1,0,0,0,0,0,0,0,0,0,0,0,0,0,0,1,0,0,0,0,0,0,0,0,1,0,0,0,0,0,1,0,0,0,0,0,0,0,0,0,0,1,0,0,1,0,0,0,0,1,0,0,0,0,0,0,0,0,0,0,0,0,0,0,1,0,0,0,0,0,0,0,0,0,0,0,0,0,0,1,0,0,0,0,0,0,0,0,0,1,0,0,1,0,0,0,0,0,1,0,0,0,0,0,0,0,0,1,0,1,0,0,0,0,0,0,0,0,0,0,0,0,0,1,0,0,0,0,1,0
4.605170185988092,8.867145589594143,3,3,5,5,1966,1966,0.0,3,3,3,3,1,3,5.198497031265826,2,5.926926025970411,5.831882477283517,894.0,3,1,6.796823718274855,0.0,0.0,6.796823718274855,0.0,0.0,1,0,3,1,3,5,8,0,0,1966.0,2,1.0,384.0,3,3,2,0.0,0.0,0.0,0.0,0.0,0,0.0,5,2007,7.489412083508719,1.0,41,41,1,1,0,0,0,0,0,0,1,0,0,0,0,0,0,0,0,0,0,0,0,0,1,0,0,1,0,0,0,1,1,0,0,0,0,0,1,0,0,0,0,0,0,0,0,0,0,0,0,0,0,0,0,0,0,0,1,0,0,0,0,0,0,0,1,0,0,0,0,0,0,0,0,1,0,0,0,0,0,1,0,0,0,0,0,0,1,0,0,0,0,0,0,1,0,0,0,0,1,0,0,0,0,0,0,0,0,0,0,0,0,0,0,0,0,0,0,1,0,0,0,0,0,0,0,0,0,0,0,0,0,0,0,1,0,0,0,0,1,0,0,1,0,0,0,0,0,1,0,0,0,0,0,0,0,0,1,0,0,0,0,0,1,0,0,0,0,0,0,0,0,0,1,0,0,0,0,1,0
4.23410650459726,9.097283649683886,4,3,6,5,1978,1978,0.0,3,3,0,0,0,0,0.0,0,0.0,0.0,0.0,3,1,7.1846291527173145,6.371611847231857,0.0,7.551186867296149,0.0,0.0,2,0,4,2,3,8,8,0,0,1978.0,1,2.0,539.0,3,3,2,0.0,0.0,0.0,0.0,0.0,0,0.0,4,2010,7.551186867296149,2.0,32,32,1,0,0,0,0,0,0,0,0,0,0,0,0,0,0,0,0,0,1,0,0,0,0,1,0,1,0,0,0,1,1,0,0,0,0,0,1,0,0,0,0,0,0,0,0,0,0,0,0,0,0,0,0,0,0,0,1,0,0,0,0,0,0,0,0,0,0,1,0,0,0,0,0,1,0,0,0,0,0,0,0,1,0,0,1,0,0,0,0,0,0,0,0,1,0,0,0,0,1,0,0,0,0,0,0,0,0,0,0,0,0,0,0,0,0,0,0,1,0,0,0,0,0,0,0,0,0,0,0,0,0,0,0,1,0,0,0,0,1,0,0,0,0,1,0,0,0,1,0,0,0,0,0,0,0,0,1,0,1,0,0,0,0,0,0,0,0,0,0,0,0,0,1,0,0,0,0,1,0
4.290459441148391,9.0642735958414,4,3,8,5,2009,2009,4.290459441148391,4,3,4,3,2,6,6.842683282238422,1,0.0,5.8998973535824915,1300.0,5,1,7.181591944611865,0.0,0.0,7.181591944611865,1.0,0.0,2,0,3,1,4,6,8,0,0,2009.0,2,2.0,552.0,3,3,2,4.912654885736052,4.727387818712341,0.0,0.0,0.0,0,0.0,9,2009,7.869019376499023,3.0,0,0,1,1,0,0,0,0,0,0,1,0,0,0,0,0,0,0,0,0,0,0,1,0,0,0,0,1,0,0,0,1,1,0,0,0,0,0,1,0,0,0,0,0,0,0,0,0,0,0,0,0,0,0,0,0,0,0,0,0,1,0,0,0,0,0,1,0,0,0,0,0,0,0,0,1,0,0,0,0,0,1,0,0,0,0,0,0,1,0,0,0,0,0,0,1,0,0,0,0,1,0,0,0,0,0,0,0,0,0,0,0,1,0,0,0,0,0,0,0,0,0,0,0,0,0,0,1,0,0,0,0,0,0,0,0,0,0,0,0,0,1,0,0,1,0,0,0,0,1,0,0,0,0,0,0,0,0,1,0,1,0,0,0,0,0,0,0,0,0,0,0,1,0,0,0,0,0,0,0,1
3.970291913552122,8.738895704934043,4,3,4,5,1947,1950,0.0,3,3,0,0,0,0,0.0,0,0.0,0.0,0.0,4,0,6.511745329644728,5.484796933490655,0.0,6.816735880594968,0.0,0.0,1,0,2,1,3,3,8,0,0,0.0,0,0.0,0.0,0,0,0,0.0,0.0,0.0,0.0,0.0,0,0.0,7,2006,6.816735880594968,1.0,59,56,0,0,0,0,0,0,0,0,0,0,0,0,1,0,0,0,0,0,0,0,0,0,0,1,0,1,0,0,0,1,1,0,0,0,0,0,1,0,0,0,1,0,0,0,0,0,0,0,0,0,0,0,0,0,0,0,0,0,0,0,0,0,0,0,1,0,0,0,0,0,0,0,0,1,0,0,0,0,0,1,0,0,0,0,1,0,0,0,0,0,0,0,0,1,0,0,0,0,1,0,0,0,0,0,0,1,0,0,0,0,0,0,0,0,0,0,0,0,0,0,1,0,0,0,0,0,0,0,0,0,0,0,0,0,0,0,0,0,1,0,0,0,0,1,0,0,0,1,0,0,0,0,0,0,0,0,1,0,0,0,0,0,0,1,0,0,0,0,0,0,0,0,1,0,0,0,0,1,0
3.091042453358316,7.427144133408616,4,3,6,5,1971,1971,5.4680601411351315,3,3,3,3,1,1,0.0,1,0.0,6.511745329644728,672.0,3,1,6.511745329644728,6.304448802421981,0.0,7.105786129481271,0.0,0.0,1,1,3,1,3,7,8,0,0,0.0,0,0.0,0.0,0,0,0,5.308267697401205,0.0,0.0,0.0,0.0,0,0.0,4,2006,7.544861068658458,1.5,35,35,0,1,0,0,0,1,0,0,0,0,0,0,0,0,0,0,0,0,0,0,0,0,0,1,0,1,0,0,0,1,1,0,0,0,0,0,1,0,0,1,0,0,0,0,0,0,0,0,0,0,0,0,0,0,0,0,0,0,0,0,0,0,0,0,1,0,0,0,0,0,0,0,0,1,0,0,0,0,0,0,0,0,1,0,0,0,0,0,0,1,0,0,0,1,0,0,0,0,1,0,0,0,0,0,0,0,0,0,0,0,1,0,0,0,0,0,0,0,0,0,0,0,0,0,0,1,0,0,0,0,0,0,0,0,0,0,0,1,0,0,0,1,0,0,0,0,0,1,0,0,0,0,0,0,0,0,1,0,0,0,0,0,0,1,0,0,0,0,0,0,0,0,1,1,0,0,0,0,0
4.204692619390966,8.962007209588313,3,3,5,5,1964,1964,0.0,3,3,3,3,1,3,5.746203190540153,2,6.398594934535208,0.0,912.0,3,1,6.816735880594968,0.0,0.0,6.816735880594968,0.0,0.0,1,0,2,1,3,5,8,0,0,1964.0,1,1.0,288.0,3,3,2,0.0,0.0,0.0,0.0,0.0,0,0.0,11,2006,7.509335266016592,1.0,42,42,1,1,0,0,0,0,0,0,1,0,0,0,0,0,0,0,0,0,0,0,0,0,1,0,0,1,0,0,0,1,1,0,0,0,0,0,1,0,0,0,0,0,0,0,0,0,0,0,0,1,0,0,0,0,0,0,0,0,0,0,0,0,0,0,1,0,0,0,0,0,0,0,0,1,0,0,0,0,0,1,0,0,0,0,0,0,1,0,0,0,0,0,0,1,0,0,0,0,1,0,0,0,0,0,0,0,0,0,0,0,0,0,0,0,0,0,0,0,1,0,0,0,0,0,0,0,0,0,0,0,0,0,0,0,1,0,0,0,1,0,0,1,0,0,0,0,0,1,0,0,0,0,0,0,0,0,1,0,1,0,0,0,0,0,0,0,0,0,0,0,0,0,1,1,0,0,0,0,0
4.02535169073515,9.018089684104343,4,3,5,5,1968,1968,0.0,3,3,3,3,1,4,5.5254529391317835,2,6.20050917404269,5.351858133476067,952.0,5,1,7.10002716662926,0.0,0.0,7.10002716662926,0.0,0.0,1,0,3,1,3,5,8,1,3,1968.0,1,1.0,322.0,3,3,2,0.0,4.1588830833596715,0.0,0.0,0.0,0,0.0,8,2008,7.679713639966372,1.0,40,40,1,1,1,0,0,0,0,0,1,0,0,0,0,0,0,0,0,0,0,0,0,0,1,0,0,1,0,0,0,1,1,0,0,0,0,0,1,0,0,0,0,0,0,0,0,0,0,0,0,0,0,0,0,0,0,0,1,0,0,0,0,0,0,1,0,0,0,0,0,0,0,0,0,1,0,0,0,0,0,1,0,0,0,0,0,0,1,0,0,0,0,0,0,0,0,1,0,0,1,0,0,0,0,0,0,0,0,0,0,0,0,1,0,0,0,0,0,0,0,0,0,0,0,0,0,0,1,0,0,0,0,0,0,0,0,0,0,0,1,0,0,1,0,0,0,0,0,1,0,0,0,0,0,0,0,0,1,0,1,0,0,0,0,0,0,0,0,0,0,0,0,0,1,0,0,0,0,1,0
4.3694478524670215,9.258844781035798,4,3,6,6,1949,1950,5.771441123130016,3,3,3,3,2,3,5.2832037287379885,1,0.0,6.739336627357174,1040.0,5,1,7.063903961472068,6.520621127558696,0.0,7.52131798019924,0.0,0.0,2,0,3,1,3,7,8,1,4,1949.0,1,1.0,315.0,3,3,2,0.0,0.0,0.0,0.0,0.0,0,0.0,1,2007,7.967973179662935,2.0,58,57,1,1,1,0,0,0,0,0,0,0,0,0,1,0,0,0,0,0,0,0,0,0,1,0,0,1,0,0,0,1,1,0,0,0,0,0,1,0,0,0,0,0,0,0,0,0,0,0,0,1,0,0,0,0,0,0,0,0,0,0,0,0,1,0,0,0,0,0,0,0,0,0,0,1,0,0,0,0,0,1,0,0,0,0,1,0,0,0,0,0,0,0,0,1,0,0,0,0,1,0,0,0,0,0,0,0,0,0,0,0,0,0,0,0,0,0,0,0,1,0,0,0,0,0,0,0,0,0,0,0,0,0,0,0,1,0,0,1,0,0,0,1,0,0,0,0,0,1,0,0,0,0,0,0,0,0,1,0,1,0,0,0,0,0,0,0,0,0,0,0,0,0,1,0,0,0,0,1,0
4.499809670330265,9.276221741089696,4,3,5,3,1951,1951,3.8066624897703196,3,3,3,2,1,2,6.6293632534374485,1,0.0,7.2305631534092925,2136.0,3,0,7.667158255319148,0.0,0.0,7.667158255319148,0.0,0.0,2,0,4,1,3,7,5,0,0,1951.0,1,2.0,528.0,3,3,2,0.0,3.4339872044851463,0.0,0.0,0.0,0,0.0,10,2006,8.360071435644025,2.0,55,55,1,1,0,0,0,0,0,0,1,0,0,0,0,0,0,0,0,0,0,0,0,0,1,0,0,1,0,0,0,1,1,0,0,0,0,0,1,0,0,0,0,0,0,0,0,0,0,0,0,1,0,0,0,0,0,0,0,0,0,0,0,0,0,0,1,0,0,0,0,0,0,0,0,1,0,0,0,0,0,1,0,0,0,0,0,0,1,0,0,0,0,0,0,0,0,1,0,0,1,0,0,0,0,0,0,0,0,0,0,0,0,0,0,0,0,0,0,0,1,0,0,0,0,0,0,0,0,0,0,0,0,0,0,0,1,0,0,1,0,0,0,1,0,0,0,0,0,1,0,0,0,0,1,0,0,0,0,0,0,0,0,0,1,0,0,0,0,0,0,0,0,0,1,0,0,0,0,1,0
4.110873864173311,9.641148287756142,3,3,7,5,2004,2005,0.0,4,3,4,3,3,6,6.586171654854675,1,0.0,4.174387269895637,788.0,5,1,6.670766320845874,6.555356891810665,0.0,7.307202314764738,1.0,0.0,2,1,3,1,4,8,8,1,4,2004.0,3,2.0,388.0,3,3,2,4.61512051684126,4.330733340286331,0.0,0.0,0.0,0,0.0,2,2008,7.731492029245684,3.5,4,3,1,1,1,0,0,0,0,0,0,0,0,0,0,1,0,0,0,0,0,0,0,0,1,0,0,1,0,0,0,1,1,0,0,0,0,0,1,0,0,0,0,0,0,0,0,1,0,0,0,0,0,0,0,0,0,0,0,0,0,0,0,0,0,0,0,0,0,0,1,0,0,0,0,1,0,0,0,0,0,1,0,0,0,0,0,0,0,0,0,1,0,0,0,1,0,0,0,0,1,0,0,0,0,0,0,0,0,0,0,0,0,0,0,0,0,0,0,1,0,0,0,0,0,0,0,0,0,0,0,0,0,0,0,1,0,0,0,0,1,0,0,0,1,0,0,0,0,1,0,0,0,0,0,0,0,0,1,0,1,0,0,0,0,0,0,0,0,0,0,0,0,0,1,0,0,0,0,1,0
4.189654742026425,9.257510176452573,4,3,6,8,1958,1958,4.1588830833596715,3,4,3,3,3,6,6.230481447578482,1,0.0,4.406719247264253,588.0,5,1,7.037905963447182,0.0,0.0,7.037905963447182,0.0,1.0,1,0,3,1,3,6,8,0,0,1958.0,2,1.0,264.0,3,3,2,5.41610040220442,0.0,0.0,0.0,0.0,0,0.0,6,2007,7.454141078146678,1.5,49,49,1,1,0,0,0,0,0,0,0,0,0,0,0,0,0,0,1,0,0,0,0,0,1,0,0,1,0,0,0,1,1,0,0,0,0,0,1,0,0,0,0,0,0,0,0,0,0,0,0,1,0,0,0,0,0,0,0,0,0,0,0,0,0,0,1,0,0,0,0,0,0,0,0,1,0,0,0,0,0,1,0,0,0,0,0,0,0,0,0,0,0,1,0,0,0,1,0,0,1,0,0,0,0,0,0,0,0,0,0,0,0,0,0,0,0,0,0,1,0,0,0,0,0,0,0,0,0,0,0,0,0,0,0,1,0,0,0,1,0,0,0,1,0,0,0,0,0,1,0,0,0,0,0,0,0,0,1,0,1,0,0,0,0,0,0,0,0,0,0,0,0,0,1,0,0,0,0,1,0
4.465908118654584,9.58870831219998,3,3,6,5,2007,2007,4.31748811353631,4,3,4,3,2,1,0.0,1,0.0,6.796823718274855,894.0,5,1,6.796823718274855,6.946975992135418,0.0,7.56734567601324,0.0,0.0,2,1,4,1,4,9,8,1,4,2007.0,3,3.0,668.0,3,3,2,4.61512051684126,2.9444389791664403,0.0,0.0,0.0,0,0.0,1,2008,7.947325027016463,2.5,1,1,1,1,1,0,0,0,0,0,0,0,0,0,0,1,0,0,0,0,0,0,0,0,1,0,0,1,0,0,0,1,1,0,0,1,0,0,0,0,0,0,0,0,0,0,0,0,0,0,0,0,0,0,0,0,0,0,0,0,1,0,0,0,0,1,0,0,0,0,0,0,0,0,0,1,0,0,0,0,0,1,0,0,0,0,0,0,0,0,0,1,0,0,0,1,0,0,0,0,1,0,0,0,0,0,0,0,0,0,0,0,0,0,0,0,0,0,0,1,0,0,0,0,0,0,0,0,0,0,0,0,0,0,0,1,0,0,0,0,0,1,0,0,1,0,0,0,0,1,0,0,0,0,0,0,0,0,1,0,0,0,1,0,0,0,0,0,0,0,0,0,0,0,1,0,0,0,0,1,0
4.290459441148391,9.090768236835338,4,3,5,8,1965,2008,5.707110264748875,3,3,3,3,1,5,6.39024066706535,1,0.0,5.762051382780177,912.0,5,1,6.816735880594968,0.0,0.0,6.816735880594968,1.0,0.0,1,0,2,1,4,5,8,0,0,1992.0,1,2.0,576.0,3,3,2,0.0,5.484796933490655,0.0,0.0,0.0,0,0.0,12,2008,7.509335266016592,2.0,43,0,1,1,0,0,0,0,0,0,1,0,0,0,0,0,0,0,0,0,0,0,0,0,1,0,0,1,0,0,0,1,1,0,1,0,0,0,0,0,0,0,0,0,0,0,0,0,0,0,0,1,0,0,0,0,0,0,0,0,0,0,0,0,0,0,1,0,0,0,0,0,0,0,0,1,0,0,0,0,0,1,0,0,0,0,0,0,1,0,0,0,0,0,0,1,0,0,0,0,1,0,0,0,0,0,0,0,0,0,0,0,0,0,0,0,0,0,0,1,0,0,0,0,0,0,0,0,0,0,0,0,0,0,0,1,0,0,0,1,0,0,0,1,0,0,0,0,0,1,0,0,0,0,0,0,0,0,1,0,0,0,0,0,1,0,0,0,0,0,0,0,0,0,1,0,0,0,0,1,0
4.189654742026425,9.079092085366229,4,3,9,5,2008,2008,6.642486801367256,5,3,5,3,1,6,7.340186835320115,1,0.0,5.093750200806762,1702.0,5,1,7.440146680662688,0.0,0.0,7.440146680662688,1.0,0.0,1,1,1,1,5,7,8,1,4,2008.0,3,3.0,1052.0,3,3,2,0.0,4.290459441148391,0.0,0.0,5.41610040220442,0,0.0,10,2008,8.133000218583613,2.5,0,0,1,1,1,1,0,0,0,0,0,0,0,0,0,0,0,0,0,0,0,0,0,0,1,0,0,1,0,0,0,1,1,0,1,0,0,0,0,0,0,0,0,0,0,0,0,0,0,0,0,0,0,0,0,1,0,0,0,0,0,0,0,0,0,0,1,0,0,0,0,0,0,0,0,1,0,0,0,0,0,0,0,0,0,1,0,0,1,0,0,0,0,0,0,0,0,1,0,0,1,0,0,0,0,0,0,0,0,0,0,0,0,0,0,1,0,0,0,0,0,0,0,0,0,0,0,0,0,0,1,0,0,0,0,0,0,0,0,1,0,0,0,0,1,0,0,0,0,1,0,0,0,0,0,0,0,0,1,0,1,0,0,0,0,0,0,0,0,0,0,0,1,0,0,0,0,0,0,0,1
4.2626798770413155,8.976009475021396,4,3,5,5,1960,1960,0.0,3,3,3,3,1,5,6.502790045915623,1,0.0,6.016157159698354,1075.0,4,1,7.318539548567902,0.0,0.0,7.318539548567902,0.0,0.0,2,0,4,1,3,7,4,0,0,1960.0,1,1.0,404.0,3,3,2,0.0,0.0,0.0,0.0,0.0,0,0.0,8,2008,7.8567067930958405,2.0,48,48,1,1,0,0,0,0,0,0,0,0,0,0,0,0,0,0,1,0,0,0,0,0,1,0,0,1,0,0,0,1,1,0,0,0,0,0,1,0,0,0,0,0,0,0,0,0,0,0,0,1,0,0,0,0,0,0,0,0,0,0,0,0,0,0,1,0,0,0,0,0,0,0,0,1,0,0,0,0,0,1,0,0,0,0,0,0,0,0,0,0,0,1,0,0,0,1,0,0,1,0,0,0,0,0,0,0,0,0,1,0,0,0,0,0,0,0,0,0,0,0,0,0,0,0,0,0,1,0,0,0,0,0,0,0,0,0,0,0,1,0,0,1,0,0,0,0,0,1,0,0,0,0,0,0,0,0,1,0,0,1,0,0,0,0,0,0,0,0,0,0,0,0,1,0,0,0,0,1,0
4.276666119016055,9.846440897156853,3,3,5,5,1977,1977,0.6931471805599453,3,3,4,3,1,6,6.212606095751519,3,5.356586274672012,6.481577129276431,1361.0,5,1,7.216709486709457,7.138866999945524,0.0,7.8713112033234065,0.0,0.0,2,2,4,2,3,12,8,1,3,1977.0,2,2.0,600.0,3,3,0,5.049856007249537,3.2188758248682006,4.983606621708336,0.0,0.0,0,9.024131268455035,8,2007,8.289539484624141,3.0,30,30,1,1,1,0,0,0,0,0,0,0,0,0,0,0,0,0,0,0,1,0,0,0,1,0,0,1,0,0,0,1,1,0,0,0,0,0,1,0,0,0,0,0,0,0,0,0,0,0,0,0,0,0,0,0,0,0,1,0,0,0,0,0,0,1,0,0,0,0,0,0,0,0,0,0,0,0,1,0,0,0,0,1,0,0,1,0,0,0,0,0,0,0,0,0,0,0,0,1,1,0,0,0,0,0,0,0,0,0,0,0,0,0,0,0,1,0,0,0,0,0,0,0,0,0,0,0,0,0,0,0,1,0,0,0,0,0,0,0,1,0,0,1,0,0,0,0,0,1,0,0,0,0,0,0,0,0,1,0,0,0,1,0,0,0,0,0,0,0,0,0,0,0,1,0,0,0,0,1,0
4.2626798770413155,8.952734767106872,4,3,5,6,1962,1962,4.795790545596741,3,3,3,3,3,5,6.6895992691789665,1,0.0,5.717027701406222,1106.0,3,1,7.0825485693553,0.0,0.0,7.0825485693553,1.0,0.0,1,0,3,1,3,6,8,0,0,1962.0,1,2.0,540.0,3,3,2,0.0,2.9444389791664403,0.0,0.0,0.0,0,0.0,5,2006,7.739359202689098,2.0,44,44,1,1,0,0,0,0,0,0,0,0,0,0,0,0,0,0,0,0,1,0,0,0,1,0,0,1,0,0,0,1,1,0,0,0,0,0,1,0,0,0,0,0,0,0,0,0,0,0,0,1,0,0,0,0,0,0,0,0,0,0,0,0,0,0,1,0,0,0,0,0,0,0,0,1,0,0,0,0,0,0,0,1,0,0,0,0,0,0,0,0,0,1,0,0,0,1,0,0,1,0,0,0,0,0,0,0,0,0,0,0,0,0,0,0,0,0,0,0,1,0,0,0,0,0,0,0,0,0,0,0,0,0,0,0,1,0,0,1,0,0,0,1,0,0,0,0,0,1,0,0,0,0,0,0,0,0,1,0,1,0,0,0,0,0,0,0,0,0,0,0,0,0,1,0,0,0,0,1,0
4.2626798770413155,9.194515821629212,4,3,4,5,1962,1962,0.0,3,3,0,0,0,0,0.0,0,0.0,0.0,0.0,3,1,7.110696122978827,0.0,0.0,7.110696122978827,0.0,0.0,2,0,2,2,3,6,8,0,0,1962.0,1,2.0,462.0,3,3,2,0.0,0.0,0.0,0.0,0.0,0,0.0,3,2007,7.110696122978827,2.0,45,45,1,0,0,0,0,0,0,0,0,0,0,0,0,0,0,0,0,0,1,0,0,0,1,0,0,1,0,0,0,1,1,0,0,0,1,0,0,0,0,0,0,0,0,0,0,0,0,0,0,1,0,0,0,0,0,0,0,0,0,0,0,0,0,0,1,0,0,0,0,0,0,0,0,1,0,0,0,0,0,0,0,1,0,0,0,0,1,0,0,0,0,0,0,1,0,0,0,0,1,0,0,0,0,0,0,0,0,0,0,0,0,1,0,0,0,0,0,0,0,0,0,0,0,0,0,0,1,0,0,0,0,0,0,0,0,0,0,0,1,0,0,0,0,1,0,0,0,1,0,0,0,0,0,0,0,0,1,0,0,0,0,1,0,0,0,0,0,0,0,0,0,0,1,0,0,0,0,1,0
4.30406509320417,9.405989388981,3,3,5,5,1959,1959,5.198497031265826,3,3,3,3,1,3,6.90875477931522,1,0.0,5.241747015059643,1188.0,2,1,7.080867896690782,0.0,0.0,7.080867896690782,1.0,0.0,1,0,3,1,3,6,8,0,0,1959.0,2,2.0,531.0,3,3,2,0.0,0.0,0.0,0.0,0.0,0,0.0,5,2010,7.773594467360194,2.0,51,51,1,1,0,0,0,0,0,0,1,0,0,0,0,0,0,0,0,0,0,0,0,0,1,0,0,1,0,0,0,1,1,0,0,0,0,0,1,0,0,0,0,0,0,0,0,0,0,0,0,1,0,0,0,0,0,0,0,0,0,0,0,0,0,0,1,0,0,0,0,0,0,0,0,1,0,0,0,0,0,1,0,0,0,0,0,0,1,0,0,0,0,0,0,0,0,1,0,0,1,0,0,0,0,0,0,0,0,0,0,0,0,0,0,0,1,0,0,0,0,0,0,0,0,0,0,0,0,0,0,0,1,0,0,0,0,0,0,1,0,0,0,1,0,0,0,0,0,1,0,0,0,0,0,0,0,0,1,0,1,0,0,0,0,0,1,0,0,0,0,0,0,0,0,1,0,0,0,0,0
4.02535169073515,9.050875597325156,4,3,5,6,1911,1950,0.0,3,3,3,3,3,1,0.0,1,0.0,6.846943139585379,940.0,3,0,6.932447891572509,6.846943139585379,0.0,7.583247524303362,0.0,0.0,1,1,4,1,3,7,8,0,0,0.0,0,0.0,0.0,0,0,0,0.0,5.262690188904886,0.0,0.0,0.0,0,0.0,11,2008,7.974188669286011,1.5,97,58,0,1,0,0,0,0,0,0,0,0,0,0,0,0,1,0,0,0,0,0,0,1,0,0,0,1,1,0,0,0,1,0,0,0,0,0,1,0,0,0,0,0,0,0,0,0,0,0,0,0,0,0,0,0,0,1,0,0,0,0,0,0,0,0,1,0,0,0,0,0,0,0,0,1,0,0,0,0,0,1,0,0,0,0,0,0,0,0,0,1,0,0,0,1,0,0,0,0,1,0,0,0,0,0,0,0,0,0,0,0,0,0,0,1,0,0,0,0,0,0,0,0,0,0,0,0,0,0,1,0,0,0,0,0,0,0,0,0,1,0,0,0,1,0,0,0,0,1,0,0,0,0,1,0,0,0,0,0,0,0,0,0,0,1,0,0,0,0,0,0,0,0,1,1,0,0,0,0,0
4.574710978503383,9.48288342558516,4,3,5,5,1914,1950,0.0,3,3,4,3,2,1,0.0,1,0.0,6.617402977974478,747.0,4,1,6.794586580876499,6.794586580876499,0.0,7.487173694213739,0.0,0.0,1,1,4,1,3,9,8,0,0,1914.0,1,1.0,180.0,2,2,0,5.318119993844216,3.713572066704308,0.0,0.0,0.0,0,0.0,7,2006,7.836764783264067,1.5,92,56,1,1,0,0,0,0,0,0,0,0,0,0,0,0,1,0,0,0,0,0,0,0,1,0,0,1,0,0,0,1,1,0,0,0,0,0,1,0,0,0,0,0,0,1,0,0,0,0,0,0,0,0,0,0,0,0,0,0,0,0,0,0,0,0,1,0,0,0,0,0,0,0,0,1,0,0,0,0,0,1,0,0,0,0,0,0,0,0,0,1,0,0,0,1,0,0,0,0,1,0,0,0,0,0,0,0,0,0,0,0,0,0,0,0,0,0,0,0,1,0,0,0,0,0,0,0,0,0,0,0,0,0,0,0,1,0,0,0,1,0,1,0,0,0,0,0,0,1,0,0,0,0,0,1,0,0,0,0,0,0,0,0,1,0,0,0,0,0,0,0,0,0,1,0,0,0,0,1,0
3.6109179126442243,7.874358824729881,4,3,7,5,2003,2003,4.672828834461906,4,3,4,3,1,1,0.0,1,0.0,6.639875833826536,764.0,5,1,6.639875833826536,6.760414691083428,0.0,7.394493107219038,0.0,0.0,2,1,2,1,4,6,8,0,0,2003.0,2,2.0,474.0,3,3,2,0.0,3.332204510175204,0.0,0.0,0.0,0,0.0,6,2010,7.779466967458324,2.5,7,7,1,1,0,0,0,1,0,0,0,0,0,0,0,0,0,0,0,0,0,0,0,0,1,0,0,1,0,0,0,1,1,0,0,0,0,0,1,0,0,0,0,0,0,0,0,0,0,0,0,0,0,0,0,1,0,0,0,0,0,0,0,0,0,0,1,0,0,0,0,0,0,0,0,1,0,0,0,0,0,0,0,0,1,0,0,0,0,0,0,1,0,0,0,1,0,0,0,0,1,0,0,0,0,0,0,0,0,0,0,0,0,0,0,0,0,0,0,1,0,0,0,0,0,0,0,0,0,0,0,0,0,0,0,0,0,1,0,0,0,1,0,0,1,0,0,0,0,1,0,0,0,0,0,0,0,0,1,0,0,0,1,0,0,0,0,0,0,0,0,0,0,0,1,0,0,0,0,1,0
3.7376696182833684,9.424967763522053,2,3,7,5,2004,2005,0.0,4,3,4,3,1,1,0.0,1,0.0,6.742880635791903,847.0,5,1,6.742880635791903,7.004881989712859,0.0,7.575071699507561,0.0,0.0,2,1,4,1,4,8,8,1,4,2004.0,3,2.0,434.0,3,3,2,4.61512051684126,3.8918202981106265,0.0,0.0,0.0,0,0.0,9,2006,7.935945103353701,2.5,2,1,1,1,1,0,0,0,0,0,0,0,0,0,0,1,0,0,0,0,0,0,0,0,1,0,0,1,0,0,0,1,1,0,0,0,1,0,0,0,0,0,0,0,1,0,0,0,0,0,0,0,0,0,0,0,0,0,0,0,0,0,0,0,0,0,1,0,0,0,0,0,0,0,0,1,0,0,0,0,0,1,0,0,0,0,0,0,0,0,0,1,0,0,0,1,0,0,0,0,1,0,0,0,0,0,0,0,0,0,0,0,0,0,0,0,0,0,0,1,0,0,0,0,0,0,0,0,0,0,0,0,0,0,0,1,0,0,0,0,1,0,0,0,1,0,0,0,0,1,0,0,0,0,0,0,0,0,1,0,0,0,1,0,0,0,0,0,0,0,0,0,0,0,1,0,0,0,0,1,0
4.1588830833596715,9.47830431356186,4,3,6,5,2005,2005,0.0,4,3,4,3,1,1,0.0,1,0.0,7.040536390215956,1141.0,5,1,7.040536390215956,0.0,0.0,7.040536390215956,0.0,0.0,1,1,3,1,3,6,8,0,0,2005.0,1,2.0,484.0,3,3,2,0.0,0.0,0.0,0.0,0.0,0,0.0,3,2006,7.733245646529795,1.5,1,1,1,1,0,0,0,0,0,0,1,0,0,0,0,0,0,0,0,0,0,0,0,0,1,0,0,1,0,0,0,1,1,0,0,0,0,0,1,0,0,0,0,0,0,0,0,0,0,0,0,0,0,0,0,0,0,0,0,1,0,0,0,0,0,0,0,0,0,1,0,0,0,0,0,1,0,0,0,0,0,1,0,0,0,0,0,0,1,0,0,0,0,0,0,1,0,0,0,0,1,0,0,0,0,0,0,0,0,0,0,0,0,0,0,0,0,0,0,1,0,0,0,0,0,0,0,0,0,0,0,0,0,0,0,1,0,0,0,0,1,0,0,0,1,0,0,0,0,1,0,0,0,0,0,0,0,0,1,0,0,0,0,0,1,0,0,0,0,0,0,0,0,0,1,1,0,0,0,0,0
4.174387269895637,9.109193189971226,3,3,8,5,2006,2006,3.4965075614664802,4,3,4,3,3,6,6.061456918928017,1,0.0,6.955592608396297,1476.0,5,1,7.3031700512368,0.0,0.0,7.3031700512368,0.0,0.0,2,0,2,1,5,6,8,1,4,2006.0,2,2.0,472.0,3,3,2,4.795790545596741,3.5263605246161616,0.0,0.0,0.0,0,0.0,12,2007,7.993282328101591,2.0,1,1,1,1,1,0,0,0,0,0,1,0,0,0,0,0,0,0,0,0,0,0,0,0,1,0,0,1,0,1,0,0,1,0,0,0,0,0,1,0,0,0,0,0,0,0,0,0,0,0,0,0,0,0,0,0,0,0,0,0,0,0,1,0,0,0,1,0,0,0,0,0,0,0,0,1,0,0,0,0,0,1,0,0,0,0,0,0,1,0,0,0,0,0,0,0,0,1,0,0,1,0,0,0,0,0,0,0,0,0,0,0,0,0,0,0,0,0,0,1,0,0,0,0,0,0,0,0,0,0,0,0,0,0,0,1,0,0,0,1,0,0,0,0,1,0,0,0,0,1,0,0,0,0,0,0,0,0,1,0,1,0,0,0,0,0,0,0,0,0,0,0,0,0,1,0,0,0,0,1,0
4.189654742026425,9.0068768914288,4,3,7,5,2003,2003,5.53338948872752,4,3,4,3,1,6,6.311734809152915,1,0.0,5.814130531825066,884.0,5,1,6.785587645007929,6.785587645007929,0.0,7.478169694159785,1.0,0.0,2,1,3,1,4,8,8,0,0,2003.0,2,2.0,543.0,3,3,2,0.0,4.1588830833596715,0.0,0.0,0.0,0,0.0,7,2008,7.88344635413774,3.5,5,5,1,1,0,0,0,0,0,0,0,0,0,0,0,1,0,0,0,0,0,0,0,0,1,0,0,1,0,0,0,1,1,0,0,0,0,0,1,0,0,0,0,0,1,0,0,0,0,0,0,0,0,0,0,0,0,0,0,0,0,0,0,0,0,0,1,0,0,0,0,0,0,0,0,1,0,0,0,0,0,1,0,0,0,0,0,0,0,0,0,1,0,0,0,1,0,0,0,0,1,0,0,0,0,0,0,0,0,0,0,0,0,0,0,0,0,0,0,1,0,0,0,0,0,0,0,0,0,0,0,0,0,0,0,1,0,0,0,1,0,0,0,0,1,0,0,0,0,1,0,0,0,0,0,0,0,0,1,0,1,0,0,0,0,0,0,0,0,0,0,0,0,0,1,0,0,0,0,1,0
4.430816798843313,9.195226734166134,4,3,7,6,2007,2007,0.0,4,3,4,3,3,1,0.0,1,0.0,7.432483807917119,1689.0,5,1,7.432483807917119,0.0,0.0,7.432483807917119,0.0,0.0,2,0,3,1,4,7,8,0,0,2007.0,2,3.0,954.0,3,3,2,0.0,4.04305126783455,0.0,0.0,0.0,0,0.0,6,2007,8.12533508671429,2.0,0,0,1,1,0,0,0,0,0,0,1,0,0,0,0,0,0,0,0,0,0,0,0,0,1,0,0,1,0,0,0,1,1,0,0,0,0,0,1,0,0,0,0,0,0,0,0,0,0,0,0,0,0,0,0,0,0,0,0,0,1,0,0,0,0,0,1,0,0,0,0,0,0,0,0,1,0,0,0,0,0,1,0,0,0,0,0,0,1,0,0,0,0,0,0,0,0,1,0,0,1,0,0,0,0,0,0,0,0,0,0,0,0,0,0,0,0,0,0,1,0,0,0,0,0,0,0,0,0,0,0,0,0,0,0,1,0,0,0,0,0,1,0,0,1,0,0,0,0,1,0,0,0,0,0,0,0,0,1,0,1,0,0,0,0,0,0,0,0,0,0,0,1,0,0,0,0,0,0,0,1
4.454347296253507,9.271059107010888,4,3,7,6,1974,1974,4.406719247264253,3,3,4,3,4,6,6.786716950605081,2,5.1298987149230735,0.0,1053.0,3,1,7.068172000388042,0.0,0.0,7.068172000388042,1.0,0.0,2,0,3,1,4,6,8,2,3,1974.0,2,2.0,528.0,3,3,2,0.0,4.795790545596741,0.0,0.0,0.0,0,0.0,1,2010,7.708410667257367,3.0,36,36,1,1,1,0,0,0,0,0,0,0,0,0,0,0,0,0,0,1,0,0,0,0,1,0,0,1,0,0,0,1,1,0,0,0,0,0,1,0,0,0,0,0,0,0,0,0,0,0,0,0,0,1,0,0,0,0,0,0,0,0,0,0,0,0,1,0,0,0,0,0,0,0,0,1,0,0,0,0,0,1,0,0,0,0,0,0,0,0,0,0,1,0,0,1,0,0,0,0,1,0,0,0,0,0,0,0,0,0,0,0,0,0,0,0,1,0,0,0,0,0,0,0,0,0,0,0,0,0,0,0,1,0,0,0,0,0,0,1,0,0,0,1,0,0,0,0,0,1,0,0,0,0,0,0,0,0,1,0,1,0,0,0,0,0,0,0,0,0,0,0,0,0,1,0,0,0,1,0,0
4.68213122712422,9.539068413863964,4,3,10,5,2006,2006,0.0,5,3,5,4,4,6,7.234898420314831,1,0.0,6.53813982376767,2076.0,5,1,7.638679823876112,0.0,0.0,7.638679823876112,1.0,0.0,2,1,2,1,5,7,8,1,4,2006.0,3,3.0,850.0,3,3,2,5.37989735354046,5.438079308923196,0.0,0.0,0.0,0,0.0,9,2006,8.331586243630754,3.5,0,0,1,1,1,0,0,0,0,0,1,0,0,0,0,0,0,0,0,0,0,0,0,0,1,0,0,1,0,0,0,1,1,0,0,0,0,0,1,0,0,0,0,0,0,0,0,0,0,0,0,0,0,0,0,1,0,0,0,0,0,0,0,0,0,0,1,0,0,0,0,0,0,0,0,1,0,0,0,0,0,1,0,0,0,0,0,0,1,0,0,0,0,0,0,1,0,0,0,0,1,0,0,0,0,0,0,0,0,0,0,0,0,0,0,0,0,0,0,1,0,0,0,0,0,0,0,0,0,0,0,0,0,0,0,1,0,0,0,0,1,0,0,0,1,0,0,0,0,1,0,0,0,0,0,0,0,0,1,0,1,0,0,0,0,0,0,0,0,0,0,0,1,0,0,0,0,0,0,0,1
4.31748811353631,9.344521553442203,3,2,8,7,1929,1950,0.0,3,3,4,3,1,1,0.0,1,0.0,6.675823221634848,792.0,2,1,6.675823221634848,6.587550014824796,0.0,7.325148957955575,0.0,0.0,1,0,3,1,4,7,8,2,4,1931.0,1,2.0,400.0,3,3,2,0.0,0.0,0.0,0.0,0.0,0,0.0,6,2006,7.745002803515839,1.0,77,56,1,1,1,0,0,0,0,0,0,0,0,0,0,0,1,0,0,0,0,0,0,0,1,0,0,1,0,1,0,0,1,0,1,0,0,0,0,0,0,0,0,0,0,1,0,0,0,0,0,0,0,0,0,0,0,0,0,0,0,0,0,0,0,0,1,0,0,0,0,0,0,0,0,1,0,0,0,0,0,1,0,0,0,0,0,0,0,0,0,1,0,0,0,1,0,0,0,0,1,0,0,0,0,0,0,0,0,0,1,0,0,0,0,0,0,0,0,0,0,0,0,0,0,0,0,0,0,0,0,0,0,0,1,0,0,0,0,0,1,0,0,0,1,0,0,0,0,1,0,0,0,0,0,0,0,0,1,0,0,0,0,0,1,0,0,0,0,0,0,0,0,0,1,0,0,0,0,1,0
4.3694478524670215,9.400216653174247,4,3,6,7,1984,2003,4.31748811353631,3,3,4,3,1,1,0.0,1,0.0,6.373319789577012,585.0,5,1,7.039660349862076,6.591673732008658,0.0,7.533158807455563,0.0,0.0,3,1,3,1,3,7,8,1,3,1984.0,3,2.0,477.0,3,3,2,5.594711379601839,4.727387818712341,0.0,0.0,4.997212273764115,0,0.0,1,2007,7.805474625270857,3.5,23,4,1,1,1,0,0,0,0,0,0,0,0,0,0,0,0,0,1,0,0,0,0,0,1,0,0,1,0,0,0,1,1,0,0,0,0,0,1,0,0,0,0,0,0,0,0,0,0,0,0,0,0,1,0,0,0,0,0,0,0,0,0,0,0,0,1,0,0,0,0,0,0,0,0,1,0,0,0,0,0,1,0,0,0,0,0,0,0,0,0,0,0,1,0,0,0,1,0,0,1,0,0,0,0,0,0,0,0,0,0,0,0,0,0,0,0,0,0,1,0,0,0,0,0,0,0,0,0,0,0,0,0,0,0,1,0,0,0,1,0,0,0,1,0,0,0,0,0,1,0,0,0,0,0,0,0,0,1,0,0,0,1,0,0,0,0,0,0,0,0,0,0,0,1,1,0,0,0,0,0
4.189654742026425,9.002824076547672,4,3,7,5,2005,2006,0.0,4,3,4,3,1,1,0.0,1,0.0,6.6293632534374485,756.0,5,1,6.6293632534374485,6.682108597449809,0.0,7.348587530927593,0.0,0.0,2,1,3,1,4,6,8,0,0,2005.0,2,2.0,615.0,3,3,2,0.0,3.828641396489095,0.0,0.0,0.0,0,0.0,3,2006,7.745002803515839,2.5,1,0,1,1,0,0,0,0,0,0,0,0,0,0,0,1,0,0,0,0,0,0,1,0,0,0,0,1,0,0,0,1,1,0,0,0,0,0,1,0,0,0,0,0,0,0,0,0,0,0,0,0,0,0,0,0,0,0,0,0,1,0,0,0,0,0,1,0,0,0,0,0,0,0,0,1,0,0,0,0,0,1,0,0,0,0,0,0,0,0,0,1,0,0,0,1,0,0,0,0,1,0,0,0,0,0,0,0,0,0,0,0,0,0,0,0,0,0,0,1,0,0,0,0,0,0,0,0,0,0,0,0,0,0,0,1,0,0,0,0,1,0,0,0,1,0,0,0,0,1,0,0,0,0,0,0,0,0,1,0,1,0,0,0,0,0,0,0,0,0,0,0,1,0,0,0,0,0,0,0,1
4.30406509320417,9.419709489868552,3,3,6,5,1976,1976,5.817111159963204,3,3,3,3,3,6,6.29156913955832,1,0.0,6.161207321695077,1012.0,3,1,6.942156705699469,0.0,0.0,6.942156705699469,1.0,0.0,1,0,3,1,3,6,8,0,0,1976.0,1,3.0,888.0,3,3,2,0.0,0.0,0.0,0.0,0.0,0,0.0,5,2010,7.624130585661289,2.0,34,34,1,1,0,0,0,0,0,0,0,0,0,0,0,0,0,0,1,0,0,0,0,0,1,0,0,1,0,0,0,1,1,0,0,0,0,0,1,0,0,0,0,0,0,0,0,0,0,0,1,0,0,0,0,0,0,0,0,0,0,0,0,0,0,0,1,0,0,0,0,0,0,0,0,1,0,0,0,0,0,1,0,0,0,0,0,0,0,0,0,0,0,1,0,1,0,0,0,0,1,0,0,0,0,0,0,0,0,0,0,0,0,1,0,0,0,0,0,0,0,0,0,0,0,0,0,0,1,0,0,0,0,0,0,0,0,0,0,1,0,0,0,1,0,0,0,0,0,1,0,0,0,0,0,0,0,0,1,0,1,0,0,0,0,0,0,0,0,0,0,0,0,0,1,0,0,0,0,1,0
4.110873864173311,9.169622538697624,4,3,6,5,1917,1950,0.0,3,3,4,3,1,3,5.768320995793772,1,0.0,6.0330862217988015,735.0,2,0,7.034387929915503,6.829793737512425,0.0,7.629975707027789,0.0,0.0,1,1,3,1,3,8,8,1,4,1950.0,1,2.0,396.0,2,2,1,0.0,0.0,5.560681631015528,0.0,0.0,0,0.0,4,2008,7.935229539816907,1.5,91,58,1,1,1,0,0,0,0,0,0,0,0,0,0,0,0,1,0,0,0,0,0,0,0,1,0,1,0,0,0,1,1,0,0,0,0,0,1,0,0,0,0,0,0,0,0,0,0,0,0,0,0,0,0,0,1,0,0,0,0,0,0,0,0,0,1,0,0,0,0,0,0,0,0,1,0,0,0,0,0,1,0,0,0,0,0,0,0,0,1,0,0,0,0,1,0,0,0,0,1,0,0,0,0,0,0,1,0,0,0,0,0,0,0,0,0,0,0,0,0,0,1,0,0,0,0,0,0,0,0,0,0,0,0,0,0,0,0,0,1,0,1,0,0,0,0,0,0,0,0,0,1,0,0,0,0,0,1,0,0,0,0,0,1,0,0,0,0,0,0,0,0,0,1,0,0,0,0,1,0
4.110873864173311,8.881975184248867,4,3,5,7,1950,1950,0.0,3,3,3,3,1,4,6.282266746896006,3,4.574710978503383,5.5093883366279774,876.0,3,1,6.8966943316227125,0.0,0.0,6.8966943316227125,0.0,0.0,1,0,3,1,3,6,8,0,0,1950.0,1,1.0,276.0,3,3,2,0.0,4.394449154672439,0.0,0.0,0.0,0,0.0,5,2007,7.5310163320779155,1.0,57,57,1,1,0,0,0,0,0,0,1,0,0,0,0,0,0,0,0,0,0,0,0,0,1,0,0,1,0,0,0,1,1,0,0,0,0,0,1,0,0,0,0,0,0,0,0,0,0,0,0,1,0,0,0,0,0,0,0,0,0,0,0,0,0,0,1,0,0,0,0,0,0,0,0,1,0,0,0,0,0,1,0,0,0,0,0,0,1,0,0,0,0,0,0,1,0,0,0,0,1,0,0,0,0,0,0,0,0,0,0,0,0,0,0,1,0,0,0,0,0,0,0,0,0,0,0,0,0,0,1,0,0,0,0,0,0,0,0,0,1,0,0,1,0,0,0,0,0,1,0,0,0,0,0,0,0,0,1,0,1,0,0,0,0,0,0,0,0,0,0,0,0,0,1,0,0,0,0,1,0
4.543294782270004,9.320180837655714,4,3,7,5,1968,1968,0.0,4,3,3,3,1,5,6.97166860472579,1,0.0,6.952728644624869,2110.0,5,1,7.65491704784832,0.0,0.0,7.65491704784832,1.0,0.0,2,1,3,1,5,8,8,2,3,1968.0,3,2.0,522.0,3,3,2,0.0,0.0,0.0,0.0,0.0,0,0.0,4,2010,8.347827345782498,3.5,42,42,1,1,1,0,0,0,0,0,1,0,0,0,0,0,0,0,0,0,0,0,0,0,1,0,0,1,0,0,0,1,1,0,1,0,0,0,0,0,0,0,0,0,0,0,0,0,0,0,0,1,0,0,0,0,0,0,0,0,0,0,0,0,0,0,1,0,0,0,0,0,0,0,0,1,0,0,0,0,0,1,0,0,0,0,0,0,1,0,0,0,0,0,0,0,0,1,0,0,1,0,0,0,0,0,0,0,0,0,1,0,0,0,0,0,0,0,0,0,0,0,0,0,0,1,0,0,0,0,0,0,0,0,0,0,0,0,0,0,1,0,0,1,0,0,0,0,0,1,0,0,0,0,0,0,0,0,1,0,1,0,0,0,0,0,0,0,0,0,0,0,0,0,1,0,0,0,0,1,0
4.4942386252808095,8.051022208190679,3,3,7,5,2003,2003,5.099866427824199,4,3,4,3,1,1,0.0,1,0.0,7.2485040723706105,1405.0,5,1,7.2485040723706105,0.0,0.0,7.2485040723706105,0.0,0.0,2,0,2,1,4,6,8,1,4,2003.0,2,2.0,478.0,3,3,2,5.003946305945459,3.6109179126442243,0.0,0.0,0.0,0,0.0,3,2006,7.941295570906532,2.0,3,3,1,1,1,1,0,0,0,0,0,0,0,0,0,0,0,0,0,0,0,0,0,0,1,0,0,1,0,0,0,1,1,0,1,0,0,0,0,0,0,0,0,0,0,0,0,0,0,0,0,0,0,0,0,1,0,0,0,0,0,0,0,0,0,0,1,0,0,0,0,0,0,0,0,1,0,0,0,0,0,0,0,0,0,1,0,0,1,0,0,0,0,0,0,1,0,0,0,0,1,0,0,0,0,0,0,0,0,0,0,0,0,0,0,0,0,0,0,1,0,0,0,0,0,0,0,0,0,0,0,0,0,0,0,0,0,1,0,0,0,1,0,0,1,0,0,0,0,1,0,0,0,0,0,0,0,0,1,0,1,0,0,0,0,0,0,0,0,0,0,0,0,0,1,0,0,0,0,1,0
4.143134726391533,9.196140022575042,4,3,5,6,1968,1968,0.0,3,3,3,3,1,4,6.236369590203704,1,0.0,5.872117789475416,864.0,3,1,6.774223886357614,0.0,0.0,6.774223886357614,1.0,0.0,1,0,3,1,3,5,8,0,0,1968.0,2,1.0,288.0,3,3,2,3.5263605246161616,0.0,0.0,0.0,0.0,0,6.398594934535208,11,2009,7.461065514354283,2.0,41,41,1,1,0,0,0,0,0,0,1,0,0,0,0,0,0,0,0,0,0,0,0,0,1,0,0,1,0,0,0,1,1,0,0,0,0,0,1,0,0,0,0,0,0,0,0,0,0,0,1,0,0,0,0,0,0,0,0,0,0,0,0,0,0,0,1,0,0,0,0,0,0,0,0,1,0,0,0,0,0,1,0,0,0,0,0,0,1,0,0,0,0,0,0,1,0,0,0,0,1,0,0,0,0,0,0,0,0,0,0,0,0,1,0,0,0,0,0,0,0,0,0,0,0,0,0,0,1,0,0,0,0,0,0,0,0,0,0,0,1,0,0,1,0,0,0,0,0,1,0,0,0,0,0,0,0,0,1,0,1,0,0,0,0,0,0,0,0,0,0,0,0,0,1,0,0,0,0,1,0
4.23410650459726,9.772410288929185,3,3,7,7,1974,2003,0.0,4,3,3,3,4,2,4.836281906951478,5,6.939253946041508,3.6109179126442243,1192.0,3,1,7.324489979348532,6.480044561926653,0.0,7.681560362559537,1.0,0.0,2,1,3,1,4,9,8,2,4,1974.0,2,2.0,518.0,3,3,2,5.3981627015177525,3.871201010907891,0.0,0.0,0.0,0,0.0,7,2007,8.11969625295725,3.5,33,4,1,1,1,0,0,0,0,0,0,0,0,0,0,1,0,0,0,0,0,0,0,0,1,0,0,1,0,0,0,1,1,0,0,0,0,0,1,0,0,0,0,0,0,0,0,0,0,0,0,0,0,0,0,0,0,0,0,0,0,0,0,1,0,0,1,0,0,0,0,0,0,0,0,1,0,0,0,0,0,1,0,0,0,0,0,0,0,0,0,1,0,0,0,1,0,0,0,0,1,0,0,0,0,0,0,0,0,0,0,0,0,0,0,0,0,0,0,0,1,0,0,0,0,0,0,0,0,0,0,0,0,0,0,0,1,0,0,0,1,0,0,1,0,0,0,0,0,1,0,0,0,0,0,0,0,0,1,0,1,0,0,0,0,0,0,0,0,0,0,0,0,0,1,0,0,0,0,1,0
4.110873864173311,8.843903650835497,4,3,7,5,2003,2004,4.532599493153256,4,3,4,3,1,1,0.0,1,0.0,6.616065185132817,746.0,5,1,6.634633357861686,6.799055862058796,0.0,7.4127640174265625,0.0,0.0,2,1,3,1,4,7,8,1,4,2003.0,3,2.0,397.0,3,3,2,5.187385805840755,4.859812404361672,0.0,0.0,0.0,0,0.0,7,2008,7.784473235736469,2.5,5,4,1,1,1,0,0,0,0,0,0,0,0,0,0,1,0,0,0,0,0,0,0,0,1,0,0,1,0,0,0,1,1,0,0,0,0,0,1,0,0,0,0,0,0,0,1,0,0,0,0,0,0,0,0,0,0,0,0,0,0,0,0,0,0,0,1,0,0,0,0,0,0,0,0,1,0,0,0,0,0,1,0,0,0,0,0,0,0,0,0,1,0,0,0,1,0,0,0,0,1,0,0,0,0,0,0,0,0,0,0,0,0,0,0,0,0,0,0,1,0,0,0,0,0,0,0,0,0,0,0,0,0,0,0,1,0,0,0,0,0,1,0,0,1,0,0,0,0,1,0,0,0,0,0,0,0,0,1,0,0,0,1,0,0,0,0,0,0,0,0,0,0,0,1,0,0,0,0,1,0
3.970291913552122,8.738895704934043,4,3,6,6,1931,1950,0.0,3,3,3,2,1,2,6.054439346269371,1,0.0,6.131226489483141,884.0,3,1,6.866933284461882,6.013715156042802,0.0,7.221105098182496,0.0,0.0,1,0,3,1,3,6,8,1,4,1978.0,1,1.0,560.0,3,3,2,0.0,0.0,0.0,0.0,4.795790545596741,0,0.0,11,2007,7.719573989259581,1.0,76,57,1,1,1,0,0,0,0,0,0,0,0,0,1,0,0,0,0,0,0,0,0,0,0,1,0,1,0,0,0,1,1,0,0,0,0,0,1,0,0,0,1,0,0,0,0,0,0,0,0,0,0,0,0,0,0,0,0,0,0,0,0,0,0,0,1,0,0,0,0,0,0,0,0,1,0,0,0,0,0,1,0,0,0,0,1,0,0,0,0,0,0,0,0,1,0,0,0,0,1,0,0,0,0,0,0,0,0,0,0,0,0,0,0,0,0,0,0,0,1,0,0,0,0,0,0,0,0,0,0,0,0,0,0,0,1,0,0,0,1,0,1,0,0,0,0,0,0,1,0,0,0,0,1,0,0,0,0,0,0,0,0,0,1,0,0,0,0,0,0,0,0,0,1,0,0,0,0,1,0
4.5217885770490405,9.568294497413296,3,3,8,5,1994,1994,6.318968113746434,4,3,4,3,4,6,7.181591944611865,1,0.0,6.511745329644728,1986.0,5,1,7.59488438721652,0.0,0.0,7.59488438721652,1.0,0.0,2,0,2,1,4,7,8,1,3,1994.0,3,2.0,691.0,3,3,2,5.572154032177765,3.6109179126442243,0.0,0.0,0.0,0,0.0,8,2008,8.287528423111763,3.0,14,14,1,1,1,0,0,0,0,0,1,0,0,0,0,0,0,0,0,0,0,0,0,0,1,0,0,1,0,0,0,1,1,0,1,0,0,0,0,0,0,0,0,0,0,0,0,0,0,0,0,0,0,0,1,0,0,0,0,0,0,0,0,0,0,0,1,0,0,0,0,0,0,0,0,1,0,0,0,0,0,1,0,0,0,0,0,0,1,0,0,0,0,0,0,0,0,1,0,0,1,0,0,0,0,0,0,0,0,0,0,0,0,1,0,0,0,0,0,0,0,0,0,0,0,0,0,0,1,0,0,0,0,0,0,0,0,0,0,1,0,0,0,0,1,0,0,0,0,1,0,0,0,0,0,0,0,0,1,0,1,0,0,0,0,0,0,0,0,0,0,0,0,0,1,0,0,0,0,1,0
4.04305126783455,8.309184527686298,4,3,5,8,1922,1950,0.0,3,3,2,3,1,1,0.0,1,0.0,6.762729506931879,864.0,5,1,6.762729506931879,0.0,0.0,6.762729506931879,0.0,0.0,1,0,2,1,3,4,8,0,0,0.0,0,0.0,0.0,0,0,2,0.0,4.574710978503383,0.0,0.0,0.0,0,0.0,7,2009,7.455298485683291,1.0,87,59,0,1,0,0,0,0,0,0,0,1,0,0,0,0,0,0,0,0,0,0,0,0,1,0,0,1,0,0,0,1,1,0,1,0,0,0,0,0,0,0,0,0,0,0,1,0,0,0,0,0,0,0,0,0,0,0,0,0,0,0,0,0,0,1,0,0,0,0,0,0,0,0,0,1,0,0,0,0,0,1,0,0,0,0,0,0,1,0,0,0,0,0,0,1,0,0,0,0,1,0,0,0,0,0,0,0,0,0,0,0,0,0,0,0,0,0,0,0,1,0,0,0,0,0,0,0,0,0,0,0,0,0,0,0,1,0,0,0,1,0,0,0,1,0,0,0,0,1,0,0,0,0,0,0,0,0,1,0,0,0,0,0,0,1,0,0,0,0,0,0,0,0,1,0,0,0,0,1,0
4.0943445622221,9.168267595554275,3,3,7,5,2005,2005,5.209486152841421,4,3,4,3,4,6,6.486160788944089,1,0.0,5.308267697401205,856.0,5,1,7.062191632286556,0.0,0.0,7.062191632286556,1.0,0.0,2,0,2,1,4,5,8,0,0,2005.0,3,2.0,400.0,3,3,2,5.3612921657094255,0.0,0.0,0.0,0.0,0,0.0,7,2008,7.612336837167746,3.0,3,3,1,1,0,0,0,0,0,0,0,0,0,0,0,0,0,0,1,0,0,0,0,0,1,0,0,1,0,0,0,1,1,0,0,0,0,0,1,0,0,0,0,0,0,0,0,1,0,0,0,0,0,0,0,0,0,0,0,0,0,0,0,0,0,0,1,0,0,0,0,0,0,0,0,1,0,0,0,0,0,1,0,0,0,0,0,0,0,0,0,0,0,1,0,1,0,0,0,0,1,0,0,0,0,0,0,0,0,0,0,0,0,0,0,0,0,0,0,1,0,0,0,0,0,0,0,0,0,0,0,0,0,0,0,1,0,0,0,0,0,1,0,0,1,0,0,0,0,1,0,0,0,0,0,0,0,0,1,0,1,0,0,0,0,0,0,0,0,0,0,0,0,0,1,0,0,0,0,1,0
4.189654742026425,9.18512512283512,4,3,6,8,1969,1969,0.0,3,3,4,3,1,5,6.401917196727186,2,6.0844994130751715,2.70805020110221,1054.0,4,1,6.961296045910167,0.0,0.0,6.961296045910167,1.0,0.0,1,1,3,1,3,6,8,0,0,1969.0,1,2.0,460.0,3,3,2,5.198497031265826,0.0,0.0,0.0,4.394449154672439,0,0.0,7,2008,7.653969180478774,2.5,39,39,1,1,0,0,0,0,0,0,1,0,0,0,0,0,0,0,0,0,0,0,0,0,1,0,0,1,0,0,0,1,1,0,0,0,1,0,0,0,0,0,0,0,0,0,0,0,0,0,0,1,0,0,0,0,0,0,0,0,0,0,0,0,0,0,1,0,0,0,0,0,0,0,0,1,0,0,0,0,0,1,0,0,0,0,0,0,1,0,0,0,0,0,0,1,0,0,0,0,1,0,0,0,0,0,0,0,0,0,0,0,0,1,0,0,0,0,0,0,0,0,0,0,0,0,0,0,1,0,0,0,0,0,0,0,0,0,0,0,1,0,0,1,0,0,0,0,0,1,0,0,0,0,0,0,0,0,1,0,1,0,0,0,0,0,0,0,0,0,0,0,0,0,1,0,0,0,0,1,0
4.189654742026425,10.113870026547724,1,3,6,5,1999,1999,0.0,3,3,4,3,1,1,0.0,1,0.0,6.7357800142423265,841.0,5,1,6.794586580876499,6.664409020350408,0.0,7.424165281042028,0.0,0.0,2,1,3,1,3,7,8,1,3,1999.0,3,2.0,502.0,3,3,2,0.0,4.6443908991413725,0.0,0.0,0.0,0,0.0,6,2009,7.830822995135316,2.5,10,10,1,1,1,0,0,0,0,0,0,0,0,0,0,1,0,0,0,0,0,0,0,0,1,0,0,1,0,0,0,1,1,0,0,1,0,0,0,0,0,0,0,0,0,0,0,1,0,0,0,0,0,0,0,0,0,0,0,0,0,0,0,0,0,0,0,0,0,0,1,0,0,0,0,1,0,0,0,0,0,1,0,0,0,0,0,0,0,0,0,1,0,0,0,1,0,0,0,0,1,0,0,0,0,0,0,0,0,0,0,0,0,0,0,0,0,0,0,1,0,0,0,0,0,0,0,0,0,0,0,0,0,0,0,1,0,0,0,0,1,0,0,0,1,0,0,0,0,1,0,0,0,0,0,0,0,0,1,0,0,0,1,0,0,0,0,0,0,0,0,0,0,0,1,0,0,0,0,1,0
4.394449154672439,9.169622538697624,4,3,5,6,1956,1956,0.0,3,3,3,3,1,3,6.22455842927536,1,0.0,6.304448802421981,1050.0,4,1,6.957497370876951,0.0,0.0,6.957497370876951,0.0,0.0,1,0,2,1,3,5,8,0,0,1956.0,1,1.0,338.0,3,3,2,0.0,0.0,0.0,0.0,0.0,0,0.0,6,2009,7.650168700845001,1.0,53,53,1,1,0,0,0,0,0,0,1,0,0,0,0,0,0,0,0,0,0,0,0,0,1,0,0,1,0,0,0,1,1,0,0,0,0,0,1,0,0,0,0,0,0,0,0,0,0,0,0,1,0,0,0,0,0,0,0,0,0,0,0,0,0,0,1,0,0,0,0,0,0,0,0,1,0,0,0,0,0,1,0,0,0,0,0,0,1,0,0,0,0,0,0,0,0,1,0,0,1,0,0,0,0,0,0,0,0,0,0,0,0,0,0,1,0,0,0,0,0,0,0,0,0,0,0,0,0,0,1,0,0,0,0,0,0,0,0,0,1,0,0,1,0,0,0,0,0,1,0,0,0,0,0,0,0,0,1,0,1,0,0,0,0,0,0,0,0,0,0,0,0,0,1,0,0,0,0,1,0
4.394449154672439,9.328212292571072,4,3,4,5,1957,1989,0.0,3,3,3,3,3,1,0.0,1,0.0,7.007600613951853,1104.0,5,1,7.007600613951853,6.529418838262226,0.0,7.489412083508719,1.0,0.0,1,0,5,1,3,8,6,2,3,1957.0,1,1.0,304.0,3,3,2,4.795790545596741,0.0,0.0,0.0,0.0,0,0.0,11,2009,7.970049304976135,2.0,52,20,1,1,1,0,0,0,0,0,0,0,0,0,1,0,0,0,0,0,0,0,0,0,1,0,0,1,0,0,0,1,1,0,0,0,0,0,1,0,0,0,0,1,0,0,0,0,0,0,0,0,0,0,0,0,0,0,0,0,0,0,0,0,0,0,1,0,0,0,0,0,0,0,0,1,0,0,0,0,0,1,0,0,0,0,1,0,0,0,0,0,0,0,0,1,0,0,0,0,1,0,0,0,0,0,0,0,0,0,0,0,0,0,0,0,0,0,0,0,1,0,0,0,0,0,0,0,0,0,0,0,0,0,0,0,1,0,0,0,1,0,0,1,0,0,0,0,0,1,0,0,0,0,1,0,0,0,0,0,1,0,0,0,0,0,0,0,0,0,0,0,0,0,1,0,0,0,0,1,0
4.110873864173311,9.511629447834181,4,3,6,6,1919,1950,0.0,3,3,3,3,1,1,0.0,1,0.0,6.639875833826536,764.0,5,1,6.966967138613983,6.639875833826536,0.0,7.509335266016592,0.0,0.0,1,0,3,1,3,8,8,1,4,1940.0,1,2.0,520.0,3,3,0,0.0,0.0,4.844187086458591,0.0,0.0,0,0.0,7,2007,7.859026979751538,1.0,88,57,1,1,1,0,0,0,0,0,0,0,0,0,0,0,1,0,0,0,0,0,0,0,1,0,0,1,0,0,0,1,1,0,0,0,0,0,1,0,0,0,1,0,0,0,0,0,0,0,0,0,0,0,0,0,0,0,0,0,0,0,0,0,0,0,1,0,0,0,0,0,0,0,0,1,0,0,0,0,0,1,0,0,0,0,0,0,0,0,0,1,0,0,0,0,1,0,0,0,1,0,0,0,0,0,0,0,0,0,0,0,0,0,0,0,0,0,0,0,1,0,0,0,0,0,0,0,0,0,0,0,0,0,0,0,1,0,0,0,1,0,0,0,1,0,0,0,0,1,0,0,0,0,1,0,0,0,0,0,0,0,0,0,1,0,0,0,0,0,0,0,0,0,1,0,0,0,0,1,0
3.5553480614894135,8.309184527686298,4,3,6,5,1998,1999,0.0,4,3,4,3,1,6,5.58724865840025,1,0.0,7.038783541388542,1405.0,5,1,7.198931240688173,0.0,0.0,7.198931240688173,1.0,0.0,2,0,2,1,4,5,8,0,0,1998.0,3,2.0,511.0,3,3,2,4.976733742420574,4.23410650459726,0.0,0.0,0.0,0,0.0,8,2008,7.916807490937603,3.0,10,9,1,1,0,1,0,0,0,0,0,0,0,0,0,0,0,0,0,0,0,0,0,1,0,0,0,1,0,0,0,1,1,0,0,0,0,0,1,0,0,0,0,0,0,0,0,0,0,0,0,1,0,0,0,0,0,0,0,0,0,0,0,0,0,0,1,0,0,0,0,0,0,0,0,1,0,0,0,0,0,0,0,0,0,1,0,0,1,0,0,0,0,0,0,1,0,0,0,0,1,0,0,0,0,0,0,0,0,0,0,0,0,0,0,1,0,0,0,0,0,0,0,0,0,0,0,0,0,0,1,0,0,0,0,0,0,0,0,0,1,0,0,0,1,0,0,0,0,1,0,0,0,0,0,0,0,0,1,0,1,0,0,0,0,0,1,0,0,0,0,0,0,0,0,1,0,0,0,0,0
3.58351893845611,8.225770799348734,4,3,7,5,1999,1999,5.389071729816501,4,3,4,3,1,6,6.111467339502679,1,0.0,5.488937726156687,691.0,5,1,6.570882962339584,6.606650186198215,0.0,7.2813856635702825,1.0,0.0,2,1,3,1,4,6,8,0,0,1999.0,1,2.0,506.0,3,3,2,0.0,3.5553480614894135,0.0,0.0,0.0,0,0.0,3,2006,7.670428522190693,3.5,7,7,1,1,0,0,0,1,0,0,0,0,0,0,0,0,0,0,0,0,0,0,1,0,0,0,0,1,0,0,0,1,1,0,0,0,0,1,0,0,0,0,0,0,0,0,0,0,0,0,0,0,0,0,0,0,0,0,0,0,1,0,0,0,0,0,1,0,0,0,0,0,0,0,0,1,0,0,0,0,0,0,0,0,0,1,0,0,0,0,0,1,0,0,0,0,0,1,0,0,1,0,0,0,0,0,0,0,0,0,0,0,0,0,0,1,0,0,0,0,0,0,0,0,0,0,0,0,0,0,1,0,0,0,0,0,0,0,0,1,0,0,0,0,1,0,0,0,0,1,0,0,0,0,0,0,0,0,1,0,0,0,0,0,1,0,0,0,0,0,0,0,0,0,1,0,0,0,0,1,0
4.110873864173311,9.222367752188902,3,3,7,4,1910,1950,0.0,2,3,3,3,1,1,0.0,1,0.0,6.8308742346461795,925.0,3,0,6.872128101338986,6.8308742346461795,0.0,7.5443321080536885,0.0,0.0,1,1,4,2,3,9,8,1,4,1960.0,1,1.0,308.0,3,3,0,0.0,0.0,5.579729825986222,0.0,0.0,0,0.0,1,2007,7.942717540573791,1.5,97,57,1,1,1,0,0,0,0,1,0,0,0,0,0,0,0,0,0,0,0,0,0,0,0,1,0,1,1,0,0,0,1,0,0,0,0,0,1,0,0,0,0,0,0,0,0,0,0,0,0,0,0,0,0,0,1,0,0,0,0,0,0,0,0,1,0,0,0,0,0,0,0,0,0,1,0,0,0,0,0,0,1,0,0,0,0,0,0,0,1,0,0,0,0,0,0,1,0,0,1,0,0,0,0,0,0,0,0,0,0,0,0,0,0,0,0,0,0,0,1,0,0,0,0,0,0,0,0,0,0,0,0,0,0,0,1,0,0,0,1,0,0,1,0,0,0,0,0,1,0,0,0,0,0,1,0,0,0,0,0,0,0,0,1,0,0,0,0,0,0,0,0,0,1,0,0,0,0,1,0
4.499809670330265,9.48910782703839,3,3,9,5,2008,2009,0.0,5,3,5,3,4,1,0.0,1,0.0,7.602401335665818,2002.0,5,1,7.610357618312838,0.0,0.0,7.610357618312838,0.0,0.0,2,0,3,1,5,10,8,1,4,2009.0,3,3.0,746.0,3,3,2,4.976733742420574,4.343805421853684,0.0,0.0,0.0,0,0.0,5,2010,8.299285906897275,2.0,2,1,1,1,1,0,0,0,0,0,1,0,0,0,0,0,0,0,0,0,0,0,0,0,1,0,0,1,0,1,0,0,1,0,0,0,0,0,1,0,0,0,0,0,0,0,0,0,0,0,0,0,0,0,0,0,0,0,0,0,0,0,1,0,0,0,1,0,0,0,0,0,0,0,0,1,0,0,0,0,0,1,0,0,0,0,0,0,1,0,0,0,0,0,0,0,0,1,0,0,1,0,0,0,0,0,0,0,0,0,0,0,0,0,0,0,0,0,1,0,0,0,0,0,0,0,0,1,0,0,0,0,0,0,0,0,0,0,0,0,1,0,0,0,1,0,0,0,0,1,0,0,0,0,0,0,0,0,1,0,1,0,0,0,0,0,0,0,0,0,0,0,0,0,1,0,0,0,0,1,0
4.31748811353631,9.55400099583723,3,2,8,9,1935,1997,6.450470422144176,3,4,3,3,2,3,5.262690188904886,1,0.0,6.285998094508865,728.0,5,1,7.585281078639126,7.299797366758161,0.0,8.145549631783584,0.0,0.0,3,1,4,1,4,11,8,2,4,1982.0,1,3.0,1014.0,3,3,2,5.752572638825633,2.5649493574615367,0.0,0.0,0.0,0,0.0,5,2008,8.337109129562474,3.5,73,11,1,1,1,0,0,0,0,0,0,0,0,0,1,0,0,0,0,0,0,0,0,0,1,0,0,1,0,0,0,1,1,0,0,0,0,0,1,0,0,0,0,0,0,1,0,0,0,0,0,0,0,0,0,0,0,0,0,0,0,0,0,0,0,0,1,0,0,0,0,0,0,0,0,1,0,0,0,0,0,1,0,0,0,0,1,0,0,0,0,0,0,0,0,1,0,0,0,0,1,0,0,0,0,0,0,0,0,0,0,0,0,0,0,0,0,0,1,0,0,0,0,0,0,0,0,0,0,0,0,0,0,0,1,0,0,0,0,1,0,0,0,1,0,0,0,0,0,1,0,0,0,0,0,0,0,0,1,0,0,0,1,0,0,0,0,0,0,0,0,0,0,0,1,0,0,0,0,1,0
4.3694478524670215,9.336532397213942,4,3,5,5,1958,1958,5.198497031265826,3,3,3,3,1,4,6.133398042996649,1,0.0,6.028278520230698,874.0,3,1,6.774223886357614,6.478509642208569,0.0,7.329749689041512,0.0,0.0,1,1,3,1,3,7,8,0,0,1958.0,1,1.0,315.0,3,3,2,0.0,0.0,0.0,0.0,0.0,0,0.0,7,2007,7.782807262839695,1.5,49,49,1,1,0,0,0,0,0,0,0,0,0,0,1,0,0,0,0,0,0,0,0,0,1,0,0,1,0,0,0,1,1,0,0,0,0,0,1,0,0,0,0,0,0,0,0,0,0,0,0,1,0,0,0,0,0,0,0,0,0,0,0,0,0,1,0,0,0,0,0,0,0,0,0,1,0,0,0,0,0,1,0,0,0,0,1,0,0,0,0,0,0,0,0,1,0,0,0,0,1,0,0,0,0,0,0,0,0,0,0,0,0,0,0,1,0,0,0,0,0,0,0,0,0,0,0,0,0,0,1,0,0,0,0,0,0,0,0,1,0,0,0,1,0,0,0,0,0,0,1,0,0,0,1,0,0,0,0,0,1,0,0,0,0,0,0,0,0,0,0,0,0,0,1,0,0,0,0,1,0
4.394449154672439,10.068832485122966,4,1,7,6,1979,1979,0.0,4,3,4,3,4,6,7.138073034044347,1,0.0,4.31748811353631,1332.0,3,1,7.195187320178709,5.262690188904886,0.0,7.329749689041512,2.0,0.0,0,1,0,1,4,4,8,1,3,1979.0,3,2.0,586.0,3,3,2,5.594711379601839,0.0,0.0,0.0,0.0,0,0.0,4,2010,7.957527402230773,2.5,31,31,1,1,1,0,0,0,0,0,0,0,1,0,0,0,0,0,0,0,0,0,0,0,1,0,0,1,0,0,1,0,1,0,0,0,0,0,1,0,0,0,0,1,0,0,0,0,0,0,0,0,0,0,0,0,0,0,0,0,0,0,0,0,0,0,1,0,0,0,0,0,0,0,0,1,0,0,0,0,0,1,0,0,0,0,0,0,1,0,0,0,0,0,0,0,0,0,0,1,0,0,0,0,0,1,0,0,0,0,0,0,0,0,0,0,1,0,0,0,0,0,0,0,0,0,0,0,0,0,0,0,1,0,0,0,0,0,0,0,1,0,0,0,1,0,0,0,0,1,0,0,0,0,0,0,0,0,1,0,1,0,0,0,0,0,0,0,0,0,0,0,0,0,1,0,0,0,0,1,0
4.394449154672439,9.122273893107732,3,3,6,7,1968,1968,0.0,3,3,3,3,1,1,0.0,1,0.0,7.306531398939505,1489.0,4,1,7.306531398939505,0.0,0.0,7.306531398939505,0.0,0.0,2,0,3,1,4,7,8,1,4,1968.0,2,2.0,462.0,3,3,2,0.0,0.0,0.0,0.0,0.0,0,0.0,8,2009,7.999342952713282,2.0,41,41,1,1,1,0,0,0,0,0,1,0,0,0,0,0,0,0,0,0,0,0,0,0,1,0,0,1,0,0,0,1,1,0,0,0,0,0,1,0,0,0,0,0,0,0,0,0,0,0,0,0,0,1,0,0,0,0,0,0,0,0,0,0,0,0,0,0,1,0,0,0,0,0,0,1,0,0,0,0,0,1,0,0,0,0,0,0,1,0,0,0,0,0,0,0,0,1,0,0,1,0,0,0,0,0,0,0,0,0,1,0,0,0,0,0,0,0,0,0,0,0,0,0,0,1,0,0,0,0,0,0,0,0,0,0,0,0,0,0,1,0,0,1,0,0,0,0,0,1,0,0,0,0,0,0,0,0,1,0,1,0,0,0,0,0,0,0,0,0,0,0,0,0,1,0,0,0,0,1,0
4.276666119016055,9.512442967089195,3,3,5,6,1965,1965,4.74493212836325,3,3,3,3,1,4,6.329720905522696,2,5.929589143389895,0.0,935.0,3,1,6.841615476477592,0.0,0.0,6.841615476477592,1.0,0.0,1,0,3,1,3,5,8,0,0,1965.0,1,1.0,288.0,3,3,2,5.198497031265826,0.0,0.0,0.0,0.0,0,0.0,11,2006,7.534228326274089,2.0,41,41,1,1,0,0,0,0,0,0,1,0,0,0,0,0,0,0,0,0,0,0,0,0,1,0,0,1,0,0,0,1,1,0,0,1,0,0,0,0,0,0,0,0,0,0,0,0,0,0,0,0,0,0,0,0,0,0,1,0,0,0,0,0,0,0,1,0,0,0,0,0,0,0,0,1,0,0,0,0,0,1,0,0,0,0,0,0,1,0,0,0,0,0,0,0,0,1,0,0,1,0,0,0,0,0,0,0,0,0,0,0,0,1,0,0,0,0,0,0,0,0,0,0,0,0,0,0,0,0,0,0,1,0,0,0,0,0,0,1,0,0,0,1,0,0,0,0,0,1,0,0,0,0,0,0,0,0,1,0,1,0,0,0,0,0,0,0,0,0,0,0,0,0,1,0,0,0,0,1,0
4.8283137373023015,9.351232110673664,3,3,6,7,1959,2006,4.442651256490317,3,3,3,3,3,5,6.579251212010101,1,0.0,5.707110264748875,1019.0,4,1,7.213768308118642,0.0,0.0,7.213768308118642,1.0,0.0,1,0,2,1,5,5,8,1,4,1959.0,2,1.0,312.0,3,3,2,0.0,0.0,0.0,0.0,5.099866427824199,0,0.0,5,2008,7.773594467360194,2.0,49,2,1,1,1,0,0,0,0,0,0,0,0,0,0,0,0,0,1,0,0,0,0,0,1,0,0,1,0,0,0,1,1,0,1,0,0,0,0,0,0,0,0,0,0,0,1,0,0,0,0,0,0,0,0,0,0,0,0,0,0,0,0,0,0,0,1,0,0,0,0,0,0,0,0,1,0,0,0,0,0,1,0,0,0,0,0,0,0,0,0,0,0,1,0,1,0,0,0,0,1,0,0,0,0,0,0,0,0,0,0,0,0,0,0,0,1,0,0,0,0,0,0,0,0,0,0,0,0,0,0,0,1,0,0,0,0,0,0,1,0,0,0,1,0,0,0,0,0,1,0,0,0,0,0,0,0,0,1,0,0,1,0,0,0,0,0,0,0,0,0,0,0,0,1,0,0,0,0,1,0
3.9889840465642745,8.587278798982926,4,3,5,6,1910,2003,0.0,3,3,3,3,1,1,0.0,1,0.0,6.495265555937008,661.0,5,1,6.495265555937008,6.380122536899765,0.0,7.1316985104669115,0.0,0.0,2,0,3,1,3,8,8,1,4,1985.0,1,2.0,552.0,3,3,2,5.493061443340548,0.0,4.406719247264253,0.0,0.0,0,0.0,11,2007,7.555905093611346,2.0,97,4,1,1,1,0,0,0,0,0,0,0,0,0,1,0,0,0,0,0,0,0,0,0,1,0,0,1,0,0,0,1,1,0,1,0,0,0,0,0,0,0,0,0,0,1,0,0,0,0,0,0,0,0,0,0,0,0,0,0,0,0,0,0,0,0,1,0,0,0,0,0,0,0,0,1,0,0,0,0,0,1,0,0,0,0,1,0,0,0,0,0,0,0,0,1,0,0,0,0,1,0,0,0,0,0,0,0,0,0,0,0,0,0,0,0,0,0,0,0,1,0,0,0,0,0,0,0,0,0,0,0,0,0,0,0,0,1,0,0,1,0,0,0,1,0,0,0,0,1,0,0,0,0,0,0,0,0,1,0,0,0,0,0,1,0,0,0,0,0,0,0,0,0,1,0,0,0,0,1,0
4.564348191467836,9.336620537886512,4,3,5,5,1948,1950,6.342121418721152,3,3,3,3,1,3,5.3981627015177525,1,0.0,6.5638555265321274,928.0,4,1,6.834108738813838,6.900730664045173,0.0,7.560601162768557,0.0,0.0,2,0,4,2,3,10,8,0,0,1948.0,1,2.0,400.0,3,2,2,0.0,0.0,0.0,0.0,0.0,0,0.0,7,2007,7.954723334497908,2.0,59,57,1,1,0,0,0,0,0,0,0,0,0,0,0,0,0,0,0,0,1,0,0,0,1,0,0,1,0,0,0,1,1,0,1,0,0,0,0,0,0,0,0,0,0,0,0,0,0,0,0,1,0,0,0,0,0,0,0,0,0,0,0,0,0,1,0,0,0,0,0,0,0,0,0,1,0,0,0,0,0,0,0,1,0,0,0,0,0,0,0,1,0,0,0,1,0,0,0,0,0,0,0,1,0,0,0,1,0,0,0,0,0,0,0,0,0,0,0,0,0,0,1,0,0,0,0,0,0,0,0,0,0,0,0,0,0,0,0,0,0,1,0,1,0,0,0,0,0,1,0,0,0,0,1,0,0,0,0,0,0,0,0,0,1,0,0,0,0,0,0,0,0,0,1,0,0,0,0,1,0
4.394449154672439,9.467846701917901,3,3,6,6,1972,1972,0.0,3,3,3,4,1,4,6.386879319362645,1,0.0,4.875197323201151,723.0,3,1,6.601230118728877,6.493753839851686,0.0,7.241366283322318,0.0,1.0,1,1,3,1,3,6,8,1,3,1972.0,1,2.0,497.0,3,3,2,5.68697535633982,4.762173934797756,0.0,0.0,0.0,0,0.0,12,2009,7.6586995582682995,2.0,37,37,1,1,1,0,0,0,0,0,0,0,0,0,0,1,0,0,0,0,0,0,0,0,1,0,0,1,0,0,0,1,1,0,0,1,0,0,0,0,0,0,0,0,0,0,0,0,0,0,0,0,0,1,0,0,0,0,0,0,0,0,0,0,0,0,1,0,0,0,0,0,0,0,0,1,0,0,0,0,0,1,0,0,0,0,0,0,0,0,0,1,0,0,0,1,0,0,0,0,1,0,0,0,0,0,0,0,0,0,0,0,0,1,0,0,0,0,0,0,0,0,0,0,0,0,0,0,0,0,0,0,1,0,0,0,0,0,0,0,1,0,0,1,0,0,0,0,0,1,0,0,0,0,0,0,0,0,1,0,1,0,0,0,0,0,0,0,0,0,0,0,0,0,1,0,0,0,0,1,0
4.394449154672439,9.790990521308983,3,3,6,5,1967,1976,5.886104031450156,3,3,4,3,3,5,6.270988431858299,1,0.0,7.050122520269059,1680.0,2,1,7.45298232946546,0.0,0.0,7.45298232946546,1.0,0.0,1,1,3,1,3,7,8,1,4,1967.0,2,2.0,480.0,3,3,2,0.0,0.0,0.0,0.0,0.0,0,0.0,6,2009,8.133000218583613,2.5,42,33,1,1,1,0,0,0,0,0,0,0,0,0,0,0,0,0,1,0,0,0,0,0,1,0,0,1,0,0,0,1,1,0,0,1,0,0,0,0,0,0,0,0,0,0,0,0,0,0,0,0,0,1,0,0,0,0,0,0,0,0,0,0,0,0,1,0,0,0,0,0,0,0,0,1,0,0,0,0,0,1,0,0,0,0,0,0,0,0,0,0,0,1,0,1,0,0,0,0,1,0,0,0,0,0,0,0,0,0,0,0,0,1,0,0,0,0,0,0,0,0,0,0,0,0,0,0,1,0,0,0,0,0,0,0,0,0,0,1,0,0,0,1,0,0,0,0,0,1,0,0,0,0,0,0,0,0,1,0,1,0,0,0,0,0,0,0,0,0,0,0,0,0,1,0,0,0,0,1,0
4.330733340286331,9.156306483483696,4,3,8,5,2002,2002,0.0,4,3,4,3,1,6,6.690842277418564,1,0.0,5.783825182329737,1128.0,5,1,7.029087564149662,6.806829360392176,0.0,7.616775808698373,1.0,0.0,2,1,3,1,4,7,8,1,4,2002.0,2,2.0,577.0,3,3,2,0.0,5.356586274672012,0.0,0.0,0.0,0,0.0,3,2008,8.058327306580958,3.5,6,6,1,1,1,0,0,0,0,0,0,0,0,0,0,1,0,0,0,0,0,0,0,0,1,0,0,1,0,0,0,1,1,0,0,0,0,0,1,0,0,0,0,0,1,0,0,0,0,0,0,0,0,0,0,0,0,0,0,0,0,0,0,0,0,0,1,0,0,0,0,0,0,0,0,1,0,0,0,0,0,1,0,0,0,0,0,0,0,0,0,1,0,0,0,1,0,0,0,0,1,0,0,0,0,0,0,0,0,0,0,0,0,0,0,0,0,0,0,1,0,0,0,0,0,0,0,0,0,0,0,0,0,0,0,1,0,0,0,0,1,0,0,0,1,0,0,0,0,1,0,0,0,0,0,0,0,0,1,0,1,0,0,0,0,0,0,0,0,0,0,0,0,0,1,0,0,0,0,1,0
4.110873864173311,8.922791623969637,4,3,4,4,1920,1950,0.0,3,4,3,3,1,1,0.0,1,0.0,6.54965074223381,698.0,3,1,6.54965074223381,6.066108090103747,0.0,7.029087564149662,0.0,0.0,1,0,2,1,3,6,8,0,0,1980.0,2,2.0,528.0,3,3,2,3.4339872044851463,0.0,5.10594547390058,0.0,0.0,0,0.0,4,2010,7.510430556378006,1.0,90,60,1,1,0,0,0,0,0,0,0,0,0,0,1,0,0,0,0,0,0,1,0,0,0,0,0,1,0,0,0,1,1,0,0,0,0,0,1,0,0,0,0,0,0,0,0,0,1,0,0,0,0,0,0,0,0,0,0,0,0,0,0,0,0,0,1,0,0,0,0,0,0,0,0,1,0,0,0,0,0,1,0,0,0,0,1,0,0,0,0,0,0,0,0,1,0,0,0,0,1,0,0,0,0,0,0,0,0,0,0,0,0,0,0,1,0,0,0,0,0,0,0,0,0,0,0,0,0,0,1,0,0,0,0,0,0,0,0,0,1,0,0,1,0,0,0,0,0,1,0,0,0,0,1,0,0,0,0,0,0,0,0,0,1,0,1,0,0,0,0,0,0,0,0,1,0,0,0,0,0
4.219507705176107,9.191055610564316,3,3,7,5,2002,2002,4.709530201312334,4,3,4,3,1,6,6.670766320845874,1,0.0,6.666956792429207,1573.0,5,1,7.3613754289773485,0.0,0.0,7.3613754289773485,1.0,0.0,2,0,3,1,4,6,8,0,0,2002.0,2,2.0,544.0,3,3,2,0.0,4.290459441148391,0.0,0.0,0.0,0,0.0,3,2009,8.054204897064407,3.0,7,7,1,1,0,0,0,0,0,0,1,0,0,0,0,0,0,0,0,0,0,0,0,0,1,0,0,1,0,0,0,1,1,0,0,0,0,0,1,0,0,0,0,0,1,0,0,0,0,0,0,0,0,0,0,0,0,0,0,0,0,0,0,0,0,0,1,0,0,0,0,0,0,0,0,1,0,0,0,0,0,1,0,0,0,0,0,0,1,0,0,0,0,0,0,1,0,0,0,0,1,0,0,0,0,0,0,0,0,0,0,0,0,0,0,0,0,0,0,1,0,0,0,0,0,0,0,0,0,0,0,0,0,0,0,1,0,0,0,1,0,0,0,0,1,0,0,0,0,1,0,0,0,0,0,0,0,0,1,0,1,0,0,0,0,0,0,0,0,0,0,0,0,0,1,0,0,0,0,1,0
3.9318256327243257,8.99342737041261,3,3,7,5,1990,1990,4.007333185232471,3,3,4,3,1,5,6.960347729101308,1,0.0,5.54907608489522,1309.0,3,1,7.200424892944957,0.0,0.0,7.200424892944957,1.0,0.0,2,0,2,1,3,6,8,1,3,1990.0,3,2.0,484.0,4,4,2,0.0,4.07753744390572,0.0,0.0,4.51085950651685,0,0.0,7,2006,7.88193748927207,3.0,16,16,1,1,1,0,0,0,0,0,1,0,0,0,0,0,0,0,0,0,0,0,0,0,1,0,0,1,0,0,0,1,1,0,0,1,0,0,0,0,0,0,0,0,0,0,0,0,0,0,0,0,0,0,0,0,0,0,0,0,0,0,1,0,0,0,1,0,0,0,0,0,0,0,0,1,0,0,0,0,0,1,0,0,0,0,0,0,1,0,0,0,0,0,0,0,0,1,0,0,1,0,0,0,0,0,0,0,0,0,0,0,0,1,0,0,0,0,0,0,0,0,0,0,0,0,0,0,1,0,0,0,0,0,0,0,0,0,0,1,0,0,0,1,0,0,0,0,0,1,0,0,0,0,0,0,0,0,1,0,1,0,0,0,0,0,0,0,0,0,0,0,0,0,1,0,0,0,0,1,0
4.127134385045092,9.082620630373812,3,3,5,7,1977,2008,0.0,3,3,4,3,2,2,6.278521424165844,3,4.976733742420574,5.8998973535824915,1040.0,3,1,6.947937068614969,0.0,0.0,6.947937068614969,0.0,0.0,2,0,3,1,4,5,8,0,0,1977.0,1,2.0,484.0,3,3,2,0.0,0.0,0.0,0.0,5.666426688112432,0,0.0,9,2009,7.640603826393634,2.0,32,1,1,1,0,0,0,0,0,0,1,0,0,0,0,0,0,0,0,0,0,0,0,0,1,0,0,1,0,0,0,1,1,0,0,0,0,0,1,0,0,0,0,0,1,0,0,0,0,0,0,0,0,0,0,0,0,0,0,0,0,0,0,0,0,0,1,0,0,0,0,0,0,0,0,1,0,0,0,0,0,1,0,0,0,0,0,0,1,0,0,0,0,0,0,1,0,0,0,0,1,0,0,0,0,0,0,0,0,0,0,0,0,1,0,0,0,0,0,0,0,0,0,0,0,0,0,0,1,0,0,0,0,0,0,0,0,0,0,0,1,0,0,1,0,0,0,0,0,1,0,0,0,0,0,0,0,0,1,0,0,0,0,0,1,0,0,0,0,0,0,0,0,0,1,0,0,0,0,1,0
4.553876891600541,9.148571345578551,4,3,6,5,1971,1971,0.0,3,3,3,3,3,1,0.0,1,0.0,6.816735880594968,912.0,3,1,6.816735880594968,6.816735880594968,0.0,7.509335266016592,0.0,0.0,2,2,4,2,3,8,8,0,0,0.0,0,0.0,0.0,0,0,2,4.859812404361672,0.0,0.0,0.0,0.0,0,0.0,4,2010,7.914617709040679,3.0,39,39,0,1,0,0,0,0,0,0,0,0,0,0,0,0,0,0,0,0,1,0,0,0,1,0,0,1,0,0,1,0,1,0,1,0,0,0,0,0,0,0,0,0,0,0,0,0,0,0,1,0,0,0,0,0,0,0,0,0,0,0,0,0,0,0,1,0,0,0,0,0,0,0,0,1,0,0,0,0,0,0,0,1,0,0,0,0,0,0,0,1,0,0,0,0,0,0,1,0,1,0,0,0,0,0,0,0,0,0,0,0,0,0,0,1,0,0,0,0,0,0,0,0,0,0,0,0,0,0,0,0,0,0,0,0,0,1,0,0,1,0,0,1,0,0,0,0,0,1,0,0,0,0,0,0,0,0,1,0,0,0,0,0,0,1,0,0,0,0,0,0,0,0,1,0,0,0,0,1,0
3.9318256327243257,9.173572647783969,4,3,6,7,1919,1990,0.0,3,3,3,3,1,1,0.0,1,0.0,6.690842277418564,804.0,5,1,7.438383530044307,6.618738983517219,0.0,7.803026643632217,0.0,0.0,2,0,4,1,4,10,6,1,4,1969.0,1,1.0,336.0,3,3,2,5.60947179518496,0.0,3.7612001156935624,0.0,4.762173934797756,0,0.0,3,2010,8.087025470667701,2.0,91,20,1,1,1,0,0,0,0,0,0,0,0,0,1,0,0,0,0,0,0,0,0,0,1,0,0,1,0,0,0,1,1,0,0,0,0,0,1,0,0,0,0,0,0,0,0,0,0,0,0,0,0,0,0,0,0,1,0,0,0,0,0,0,0,1,0,0,0,0,0,0,0,0,0,1,0,0,0,0,0,1,0,0,0,0,1,0,0,0,0,0,0,0,0,1,0,0,0,0,1,0,0,0,0,0,0,0,0,0,0,0,0,0,0,0,0,0,0,0,1,0,0,0,0,0,0,0,0,0,0,0,0,0,0,0,0,1,0,0,1,0,0,0,1,0,0,0,0,1,0,0,0,0,0,0,0,0,1,0,0,0,0,0,1,0,0,0,0,0,0,0,0,0,1,0,0,0,0,1,0
3.9318256327243257,8.699681400989514,4,3,6,6,1939,1950,0.0,3,2,3,3,1,1,0.0,1,0.0,6.660575149839686,780.0,5,1,6.716594773520978,6.376726947898627,0.0,7.253470382684528,0.0,0.0,1,0,4,1,3,6,8,1,4,1939.0,1,1.0,280.0,3,3,2,3.828641396489095,0.0,0.0,0.0,0.0,0,0.0,5,2009,7.693025748417888,1.0,70,59,1,1,1,0,0,0,0,0,0,0,0,0,1,0,0,0,0,0,0,0,0,0,0,1,0,1,0,0,0,1,1,0,0,0,0,0,1,0,0,0,1,0,0,0,0,0,0,0,0,0,0,0,0,0,0,0,0,0,0,0,0,0,0,0,1,0,0,0,0,0,0,0,0,1,0,0,0,0,0,1,0,0,0,0,1,0,0,0,0,0,0,0,0,1,0,0,0,0,1,0,0,0,0,0,0,0,0,0,0,0,0,0,0,1,0,0,0,0,0,0,0,0,0,0,0,0,0,0,1,0,0,0,0,0,0,0,0,0,1,0,0,1,0,0,0,0,0,1,0,0,0,0,0,1,0,0,0,0,0,0,0,0,1,0,0,0,0,0,0,0,0,0,1,0,0,0,0,1,0
4.394449154672439,9.189218875354072,4,3,6,5,1963,1963,6.113682179832232,3,3,3,3,1,5,6.345636360828596,3,4.406719247264253,6.520621127558696,1328.0,3,1,7.192182058713246,0.0,0.0,7.192182058713246,1.0,0.0,1,1,3,1,3,6,8,2,4,1963.0,1,2.0,528.0,3,3,2,0.0,3.295836866004329,0.0,0.0,0.0,0,0.0,6,2010,7.884952945759814,2.5,47,47,1,1,1,0,0,0,0,0,1,0,0,0,0,0,0,0,0,0,0,0,0,0,1,0,0,1,0,0,0,1,1,0,0,0,0,0,1,0,0,0,0,0,0,0,0,0,0,0,0,0,0,1,0,0,0,0,0,0,0,0,0,0,0,1,0,0,0,0,0,0,0,0,0,1,0,0,0,0,0,1,0,0,0,0,0,0,1,0,0,0,0,0,0,0,0,1,0,0,1,0,0,0,0,0,0,0,0,0,0,0,0,1,0,0,0,0,0,0,0,0,0,0,0,0,0,0,1,0,0,0,0,0,0,0,0,0,0,1,0,0,0,1,0,0,0,0,0,1,0,0,0,0,0,0,0,0,1,0,1,0,0,0,0,0,0,0,0,0,0,0,0,0,1,0,0,0,0,1,0
4.394449154672439,10.505094936455558,3,2,5,5,1964,1964,6.432940092739179,3,4,3,3,3,3,6.70073110954781,1,0.0,6.70073110954781,1624.0,2,1,7.367077059881012,0.0,0.0,7.367077059881012,0.0,1.0,2,0,4,1,3,7,8,0,0,1964.0,1,2.0,390.0,3,3,0,5.1298987149230735,5.293304824724492,0.0,0.0,0.0,0,0.0,6,2006,8.073091199693154,2.5,42,42,1,1,0,0,0,0,0,0,1,0,0,0,0,0,0,0,0,0,0,0,0,0,1,0,0,1,0,0,1,0,1,0,0,0,0,0,1,0,0,0,0,1,0,0,0,0,0,0,0,0,0,0,0,0,0,0,0,0,0,0,0,0,0,0,1,0,0,0,0,0,0,0,0,1,0,0,0,0,0,1,0,0,0,0,0,0,1,0,0,0,0,0,0,1,0,0,0,0,1,0,0,0,0,0,0,0,0,0,0,0,0,0,0,0,0,0,0,0,1,0,0,0,0,0,0,0,0,0,0,0,0,0,0,0,1,0,1,0,0,0,0,1,0,0,0,0,0,1,0,0,0,0,0,0,0,0,1,0,1,0,0,0,0,0,0,0,0,0,0,0,0,0,1,0,0,0,0,1,0
3.713572066704308,8.642062173462106,3,3,8,5,2000,2000,0.0,4,3,4,3,1,6,7.055312843339752,1,0.0,5.840641657373398,1501.0,5,1,7.414572881350589,0.0,0.0,7.414572881350589,1.0,0.0,2,0,2,1,5,5,8,1,5,2000.0,3,2.0,499.0,3,3,2,5.3612921657094255,4.0943445622221,0.0,0.0,0.0,0,0.0,10,2009,8.058643712215618,3.0,9,9,1,1,1,1,0,0,0,0,0,0,0,0,0,0,0,0,0,0,0,0,0,0,1,0,0,1,0,0,0,1,1,0,0,0,0,0,1,0,0,0,0,0,0,0,0,0,0,0,0,0,0,0,0,0,0,0,0,0,0,1,0,0,0,0,1,0,0,0,0,0,0,0,0,1,0,0,0,0,0,0,0,0,0,1,0,0,1,0,0,0,0,0,0,1,0,0,0,0,1,0,0,0,0,0,0,0,0,0,0,0,1,0,0,0,0,0,0,0,0,0,0,0,0,0,0,1,0,0,0,0,0,0,0,0,0,0,0,0,1,0,0,0,1,0,0,0,0,1,0,0,0,0,0,0,0,0,1,0,1,0,0,0,0,0,0,0,0,0,0,0,0,0,1,0,0,0,0,1,0
4.465908118654584,9.311632623458054,3,3,8,5,2006,2006,6.670766320845874,4,3,4,3,2,1,0.0,1,0.0,6.990256500493881,1085.0,5,1,7.02197642307216,6.7464121285733745,0.0,7.58629630715272,0.0,0.0,2,1,3,1,5,8,8,1,4,2006.0,3,3.0,753.0,3,3,2,5.181783550292085,4.31748811353631,0.0,0.0,0.0,0,0.0,10,2006,8.024862150286411,2.5,0,0,1,1,1,0,0,0,0,0,0,0,0,0,0,1,0,0,0,0,0,0,0,0,1,0,0,1,0,0,0,1,1,0,0,0,0,0,1,0,0,0,0,0,0,0,0,0,0,0,0,0,0,0,0,1,0,0,0,0,0,0,0,0,0,0,1,0,0,0,0,0,0,0,0,1,0,0,0,0,0,1,0,0,0,0,0,0,0,0,0,1,0,0,0,1,0,0,0,0,1,0,0,0,0,0,0,0,0,0,0,0,0,0,0,0,0,0,0,1,0,0,0,0,0,0,0,0,0,0,0,0,0,0,0,1,0,0,0,0,0,1,0,0,1,0,0,0,0,1,0,0,0,0,0,0,0,0,1,0,0,0,1,0,0,0,0,0,0,0,0,0,1,0,0,0,0,0,0,0,1
4.30406509320417,9.554851637414007,3,3,5,7,1964,1964,4.465908118654584,3,3,3,3,3,6,6.922643891475888,1,0.0,4.9344739331306915,1152.0,3,1,7.050122520269059,0.0,0.0,7.050122520269059,1.0,0.0,1,0,3,1,3,6,8,1,4,1964.0,2,2.0,484.0,3,3,2,5.429345628954441,0.0,0.0,0.0,0.0,0,0.0,4,2010,7.742835955430749,2.0,46,46,1,1,1,0,0,0,0,0,0,0,0,0,0,0,0,0,1,0,0,0,0,0,1,0,0,1,0,0,0,1,1,0,1,0,0,0,0,0,0,0,0,0,0,0,0,0,0,0,0,1,0,0,0,0,0,0,0,0,0,0,0,0,0,0,1,0,0,0,0,0,0,0,0,1,0,0,0,0,0,1,0,0,0,0,0,0,0,0,0,0,0,1,0,0,0,1,0,0,1,0,0,0,0,0,0,0,0,0,0,0,0,0,0,0,0,0,0,0,1,0,0,0,0,0,0,0,1,0,0,0,0,0,0,0,0,0,0,1,0,0,0,0,1,0,0,0,0,1,0,0,0,0,0,0,0,0,1,0,1,0,0,0,0,0,0,0,0,0,0,0,0,0,1,0,0,0,0,1,0
3.091042453358316,7.427144133408616,4,3,5,7,1972,1972,5.594711379601839,3,3,3,3,1,5,5.44673737166631,1,0.0,5.991464547107982,630.0,3,1,6.447305862541213,6.511745329644728,0.0,7.172424577124845,0.0,0.0,2,1,3,1,3,6,8,0,0,1972.0,1,1.0,264.0,3,3,2,5.225746673713202,0.0,0.0,0.0,0.0,0,0.0,2,2009,7.566828479208331,2.5,37,37,1,1,0,0,0,1,0,0,0,0,0,0,0,0,0,0,0,0,0,0,0,0,0,1,0,1,0,0,0,1,1,0,0,0,0,0,1,0,0,1,0,0,0,0,0,0,0,0,0,0,0,0,0,0,0,0,0,0,0,0,0,0,0,0,1,0,0,0,0,0,0,0,0,1,0,0,0,0,0,0,0,0,1,0,0,0,0,0,0,1,0,0,0,1,0,0,0,0,1,0,0,0,0,0,0,0,0,0,0,0,1,0,0,0,0,0,0,0,0,0,0,0,0,0,0,1,0,0,0,0,0,0,0,0,0,0,0,1,0,0,0,1,0,0,0,0,0,1,0,0,0,0,0,0,0,0,1,0,0,0,0,0,1,0,0,0,0,0,0,0,0,0,1,0,0,0,0,1,0
4.110873864173311,8.79497643168877,4,3,5,4,1892,1965,0.0,3,3,3,3,1,1,0.0,1,0.0,6.902742737158593,994.0,3,0,7.229113877793302,6.902742737158593,0.0,7.771910256435763,0.0,0.0,2,0,4,2,3,11,6,0,0,1985.0,2,1.0,432.0,3,3,2,0.0,5.662960480135946,0.0,0.0,0.0,0,0.0,12,2009,8.121777419161074,2.0,117,44,1,1,0,0,0,0,0,0,0,0,0,0,0,0,1,0,0,0,0,0,0,0,0,1,0,1,0,0,0,1,1,0,1,0,0,0,0,0,0,0,0,0,0,0,0,0,0,0,0,0,0,0,0,0,1,0,0,0,0,0,0,0,0,0,1,0,0,0,0,0,0,0,0,1,0,0,0,0,0,1,0,0,0,0,0,0,0,0,0,1,0,0,0,1,0,0,0,0,1,0,0,0,0,0,0,0,0,0,0,0,0,0,0,0,0,0,0,0,1,0,0,0,0,0,0,0,0,0,0,0,0,0,0,0,1,0,0,0,1,0,0,0,0,0,1,0,0,1,0,0,0,0,0,0,0,0,1,0,1,0,0,0,0,0,0,0,0,0,0,0,0,0,1,0,0,0,0,1,0
4.3694478524670215,9.224341891611996,4,3,7,5,1976,1976,0.0,3,3,4,3,1,6,5.272999558563747,1,0.0,6.459904454377535,832.0,3,1,6.725033642166843,6.725033642166843,0.0,7.417580402414544,0.0,0.0,2,1,4,1,3,8,8,1,3,1976.0,2,2.0,528.0,3,3,2,0.0,3.367295829986474,0.0,0.0,5.560681631015528,0,0.0,3,2006,7.822845290279774,2.5,30,30,1,1,1,0,0,0,0,0,0,0,0,0,0,1,0,0,0,0,0,0,0,0,1,0,0,1,0,0,0,1,1,0,0,0,0,0,1,0,0,0,0,0,0,0,0,0,0,0,0,0,0,1,0,0,0,0,0,0,0,0,0,0,0,0,1,0,0,0,0,0,0,0,0,1,0,0,0,0,0,1,0,0,0,0,0,0,0,0,0,1,0,0,0,1,0,0,0,0,1,0,0,0,0,0,0,0,0,0,0,0,0,1,0,0,0,0,0,0,0,0,0,0,0,0,0,0,1,0,0,0,0,0,0,0,0,0,0,0,1,0,0,0,1,0,0,0,0,1,0,0,0,0,0,0,0,0,1,0,1,0,0,0,0,0,0,0,0,0,0,0,0,0,1,0,0,0,0,1,0
4.110873864173311,9.00859131751613,4,3,5,7,1955,1990,0.0,3,3,3,3,1,3,5.123963979403259,1,0.0,6.548219102762372,864.0,3,1,6.762729506931879,0.0,0.0,6.762729506931879,1.0,0.0,1,0,2,1,3,5,8,0,0,1957.0,1,2.0,572.0,3,3,0,0.0,0.0,0.0,0.0,0.0,0,0.0,4,2006,7.455298485683291,2.0,51,16,1,1,0,0,0,0,0,0,1,0,0,0,0,0,0,0,0,0,0,0,0,0,1,0,0,1,0,0,0,1,1,0,0,0,0,0,1,0,0,0,0,0,0,0,1,0,0,0,0,0,0,0,0,0,0,0,0,0,0,0,0,0,0,0,1,0,0,0,0,0,0,0,0,1,0,0,0,0,0,1,0,0,0,0,0,0,1,0,0,0,0,0,0,0,0,1,0,0,1,0,0,0,0,0,0,0,0,0,0,0,0,0,0,0,0,0,0,0,0,1,0,0,0,0,0,0,0,0,0,0,1,0,0,0,0,0,0,0,1,0,0,1,0,0,0,0,0,1,0,0,0,0,0,0,0,0,1,0,0,0,0,0,1,0,0,0,0,0,0,0,0,0,1,0,0,0,0,1,0
4.2626798770413155,9.036106025364846,4,3,5,5,1968,1968,5.1298987149230735,3,3,3,3,3,4,6.92461239604856,1,0.0,3.6109179126442243,1052.0,4,1,6.959398512133975,0.0,0.0,6.959398512133975,1.0,0.0,1,1,3,1,3,5,8,0,0,1968.0,2,1.0,288.0,3,3,2,5.877735781779639,0.0,0.0,0.0,0.0,0,0.0,11,2006,7.652070746116482,2.5,38,38,1,1,0,0,0,0,0,0,1,0,0,0,0,0,0,0,0,0,0,0,0,0,1,0,0,1,0,0,0,1,1,0,0,0,0,0,1,0,0,0,0,0,0,0,0,0,0,0,0,1,0,0,0,0,0,0,0,0,0,0,0,0,0,1,0,0,0,0,0,0,0,0,0,1,0,0,0,0,0,1,0,0,0,0,0,0,1,0,0,0,0,0,0,0,0,1,0,0,1,0,0,0,0,0,0,0,0,0,0,0,0,1,0,0,0,0,0,0,0,0,0,0,0,0,0,0,1,0,0,0,0,0,0,0,0,0,0,1,0,0,0,1,0,0,0,0,0,1,0,0,0,0,0,0,0,0,1,0,1,0,0,0,0,0,0,0,0,0,0,0,0,0,1,0,0,0,0,1,0
4.394449154672439,9.071193240566025,4,3,5,6,1963,1963,5.003946305945459,3,4,3,3,2,5,6.655440350367647,1,0.0,5.84354441703136,1120.0,4,1,7.029087564149662,0.0,0.0,7.029087564149662,1.0,0.0,2,0,3,1,3,6,8,0,0,1963.0,2,2.0,525.0,3,3,2,5.262690188904886,3.044522437723423,4.820281565605037,0.0,0.0,0,0.0,12,2008,7.718240951959316,3.0,45,45,1,1,0,0,0,0,0,0,1,0,0,0,0,0,0,0,0,0,0,0,0,0,1,0,0,1,0,0,0,1,1,0,0,0,0,0,1,0,0,0,0,0,0,0,0,0,0,0,0,1,0,0,0,0,0,0,0,0,0,0,0,0,0,0,1,0,0,0,0,0,0,0,0,1,0,0,0,0,0,1,0,0,0,0,0,0,1,0,0,0,0,0,0,0,0,1,0,0,1,0,0,0,0,0,0,0,0,0,0,0,0,0,0,1,0,0,0,0,0,0,0,0,0,0,0,0,0,0,1,0,0,0,0,0,0,0,0,1,0,0,0,1,0,0,0,0,0,1,0,0,0,0,0,0,0,0,1,0,1,0,0,0,0,0,0,0,0,0,0,0,0,0,1,0,0,0,0,1,0
3.58351893845611,8.209580483475577,4,3,6,5,2005,2006,4.418840607796598,3,3,4,3,4,6,6.306275286948016,1,0.0,0.0,547.0,4,1,6.9782137426306985,0.0,0.0,6.9782137426306985,1.0,0.0,2,0,2,1,3,5,8,0,0,2005.0,3,2.0,525.0,3,3,2,0.0,3.8066624897703196,0.0,0.0,0.0,0,0.0,6,2006,7.3901814282264295,3.0,1,0,1,1,0,0,0,0,1,0,0,0,0,0,0,0,0,0,0,0,0,0,0,0,0,1,0,1,0,0,0,1,1,0,0,0,0,0,1,0,0,0,0,0,0,0,1,0,0,0,0,0,0,0,0,0,0,0,0,0,0,0,0,0,0,0,1,0,0,0,0,0,0,0,0,1,0,0,0,0,0,0,0,0,0,1,0,0,0,0,0,0,1,0,0,1,0,0,0,0,1,0,0,0,0,0,0,0,0,0,0,0,0,0,0,0,0,0,0,1,0,0,0,0,0,0,0,0,0,0,0,0,0,0,0,1,0,0,0,1,0,0,0,0,1,0,0,0,0,1,0,0,0,0,0,0,0,0,1,0,0,1,0,0,0,0,0,0,0,0,0,0,1,0,0,0,0,0,0,0,1
4.330733340286331,8.922791623969637,4,3,5,7,1959,1994,0.0,3,3,3,3,1,2,5.831882477283517,3,6.810142450115136,0.0,1246.0,5,1,7.1284959456800365,0.0,0.0,7.1284959456800365,1.0,0.0,1,1,3,1,4,6,8,0,0,1959.0,2,1.0,305.0,3,3,2,5.389071729816501,0.0,0.0,0.0,0.0,0,0.0,5,2010,7.821242083523558,2.5,51,16,1,1,0,0,0,0,0,0,1,0,0,0,0,0,0,0,0,0,0,0,0,0,1,0,0,1,0,0,0,1,1,0,0,0,0,0,1,0,0,0,0,0,0,0,0,0,0,0,0,1,0,0,0,0,0,0,0,0,0,0,0,0,0,0,1,0,0,0,0,0,0,0,0,1,0,0,0,0,0,1,0,0,0,0,0,0,1,0,0,0,0,0,0,0,0,1,0,0,1,0,0,0,0,0,0,0,0,0,1,0,0,0,0,0,0,0,0,0,0,0,0,0,0,1,0,0,0,0,0,0,0,0,0,0,0,0,0,0,1,0,0,1,0,0,0,0,0,1,0,0,0,0,0,0,0,0,1,0,1,0,0,0,0,0,0,0,0,0,0,0,0,0,1,0,0,0,0,1,0
4.189654742026425,9.283869605264298,3,3,7,5,1999,1999,5.84354441703136,4,3,4,3,1,6,6.543911845564792,1,0.0,5.652489180268651,978.0,5,1,6.913737350659685,6.88653164253051,0.0,7.592870287844818,0.0,0.0,2,1,3,1,4,9,8,1,3,1999.0,3,2.0,490.0,3,3,2,0.0,0.0,0.0,0.0,0.0,0,0.0,5,2009,7.993619994827744,2.5,10,10,1,1,1,0,0,0,0,0,0,0,0,0,0,1,0,0,0,0,0,0,0,0,1,0,0,1,0,0,0,1,1,0,0,1,0,0,0,0,0,0,0,0,0,0,0,1,0,0,0,0,0,0,0,0,0,0,0,0,0,0,0,0,0,0,1,0,0,0,0,0,0,0,0,1,0,0,0,0,0,1,0,0,0,0,0,0,0,0,0,1,0,0,0,1,0,0,0,0,1,0,0,0,0,0,0,0,0,0,0,0,0,0,0,0,0,0,0,1,0,0,0,0,0,0,0,0,0,0,0,0,0,0,0,1,0,0,0,0,1,0,0,0,1,0,0,0,0,1,0,0,0,0,0,0,0,0,1,0,1,0,0,0,0,0,0,0,0,0,0,0,0,0,1,0,0,0,0,1,0
4.31748811353631,8.922791623969637,3,3,6,7,1942,1950,0.0,3,3,3,3,1,4,6.306275286948016,1,0.0,5.41610040220442,771.0,2,1,6.625392368007956,6.60934924316738,0.0,7.3098814858247865,0.0,0.0,1,0,3,1,4,7,8,2,4,1942.0,1,1.0,213.0,3,3,1,0.0,0.0,0.0,0.0,5.41610040220442,0,0.0,11,2009,7.725771441587952,1.0,67,59,1,1,1,0,0,0,0,0,0,0,0,0,0,0,1,0,0,0,0,0,0,0,1,0,0,1,1,0,0,0,1,0,0,0,0,0,1,0,0,0,0,0,0,1,0,0,0,0,0,0,0,0,0,0,0,0,0,0,0,0,0,0,0,0,1,0,0,0,0,0,0,0,0,1,0,0,0,0,0,1,0,0,0,0,0,0,0,0,0,1,0,0,0,1,0,0,0,0,1,0,0,0,0,0,0,0,0,0,0,0,0,0,0,0,0,0,0,0,1,0,0,0,0,0,0,0,0,0,0,0,0,0,0,0,1,0,0,0,1,0,0,1,0,0,0,0,0,1,0,0,0,0,0,0,0,0,1,0,1,0,0,0,0,0,0,0,0,0,0,0,0,0,1,0,0,0,0,1,0
4.532599493153256,9.222367752188902,4,3,8,5,1994,1994,5.971261839790462,4,3,4,3,1,6,6.608000625296087,1,0.0,6.054439346269371,1165.0,5,1,7.093404625868766,7.188412736496954,0.0,7.834788107388194,1.0,0.0,2,1,4,1,4,8,8,1,3,1994.0,2,3.0,844.0,3,3,2,5.736572297479192,4.3694478524670215,0.0,0.0,0.0,0,0.0,12,2006,8.213923595622743,3.5,12,12,1,1,1,0,0,0,0,0,0,0,0,0,0,1,0,0,0,0,0,0,0,0,1,0,0,1,0,0,0,1,1,0,0,0,0,0,1,0,0,0,0,0,0,0,0,0,0,0,0,0,0,0,1,0,0,0,0,0,0,0,0,0,0,0,1,0,0,0,0,0,0,0,0,1,0,0,0,0,0,1,0,0,0,0,0,0,0,0,0,1,0,0,0,0,0,1,0,0,1,0,0,0,0,0,0,0,0,0,0,0,0,0,0,0,0,0,0,1,0,0,0,0,0,0,0,0,0,0,0,0,0,0,0,1,0,0,0,1,0,0,0,0,1,0,0,0,0,1,0,0,0,0,0,0,0,0,1,0,1,0,0,0,0,0,0,0,0,0,0,0,0,0,1,0,0,0,0,1,0
4.30406509320417,9.069813136839207,4,3,7,5,2005,2005,5.43372200355424,4,3,4,3,3,1,0.0,1,0.0,7.388327859577107,1616.0,5,1,7.388327859577107,0.0,0.0,7.388327859577107,0.0,0.0,2,0,3,1,4,7,8,0,0,2005.0,2,3.0,834.0,3,3,2,5.342334251964811,4.0943445622221,0.0,0.0,0.0,0,0.0,4,2006,8.081165777725433,2.0,1,1,1,1,0,0,0,0,0,0,1,0,0,0,0,0,0,0,0,0,0,0,0,0,1,0,0,1,0,0,0,1,1,0,0,0,0,0,1,0,0,0,0,0,0,0,0,0,0,0,0,0,0,0,0,0,0,0,0,0,1,0,0,0,0,0,1,0,0,0,0,0,0,0,0,1,0,0,0,0,0,1,0,0,0,0,0,0,1,0,0,0,0,0,0,1,0,0,0,0,1,0,0,0,0,0,0,0,0,0,0,0,0,0,0,0,0,0,0,1,0,0,0,0,0,0,0,0,0,0,0,0,0,0,0,1,0,0,0,1,0,0,0,0,1,0,0,0,0,1,0,0,0,0,0,0,0,0,1,0,1,0,0,0,0,0,0,0,0,0,0,0,0,0,1,0,0,0,0,1,0
3.4965075614664802,8.120886021092838,4,3,7,5,2004,2004,4.770684624465665,4,3,4,3,1,1,0.0,1,0.0,6.884486652042782,976.0,5,1,6.884486652042782,6.597145701886651,0.0,7.443663683115591,0.0,0.0,2,0,3,1,4,7,4,0,0,2004.0,1,2.0,380.0,3,3,2,0.0,3.713572066704308,0.0,0.0,0.0,0,0.0,4,2006,7.895436006942965,2.0,2,2,1,1,0,0,0,1,0,0,0,0,0,0,0,0,0,0,0,0,0,0,0,0,0,1,0,1,0,0,0,1,1,0,0,0,0,0,1,0,0,0,0,0,0,0,1,0,0,0,0,0,0,0,0,0,0,0,0,0,0,0,0,0,0,0,1,0,0,0,0,0,0,0,0,1,0,0,0,0,0,0,0,0,0,1,0,0,0,0,0,1,0,0,0,1,0,0,0,0,1,0,0,0,0,0,0,0,0,0,0,0,0,0,0,0,0,0,0,1,0,0,0,0,0,0,0,0,0,0,0,0,0,0,0,1,0,0,0,0,0,1,0,0,1,0,0,0,0,1,0,0,0,0,0,0,0,0,1,0,0,0,0,0,1,0,0,0,0,0,0,0,0,0,1,0,0,0,0,1,0
4.6913478822291435,9.486000469200638,3,3,9,5,2006,2007,5.707110264748875,4,3,5,3,1,6,7.360739903058278,1,0.0,4.394449154672439,1652.0,5,1,7.410347097821024,0.0,0.0,7.410347097821024,1.0,0.0,2,0,2,1,5,6,8,2,5,2006.0,3,2.0,840.0,3,3,2,6.003887067106539,4.634728988229636,0.0,0.0,0.0,0,0.0,11,2009,8.103191752285786,3.0,3,2,1,1,1,0,0,0,0,0,1,0,0,0,0,0,0,0,0,0,0,0,0,0,1,0,0,1,0,0,0,1,1,0,1,0,0,0,0,0,0,0,0,0,0,0,0,0,0,0,0,0,0,0,0,1,0,0,0,0,0,0,0,0,0,0,1,0,0,0,0,0,0,0,0,1,0,0,0,0,0,1,0,0,0,0,0,0,1,0,0,0,0,0,0,0,0,1,0,0,1,0,0,0,0,0,0,0,0,0,0,0,0,0,0,0,0,0,0,1,0,0,0,0,0,0,0,0,0,0,0,0,0,0,0,1,0,0,0,0,0,1,0,0,1,0,0,0,0,1,0,0,0,0,0,0,0,0,1,0,1,0,0,0,0,0,0,0,0,0,0,0,0,0,1,0,0,0,0,1,0
3.8918202981106265,8.847359875474174,3,3,7,5,2005,2006,4.553876891600541,4,3,4,3,1,1,0.0,1,0.0,7.221835825288449,1368.0,5,1,7.221835825288449,0.0,0.0,7.221835825288449,0.0,0.0,2,0,2,1,4,6,8,1,4,2005.0,2,2.0,474.0,3,3,2,4.890349128221754,3.58351893845611,0.0,0.0,0.0,0,0.0,9,2006,7.914617709040679,2.0,1,0,1,1,1,1,0,0,0,0,0,0,0,0,0,0,0,0,0,0,0,0,0,0,1,0,0,1,0,0,0,1,1,0,0,0,0,0,1,0,0,0,0,0,0,0,0,0,0,0,0,0,0,0,0,1,0,0,0,0,0,0,0,0,0,0,1,0,0,0,0,0,0,0,0,1,0,0,0,0,0,0,0,0,0,1,0,0,1,0,0,0,0,0,0,1,0,0,0,0,1,0,0,0,0,0,0,0,0,0,0,0,0,0,0,0,0,0,0,1,0,0,0,0,0,0,0,0,0,0,0,0,0,0,0,1,0,0,0,0,0,1,0,0,1,0,0,0,0,1,0,0,0,0,0,0,0,0,1,0,1,0,0,0,0,0,0,0,0,0,0,0,1,0,0,0,0,0,0,0,1
4.110873864173311,8.996280439395015,4,3,5,5,1994,1995,0.0,3,4,4,4,1,5,6.616065185132817,1,0.0,5.501258210544727,990.0,5,1,6.898714534329988,0.0,0.0,6.898714534329988,1.0,0.0,1,0,3,1,3,5,8,0,0,2000.0,1,2.0,480.0,3,3,2,0.0,4.174387269895637,0.0,0.0,0.0,0,0.0,5,2009,7.591357046698551,2.0,15,14,1,1,0,0,0,0,0,0,1,0,0,0,0,0,0,0,0,0,0,0,0,0,1,0,0,1,0,0,0,1,1,0,0,0,0,0,1,0,0,0,0,0,1,0,0,0,0,0,0,0,0,0,0,0,0,0,0,0,0,0,0,0,0,0,1,0,0,0,0,0,0,0,0,1,0,0,0,0,0,1,0,0,0,0,0,0,1,0,0,0,0,0,0,1,0,0,0,0,1,0,0,0,0,0,0,0,0,0,0,0,0,0,0,0,0,0,0,1,0,0,0,0,0,0,0,0,0,0,0,0,0,0,0,1,0,0,0,0,1,0,0,0,1,0,0,0,0,1,0,0,0,0,0,0,0,0,1,0,0,0,0,0,1,0,0,0,0,0,0,0,0,0,1,0,0,0,0,1,0
4.61512051684126,9.392745258631441,4,3,5,7,1948,2005,0.0,3,3,3,3,1,6,4.976733742420574,5,6.411818267709897,5.153291594497779,924.0,5,1,7.023758954738443,0.0,0.0,7.023758954738443,1.0,0.0,1,0,2,1,4,6,8,0,0,1948.0,1,2.0,528.0,3,3,2,0.0,3.6109179126442243,0.0,0.0,0.0,0,0.0,5,2008,7.624130585661289,2.0,60,3,1,1,0,0,0,0,0,0,1,0,0,0,0,0,0,0,0,0,0,0,0,0,0,1,0,1,0,0,0,1,1,0,0,0,0,0,1,0,0,0,0,0,0,0,0,0,0,0,0,0,0,0,0,0,1,0,0,0,0,0,0,0,0,0,1,0,0,0,0,0,0,0,0,1,0,0,0,0,0,1,0,0,0,0,0,0,1,0,0,0,0,0,0,1,0,0,0,0,1,0,0,0,0,0,0,0,0,0,0,0,0,0,0,1,0,0,0,0,0,0,0,0,0,0,0,0,0,0,1,0,0,0,0,0,0,0,0,0,1,0,0,1,0,0,0,0,0,1,0,0,0,0,0,0,0,0,1,0,1,0,0,0,0,0,0,0,0,0,0,0,0,0,1,0,0,0,0,1,0
4.212127597878484,8.875426919818963,4,3,6,5,1991,1991,4.48863636973214,3,3,4,3,1,6,7.0909098220799835,1,0.0,4.3694478524670215,1278.0,4,1,7.166265974133638,0.0,0.0,7.166265974133638,1.0,0.0,2,0,3,1,4,6,8,0,0,1991.0,2,2.0,496.0,3,3,2,4.727387818712341,3.9512437185814275,0.0,0.0,0.0,0,0.0,6,2008,7.8528278122817445,3.0,17,17,1,1,0,0,0,0,0,0,1,0,0,0,0,0,0,0,0,0,0,0,0,0,1,0,0,1,0,0,0,1,1,0,0,0,0,0,1,0,0,0,0,0,0,0,0,0,0,0,0,0,0,0,0,0,0,0,0,1,0,0,0,0,0,0,1,0,0,0,0,0,0,0,0,1,0,0,0,0,0,1,0,0,0,0,0,0,1,0,0,0,0,0,0,1,0,0,0,0,1,0,0,0,0,0,0,0,0,0,0,0,0,1,0,0,0,0,0,0,0,0,0,0,0,0,0,0,1,0,0,0,0,0,0,0,0,0,0,1,0,0,0,1,0,0,0,0,0,1,0,0,0,0,0,0,0,0,1,0,1,0,0,0,0,0,0,0,0,0,0,0,0,0,1,0,0,0,0,1,0
4.61512051684126,9.770013301136158,4,3,7,8,1959,2002,0.0,4,4,4,3,3,6,7.249215057114389,1,0.0,6.208590026096629,1902.0,3,1,7.551186867296149,0.0,0.0,7.551186867296149,1.0,0.0,2,0,3,1,5,7,8,2,3,1959.0,3,2.0,567.0,3,3,2,0.0,5.337538079701318,5.093750200806762,0.0,0.0,0,0.0,5,2010,8.244071270295786,3.0,51,8,1,1,1,0,0,0,0,0,1,0,0,0,0,0,0,0,0,0,0,0,0,0,1,0,0,1,0,0,0,1,1,0,0,0,0,0,1,0,0,0,0,0,0,1,0,0,0,0,0,0,0,0,0,0,0,0,0,0,0,0,0,0,0,0,0,1,0,0,0,0,0,0,0,1,0,0,0,0,0,1,0,0,0,0,0,0,1,0,0,0,0,0,0,1,0,0,0,0,1,0,0,0,0,0,0,0,0,0,1,0,0,0,0,0,0,0,0,0,0,0,0,0,0,0,0,0,1,0,0,0,0,0,0,0,0,0,0,0,1,0,0,0,1,0,0,0,0,1,0,0,0,0,0,0,0,0,1,0,1,0,0,0,0,0,0,0,0,0,0,0,0,0,1,0,0,0,0,1,0
4.23410650459726,9.08421009483197,4,3,7,5,2005,2007,4.394449154672439,4,3,4,3,1,6,6.8308742346461795,1,0.0,5.857933154483459,1274.0,5,1,7.150701457592526,0.0,0.0,7.150701457592526,1.0,0.0,2,0,3,1,4,6,8,0,0,2005.0,2,2.0,508.0,3,3,2,5.579729825986222,4.59511985013459,0.0,0.0,0.0,0,0.0,1,2007,7.8434564043761155,3.0,2,0,1,1,0,0,0,0,0,0,1,0,0,0,0,0,0,0,0,0,0,0,0,0,1,0,0,1,0,0,0,1,1,0,0,0,0,0,1,0,0,0,0,0,1,0,0,0,0,0,0,0,0,0,0,0,0,0,0,0,0,0,0,0,0,0,1,0,0,0,0,0,0,0,0,1,0,0,0,0,0,1,0,0,0,0,0,0,1,0,0,0,0,0,0,1,0,0,0,0,1,0,0,0,0,0,0,0,0,0,0,0,0,0,0,0,0,0,0,1,0,0,0,0,0,0,0,0,0,0,0,0,0,0,0,1,0,0,0,1,0,0,0,0,1,0,0,0,0,1,0,0,0,0,0,0,0,0,1,0,1,0,0,0,0,0,0,0,0,0,0,0,1,0,0,0,0,0,0,0,1
4.5217885770490405,9.166701914946353,3,3,8,5,1990,1990,5.820082930352362,4,3,5,3,1,6,6.180016653652572,1,0.0,6.879355804460439,1453.0,5,1,7.282073658093465,7.213768308118642,0.0,7.941295570906532,0.0,0.0,2,1,4,1,4,9,8,1,5,1990.0,2,2.0,750.0,4,4,2,6.2166061010848646,0.0,0.0,0.0,0.0,0,0.0,6,2007,8.357962965845681,2.5,17,17,1,1,1,0,0,0,0,0,0,0,0,0,0,1,0,0,0,0,0,0,0,0,1,0,0,1,0,0,0,1,1,0,0,0,0,0,1,0,0,0,0,0,0,0,0,0,0,0,0,0,0,0,1,0,0,0,0,0,0,0,0,0,0,0,1,0,0,0,0,0,0,0,0,1,0,0,0,0,0,1,0,0,0,0,0,0,0,0,0,1,0,0,0,1,0,0,0,0,1,0,0,0,0,0,0,0,0,0,0,0,0,0,0,0,0,0,0,0,1,0,0,0,0,0,0,0,0,0,0,0,0,0,0,0,1,0,0,1,0,0,0,0,1,0,0,0,0,1,0,0,0,0,0,0,0,0,1,0,1,0,0,0,0,0,0,0,0,0,0,0,0,0,1,0,0,0,0,1,0
4.6913478822291435,9.6006918422743,3,3,9,5,1999,1999,5.111987788356544,4,3,4,3,1,1,0.0,1,0.0,7.2399325913204695,1393.0,5,1,7.260522598089852,7.071573364211532,0.0,7.8632667240095735,0.0,0.0,2,1,4,1,4,10,8,1,3,1999.0,3,3.0,779.0,3,3,2,6.505784060128229,3.4339872044851463,0.0,0.0,0.0,0,0.0,5,2010,8.292298107063221,2.5,11,11,1,1,1,0,0,0,0,0,0,0,0,0,0,1,0,0,0,0,0,0,0,0,1,0,0,1,0,0,0,1,1,0,1,0,0,0,0,0,0,0,0,0,0,0,0,0,0,0,0,0,0,0,1,0,0,0,0,0,0,0,0,0,0,0,1,0,0,0,0,0,0,0,0,1,0,0,0,0,0,1,0,0,0,0,0,0,0,0,0,1,0,0,0,1,0,0,0,0,1,0,0,0,0,0,0,0,0,0,0,0,0,0,0,0,0,0,0,1,0,0,0,0,0,0,0,0,0,0,0,0,0,0,0,1,0,0,0,1,0,0,0,0,1,0,0,0,0,1,0,0,0,0,0,0,0,0,1,0,0,0,1,0,0,0,0,0,0,0,0,0,0,0,1,0,0,0,0,1,0
4.110873864173311,9.010791269515602,4,3,4,6,1954,1954,0.0,3,3,3,3,1,3,6.597145701886651,1,0.0,5.37989735354046,948.0,5,1,6.855408798609928,0.0,0.0,6.855408798609928,1.0,0.0,1,0,3,1,3,5,8,1,3,1956.0,1,1.0,280.0,3,3,2,0.0,3.6109179126442243,0.0,0.0,0.0,0,0.0,10,2007,7.5480289699350145,2.0,53,53,1,1,1,0,0,0,0,0,1,0,0,0,0,0,0,0,0,0,0,0,0,0,1,0,0,1,0,0,0,1,1,0,0,0,0,0,1,0,0,0,0,0,0,0,1,0,0,0,0,0,0,0,0,0,0,0,0,0,0,0,0,0,0,0,1,0,0,0,0,0,0,0,0,1,0,0,0,0,0,1,0,0,0,0,0,0,1,0,0,0,0,0,0,0,0,1,0,0,1,0,0,0,0,0,0,0,0,0,0,0,0,0,0,0,0,0,0,0,1,0,0,0,0,0,0,0,0,0,0,0,0,0,0,0,1,0,0,0,1,0,0,1,0,0,0,0,0,1,0,0,0,0,0,0,0,0,1,0,0,0,0,0,1,0,0,0,0,0,0,0,0,0,1,0,0,0,0,1,0
4.454347296253507,9.312535884290853,4,3,6,5,1969,1969,0.0,3,3,2,3,2,5,6.2166061010848646,2,5.6240175061873385,5.176149732573829,952.0,3,1,6.996681488176539,6.928537818164665,0.0,7.655864017616056,0.0,0.0,2,1,4,1,3,9,8,2,4,1969.0,1,2.0,576.0,3,3,2,5.638354669333745,0.0,0.0,0.0,0.0,0,0.0,6,2008,8.027802848370312,2.5,39,39,1,1,1,0,0,0,0,0,0,0,0,0,0,1,0,0,0,0,0,0,0,0,1,0,0,1,0,0,0,1,1,0,0,0,0,0,1,0,0,0,0,0,0,0,0,0,0,0,0,1,0,0,0,0,0,0,0,0,0,0,0,0,0,0,1,0,0,0,0,0,0,0,0,1,0,0,0,0,0,1,0,0,0,0,0,0,0,0,0,1,0,0,0,1,0,0,0,0,1,0,0,0,0,0,0,0,0,0,0,0,0,1,0,0,0,0,0,0,0,0,0,0,0,0,0,0,1,0,0,0,0,0,0,0,0,0,0,0,1,0,0,1,0,0,0,0,0,1,0,0,0,0,0,0,0,0,1,0,1,0,0,0,0,0,0,0,0,0,0,0,0,0,1,0,0,0,0,1,0
4.127134385045092,9.232786560806012,3,3,8,5,2008,2008,5.602118820879701,4,3,5,3,4,1,0.0,1,0.0,7.392031567514591,1622.0,5,1,7.396948602621014,0.0,0.0,7.396948602621014,1.0,0.0,2,0,3,1,5,8,8,1,4,2008.0,2,3.0,860.0,3,3,2,5.153291594497779,3.7612001156935624,0.0,0.0,0.0,0,0.0,1,2009,8.087332926473351,3.0,1,1,1,1,1,0,0,0,0,0,1,0,0,0,0,0,0,0,0,0,0,0,0,0,1,0,0,1,0,0,0,1,1,0,0,0,0,0,1,0,0,0,0,0,1,0,0,0,0,0,0,0,0,0,0,0,0,0,0,0,0,0,0,0,0,0,1,0,0,0,0,0,0,0,0,1,0,0,0,0,0,1,0,0,0,0,0,0,1,0,0,0,0,0,0,1,0,0,0,0,1,0,0,0,0,0,0,0,0,0,0,0,0,0,0,0,0,0,0,1,0,0,0,0,0,0,0,0,0,0,0,0,0,0,0,1,0,0,0,0,0,1,0,0,1,0,0,0,0,1,0,0,0,0,0,0,0,0,1,0,1,0,0,0,0,0,0,0,0,0,0,0,0,0,1,0,0,0,0,1,0
3.871201010907891,8.350193650720067,4,3,7,5,2006,2007,0.0,4,3,5,4,1,1,0.0,1,0.0,7.210079628170788,1352.0,5,1,7.210079628170788,0.0,0.0,7.210079628170788,0.0,0.0,2,0,2,1,4,5,8,1,4,2006.0,2,2.0,466.0,3,3,2,0.0,5.488937726156687,0.0,0.0,0.0,0,0.0,4,2007,7.902857191280582,2.0,1,0,1,1,1,1,0,0,0,0,0,0,0,0,0,0,0,0,0,0,0,0,1,0,0,0,0,1,0,0,0,1,1,0,1,0,0,0,0,0,0,0,0,0,0,0,0,0,0,0,0,0,0,0,0,0,0,0,0,0,1,0,0,0,0,0,1,0,0,0,0,0,0,0,0,1,0,0,0,0,0,0,0,0,0,1,0,0,1,0,0,0,0,0,0,1,0,0,0,0,1,0,0,0,0,0,0,0,0,0,0,0,0,0,0,0,0,0,0,1,0,0,0,0,0,0,0,0,0,0,0,0,0,0,0,1,0,0,0,0,1,0,0,0,1,0,0,0,0,1,0,0,0,0,0,0,0,0,1,0,1,0,0,0,0,0,0,0,0,0,0,0,1,0,0,0,0,0,0,0,1
4.2626798770413155,9.601165503344832,2,3,8,5,2001,2002,5.187385805840755,4,3,4,3,4,1,0.0,1,0.0,7.469654172932128,1753.0,5,1,7.488852955733459,0.0,0.0,7.488852955733459,0.0,0.0,2,0,3,1,4,7,8,1,3,2001.0,2,3.0,748.0,3,3,2,5.293304824724492,5.017279836814924,0.0,0.0,0.0,0,0.0,8,2006,8.172164452111904,2.0,5,4,1,1,1,0,0,0,0,0,1,0,0,0,0,0,0,0,0,0,0,0,0,0,1,0,0,1,0,0,0,1,1,0,0,1,0,0,0,0,0,0,0,0,1,0,0,0,0,0,0,0,0,0,0,0,0,0,0,0,0,0,0,0,0,0,1,0,0,0,0,0,0,0,0,1,0,0,0,0,0,1,0,0,0,0,0,0,1,0,0,0,0,0,0,0,0,1,0,0,1,0,0,0,0,0,0,0,0,0,0,0,0,0,0,0,0,0,0,1,0,0,0,0,0,0,0,0,0,0,0,0,0,0,0,1,0,0,0,1,0,0,0,0,1,0,0,0,0,1,0,0,0,0,0,0,0,0,1,0,1,0,0,0,0,0,0,0,0,0,0,0,0,0,1,0,0,0,0,1,0
4.330733340286331,9.231710397712375,4,3,4,5,1954,1954,4.890349128221754,3,3,3,3,1,5,6.20050917404269,1,0.0,5.921578419643816,864.0,5,1,6.855408798609928,0.0,0.0,6.855408798609928,0.0,0.0,1,0,3,1,3,5,8,0,0,1954.0,1,1.0,248.0,3,3,2,0.0,0.0,0.0,0.0,0.0,0,0.0,2,2007,7.502738210754851,1.0,53,53,1,1,0,0,0,0,0,0,1,0,0,0,0,0,0,0,0,0,0,0,0,0,1,0,0,1,1,0,0,0,1,0,0,0,0,0,1,0,0,0,0,0,0,0,1,0,0,0,0,0,0,0,0,0,0,0,0,0,0,0,0,0,0,0,1,0,0,0,0,0,0,0,0,1,0,0,0,0,0,1,0,0,0,0,0,0,1,0,0,0,0,0,0,0,0,1,0,0,1,0,0,0,0,0,0,0,0,0,0,0,0,0,0,0,0,0,0,0,1,0,0,0,0,0,0,0,0,0,0,0,0,0,0,0,1,0,0,1,0,0,0,0,1,0,0,0,0,1,0,0,0,0,0,0,0,0,1,0,1,0,0,0,0,0,0,0,0,0,0,0,0,0,1,0,0,0,0,1,0
4.2626798770413155,9.036106025364846,4,3,6,3,1957,1957,0.0,3,3,3,3,1,5,5.247024072160486,3,6.495265555937008,6.444131256700441,1478.0,4,1,7.2991214627108,0.0,0.0,7.2991214627108,1.0,0.0,1,1,3,1,3,6,8,2,4,1957.0,2,2.0,442.0,3,3,2,4.74493212836325,0.0,0.0,0.0,5.37989735354046,0,0.0,6,2009,7.9919305198524775,2.5,52,52,1,1,1,0,0,0,0,0,1,0,0,0,0,0,0,0,0,0,0,0,0,0,1,0,0,1,0,0,0,1,1,0,0,0,0,0,1,0,0,0,0,0,0,0,0,0,0,0,0,1,0,0,0,0,0,0,0,0,0,0,0,0,0,0,1,0,0,0,0,0,0,0,0,1,0,0,0,0,0,1,0,0,0,0,0,0,1,0,0,0,0,0,0,0,0,1,0,0,1,0,0,0,0,0,0,0,0,0,1,0,0,0,0,0,0,0,0,0,0,0,0,0,0,1,0,0,0,0,0,0,0,0,0,0,0,0,0,0,1,0,0,1,0,0,0,0,0,1,0,0,0,0,0,0,0,0,1,0,1,0,0,0,0,0,0,0,0,0,0,0,0,0,1,0,0,0,0,1,0
3.970291913552122,8.799058378546453,3,3,3,6,1949,1950,0.0,3,3,0,0,0,0,0.0,0,0.0,0.0,0.0,3,0,6.580639137284949,0.0,0.0,6.580639137284949,0.0,0.0,1,0,2,1,3,4,8,0,0,1955.0,1,1.0,287.0,3,2,2,0.0,0.0,0.0,0.0,0.0,0,0.0,7,2008,6.580639137284949,1.0,59,58,1,0,0,0,0,0,0,0,1,0,0,0,0,0,0,0,0,0,0,0,0,0,1,0,0,1,0,0,0,1,1,0,1,0,0,0,0,0,0,0,1,0,0,0,0,0,0,0,0,0,0,0,0,0,0,0,0,0,0,0,0,0,0,1,0,0,0,0,0,0,0,0,0,1,0,0,0,0,0,1,0,0,0,0,0,0,1,0,0,0,0,0,0,0,0,1,0,0,1,0,0,0,0,0,0,0,0,0,0,0,0,0,0,0,0,0,0,1,0,0,0,0,0,0,0,0,0,0,0,0,0,0,0,1,0,0,0,0,1,0,0,1,0,0,0,0,1,0,0,0,0,0,0,0,0,0,1,0,0,0,0,0,1,0,0,0,0,0,0,0,0,0,1,0,0,0,0,1,0
4.68213122712422,9.228867676590067,3,3,7,5,1992,1992,0.0,4,3,4,3,1,6,6.51471269087253,1,0.0,4.343805421853684,750.0,5,1,6.967909201801884,6.760414691083428,0.0,7.562161631225652,1.0,0.0,2,1,3,1,4,8,8,1,3,1992.0,2,2.0,564.0,3,3,2,5.484796933490655,3.6888794541139363,0.0,0.0,0.0,0,0.0,6,2010,7.891330757661889,3.5,18,18,1,1,1,0,0,0,0,0,0,0,0,0,0,1,0,0,0,0,0,0,0,0,1,0,0,1,0,0,0,1,1,0,0,0,0,0,1,0,0,0,0,0,0,0,0,0,0,0,0,0,0,0,1,0,0,0,0,0,0,0,0,0,0,0,1,0,0,0,0,0,0,0,0,1,0,0,0,0,0,1,0,0,0,0,0,0,0,0,0,1,0,0,0,1,0,0,0,0,1,0,0,0,0,0,0,0,0,0,0,0,0,1,0,0,0,0,0,0,0,0,0,0,0,0,0,0,1,0,0,0,0,0,0,0,0,0,0,0,1,0,0,0,1,0,0,0,0,1,0,0,0,0,0,0,0,0,1,0,1,0,0,0,0,0,0,0,0,0,0,0,0,0,1,0,0,0,0,1,0
3.9318256327243257,8.581294116822761,4,3,4,7,1940,1950,0.0,2,3,3,3,1,2,5.638354669333745,1,0.0,4.948759890378168,420.0,4,1,6.5638555265321274,0.0,0.0,6.5638555265321274,0.0,0.0,1,0,2,1,2,5,8,0,0,0.0,0,0.0,0.0,0,0,2,5.10594547390058,0.0,0.0,0.0,0.0,0,0.0,12,2009,7.029087564149662,1.0,69,59,0,1,0,0,0,0,0,0,0,1,0,0,0,0,0,0,0,0,0,0,0,0,1,0,0,1,0,1,0,0,1,0,0,0,0,0,1,0,0,0,1,0,0,0,0,0,0,0,0,0,0,0,0,0,0,0,0,0,0,0,0,0,0,0,1,0,0,0,0,0,0,0,0,1,0,0,0,0,0,1,0,0,0,0,0,0,1,0,0,0,0,0,0,0,0,1,0,0,1,0,0,0,0,0,0,0,0,0,0,0,0,0,0,0,0,0,0,1,0,0,0,0,0,0,0,0,0,0,0,0,0,0,0,1,0,0,0,0,1,0,0,1,0,0,0,0,0,1,0,0,0,0,0,0,0,0,1,0,0,0,0,0,0,1,0,0,0,0,0,0,0,0,1,0,0,0,0,1,0
4.330733340286331,9.209039526243135,4,3,8,5,2006,2007,6.061456918928017,4,3,5,3,3,1,0.0,1,0.0,7.493317248862145,1795.0,5,1,7.493317248862145,0.0,0.0,7.493317248862145,0.0,0.0,2,0,2,1,4,7,8,1,4,2007.0,2,3.0,895.0,3,3,2,0.0,3.912023005428146,0.0,0.0,0.0,0,0.0,2,2007,8.186185994226083,2.0,1,0,1,1,1,0,0,0,0,0,1,0,0,0,0,0,0,0,0,0,0,0,0,0,1,0,0,1,0,0,0,1,1,0,0,0,0,0,1,0,0,0,0,0,0,0,0,0,0,0,0,0,0,0,0,0,0,0,0,0,1,0,0,0,0,0,1,0,0,0,0,0,0,0,0,1,0,0,0,0,0,1,0,0,0,0,0,0,1,0,0,0,0,0,0,1,0,0,0,0,1,0,0,0,0,0,0,0,0,0,0,0,0,0,0,0,0,0,0,1,0,0,0,0,0,0,0,0,0,0,0,0,0,0,0,1,0,0,0,1,0,0,0,0,1,0,0,0,0,1,0,0,0,0,0,0,0,0,1,0,1,0,0,0,0,0,0,0,0,0,0,0,1,0,0,0,0,0,0,0,1
3.713572066704308,8.19891444498699,4,3,4,4,1922,1950,0.0,3,3,3,2,1,1,0.0,1,0.0,6.680854678790215,796.0,2,0,6.680854678790215,0.0,0.0,6.680854678790215,0.0,0.0,1,0,2,1,3,5,8,0,0,0.0,0,0.0,0.0,0,0,0,0.0,0.0,4.61512051684126,0.0,0.0,0,0.0,1,2008,7.373374309910049,1.0,86,58,0,1,0,0,0,0,0,0,0,1,0,0,0,0,0,0,0,0,0,0,0,0,0,1,0,1,0,0,0,1,1,0,0,0,0,0,1,0,0,0,0,0,0,0,0,0,1,0,0,0,0,0,0,0,0,0,0,0,0,0,0,0,0,0,1,0,0,0,0,0,0,0,0,1,0,0,0,0,0,1,0,0,0,0,0,0,1,0,0,0,0,0,0,1,0,0,0,0,1,0,0,0,0,0,0,1,0,0,0,0,0,0,0,0,0,0,0,0,0,0,1,0,0,0,0,0,0,0,0,0,0,0,0,0,0,0,0,0,1,0,1,0,0,0,0,0,0,1,0,0,0,0,0,0,0,0,1,0,0,0,0,0,0,1,0,0,0,0,0,0,0,0,1,0,0,0,0,1,0
4.2626798770413155,8.359603270841466,4,2,3,6,1931,2006,0.0,3,3,3,3,1,3,6.300785794663244,1,0.0,0.0,544.0,5,1,6.652863029353347,0.0,0.0,6.652863029353347,0.0,0.0,1,0,3,1,4,6,8,0,0,0.0,0,0.0,0.0,0,0,2,0.0,0.0,5.659482215759621,0.0,0.0,0,0.0,5,2007,7.1846291527173145,1.0,76,1,0,1,0,0,0,0,0,0,0,1,0,0,0,0,0,0,0,0,0,0,0,1,0,0,0,1,1,0,0,0,1,0,0,0,0,0,1,0,0,0,0,0,0,0,1,0,0,0,0,0,0,0,0,0,0,0,0,0,0,0,0,0,0,0,1,0,0,0,0,0,0,0,0,1,0,0,0,0,0,1,0,0,0,0,0,0,1,0,0,0,0,0,0,1,0,0,0,0,1,0,0,0,0,0,0,0,0,0,0,0,0,0,0,1,0,0,0,0,0,0,0,0,0,0,0,0,0,0,1,0,0,0,0,0,0,0,0,0,1,0,1,0,0,0,0,0,0,1,0,0,0,0,0,0,0,0,1,0,0,0,0,0,0,1,0,0,0,0,0,0,0,0,1,0,0,0,0,1,0
4.110873864173311,8.79497643168877,4,3,5,9,1982,2008,0.0,4,4,3,3,1,5,6.464588303689961,1,0.0,5.170483995038151,816.0,5,1,6.705639094860003,0.0,0.0,6.705639094860003,0.0,1.0,1,0,3,1,4,5,8,1,5,1982.0,1,1.0,264.0,3,3,2,0.0,0.0,0.0,0.0,0.0,0,0.0,10,2008,7.398174092970465,1.5,26,0,1,1,1,0,0,0,0,0,1,0,0,0,0,0,0,0,0,0,0,0,0,0,1,0,0,1,0,0,0,1,1,0,0,0,0,0,1,0,0,0,0,0,0,0,0,0,0,0,1,0,0,0,0,0,0,0,0,0,0,0,0,0,0,0,1,0,0,0,0,0,0,0,0,1,0,0,0,0,0,1,0,0,0,0,0,0,1,0,0,0,0,0,0,1,0,0,0,0,1,0,0,0,0,0,0,0,0,0,0,0,0,0,0,0,0,0,0,1,0,0,0,0,0,0,0,0,0,0,0,0,0,0,0,1,0,0,0,0,1,0,0,1,0,0,0,0,0,1,0,0,0,0,0,0,0,0,1,0,1,0,0,0,0,0,0,0,0,0,0,0,0,0,1,0,0,0,0,1,0
4.110873864173311,9.25349564229011,4,3,6,7,1920,1950,0.0,4,4,4,3,1,2,6.202535517187923,1,0.0,6.925595197110468,1510.0,5,1,7.368339686311381,7.097548850614793,0.0,7.934871565945177,0.0,0.0,2,0,5,1,3,8,5,2,3,1920.0,1,2.0,520.0,2,3,2,0.0,6.306275286948016,0.0,0.0,6.175867270105761,0,7.048386408721883,6,2008,8.3670677328386,2.0,88,58,1,1,1,0,0,0,0,0,0,0,0,0,1,0,0,0,0,0,0,0,0,0,0,1,0,1,0,0,0,1,1,0,1,0,0,0,0,0,0,0,0,0,0,0,0,0,0,0,0,0,0,0,0,0,1,0,0,0,0,0,0,0,0,0,1,0,0,0,0,0,0,0,0,1,0,0,0,0,0,1,0,0,0,0,1,0,0,0,0,0,0,0,0,1,0,0,0,0,1,0,0,0,0,0,0,0,0,0,1,0,0,0,0,0,0,0,0,0,0,0,0,0,0,0,0,0,0,0,0,0,0,0,0,0,1,0,0,0,1,0,1,0,0,0,0,0,0,0,1,0,0,0,0,0,0,0,1,0,0,0,0,0,1,0,0,0,0,0,0,0,0,0,1,0,0,0,0,1,0
4.1588830833596715,9.114379980830272,3,3,7,5,1998,1998,0.0,3,3,4,3,1,1,0.0,1,0.0,6.841615476477592,935.0,4,1,6.862757913051401,6.519147287940395,0.0,7.398174092970465,0.0,0.0,2,1,3,1,3,8,8,1,3,1998.0,3,2.0,462.0,3,3,2,0.0,3.367295829986474,0.0,0.0,0.0,0,0.0,6,2006,7.850882664809852,2.5,8,8,1,1,1,0,0,0,0,0,0,0,0,0,0,1,0,0,0,0,0,0,0,0,1,0,0,1,0,0,0,1,1,0,0,0,0,0,1,0,0,0,0,0,0,0,0,1,0,0,0,0,0,0,0,0,0,0,0,0,0,0,0,0,0,0,1,0,0,0,0,0,0,0,0,1,0,0,0,0,0,1,0,0,0,0,0,0,0,0,0,1,0,0,0,0,0,1,0,0,1,0,0,0,0,0,0,0,0,0,0,0,0,0,0,0,0,0,0,1,0,0,0,0,0,0,0,0,0,0,0,0,0,0,0,1,0,0,0,0,1,0,0,0,1,0,0,0,0,1,0,0,0,0,0,0,0,0,1,0,1,0,0,0,0,0,0,0,0,0,0,0,0,0,1,0,0,0,0,1,0
4.454347296253507,9.210440366976517,4,3,8,5,2006,2006,6.018593214496234,4,3,4,4,3,1,0.0,1,0.0,7.370860166536716,1588.0,5,1,7.370860166536716,0.0,0.0,7.370860166536716,0.0,0.0,2,0,3,1,4,7,8,1,4,2006.0,2,3.0,825.0,3,3,2,4.976733742420574,3.828641396489095,0.0,0.0,0.0,0,0.0,12,2007,8.063692634269517,2.0,1,1,1,1,1,0,0,0,0,0,1,0,0,0,0,0,0,0,0,0,0,0,0,0,1,0,0,1,0,0,0,1,1,0,0,0,0,0,1,0,0,0,0,0,0,0,0,0,0,0,0,0,0,0,0,0,0,0,0,0,1,0,0,0,0,0,1,0,0,0,0,0,0,0,0,1,0,0,0,0,0,1,0,0,0,0,0,0,1,0,0,0,0,0,0,0,0,1,0,0,1,0,0,0,0,0,0,0,0,0,0,0,0,0,0,0,0,0,0,1,0,0,0,0,0,0,0,0,0,0,0,0,0,0,0,1,0,0,0,0,0,1,0,0,1,0,0,0,0,1,0,0,0,0,0,0,0,0,1,0,1,0,0,0,0,0,0,0,0,0,0,0,0,0,1,0,0,0,0,1,0
4.02535169073515,9.285540604539118,3,3,5,5,1976,1976,0.0,3,3,3,3,3,5,6.182084906716632,1,0.0,6.061456918928017,911.0,4,1,6.86171134048073,0.0,0.0,6.86171134048073,0.0,0.0,1,0,3,1,3,6,8,0,0,1976.0,1,2.0,576.0,3,3,2,0.0,0.0,0.0,0.0,0.0,0,0.0,7,2006,7.531552381407289,1.0,30,30,1,1,0,0,0,0,0,0,0,0,0,0,0,0,0,0,1,0,0,0,0,0,1,0,0,1,0,0,0,1,1,0,0,0,0,0,1,0,0,0,0,0,1,0,0,0,0,0,0,0,0,0,0,0,0,0,0,0,0,0,0,0,0,0,1,0,0,0,0,0,0,0,0,1,0,0,0,0,0,1,0,0,0,0,0,0,0,0,0,0,0,1,0,1,0,0,0,0,1,0,0,0,0,0,0,0,0,0,0,0,0,0,0,1,0,0,0,0,0,0,0,0,0,0,0,0,0,0,1,0,0,0,0,0,0,0,0,0,1,0,0,1,0,0,0,0,0,1,0,0,0,0,0,0,0,0,1,0,0,0,0,0,1,0,0,0,0,0,0,0,0,0,1,0,0,0,0,1,0
4.219507705176107,9.09133158539398,4,2,4,6,1938,1958,0.0,3,3,3,3,2,5,6.53813982376767,1,0.0,4.844187086458591,816.0,5,1,6.705639094860003,0.0,0.0,6.705639094860003,1.0,0.0,1,0,2,1,3,3,8,1,4,1958.0,1,1.0,288.0,2,2,2,0.0,0.0,0.0,0.0,0.0,0,0.0,5,2009,7.398174092970465,2.0,71,51,1,1,1,0,0,0,0,0,1,0,0,0,0,0,0,0,0,0,0,0,0,0,1,0,0,1,0,0,0,1,1,0,0,0,0,0,1,0,0,0,0,0,0,0,1,0,0,0,0,0,0,0,0,0,0,0,0,0,0,0,0,0,0,0,1,0,0,0,0,0,0,0,0,1,0,0,0,0,0,1,0,0,0,0,0,0,1,0,0,0,0,0,0,1,0,0,0,0,1,0,0,0,0,0,0,0,0,0,0,0,0,0,0,1,0,0,0,0,0,0,0,0,0,0,0,0,0,0,1,0,0,0,0,0,0,0,0,0,1,0,0,1,0,0,0,0,0,1,0,0,0,0,0,0,0,0,1,0,0,0,0,0,1,0,0,0,0,0,0,0,0,0,1,0,0,0,0,1,0
4.110873864173311,8.881975184248867,4,3,5,6,1938,1995,0.0,3,3,3,3,1,1,0.0,1,0.0,6.6895992691789665,803.0,5,1,6.6895992691789665,6.324358962381311,0.0,7.215975002651466,0.0,0.0,1,1,2,1,4,6,8,0,0,1951.0,1,1.0,297.0,3,3,2,0.0,4.189654742026425,5.25227342804663,0.0,0.0,0,0.0,7,2006,7.679713639966372,1.5,68,11,1,1,0,0,0,0,0,0,0,0,0,0,1,0,0,0,0,0,0,0,0,0,0,1,0,1,0,0,0,1,1,0,1,0,0,0,0,0,0,0,0,0,0,0,0,0,1,0,0,0,0,0,0,0,0,0,0,0,0,0,0,0,0,0,1,0,0,0,0,0,0,0,0,1,0,0,0,0,0,1,0,0,0,0,1,0,0,0,0,0,0,0,0,1,0,0,0,0,1,0,0,0,0,0,0,0,0,0,0,0,0,0,0,0,0,0,0,0,1,0,0,0,0,0,0,0,0,0,0,0,0,0,0,0,1,0,0,0,1,0,0,1,0,0,0,0,0,1,0,0,0,0,0,0,0,0,1,0,0,0,0,0,1,0,0,0,0,0,0,0,0,0,1,0,0,0,0,1,0
3.2188758248682006,7.7702232041587855,4,3,5,6,1970,1970,5.746203190540153,3,3,3,3,1,2,6.641182169740591,1,0.0,0.0,765.0,3,1,6.641182169740591,6.398594934535208,0.0,7.2196420401307355,0.0,0.0,1,1,3,1,3,7,7,0,0,1970.0,1,2.0,440.0,3,3,2,0.0,3.6109179126442243,0.0,0.0,0.0,0,0.0,5,2009,7.664346632098617,1.5,39,39,1,1,0,0,0,1,0,0,0,0,0,0,0,0,0,0,0,0,0,0,0,0,0,1,0,1,0,0,0,1,1,0,0,0,0,0,1,0,0,1,0,0,0,0,0,0,0,0,0,0,0,0,0,0,0,0,0,0,0,0,0,0,0,0,1,0,0,0,0,0,0,0,0,1,0,0,0,0,0,0,0,0,0,1,0,0,0,0,0,1,0,0,0,1,0,0,0,0,1,0,0,0,0,0,0,0,0,0,0,0,0,1,0,0,0,0,0,0,0,0,0,0,0,0,0,0,1,0,0,0,0,0,0,0,0,0,0,0,1,0,0,1,0,0,0,0,0,1,0,0,0,0,0,0,0,0,1,0,1,0,0,0,0,0,0,0,0,0,0,0,0,0,1,0,0,0,0,1,0
4.394449154672439,9.174816815907135,4,3,6,5,1977,1977,5.8888779583328805,3,3,4,3,1,5,6.532334292222349,1,0.0,6.499787040655854,1350.0,3,1,7.19668657083435,0.0,0.0,7.19668657083435,0.0,1.0,2,0,2,1,3,6,8,1,3,1977.0,2,2.0,630.0,3,3,2,0.0,2.833213344056216,0.0,0.0,0.0,0,0.0,4,2009,7.895436006942965,2.5,32,32,1,1,1,0,0,0,0,0,1,0,0,0,0,0,0,0,0,0,0,0,0,0,1,0,0,1,0,0,0,1,1,0,0,0,0,0,1,0,0,0,0,0,0,0,0,0,0,0,0,0,0,1,0,0,0,0,0,0,0,0,0,0,0,0,1,0,0,0,0,0,0,0,0,1,0,0,0,0,0,1,0,0,0,0,0,0,1,0,0,0,0,0,0,1,0,0,0,0,1,0,0,0,0,0,0,0,0,0,0,0,0,0,0,0,1,0,0,0,0,0,0,0,0,0,0,0,0,0,0,0,1,0,0,0,0,0,0,1,0,0,0,1,0,0,0,0,0,1,0,0,0,0,0,0,0,0,1,0,1,0,0,0,0,0,0,0,0,0,0,0,0,0,1,0,0,0,0,1,0
4.477336814478207,9.132054453577638,3,3,5,5,1973,1973,6.336825731146441,3,3,3,3,1,1,0.0,1,0.0,7.4127640174265625,1656.0,3,1,7.4127640174265625,0.0,0.0,7.4127640174265625,0.0,0.0,2,0,4,2,3,8,8,0,0,1973.0,1,2.0,506.0,3,3,2,0.0,5.356586274672012,0.0,0.0,0.0,0,0.0,11,2008,8.105609402299896,2.0,35,35,1,1,0,0,0,0,0,0,0,0,0,0,0,0,0,0,0,0,1,0,0,0,1,0,0,1,0,0,0,1,1,0,0,0,0,0,1,0,0,0,0,0,0,0,0,0,0,0,0,0,0,1,0,0,0,0,0,0,0,0,0,0,0,1,0,0,0,0,0,0,0,0,0,1,0,0,0,0,0,0,0,1,0,0,0,0,1,0,0,0,0,0,0,1,0,0,0,0,1,0,0,0,0,0,0,0,0,0,0,0,0,0,0,0,1,0,0,0,0,0,0,0,0,0,0,0,0,0,0,0,1,0,0,0,0,0,0,1,0,0,0,1,0,0,0,0,0,1,0,0,0,0,0,0,0,0,1,0,0,0,0,0,1,0,0,0,0,0,0,0,0,0,1,0,0,0,0,1,0
5.0369526024136295,8.323365694436081,3,2,4,4,1941,1950,0.0,3,3,3,3,1,1,0.0,1,0.0,6.542471960506805,693.0,2,0,6.542471960506805,0.0,0.0,6.542471960506805,0.0,0.0,1,0,2,1,2,4,8,0,0,0.0,0,0.0,0.0,0,0,0,0.0,3.044522437723423,0.0,0.0,0.0,0,0.0,3,2006,7.234898420314831,1.0,65,56,0,1,0,0,0,0,0,0,0,1,0,0,0,0,0,0,0,0,0,0,0,0,0,1,0,1,1,0,0,0,1,0,1,0,0,0,0,0,0,0,0,0,0,0,0,0,0,0,0,0,0,0,0,0,1,0,0,0,0,0,0,0,0,1,0,0,0,0,0,0,0,0,0,1,0,0,0,0,0,1,0,0,0,0,0,0,1,0,0,0,0,0,0,1,0,0,0,0,1,0,0,0,0,0,0,0,0,0,0,0,0,0,0,0,0,0,0,0,1,0,0,0,0,0,0,0,0,0,0,0,0,0,0,0,1,0,0,0,1,0,0,1,0,0,0,0,0,0,0,1,0,0,1,0,0,0,0,0,0,0,0,0,0,1,0,0,0,0,0,0,0,0,1,0,0,0,0,1,0
4.564348191467836,9.506808731708581,3,3,7,5,2002,2002,0.0,4,3,4,3,1,6,6.55250788703459,1,0.0,5.37989735354046,916.0,5,1,6.825460036255307,6.848005274576363,0.0,7.529406457837013,1.0,0.0,2,1,3,1,4,8,8,0,0,2002.0,2,2.0,492.0,3,3,2,4.990432586778736,4.5217885770490405,0.0,0.0,0.0,0,0.0,6,2006,7.9294865233142895,3.5,4,4,1,1,0,0,0,0,0,0,0,0,0,0,0,1,0,0,0,0,0,0,0,0,1,0,0,1,0,0,0,1,1,0,1,0,0,0,0,0,0,0,0,0,1,0,0,0,0,0,0,0,0,0,0,0,0,0,0,0,0,0,0,0,0,0,1,0,0,0,0,0,0,0,0,1,0,0,0,0,0,1,0,0,0,0,0,0,0,0,0,1,0,0,0,1,0,0,0,0,1,0,0,0,0,0,0,0,0,0,0,0,0,0,0,0,0,0,0,1,0,0,0,0,0,0,0,0,0,0,0,0,0,0,0,1,0,0,0,0,1,0,0,0,1,0,0,0,0,1,0,0,0,0,0,0,0,0,1,0,0,0,1,0,0,0,0,0,0,0,0,0,0,0,1,0,0,0,0,1,0
4.795790545596741,9.165447603085447,3,3,5,7,1972,1972,0.0,3,4,3,3,2,3,5.8888779583328805,1,0.0,6.22455842927536,864.0,5,1,6.762729506931879,0.0,0.0,6.762729506931879,0.0,0.0,1,0,3,1,3,5,8,0,0,1972.0,2,1.0,288.0,3,3,2,0.0,0.0,0.0,0.0,0.0,0,0.0,6,2006,7.455298485683291,1.0,34,34,1,1,0,0,0,0,0,0,1,0,0,0,0,0,0,0,0,0,0,0,0,0,1,0,0,1,0,0,0,1,1,0,1,0,0,0,0,0,0,0,0,0,1,0,0,0,0,0,0,0,0,0,0,0,0,0,0,0,0,0,0,0,0,0,1,0,0,0,0,0,0,0,0,1,0,0,0,0,0,1,0,0,0,0,0,0,1,0,0,0,0,0,0,0,0,1,0,0,1,0,0,0,0,0,0,0,0,0,0,0,0,0,0,1,0,0,0,0,0,0,0,0,0,0,0,0,0,0,1,0,0,0,0,0,0,0,0,0,1,0,0,1,0,0,0,0,0,1,0,0,0,0,0,0,0,0,1,0,1,0,0,0,0,0,0,0,0,0,0,0,0,0,1,0,0,0,0,1,0
4.2626798770413155,9.023408202624545,4,3,4,5,1971,1971,0.0,3,3,3,3,1,1,0.0,1,0.0,6.755768921984255,858.0,3,1,6.771935555839602,0.0,0.0,6.771935555839602,0.0,0.0,1,0,3,1,3,5,8,0,0,1974.0,1,4.0,480.0,3,3,2,0.0,0.0,0.0,0.0,0.0,0,0.0,6,2007,7.456454555176209,1.0,36,36,1,1,0,0,0,0,0,0,1,0,0,0,0,0,0,0,0,0,0,0,0,0,1,0,0,1,0,0,0,1,1,0,0,0,0,0,1,0,0,0,0,0,0,0,0,0,0,0,0,1,0,0,0,0,0,0,0,0,0,0,0,0,0,0,1,0,0,0,0,0,0,0,0,1,0,0,0,0,0,1,0,0,0,0,0,0,1,0,0,0,0,0,0,1,0,0,0,0,1,0,0,0,0,0,0,0,0,0,0,0,0,0,0,1,0,0,0,0,0,0,0,0,0,0,0,0,0,0,1,0,0,0,0,0,0,0,0,0,1,0,0,1,0,0,0,0,0,1,0,0,0,0,0,0,0,0,1,0,0,0,0,0,1,0,0,0,0,0,0,0,0,0,1,0,0,0,0,1,0
4.204692619390966,9.524859098381523,4,3,6,5,2003,2004,0.0,3,3,4,3,1,6,6.703188113240863,1,0.0,5.707110264748875,1114.0,5,1,7.016609683894219,0.0,0.0,7.016609683894219,1.0,0.0,1,0,3,1,4,6,8,0,0,2004.0,1,2.0,576.0,3,3,2,0.0,4.3694478524670215,0.0,0.0,0.0,0,0.0,7,2008,7.709308333385869,2.0,5,4,1,1,0,0,0,0,0,0,1,0,0,0,0,0,0,0,0,0,0,0,0,0,1,0,0,1,0,0,0,1,1,0,0,0,0,0,1,0,0,0,0,0,0,0,0,0,0,0,0,0,0,0,0,0,0,0,0,1,0,0,0,0,0,0,0,0,0,1,0,0,0,0,0,1,0,0,0,0,0,1,0,0,0,0,0,0,1,0,0,0,0,0,0,1,0,0,0,0,1,0,0,0,0,0,0,0,0,0,0,0,0,0,0,0,0,0,0,1,0,0,0,0,0,0,0,0,0,0,0,0,0,0,0,1,0,0,0,0,1,0,0,0,1,0,0,0,0,1,0,0,0,0,0,0,0,0,1,0,0,0,0,0,1,0,0,0,0,0,0,0,0,0,1,0,0,0,0,1,0
4.2626798770413155,9.145908511816794,4,3,8,5,2002,2002,5.0106352940962555,4,3,4,3,1,1,0.0,1,0.0,7.158513997329321,1284.0,5,1,7.158513997329321,6.786716950605081,0.0,7.682482446534506,0.0,0.0,2,1,3,1,4,7,8,1,4,2002.0,2,2.0,647.0,3,3,2,5.262690188904886,4.477336814478207,0.0,0.0,0.0,0,0.0,8,2007,8.147288258706624,2.5,5,5,1,1,1,0,0,0,0,0,0,0,0,0,0,1,0,0,0,0,0,0,0,0,1,0,0,1,0,0,0,1,1,0,0,0,0,0,1,0,0,0,0,0,1,0,0,0,0,0,0,0,0,0,0,0,0,0,0,0,0,0,0,0,0,0,1,0,0,0,0,0,0,0,0,1,0,0,0,0,0,1,0,0,0,0,0,0,0,0,0,1,0,0,0,1,0,0,0,0,1,0,0,0,0,0,0,0,0,0,0,0,0,0,0,0,0,0,0,1,0,0,0,0,0,0,0,0,0,0,0,0,0,0,0,1,0,0,0,1,0,0,0,0,1,0,0,0,0,1,0,0,0,0,0,0,0,0,1,0,1,0,0,0,0,0,0,0,0,0,0,0,0,0,1,0,0,0,0,1,0
4.060443010546419,8.930494185292178,4,3,6,6,1928,1950,0.0,3,3,3,3,1,1,0.0,1,0.0,6.799055862058796,896.0,4,1,7.067319848653476,6.60934924316738,0.0,7.5569505720129,0.0,0.0,1,1,3,1,3,9,8,1,3,1929.0,1,2.0,342.0,2,2,2,0.0,0.0,0.0,0.0,0.0,0,0.0,3,2009,7.940939762327791,1.5,81,59,1,1,1,0,0,0,0,0,0,0,0,0,1,0,0,0,0,0,0,0,0,0,1,0,0,1,1,0,0,0,1,0,0,0,0,0,1,0,0,0,0,0,0,1,0,0,0,0,0,0,0,0,0,0,0,0,0,0,0,0,0,0,0,0,1,0,0,0,0,0,0,0,0,1,0,0,0,0,0,1,0,0,0,0,1,0,0,0,0,0,0,0,0,1,0,0,0,0,1,0,0,0,0,0,0,0,0,0,1,0,0,0,0,0,0,0,0,0,0,0,0,0,0,0,0,0,0,0,0,0,0,1,0,0,0,0,0,0,1,0,1,0,0,0,0,0,0,1,0,0,0,0,0,0,0,0,1,0,0,0,0,0,1,0,0,0,0,0,0,0,0,0,1,0,0,0,0,1,0
4.454347296253507,9.315060682746585,3,3,7,5,2006,2006,0.0,4,3,4,3,1,1,0.0,1,0.0,6.591673732008658,728.0,5,1,6.591673732008658,6.591673732008658,0.0,7.284134806195205,0.0,0.0,2,1,3,1,4,8,8,1,3,2006.0,3,2.0,440.0,3,3,2,0.0,0.0,0.0,0.0,0.0,0,0.0,7,2007,7.68937110752969,2.5,1,1,1,1,1,0,0,0,0,0,0,0,0,0,0,1,0,0,0,0,0,0,0,0,1,0,0,1,0,0,0,1,1,0,1,0,0,0,0,0,0,0,0,0,1,0,0,0,0,0,0,0,0,0,0,0,0,0,0,0,0,0,0,0,0,0,1,0,0,0,0,0,0,0,0,1,0,0,0,0,0,1,0,0,0,0,0,0,0,0,0,1,0,0,0,1,0,0,0,0,1,0,0,0,0,0,0,0,0,0,0,0,0,0,0,0,0,0,0,1,0,0,0,0,0,0,0,0,0,0,0,0,0,0,0,1,0,0,0,0,1,0,0,0,1,0,0,0,0,1,0,0,0,0,0,0,0,0,1,0,1,0,0,0,0,0,0,0,0,0,0,0,1,0,0,0,0,0,0,0,1
3.9318256327243257,8.699681400989514,4,3,4,4,1920,1950,0.0,3,3,3,3,1,5,5.5254529391317835,1,0.0,6.566672429803241,960.0,4,1,6.8679744089702925,0.0,0.0,6.8679744089702925,0.0,0.0,1,0,2,1,2,5,8,0,0,1997.0,1,1.0,308.0,3,3,2,0.0,0.0,5.1298987149230735,0.0,0.0,0,0.0,7,2007,7.560601162768557,1.0,87,57,1,1,0,0,0,0,0,0,0,1,0,0,0,0,0,0,0,0,0,0,0,0,0,1,0,1,0,0,0,1,1,0,0,0,0,0,1,0,0,0,0,0,0,0,0,0,0,0,0,0,0,0,0,0,1,0,0,0,0,0,0,0,0,0,1,0,0,0,0,0,0,0,0,1,0,0,0,0,0,1,0,0,0,0,0,0,1,0,0,0,0,0,0,0,0,1,0,0,1,0,0,0,0,0,0,0,0,0,0,0,0,0,0,1,0,0,0,0,0,0,0,0,0,0,0,0,0,0,1,0,0,0,0,0,0,0,0,0,1,0,0,0,1,0,0,0,0,1,0,0,0,0,1,0,0,0,0,0,0,0,0,0,1,0,0,0,0,0,0,0,0,0,1,0,0,0,0,1,0
4.394449154672439,9.941842506412591,2,3,7,7,1968,2003,0.0,3,3,3,3,1,4,5.697093486505405,3,4.23410650459726,7.093404625868766,1568.0,3,1,7.676473646389156,0.0,0.0,7.676473646389156,0.0,0.0,2,0,3,1,3,9,8,1,4,1968.0,2,2.0,508.0,4,3,2,0.0,4.394449154672439,0.0,5.673323267171493,0.0,0,0.0,6,2006,8.22282213081366,2.0,38,3,1,1,1,0,0,0,0,0,1,0,0,0,0,0,0,0,0,0,0,0,0,0,1,0,0,1,0,0,0,1,1,0,0,1,0,0,0,0,0,0,0,0,0,0,0,0,0,0,0,0,0,1,0,0,0,0,0,0,0,0,0,0,0,0,0,0,1,0,0,0,0,0,0,1,0,0,0,0,0,1,0,0,0,0,0,0,1,0,0,0,0,0,0,0,0,1,0,0,1,0,0,0,0,0,0,0,0,0,1,0,0,0,0,0,0,0,0,0,0,0,0,0,0,0,0,0,1,0,0,0,0,0,0,0,0,0,0,0,1,0,0,1,0,0,0,0,0,1,0,0,0,0,0,0,0,0,1,0,1,0,0,0,0,0,0,0,0,0,0,0,0,0,1,0,0,0,0,1,0
4.543294782270004,9.636065519091707,3,3,8,5,2006,2007,4.61512051684126,4,3,5,3,4,6,4.394449154672439,1,0.0,7.410347097821024,1732.0,5,1,7.482681828154651,0.0,0.0,7.482681828154651,1.0,0.0,2,0,3,1,4,7,8,1,4,2006.0,3,3.0,712.0,3,3,2,0.0,0.0,0.0,0.0,0.0,0,0.0,5,2007,8.163086375583216,3.0,1,0,1,1,1,0,0,0,0,0,1,0,0,0,0,0,0,0,0,0,0,0,0,0,1,0,0,1,0,1,0,0,1,0,1,0,0,0,0,0,0,0,0,0,0,0,0,0,0,0,0,0,0,0,0,0,0,0,0,0,0,0,1,0,0,0,1,0,0,0,0,0,0,0,0,1,0,0,0,0,0,1,0,0,0,0,0,0,1,0,0,0,0,0,0,1,0,0,0,0,1,0,0,0,0,0,0,0,0,0,0,0,0,0,0,0,0,0,0,1,0,0,0,0,0,0,0,0,0,0,0,0,0,0,0,1,0,0,0,0,0,1,0,0,1,0,0,0,0,1,0,0,0,0,0,0,0,0,1,0,1,0,0,0,0,0,0,0,0,0,0,0,1,0,0,0,0,0,0,0,1
4.212127597878484,9.692581318886397,1,3,7,5,1998,1998,0.0,4,3,4,3,4,6,7.275172319452771,1,0.0,3.6888794541139363,1482.0,5,1,7.3098814858247865,0.0,0.0,7.3098814858247865,1.0,0.0,2,0,3,1,4,5,8,1,2,1998.0,2,2.0,514.0,3,3,2,5.998936561946683,3.258096538021482,0.0,0.0,0.0,0,0.0,8,2007,7.998671361015776,3.0,9,9,1,1,1,0,0,0,0,0,1,0,0,0,0,0,0,0,0,0,0,0,0,0,1,0,0,1,0,0,1,0,1,0,0,0,0,0,1,0,0,0,0,0,0,0,0,0,0,0,0,0,0,0,0,0,0,0,0,1,0,0,0,0,0,0,1,0,0,0,0,0,0,0,0,1,0,0,0,0,0,1,0,0,0,0,0,0,1,0,0,0,0,0,0,1,0,0,0,0,1,0,0,0,0,0,0,0,0,0,0,0,0,0,0,0,0,0,0,1,0,0,0,0,0,0,0,0,0,0,0,0,0,0,0,1,0,0,0,0,1,0,0,0,1,0,0,0,0,1,0,0,0,0,0,0,0,0,1,0,1,0,0,0,0,0,0,0,0,0,0,0,0,0,1,0,0,0,0,1,0
3.9318256327243257,8.566173813637858,4,3,8,5,1872,1987,0.0,3,4,3,2,1,2,5.560681631015528,1,0.0,6.054439346269371,684.0,2,0,6.844815479208263,7.103322062526113,5.327876168789581,7.765993079407675,0.0,0.0,2,0,4,1,3,8,8,0,0,0.0,0,0.0,0.0,0,0,2,0.0,4.007333185232471,3.044522437723423,0.0,0.0,0,0.0,12,2008,7.950854857719988,2.0,136,21,0,1,0,0,0,0,0,0,0,0,0,0,0,0,1,0,0,0,0,0,0,0,0,1,0,1,0,0,0,1,1,0,0,0,0,0,1,0,0,0,0,0,0,0,0,0,0,0,0,0,0,0,0,0,1,0,0,0,0,0,0,0,0,0,1,0,0,0,0,0,0,0,0,1,0,0,0,0,0,1,0,0,0,0,0,0,0,0,0,1,0,0,0,1,0,0,0,0,1,0,0,0,0,0,0,0,0,0,0,0,0,0,0,1,0,0,0,0,0,0,0,0,0,0,0,0,0,0,1,0,0,0,0,0,0,0,0,0,1,0,1,0,0,0,0,0,0,0,0,0,1,0,0,0,0,0,1,0,0,0,0,0,0,1,0,0,0,0,0,0,0,0,1,0,0,0,0,1,0
4.5217885770490405,9.362546304865514,4,3,5,5,1969,1969,5.910796644040527,3,3,3,3,1,2,6.2166061010848646,1,0.0,6.618738983517219,1248.0,3,1,7.199678345691172,7.167809184316444,0.0,7.876638460975463,1.0,1.0,2,2,6,2,3,12,8,0,0,1969.0,1,4.0,968.0,3,3,2,0.0,0.0,0.0,0.0,0.0,0,0.0,8,2009,8.264363329731667,4.5,40,40,1,1,0,0,0,0,0,0,0,0,0,0,0,0,0,0,0,0,1,0,0,0,1,0,0,1,0,0,0,1,1,0,0,0,0,0,1,0,0,0,0,0,0,0,0,0,0,0,0,1,0,0,0,0,0,0,0,0,0,0,0,0,1,0,0,0,0,0,0,0,0,0,0,1,0,0,0,0,0,0,0,1,0,0,0,0,0,0,0,1,0,0,0,1,0,0,0,0,1,0,0,0,0,0,0,0,0,0,0,0,0,0,0,1,0,0,0,0,0,0,0,0,0,0,0,0,0,0,1,0,0,0,0,0,0,0,0,1,0,0,0,1,0,0,0,0,0,1,0,0,0,0,0,0,0,0,1,0,0,0,0,0,1,0,0,0,0,0,0,0,0,0,1,0,0,0,0,1,0
4.2626798770413155,9.13216259091216,3,3,6,6,1962,1962,5.765191102784844,3,3,3,3,1,3,5.768320995793772,1,0.0,6.29156913955832,858.0,5,1,6.755768921984255,6.755768921984255,0.0,7.448333860897476,0.0,0.0,1,1,4,1,3,8,8,1,4,1962.0,3,2.0,490.0,3,3,2,0.0,4.442651256490317,0.0,0.0,4.795790545596741,0,0.0,3,2008,7.853604813097837,1.5,46,46,1,1,1,0,0,0,0,0,0,0,0,0,0,1,0,0,0,0,0,0,0,0,1,0,0,1,0,0,0,1,1,0,0,0,0,0,1,0,0,0,0,0,0,0,0,0,0,0,0,1,0,0,0,0,0,0,0,0,0,0,0,0,0,0,1,0,0,0,0,0,0,0,0,1,0,0,0,0,0,1,0,0,0,0,0,0,0,0,0,1,0,0,0,1,0,0,0,0,1,0,0,0,0,0,0,0,0,0,0,0,0,1,0,0,0,0,0,0,0,0,0,0,0,0,0,0,1,0,0,0,0,0,0,0,0,0,0,1,0,0,0,1,0,0,0,0,0,1,0,0,0,0,0,0,0,0,1,0,1,0,0,0,0,0,0,0,0,0,0,0,0,0,1,0,0,0,0,1,0
3.9318256327243257,8.699681400989514,4,3,6,9,1937,2000,0.0,4,3,3,3,1,1,0.0,1,0.0,6.54965074223381,698.0,3,1,6.668228248417403,5.968707559985366,0.0,7.0707241072602764,0.0,0.0,1,0,2,1,3,4,8,0,0,1999.0,1,2.0,624.0,3,3,0,5.351858133476067,0.0,0.0,0.0,0.0,0,0.0,7,2009,7.536363938404511,1.0,72,9,1,1,0,0,0,0,0,0,0,0,0,0,1,0,0,0,0,0,0,0,0,0,0,1,0,1,0,0,0,1,1,0,0,0,0,0,1,0,0,0,1,0,0,0,0,0,0,0,0,0,0,0,0,0,0,0,0,0,0,0,0,0,0,0,1,0,0,0,0,0,0,0,0,1,0,0,0,0,0,1,0,0,0,0,1,0,0,0,0,0,0,0,0,1,0,0,0,0,1,0,0,0,0,0,0,0,0,0,0,0,0,0,0,1,0,0,0,0,0,0,0,0,0,0,0,0,0,0,1,0,0,0,0,0,0,0,0,0,1,0,1,0,0,0,0,0,0,1,0,0,0,0,0,0,0,0,1,0,0,0,0,0,1,0,0,0,0,0,0,0,0,0,1,0,0,0,0,1,0
4.04305126783455,9.597030324758013,3,3,8,5,1995,1996,6.363028103540465,4,3,4,3,3,6,6.705639094860003,1,0.0,7.1049654482698426,2033.0,5,1,7.627544390488503,7.078341579557671,0.0,8.08301991917133,1.0,0.0,2,1,4,1,4,9,8,1,5,1996.0,3,3.0,666.0,3,3,2,5.648974238161206,4.465908118654584,0.0,0.0,0.0,0,0.0,3,2010,8.570165076182343,3.5,15,14,1,1,1,0,0,0,0,0,0,0,0,0,1,0,0,0,0,0,0,0,0,0,1,0,0,1,0,0,0,1,1,0,0,1,0,0,0,0,0,0,0,0,0,0,0,0,0,0,0,0,0,0,1,0,0,0,0,0,0,0,0,0,0,0,1,0,0,0,0,0,0,0,0,1,0,0,0,0,0,1,0,0,0,0,1,0,0,0,0,0,0,0,0,0,0,1,0,0,1,0,0,0,0,0,0,0,0,0,0,0,0,0,0,0,0,0,0,1,0,0,0,0,0,0,0,0,0,0,0,0,0,0,0,1,0,0,0,1,0,0,0,0,1,0,0,0,0,1,0,0,0,0,0,0,0,0,1,0,1,0,0,0,0,0,0,0,0,0,0,0,0,0,1,0,0,0,0,1,0
4.2626798770413155,9.241548299100376,3,3,7,5,2000,2000,0.0,4,3,4,3,1,6,6.601230118728877,1,0.0,5.552959584921617,992.0,5,1,6.900730664045173,6.773080375655535,0.0,7.531552381407289,1.0,0.0,2,1,3,1,4,7,8,1,3,2000.0,2,3.0,839.0,3,3,2,0.0,5.220355825078324,0.0,0.0,0.0,0,0.0,6,2008,7.957877358489813,3.5,8,8,1,1,1,0,0,0,0,0,0,0,0,0,0,1,0,0,0,0,0,0,0,0,1,0,0,1,0,0,0,1,1,0,0,0,0,0,1,0,0,0,0,0,1,0,0,0,0,0,0,0,0,0,0,0,0,0,0,0,0,0,0,0,0,0,1,0,0,0,0,0,0,0,0,1,0,0,0,0,0,1,0,0,0,0,0,0,0,0,0,1,0,0,0,1,0,0,0,0,1,0,0,0,0,0,0,0,0,0,0,0,0,0,0,0,0,0,0,1,0,0,0,0,0,0,0,0,0,0,0,0,0,0,0,1,0,0,0,0,1,0,0,0,1,0,0,0,0,1,0,0,0,0,0,0,0,0,1,0,1,0,0,0,0,0,0,0,0,0,0,0,0,0,1,0,0,0,0,1,0
4.634728988229636,9.229456489168413,3,3,7,6,1968,1992,4.969813299576001,3,3,3,3,1,1,0.0,1,0.0,6.3473892096560105,570.0,4,1,7.109062135687172,6.54965074223381,0.0,7.560601162768557,0.0,0.0,3,0,4,1,4,8,8,1,3,1968.0,2,2.0,487.0,3,3,2,0.0,4.59511985013459,0.0,0.0,0.0,0,0.0,9,2006,7.820439515262181,3.0,38,14,1,1,1,0,0,0,0,0,0,0,0,0,0,0,0,0,1,0,0,0,0,0,1,0,0,1,0,0,0,1,1,0,0,0,0,0,1,0,0,0,0,0,0,0,0,0,0,0,0,0,0,1,0,0,0,0,0,0,0,0,0,0,0,0,1,0,0,0,0,0,0,0,0,1,0,0,0,0,0,1,0,0,0,0,0,0,0,0,0,0,0,1,0,1,0,0,0,0,1,0,0,0,0,0,0,0,0,0,0,0,0,0,0,1,0,0,0,0,0,0,0,0,0,0,0,0,0,0,1,0,0,0,0,0,0,0,0,1,0,0,0,1,0,0,0,0,0,1,0,0,0,0,0,0,0,0,1,0,1,0,0,0,0,0,0,0,0,0,0,0,0,0,1,0,0,0,0,1,0
4.30406509320417,9.156728602527533,4,3,5,5,1966,1966,4.189654742026425,3,3,3,3,1,3,5.831882477283517,1,0.0,6.263398262591624,864.0,3,1,6.794586580876499,0.0,0.0,6.794586580876499,0.0,0.0,1,0,3,1,3,5,8,0,0,1966.0,2,1.0,264.0,3,3,2,0.0,0.0,0.0,0.0,0.0,0,0.0,10,2008,7.471363088187097,1.0,42,42,1,1,0,0,0,0,0,0,1,0,0,0,0,0,0,0,0,0,0,0,0,0,1,0,0,1,0,0,0,1,1,0,1,0,0,0,0,0,0,0,0,0,0,0,0,0,0,0,0,1,0,0,0,0,0,0,0,0,0,0,0,0,0,0,1,0,0,0,0,0,0,0,0,1,0,0,0,0,0,1,0,0,0,0,0,0,1,0,0,0,0,0,0,1,0,0,0,0,1,0,0,0,0,0,0,0,0,0,0,0,0,1,0,0,0,0,0,0,0,0,0,0,0,0,0,0,1,0,0,0,0,0,0,0,0,0,0,1,0,0,0,1,0,0,0,0,0,1,0,0,0,0,0,0,0,0,1,0,1,0,0,0,0,0,0,0,0,0,0,0,0,0,1,0,0,0,0,1,0
4.30406509320417,9.436519311833914,3,3,5,6,1971,2008,0.0,3,3,3,3,1,6,6.5998704992128365,1,0.0,5.84354441703136,1078.0,5,1,6.983789965258135,0.0,0.0,6.983789965258135,1.0,0.0,1,1,3,1,3,6,8,1,2,1971.0,3,2.0,500.0,3,3,2,0.0,0.0,0.0,0.0,0.0,0,0.0,4,2010,7.676473646389156,2.5,39,2,1,1,1,0,0,0,0,0,1,0,0,0,0,0,0,0,0,0,0,0,0,0,1,0,0,1,0,0,0,1,1,0,0,1,0,0,0,0,0,0,0,0,0,0,0,0,0,0,0,1,0,0,0,0,0,0,0,0,0,0,0,0,0,0,1,0,0,0,0,0,0,0,0,1,0,0,0,0,0,1,0,0,0,0,0,0,1,0,0,0,0,0,0,1,0,0,0,0,1,0,0,0,0,0,0,0,0,0,0,0,0,0,0,0,0,0,0,1,0,0,0,0,0,0,0,0,0,0,0,0,0,0,0,1,0,0,0,0,1,0,0,1,0,0,0,0,0,1,0,0,0,0,0,0,0,0,1,0,1,0,0,0,0,0,0,0,0,0,0,0,0,0,1,0,0,0,0,1,0
4.310799125385514,7.658227526161352,4,3,6,5,2000,2000,5.37989735354046,4,3,4,3,1,6,5.937536205082426,1,0.0,5.937536205082426,756.0,5,1,6.646390514847729,6.690842277418564,0.0,7.3613754289773485,0.0,0.0,2,1,3,1,4,5,8,0,0,2000.0,1,2.0,440.0,3,3,2,0.0,3.4965075614664802,0.0,0.0,0.0,0,0.0,6,2010,7.753623546559746,2.5,10,10,1,1,0,0,0,1,0,0,0,0,0,0,0,0,0,0,0,0,0,0,1,0,0,0,0,1,0,0,0,1,1,0,0,0,0,0,1,0,0,0,0,0,0,0,0,0,0,0,0,0,0,0,0,0,0,0,0,0,1,0,0,0,0,0,1,0,0,0,0,0,0,0,0,1,0,0,0,0,0,0,0,0,1,0,0,0,0,0,0,1,0,0,0,1,0,0,0,0,1,0,0,0,0,0,0,0,0,0,0,0,0,0,0,1,0,0,0,0,0,0,0,0,0,0,0,0,0,0,1,0,0,0,0,0,0,0,0,1,0,0,0,0,1,0,0,0,0,1,0,0,0,0,0,0,0,0,1,0,0,0,0,0,1,0,0,0,0,0,0,0,0,0,1,0,0,0,0,1,0
4.867534450455582,9.725436862592819,4,3,9,5,2004,2005,4.204692619390966,4,3,5,3,3,6,7.277938572945661,1,0.0,6.280395838960195,1980.0,5,1,7.591357046698551,0.0,0.0,7.591357046698551,1.0,0.0,2,0,3,1,5,8,8,1,4,2004.0,3,3.0,770.0,3,3,2,5.272999558563747,3.828641396489095,0.0,0.0,0.0,0,0.0,9,2006,8.284251797621916,3.0,2,1,1,1,1,0,0,0,0,0,1,0,0,0,0,0,0,0,0,0,0,0,0,0,1,0,0,1,0,0,0,1,1,0,0,0,0,1,0,0,0,0,0,0,0,0,0,0,0,0,0,0,0,0,0,1,0,0,0,0,0,0,0,0,0,0,1,0,0,0,0,0,0,0,0,1,0,0,0,0,0,1,0,0,0,0,0,0,1,0,0,0,0,0,0,0,0,1,0,0,1,0,0,0,0,0,0,0,0,0,0,0,0,0,0,0,0,0,0,1,0,0,0,0,0,0,0,0,0,0,0,0,0,0,0,1,0,0,0,1,0,0,0,0,1,0,0,0,0,1,0,0,0,0,0,0,0,0,1,0,1,0,0,0,0,0,0,0,0,0,0,0,0,0,1,0,0,0,0,1,0
3.9512437185814275,9.194515821629212,4,3,5,6,1921,1998,0.0,3,3,3,2,1,1,0.0,1,0.0,6.418364935936212,612.0,5,1,6.898714534329988,7.385230923066573,0.0,7.86403565907245,0.0,0.0,3,1,4,1,3,8,8,0,0,1998.0,2,2.0,621.0,3,3,2,5.214935757608986,0.0,5.71042701737487,0.0,0.0,0,0.0,5,2008,8.075271546297458,3.5,87,10,1,1,0,0,0,0,0,0,0,0,0,0,0,0,1,0,0,0,0,0,0,0,1,0,0,1,0,0,0,1,1,0,0,0,0,0,1,0,0,0,0,0,0,0,0,0,0,0,0,0,0,0,0,0,0,1,0,0,0,0,0,0,0,1,0,0,0,0,0,0,0,0,0,1,0,0,0,0,0,1,0,0,0,0,0,0,0,0,0,1,0,0,0,1,0,0,0,0,1,0,0,0,0,0,0,0,0,0,0,0,0,0,0,1,0,0,0,0,0,0,0,0,0,0,0,0,0,0,0,0,0,0,0,0,1,0,0,0,1,0,1,0,0,0,0,0,0,1,0,0,0,0,0,0,0,0,1,0,0,0,1,0,0,0,0,0,0,0,0,0,0,0,1,0,0,0,0,1,0
4.8283137373023015,9.690232448972248,3,2,7,5,2005,2005,2.833213344056216,4,3,5,3,3,5,7.150701457592526,1,0.0,5.54907608489522,1530.0,5,1,7.333676395657684,0.0,0.0,7.333676395657684,1.0,0.0,2,0,3,1,4,7,8,1,4,2005.0,3,2.0,430.0,3,3,2,5.1298987149230735,3.6109179126442243,0.0,0.0,0.0,0,0.0,6,2009,8.026496938945412,3.0,4,4,1,1,1,0,0,0,0,0,1,0,0,0,0,0,0,0,0,0,0,0,0,0,1,0,0,1,0,0,1,0,1,0,0,0,0,0,1,0,0,0,0,0,0,0,0,0,0,0,0,0,0,0,0,0,0,0,0,0,0,1,0,0,0,0,1,0,0,0,0,0,0,0,0,1,0,0,0,0,0,1,0,0,0,0,0,0,1,0,0,0,0,0,0,0,0,1,0,0,1,0,0,0,0,0,0,0,0,0,0,0,0,0,0,0,0,0,0,1,0,0,0,0,0,0,0,0,0,0,0,0,0,0,0,1,0,0,0,0,0,1,0,0,1,0,0,0,0,1,0,0,0,0,0,0,0,0,1,0,1,0,0,0,0,0,0,0,0,0,0,0,0,0,1,0,0,0,0,1,0
4.30406509320417,9.43460329655831,3,3,4,4,1920,2007,0.0,3,4,3,2,1,1,0.0,1,0.0,6.573680166960646,715.0,4,1,7.156176637480615,6.126869184114185,0.0,7.461065514354283,0.0,0.0,2,0,4,1,3,7,8,1,4,1920.0,1,1.0,368.0,3,3,2,4.02535169073515,0.0,0.0,0.0,0.0,0,0.0,6,2009,7.805474625270857,2.0,89,2,1,1,1,0,0,0,0,0,0,0,0,0,1,0,0,0,0,0,0,0,0,0,1,0,0,1,0,0,0,1,1,0,0,0,1,0,0,0,0,0,0,0,0,0,0,0,0,0,0,1,0,0,0,0,0,0,0,0,0,0,0,0,0,1,0,0,0,0,0,0,0,0,0,1,0,0,0,0,0,1,0,0,0,0,1,0,0,0,0,0,0,0,0,1,0,0,0,0,1,0,0,0,0,0,0,0,0,0,0,0,0,0,0,0,0,0,0,1,0,0,0,0,0,0,0,0,0,0,0,0,0,0,0,1,0,0,0,0,1,0,1,0,0,0,0,0,0,1,0,0,0,0,0,0,0,0,1,0,1,0,0,0,0,0,0,0,0,0,0,0,0,0,1,0,0,0,0,1,0
4.30406509320417,9.047821442478408,3,3,6,5,2006,2007,0.0,3,3,4,3,1,1,0.0,1,0.0,6.424869023905388,616.0,5,1,6.424869023905388,6.680854678790215,0.0,7.253470382684528,0.0,0.0,2,1,3,1,4,6,8,1,4,2007.0,3,2.0,432.0,3,3,2,0.0,3.6109179126442243,0.0,0.0,0.0,0,0.0,3,2007,7.615298339825815,2.5,1,0,1,1,1,0,0,0,0,0,0,0,0,0,0,1,0,0,0,0,0,0,0,0,1,0,0,1,0,0,0,1,1,0,0,0,0,0,1,0,0,0,0,0,0,0,0,1,0,0,0,0,0,0,0,0,0,0,0,0,0,0,0,0,0,0,1,0,0,0,0,0,0,0,0,1,0,0,0,0,0,1,0,0,0,0,0,0,0,0,0,1,0,0,0,1,0,0,0,0,1,0,0,0,0,0,0,0,0,0,0,0,0,0,0,0,0,0,0,1,0,0,0,0,0,0,0,0,0,0,0,0,0,0,0,1,0,0,0,0,1,0,0,0,1,0,0,0,0,1,0,0,0,0,0,0,0,0,1,0,0,0,1,0,0,0,0,0,0,0,0,0,1,0,0,0,0,0,0,0,1
3.4339872044851463,8.064950891749143,4,3,7,5,2005,2005,0.0,4,3,4,3,1,1,0.0,1,0.0,6.398594934535208,600.0,5,1,6.255750041753367,6.398594934535208,4.394449154672439,7.0909098220799835,0.0,0.0,2,1,2,1,4,4,8,0,0,2005.0,2,2.0,480.0,3,3,2,0.0,5.117993812416755,0.0,0.0,0.0,0,0.0,4,2006,7.450660796211539,2.5,1,1,1,1,0,0,0,1,0,0,0,0,0,0,0,0,0,0,0,0,0,0,1,0,0,0,0,1,0,0,0,1,1,0,0,0,0,0,1,0,0,0,0,0,0,0,0,0,0,0,0,0,0,0,0,0,0,0,0,0,1,0,0,0,0,0,1,0,0,0,0,0,0,0,0,1,0,0,0,0,0,0,0,0,0,1,0,0,0,0,0,1,0,0,0,1,0,0,0,0,1,0,0,0,0,0,0,0,0,0,0,0,0,0,0,1,0,0,0,0,0,0,0,0,0,0,0,0,0,0,1,0,0,0,0,0,0,0,0,0,1,0,0,0,1,0,0,0,0,1,0,0,0,0,0,0,0,0,1,0,0,0,0,0,1,0,0,0,0,0,0,0,0,0,1,1,0,0,0,0,0
4.310799125385514,8.922791623969637,4,3,7,5,2000,2000,0.0,4,3,4,3,1,6,6.280395838960195,1,0.0,5.641907070938114,814.0,5,1,6.703188113240863,6.7580945044277305,0.0,7.423568444259167,1.0,0.0,2,1,3,1,4,7,8,0,0,2000.0,2,2.0,663.0,3,3,2,0.0,4.574710978503383,0.0,0.0,0.0,0,0.0,1,2010,7.819636302367592,3.5,10,10,1,1,0,0,0,0,0,0,0,0,0,0,0,1,0,0,0,0,0,0,1,0,0,0,0,1,0,0,0,1,1,0,0,0,0,0,1,0,0,0,0,0,0,0,0,0,0,0,0,0,0,0,0,0,0,0,0,0,1,0,0,0,0,0,1,0,0,0,0,0,0,0,0,1,0,0,0,0,0,1,0,0,0,0,0,0,0,0,0,1,0,0,0,1,0,0,0,0,1,0,0,0,0,0,0,0,0,0,0,0,0,0,0,0,0,0,0,1,0,0,0,0,0,0,0,0,0,0,0,0,0,0,0,1,0,0,0,0,1,0,0,0,1,0,0,0,0,1,0,0,0,0,0,0,0,0,1,0,1,0,0,0,0,0,0,0,0,0,0,0,0,0,1,0,0,0,0,1,0
4.23410650459726,9.124782483614537,3,3,7,5,1999,1999,5.0689042022202315,4,3,4,3,1,6,6.452048954437226,1,0.0,5.484796933490655,873.0,5,1,6.78332520060396,6.812345094177479,0.0,7.490529402060711,1.0,0.0,2,1,3,1,4,7,8,0,0,1999.0,2,2.0,588.0,3,3,2,0.0,4.48863636973214,0.0,0.0,0.0,0,0.0,6,2008,7.88758403166028,3.5,9,9,1,1,0,0,0,0,0,0,0,0,0,0,0,1,0,0,0,0,0,0,0,0,1,0,0,1,0,0,0,1,1,0,0,0,0,0,1,0,0,0,0,0,1,0,0,0,0,0,0,0,0,0,0,0,0,0,0,0,0,0,0,0,0,0,1,0,0,0,0,0,0,0,0,1,0,0,0,0,0,1,0,0,0,0,0,0,0,0,0,1,0,0,0,1,0,0,0,0,1,0,0,0,0,0,0,0,0,0,0,0,0,0,0,0,0,0,0,1,0,0,0,0,0,0,0,0,0,0,0,0,0,0,0,1,0,0,0,1,0,0,0,0,1,0,0,0,0,1,0,0,0,0,0,0,0,0,1,0,1,0,0,0,0,0,0,0,0,0,0,0,0,0,1,1,0,0,0,0,0
3.7376696182833684,7.888334500738654,4,3,5,6,1977,1977,0.0,3,3,3,3,1,5,6.3080984415095305,3,5.159055299214529,3.6109179126442243,757.0,5,1,6.8308742346461795,6.311734809152915,0.0,7.297091005160418,0.0,0.0,2,0,4,1,3,6,8,1,3,1977.0,2,1.0,336.0,3,3,2,4.653960350157523,3.295836866004329,0.0,0.0,0.0,0,0.0,7,2006,7.711101251840158,2.0,29,29,1,1,1,0,0,1,0,0,0,0,0,0,0,0,0,0,0,0,0,0,0,0,0,1,0,1,0,0,0,1,1,0,0,0,0,0,1,0,0,0,0,0,0,0,0,0,0,1,0,0,0,0,0,0,0,0,0,0,0,0,0,0,0,0,1,0,0,0,0,0,0,0,0,1,0,0,0,0,0,0,0,0,0,1,0,0,0,0,0,1,0,0,0,1,0,0,0,0,1,0,0,0,0,0,0,0,0,0,0,0,1,0,0,0,0,0,0,0,0,0,0,0,0,0,0,1,0,0,0,0,0,0,0,0,0,0,0,0,1,0,0,0,1,0,0,0,0,1,0,0,0,0,0,0,0,0,1,0,1,0,0,0,0,0,0,0,0,0,0,0,0,0,1,0,0,0,0,1,0
4.2626798770413155,8.397508348470257,4,3,6,5,2003,2004,5.14166355650266,4,3,4,3,3,6,6.530877627725885,1,0.0,5.099866427824199,848.0,5,1,6.744059186311348,0.0,0.0,6.744059186311348,1.0,0.0,1,0,1,1,4,4,8,0,0,2003.0,3,2.0,420.0,3,3,2,4.948759890378168,0.0,0.0,0.0,0.0,0,0.0,6,2009,7.436617265234227,2.0,6,5,1,1,0,1,0,0,0,0,0,0,0,0,0,0,0,0,0,0,0,0,0,0,0,1,0,1,0,0,0,1,1,0,0,0,0,0,1,0,0,0,0,0,1,0,0,0,0,0,0,0,0,0,0,0,0,0,0,0,0,0,0,0,0,0,1,0,0,0,0,0,0,0,0,1,0,0,0,0,0,0,0,0,0,1,0,0,1,0,0,0,0,0,0,1,0,0,0,0,1,0,0,0,0,0,0,0,0,0,0,0,0,0,0,0,0,0,0,1,0,0,0,0,0,0,0,0,0,0,0,0,0,0,0,1,0,0,0,1,0,0,0,0,1,0,0,0,0,1,0,0,0,0,0,0,0,0,1,0,1,0,0,0,0,0,0,0,0,0,0,0,0,0,1,0,0,0,0,1,0
3.8918202981106265,9.27199975236291,2,3,8,5,2003,2003,5.147494476813453,4,3,4,3,3,4,5.916202062607435,6,6.880384082186005,5.755742213586912,1657.0,5,1,7.419979923661835,0.0,0.0,7.419979923661835,1.0,0.0,2,0,3,1,4,8,8,1,3,2003.0,3,2.0,502.0,3,3,2,0.0,5.572154032177765,0.0,0.0,0.0,0,0.0,5,2010,8.109525659752872,3.0,7,7,1,1,1,0,0,0,0,0,1,0,0,0,0,0,0,0,0,0,0,0,0,0,1,0,0,1,0,0,0,1,1,0,0,0,1,0,0,0,0,0,0,0,1,0,0,0,0,0,0,0,0,0,0,0,0,0,0,0,0,0,0,0,0,0,1,0,0,0,0,0,0,0,0,1,0,0,0,0,0,1,0,0,0,0,0,0,1,0,0,0,0,0,0,0,0,1,0,0,1,0,0,0,0,0,0,0,0,0,0,0,0,0,0,0,0,0,0,1,0,0,0,0,0,0,0,0,0,0,0,0,0,0,0,1,0,0,0,1,0,0,0,0,1,0,0,0,0,1,0,0,0,0,0,0,0,0,1,0,1,0,0,0,0,0,0,0,0,0,0,0,0,0,1,0,0,0,0,1,0
4.51085950651685,8.594339400592892,4,3,4,6,1920,1950,0.0,2,3,3,3,1,5,5.755742213586912,3,4.663439094112067,6.042632833682381,840.0,5,1,6.734591659972948,6.282266746896006,0.0,7.226209010100671,0.0,0.0,1,0,2,1,3,6,8,0,0,1967.0,3,1.0,338.0,3,3,2,0.0,0.0,5.293304824724492,0.0,0.0,0,0.0,10,2009,7.703007682479236,1.0,89,59,1,1,0,0,0,0,0,0,0,0,0,0,1,0,0,0,0,0,0,0,0,0,1,0,0,1,0,0,0,1,1,0,1,0,0,0,0,0,0,0,0,0,0,0,0,0,0,0,0,0,0,0,0,0,1,0,0,0,0,0,0,0,1,0,0,0,0,0,0,0,0,0,0,1,0,0,0,0,0,1,0,0,0,0,1,0,0,0,0,0,0,0,0,1,0,0,0,0,1,0,0,0,0,0,0,0,0,0,0,1,0,0,0,0,0,0,0,0,0,0,0,0,0,0,1,0,0,0,0,0,0,0,0,0,0,0,0,0,1,0,0,0,1,0,0,0,0,1,0,0,0,0,0,0,0,0,1,0,0,0,0,0,1,0,0,0,0,0,0,0,0,0,1,0,0,0,0,1,0
4.394449154672439,9.169622538697624,4,3,6,6,1955,1996,0.0,3,3,3,3,3,4,6.723832440821209,1,0.0,5.087596335232384,992.0,4,1,7.415776975415394,0.0,0.0,7.415776975415394,1.0,0.0,1,0,3,1,4,8,8,1,3,1955.0,2,1.0,377.0,3,3,2,0.0,3.367295829986474,0.0,0.0,5.187385805840755,0,0.0,10,2008,7.8838232148921525,2.0,53,12,1,1,1,0,0,0,0,0,0,0,0,0,0,0,0,0,1,0,0,0,0,0,1,0,0,1,0,0,0,1,1,0,0,0,0,0,1,0,0,0,0,0,0,0,0,0,0,0,0,1,0,0,0,0,0,0,0,0,0,0,0,0,0,0,1,0,0,0,0,0,0,0,0,1,0,0,0,0,0,1,0,0,0,0,0,0,0,0,0,0,0,1,0,0,0,1,0,0,1,0,0,0,0,0,0,1,0,0,0,0,0,0,0,0,0,0,0,0,0,0,1,0,0,0,0,0,0,0,0,0,0,0,0,0,0,0,0,0,1,0,0,1,0,0,0,0,0,1,0,0,0,0,0,0,0,0,1,0,0,0,1,0,0,0,0,0,0,0,0,0,0,0,1,0,0,0,0,1,0
4.330733340286331,9.18512512283512,4,3,7,6,1998,1998,0.0,3,3,4,3,3,6,6.883462586413092,1,0.0,4.897839799950911,1108.0,5,1,7.011213987350367,6.897704943128636,0.0,7.6487397889562425,1.0,0.0,2,1,3,1,4,8,8,1,3,1998.0,2,2.0,583.0,3,3,2,5.537334267018537,5.14166355650266,0.0,0.0,0.0,0,0.0,6,2006,8.072779333169498,3.5,8,8,1,1,1,0,0,0,0,0,0,0,0,0,0,1,0,0,0,0,0,0,0,0,1,0,0,1,0,0,0,1,1,0,1,0,0,0,0,0,0,0,0,0,1,0,0,0,0,0,0,0,0,0,0,0,0,0,0,0,0,0,0,0,0,0,1,0,0,0,0,0,0,0,0,1,0,0,0,0,0,1,0,0,0,0,0,0,0,0,0,1,0,0,0,1,0,0,0,0,1,0,0,0,0,0,0,0,0,0,0,0,0,0,0,0,0,0,0,1,0,0,0,0,0,0,0,0,0,0,0,0,0,0,0,1,0,0,0,0,1,0,0,0,1,0,0,0,0,1,0,0,0,0,0,0,0,0,1,0,0,0,0,0,1,0,0,0,0,0,0,0,0,0,1,0,0,0,0,1,0
4.5217885770490405,9.34145634983372,4,3,10,5,2001,2002,6.559615237493242,5,3,5,3,4,6,7.1569563646156364,1,0.0,7.20934025660291,2633.0,5,1,7.876258882303226,0.0,0.0,7.876258882303226,1.0,0.0,2,1,2,1,5,8,8,2,4,2001.0,2,3.0,804.0,3,3,2,5.752572638825633,4.948759890378168,0.0,0.0,0.0,0,0.0,3,2007,8.569216219483389,3.5,6,5,1,1,1,0,0,0,0,0,1,0,0,0,0,0,0,0,0,0,0,0,0,0,1,0,0,1,0,0,0,1,1,0,0,0,0,0,1,0,0,0,0,0,0,0,0,0,0,0,0,0,0,0,1,0,0,0,0,0,0,0,0,0,0,0,1,0,0,0,0,0,0,0,0,1,0,0,0,0,0,1,0,0,0,0,0,0,1,0,0,0,0,0,0,0,0,1,0,0,1,0,0,0,0,0,0,0,0,0,0,0,0,0,0,0,0,0,0,1,0,0,0,0,0,0,0,0,0,0,0,0,0,0,0,1,0,0,0,1,0,0,0,0,1,0,0,0,0,1,0,0,0,0,0,0,0,0,1,0,1,0,0,0,0,0,0,0,0,0,0,0,0,0,1,0,0,0,0,1,0
4.454347296253507,9.271059107010888,4,3,7,5,2005,2005,0.0,4,3,4,3,1,1,0.0,1,0.0,6.934397209928558,1026.0,5,1,6.934397209928558,6.838405200847344,0.0,7.580189417944541,0.0,0.0,2,1,3,1,4,9,8,1,4,2005.0,3,3.0,936.0,3,3,2,5.043425116919247,5.351858133476067,0.0,0.0,0.0,0,0.0,7,2008,8.001355025826703,2.5,3,3,1,1,1,0,0,0,0,0,0,0,0,0,0,1,0,0,0,0,0,0,1,0,0,0,0,1,0,0,0,1,1,0,0,0,0,0,1,0,0,0,0,0,0,0,0,0,0,0,0,0,0,0,0,0,0,0,0,0,1,0,0,0,0,0,1,0,0,0,0,0,0,0,0,1,0,0,0,0,0,1,0,0,0,0,0,0,0,0,0,1,0,0,0,1,0,0,0,0,1,0,0,0,0,0,0,0,0,0,0,0,1,0,0,0,0,0,0,0,0,0,0,0,0,0,0,1,0,0,0,0,0,0,0,0,0,0,0,0,1,0,0,0,1,0,0,0,0,1,0,0,0,0,0,0,0,0,1,0,1,0,0,0,0,0,0,0,0,0,0,0,0,0,1,0,0,0,0,1,0
4.499809670330265,9.30492301446213,3,3,8,5,2007,2007,4.394449154672439,4,3,4,3,4,1,0.0,1,0.0,7.360103972989152,1571.0,5,1,7.360103972989152,0.0,0.0,7.360103972989152,0.0,0.0,2,0,3,1,4,7,8,1,4,2007.0,3,3.0,722.0,3,3,2,4.61512051684126,3.6109179126442243,0.0,0.0,0.0,0,0.0,12,2007,8.052933036797567,2.0,0,0,1,1,1,0,0,0,0,0,1,0,0,0,0,0,0,0,0,0,0,0,0,0,1,0,0,1,0,1,0,0,1,0,0,0,0,0,1,0,0,0,0,0,0,0,0,0,0,0,0,0,0,0,0,0,0,0,0,0,0,0,1,0,0,0,1,0,0,0,0,0,0,0,0,1,0,0,0,0,0,1,0,0,0,0,0,0,1,0,0,0,0,0,0,1,0,0,0,0,1,0,0,0,0,0,0,0,0,0,0,0,0,0,0,0,0,0,0,1,0,0,0,0,0,0,0,0,0,0,0,0,0,0,0,1,0,0,0,1,0,0,0,0,1,0,0,0,0,1,0,0,0,0,0,0,0,0,1,0,1,0,0,0,0,0,0,0,0,0,0,0,1,0,0,0,0,0,0,0,1
3.970291913552122,8.747193183526933,4,3,6,5,1930,1950,0.0,3,3,4,3,2,3,5.953243334287785,1,0.0,5.953243334287785,768.0,3,0,6.673297967767654,0.0,0.0,6.673297967767654,0.0,0.0,1,0,2,1,3,4,8,0,0,1925.0,1,1.0,160.0,2,3,2,0.0,4.955827057601261,0.0,0.0,0.0,0,0.0,4,2008,7.351799869057777,1.0,78,58,1,1,0,0,0,0,0,0,0,1,0,0,0,0,0,0,0,0,0,0,0,0,1,0,0,1,1,0,0,0,1,0,0,0,0,0,1,0,0,0,0,0,0,0,0,0,0,0,0,0,0,0,0,0,0,1,0,0,0,0,0,0,0,0,1,0,0,0,0,0,0,0,0,1,0,0,0,0,0,1,0,0,0,0,0,0,1,0,0,0,0,0,0,1,0,0,0,0,1,0,0,0,0,0,0,0,0,0,0,0,0,0,0,0,0,0,0,0,1,0,0,0,0,0,0,0,0,0,0,0,0,0,0,0,1,0,0,0,1,0,1,0,0,0,0,0,0,1,0,0,0,0,0,0,0,0,1,0,0,0,0,0,1,0,0,0,0,0,0,0,0,0,1,0,0,0,0,1,0
4.110873864173311,9.305559638557117,4,3,5,5,1941,1960,0.0,3,3,3,3,1,2,6.013715156042802,4,6.042632833682381,5.056245805348308,984.0,5,1,6.892641641172089,6.431331081933479,0.0,7.380879035564116,0.0,0.0,2,0,3,1,3,6,6,0,0,1977.0,1,2.0,660.0,3,3,2,0.0,4.23410650459726,0.0,0.0,0.0,0,0.0,7,2009,7.859026979751538,2.0,68,49,1,1,0,0,0,0,0,0,0,0,0,0,1,0,0,0,0,0,0,0,0,0,1,0,0,1,0,0,0,1,1,0,0,0,0,0,1,0,0,0,0,0,0,0,1,0,0,0,0,0,0,0,0,0,0,0,0,0,0,0,0,0,0,0,1,0,0,0,0,0,0,0,0,1,0,0,0,0,0,1,0,0,0,0,1,0,0,0,0,0,0,0,0,1,0,0,0,0,1,0,0,0,0,0,0,0,0,0,0,0,0,0,0,0,0,0,0,0,1,0,0,0,0,0,0,0,0,0,0,0,0,0,0,0,1,0,0,0,1,0,0,1,0,0,0,0,0,1,0,0,0,0,0,0,0,0,1,0,0,0,0,0,1,0,0,0,0,0,0,0,0,0,1,0,0,0,0,1,0
3.091042453358316,7.577633832602728,4,3,6,5,1973,1973,6.013715156042802,3,3,3,2,1,4,5.736572297479192,1,0.0,5.1647859739235145,483.0,3,1,6.182084906716632,6.22455842927536,0.0,6.895682697747868,0.0,0.0,1,1,2,1,3,5,8,0,0,1973.0,1,1.0,264.0,3,3,2,4.290459441148391,0.0,0.0,0.0,0.0,0,0.0,6,2006,7.293697720601438,1.5,33,33,1,1,0,0,0,1,0,0,0,0,0,0,0,0,0,0,0,0,0,0,0,0,0,1,0,1,0,0,0,1,1,0,0,0,0,0,1,0,0,1,0,0,0,0,0,0,0,0,0,0,0,0,0,0,0,0,0,0,0,0,0,0,0,0,1,0,0,0,0,0,0,0,0,1,0,0,0,0,0,0,0,0,1,0,0,0,0,0,0,1,0,0,0,1,0,0,0,0,1,0,0,0,0,0,0,0,0,0,0,0,0,1,0,0,0,0,0,0,0,0,0,0,0,0,0,0,1,0,0,0,0,0,0,0,0,0,0,1,0,0,0,1,0,0,0,0,0,1,0,0,0,0,0,0,0,0,1,0,0,0,0,0,1,0,0,0,0,0,0,0,0,0,1,0,0,0,0,1,0
4.30406509320417,9.183585634667363,4,3,5,5,2006,2007,0.0,3,3,4,3,1,1,0.0,1,0.0,5.953243334287785,384.0,4,1,6.626717749249025,6.46302945692067,0.0,7.240649694255466,0.0,0.0,2,1,3,1,4,7,8,0,0,2007.0,3,2.0,400.0,3,3,2,4.61512051684126,0.0,0.0,0.0,0.0,0,0.0,5,2008,7.483806687665835,2.5,2,1,1,1,0,0,0,0,0,0,0,0,0,0,0,0,0,0,1,0,0,0,0,0,1,0,0,1,0,0,0,1,1,0,0,0,0,0,1,0,0,0,0,0,0,0,0,0,0,0,0,0,0,0,0,0,0,0,0,0,0,0,1,0,0,0,1,0,0,0,0,0,0,0,0,1,0,0,0,0,0,1,0,0,0,0,0,0,0,0,0,0,0,1,0,1,0,0,0,0,1,0,0,0,0,0,0,0,0,0,0,0,0,0,0,0,0,0,0,1,0,0,0,0,0,0,0,0,0,0,0,0,0,0,0,1,0,0,0,0,1,0,0,0,1,0,0,0,0,1,0,0,0,0,0,0,0,0,1,0,0,0,1,0,0,0,0,0,0,0,0,0,0,0,1,0,0,0,0,1,0
3.828641396489095,9.013473543740192,4,3,3,3,1914,1950,0.0,3,2,3,2,1,3,5.318119993844216,1,0.0,6.495265555937008,864.0,3,0,6.762729506931879,0.0,0.0,6.762729506931879,1.0,0.0,1,0,2,1,3,5,8,0,0,1938.0,1,1.0,200.0,3,2,2,0.0,0.0,4.574710978503383,0.0,0.0,0,0.0,6,2010,7.455298485683291,2.0,96,60,1,1,0,0,0,0,0,0,0,1,0,0,0,0,0,0,0,0,0,0,0,0,1,0,0,1,0,0,0,1,1,0,0,0,0,0,1,0,0,0,0,0,0,0,1,0,0,0,0,0,0,0,0,0,0,0,0,0,0,0,0,0,0,0,1,0,0,0,0,0,0,0,0,1,0,0,0,0,0,1,0,0,0,0,0,0,1,0,0,0,0,0,0,1,0,0,0,0,1,0,0,0,0,0,0,0,0,0,0,0,0,0,0,0,0,0,1,0,0,0,0,0,0,0,0,0,0,0,0,0,0,0,1,0,0,0,0,0,1,0,1,0,0,0,0,0,0,1,0,0,0,0,0,1,0,0,0,0,0,0,0,0,1,0,0,0,0,0,0,0,0,0,1,0,0,0,0,1,0
4.30406509320417,9.46699606582284,3,3,6,7,1970,1970,0.0,3,3,3,3,2,4,6.763884908562435,1,0.0,5.831882477283517,1205.0,5,1,7.658227526161352,0.0,0.0,7.658227526161352,0.0,0.0,2,1,4,1,3,7,8,2,4,1970.0,3,2.0,550.0,3,3,2,0.0,3.7612001156935624,0.0,0.0,0.0,0,0.0,5,2008,8.108623268354595,2.5,38,38,1,1,1,0,0,0,0,0,1,0,0,0,0,0,0,0,0,0,0,0,0,0,1,0,0,1,0,0,0,1,1,0,1,0,0,0,0,0,0,0,0,0,0,0,0,0,0,0,0,1,0,0,0,0,0,0,0,0,0,0,0,0,0,0,1,0,0,0,0,0,0,0,0,1,0,0,0,0,0,1,0,0,0,0,0,0,1,0,0,0,0,0,0,1,0,0,0,0,1,0,0,0,0,0,0,0,0,0,1,0,0,0,0,0,0,0,0,0,0,0,0,0,0,0,0,0,0,0,0,0,1,0,0,0,0,0,0,0,1,0,0,1,0,0,0,0,0,1,0,0,0,0,0,0,0,0,1,0,1,0,0,0,0,0,0,0,0,0,0,0,0,0,1,0,0,0,0,1,0
4.110873864173311,8.881975184248867,4,3,7,7,1920,1950,0.0,3,3,2,3,1,1,0.0,1,0.0,6.391917113392602,596.0,5,1,6.906754778648554,6.639875833826536,0.0,7.47477218239787,1.0,0.0,1,1,4,1,4,8,8,0,0,1989.0,1,2.0,576.0,3,3,0,3.6109179126442243,0.0,5.402677381872279,0.0,0.0,0,0.0,10,2006,7.765993079407675,2.5,86,56,1,1,0,0,0,0,0,0,0,0,0,0,0,0,1,0,0,0,0,0,0,0,0,1,0,1,0,0,0,1,1,0,1,0,0,0,0,0,0,0,0,0,0,0,0,0,0,0,0,0,0,0,0,0,1,0,0,0,0,0,0,0,0,0,1,0,0,0,0,0,0,0,0,1,0,0,0,0,0,1,0,0,0,0,0,0,0,0,0,1,0,0,0,0,0,1,0,0,1,0,0,0,0,0,0,0,0,0,0,0,0,0,0,0,0,0,0,0,1,0,0,0,0,0,0,0,0,0,0,0,0,0,0,0,1,0,0,0,1,0,1,0,0,0,0,0,0,1,0,0,0,0,0,0,0,0,1,0,0,0,0,0,1,0,0,0,0,0,0,0,0,0,1,0,0,0,0,1,0
4.276666119016055,10.14013945387513,4,3,5,7,1918,2007,0.0,3,4,3,3,1,1,0.0,1,0.0,6.705639094860003,816.0,5,1,7.256297239690681,0.0,0.0,7.256297239690681,0.0,0.0,2,0,3,1,4,7,8,0,0,2007.0,1,2.0,576.0,3,3,0,0.0,0.0,4.727387818712341,0.0,0.0,0,0.0,8,2007,7.711101251840158,2.0,89,0,1,1,0,0,0,0,0,0,0,1,0,0,0,0,0,0,0,0,0,0,0,0,1,0,0,1,0,0,0,1,1,0,0,0,0,0,1,0,0,0,0,0,0,0,0,0,0,0,0,0,0,0,0,0,0,0,1,0,0,0,0,0,0,0,1,0,0,0,0,0,0,0,0,1,0,0,0,0,0,1,0,0,0,0,0,0,1,0,0,0,0,0,0,1,0,0,0,0,1,0,0,0,0,0,0,0,0,0,0,0,0,0,0,0,0,0,0,0,1,0,0,0,0,0,0,0,0,0,0,0,0,0,0,0,1,0,0,0,1,0,1,0,0,0,0,0,0,1,0,0,0,0,0,0,0,0,1,0,1,0,0,0,0,0,0,0,0,0,0,0,0,0,1,0,0,0,0,1,0
4.110873864173311,9.11173476822206,4,3,6,5,1939,1950,0.0,3,3,3,3,2,3,5.3230099791384085,1,0.0,5.877735781779639,560.0,3,1,6.54965074223381,6.329720905522696,0.0,7.138073034044347,0.0,0.0,1,0,2,1,3,6,8,0,0,1939.0,1,1.0,280.0,3,3,1,0.0,0.0,0.0,0.0,0.0,0,0.0,10,2009,7.506042178518122,1.0,70,59,1,1,0,0,0,0,0,0,0,0,0,0,1,0,0,0,0,0,0,0,0,0,1,0,0,1,0,0,0,1,1,0,0,0,0,0,1,0,0,0,0,0,0,0,1,0,0,0,0,0,0,0,0,0,0,0,0,0,0,0,0,0,0,0,1,0,0,0,0,0,0,0,0,1,0,0,0,0,0,1,0,0,0,0,1,0,0,0,0,0,0,0,0,1,0,0,0,0,1,0,0,0,0,0,0,0,0,0,0,0,0,0,0,0,0,0,0,0,0,1,0,0,0,0,0,0,0,0,0,0,0,0,0,0,0,1,0,0,1,0,1,0,0,0,0,0,0,1,0,0,0,0,0,0,0,0,1,0,0,0,0,0,1,0,0,0,0,0,0,0,0,0,1,0,0,0,0,1,0
3.713572066704308,8.600982717145921,4,3,4,8,1922,2007,0.0,3,4,3,3,1,4,6.601230118728877,1,0.0,4.127134385045092,796.0,4,1,6.680854678790215,5.883322388488279,0.0,7.051855622955894,1.0,0.0,1,0,3,1,4,7,8,0,0,1922.0,1,1.0,240.0,3,3,0,0.0,4.574710978503383,0.0,0.0,0.0,0,0.0,5,2010,7.576097340623111,2.0,88,3,1,1,0,0,0,0,0,0,0,0,0,0,1,0,0,0,0,0,0,0,0,0,0,1,0,1,0,0,0,1,1,0,0,0,0,0,1,0,0,0,0,0,0,0,0,0,1,0,0,0,0,0,0,0,0,0,0,0,0,0,0,0,0,0,1,0,0,0,0,0,0,0,0,1,0,0,0,0,0,1,0,0,0,0,1,0,0,0,0,0,0,0,0,1,0,0,0,0,1,0,0,0,0,0,0,0,0,0,0,0,0,0,0,0,0,0,0,1,0,0,0,0,0,0,0,0,0,0,0,0,0,0,0,1,0,0,0,0,1,0,1,0,0,0,0,0,0,1,0,0,0,0,0,0,0,0,1,0,0,0,0,0,1,0,0,0,0,0,0,0,0,0,1,0,0,0,0,1,0
4.394449154672439,9.722744748855389,3,3,7,5,1978,1978,5.220355825078324,3,3,4,3,1,4,6.673297967767654,2,6.152732694704104,4.897839799950911,1392.0,3,1,7.239214973779806,7.239214973779806,0.0,7.932003152361385,1.0,0.0,3,1,5,1,4,12,8,2,3,1978.0,2,2.0,564.0,3,3,2,0.0,4.727387818712341,0.0,0.0,6.089044875446846,519,7.601402334583733,7,2006,8.337348564497175,4.5,28,28,1,1,1,0,0,0,0,0,0,0,0,0,0,1,0,0,0,0,0,0,0,0,1,0,0,1,0,0,0,1,1,0,0,0,0,0,1,0,0,0,0,0,0,0,0,0,0,0,0,0,0,1,0,0,0,0,0,0,0,0,0,0,0,0,0,0,0,0,1,0,0,0,0,1,0,0,0,0,0,1,0,0,0,0,0,0,0,0,0,1,0,0,0,1,0,0,0,0,1,0,0,0,0,0,0,0,0,0,0,0,0,0,0,0,1,0,0,0,0,0,0,0,0,0,0,0,0,0,0,0,1,0,0,0,0,0,0,1,0,0,0,1,0,0,0,0,0,1,0,0,0,0,0,0,0,0,1,0,1,0,0,0,0,0,0,0,0,0,0,0,0,0,1,0,0,0,0,1,0
4.110873864173311,9.050288983827956,4,3,6,7,1916,1950,0.0,3,4,3,3,1,3,5.1298987149230735,2,6.304448802421981,0.0,714.0,3,0,7.417580402414544,6.760414691083428,0.0,7.834788107388194,0.0,0.0,2,0,5,1,4,10,8,1,4,1916.0,1,1.0,216.0,3,3,2,4.48863636973214,2.772588722239781,0.0,0.0,0.0,0,0.0,8,2007,8.083637203141548,2.0,91,57,1,1,1,0,0,0,0,0,0,0,0,0,1,0,0,0,0,0,0,0,0,0,0,1,0,1,0,0,0,1,1,0,0,0,0,0,1,0,0,0,0,0,0,0,0,0,0,0,0,0,0,0,0,0,1,0,0,0,0,0,0,0,1,0,0,0,0,0,0,0,0,0,0,1,0,0,0,0,0,1,0,0,0,0,1,0,0,0,0,0,0,0,0,1,0,0,0,0,1,0,0,0,0,0,0,0,0,0,0,0,0,0,0,0,0,0,1,0,0,0,0,0,0,0,0,0,0,0,0,0,0,0,1,0,0,0,0,0,1,0,1,0,0,0,0,0,0,0,1,0,0,0,0,0,0,0,1,0,0,0,0,0,1,0,0,1,0,0,0,0,0,0,0,0,0,0,1,0,0
3.7612001156935624,9.608646582885868,3,3,9,5,2006,2007,5.081404364984463,5,3,5,3,4,6,7.186144304522325,1,0.0,6.056784013228625,1746.0,5,1,7.465655310134056,0.0,0.0,7.465655310134056,1.0,0.0,2,0,3,1,5,7,8,2,4,2006.0,3,3.0,758.0,3,3,2,5.308267697401205,3.6888794541139363,0.0,0.0,0.0,0,0.0,10,2009,8.158516244806831,3.0,3,2,1,1,1,0,0,0,0,0,1,0,0,0,0,0,0,0,0,0,0,0,0,0,1,0,0,1,0,1,0,0,1,0,0,1,0,0,0,0,0,0,0,0,0,0,0,1,0,0,0,0,0,0,0,0,0,0,0,0,0,0,0,0,0,0,1,0,0,0,0,0,0,0,0,1,0,0,0,0,0,1,0,0,0,0,0,0,1,0,0,0,0,0,0,1,0,0,0,0,1,0,0,0,0,0,0,0,0,0,0,0,0,0,0,0,0,0,0,1,0,0,0,0,0,0,0,0,0,0,0,0,0,0,0,1,0,0,0,0,0,1,0,0,1,0,0,0,0,1,0,0,0,0,0,0,0,0,1,0,1,0,0,0,0,0,0,0,0,0,0,0,0,0,1,0,0,0,0,1,0
4.110873864173311,8.699681400989514,4,3,6,6,1941,1950,0.0,3,4,3,4,1,5,5.929589143389895,1,0.0,5.8888779583328805,735.0,5,1,6.76849321164863,5.857933154483459,0.0,7.105786129481271,0.0,1.0,1,0,3,1,3,6,8,1,4,2003.0,1,2.0,440.0,3,3,2,0.0,0.0,0.0,0.0,0.0,0,0.0,3,2007,7.577633832602728,1.5,66,57,1,1,1,0,0,0,0,0,0,0,0,0,1,0,0,0,0,0,0,0,0,0,0,1,0,1,0,0,0,1,1,0,0,0,0,0,1,0,0,0,1,0,0,0,0,0,0,0,0,0,0,0,0,0,0,0,0,0,0,0,0,0,0,0,1,0,0,0,0,0,0,0,0,1,0,0,0,0,0,1,0,0,0,0,1,0,0,0,0,0,0,0,0,1,0,0,0,0,1,0,0,0,0,0,0,0,0,0,0,0,0,0,0,0,0,0,0,0,1,0,0,0,0,0,0,0,0,0,0,0,0,0,0,0,1,0,0,0,1,0,1,0,0,0,0,0,0,1,0,0,0,0,0,0,0,0,1,0,0,0,0,0,1,0,0,0,0,0,0,0,0,0,1,0,0,0,0,1,0
4.2626798770413155,9.116139576577355,4,3,7,5,2000,2000,5.501258210544727,4,3,4,3,3,6,7.244941546337007,1,0.0,4.836281906951478,1525.0,5,1,7.330405211844402,0.0,0.0,7.330405211844402,1.0,0.0,2,0,3,1,4,6,8,0,0,2000.0,2,2.0,541.0,3,3,2,5.393627546352362,3.6109179126442243,0.0,0.0,0.0,0,0.0,9,2006,8.02322468471667,3.0,6,6,1,1,0,0,0,0,0,0,1,0,0,0,0,0,0,0,0,0,0,0,0,0,1,0,0,1,0,0,0,1,1,0,0,0,0,0,1,0,0,0,0,0,1,0,0,0,0,0,0,0,0,0,0,0,0,0,0,0,0,0,0,0,0,0,1,0,0,0,0,0,0,0,0,1,0,0,0,0,0,1,0,0,0,0,0,0,1,0,0,0,0,0,0,1,0,0,0,0,1,0,0,0,0,0,0,0,0,0,0,0,0,0,0,0,0,0,0,1,0,0,0,0,0,0,0,0,0,0,0,0,0,0,0,1,0,0,0,1,0,0,0,0,1,0,0,0,0,1,0,0,0,0,0,0,0,0,1,0,1,0,0,0,0,0,0,0,0,0,0,0,0,0,1,0,0,0,0,1,0
4.189654742026425,9.09884999594282,4,3,5,5,1967,1967,0.0,3,3,3,3,1,1,0.0,1,0.0,7.368339686311381,1584.0,3,1,7.368339686311381,0.0,0.0,7.368339686311381,0.0,0.0,2,0,4,2,3,8,5,0,0,1967.0,1,3.0,792.0,3,3,2,0.0,5.030437921392435,0.0,0.0,0.0,0,0.0,4,2009,8.06117135969092,2.0,42,42,1,1,0,0,0,0,0,0,0,0,0,0,0,0,0,0,0,0,1,0,0,0,1,0,0,1,0,0,0,1,1,0,0,0,0,0,1,0,0,0,0,0,0,0,0,0,0,0,0,1,0,0,0,0,0,0,0,0,0,0,0,0,0,0,1,0,0,0,0,0,0,0,0,1,0,0,0,0,0,0,0,1,0,0,0,0,1,0,0,0,0,0,0,1,0,0,0,0,1,0,0,0,0,0,0,0,0,0,0,0,0,0,0,0,1,0,0,0,0,0,0,0,0,0,0,0,0,0,0,0,1,0,0,0,0,0,0,0,1,0,0,1,0,0,0,0,0,1,0,0,0,0,0,0,0,0,1,0,0,0,0,0,1,0,0,0,0,0,0,0,0,0,1,0,0,0,0,1,0
4.23410650459726,8.966866554188723,4,3,5,5,1967,1967,0.0,3,3,3,3,3,5,6.646390514847729,1,0.0,4.564348191467836,864.0,3,1,6.803505257608338,0.0,0.0,6.803505257608338,1.0,0.0,1,0,3,1,3,6,8,1,1,1967.0,2,1.0,288.0,3,3,2,5.170483995038151,4.976733742420574,0.0,0.0,0.0,0,0.0,12,2006,7.475905969367397,2.0,39,39,1,1,1,0,0,0,0,0,0,0,0,0,0,0,0,0,0,1,0,0,0,0,1,0,0,1,0,0,0,1,1,0,0,0,0,0,1,0,0,0,0,0,0,0,0,0,0,0,0,1,0,0,0,0,0,0,0,0,0,0,0,0,0,0,1,0,0,0,0,0,0,0,0,1,0,0,0,0,0,1,0,0,0,0,0,0,0,0,0,0,1,0,0,1,0,0,0,0,1,0,0,0,0,0,0,0,0,0,0,0,0,1,0,0,0,0,0,0,0,0,0,0,0,0,0,0,1,0,0,0,0,0,0,0,0,0,0,0,1,0,0,1,0,0,0,0,0,1,0,0,0,0,0,0,0,0,1,0,1,0,0,0,0,0,0,0,0,0,0,0,0,0,1,0,0,0,0,1,0
4.110873864173311,9.287394001418473,4,3,6,7,1905,2000,0.0,3,3,2,3,1,1,0.0,1,0.0,6.180016653652572,482.0,5,0,7.108244139731541,6.539585955617669,0.0,7.556427969440253,0.0,0.0,2,0,3,2,3,7,8,1,3,2003.0,1,2.0,672.0,4,3,2,0.0,3.258096538021482,5.3612921657094255,0.0,0.0,0,0.0,4,2008,7.781138509845015,2.0,103,8,1,1,1,0,0,0,0,1,0,0,0,0,0,0,0,0,0,0,0,0,0,0,0,1,0,1,0,0,0,1,1,0,0,0,0,0,1,0,0,0,0,0,0,0,0,0,0,0,0,0,0,0,0,0,1,0,0,0,0,0,0,0,0,0,1,0,0,0,0,0,0,0,0,1,0,0,0,0,0,0,1,0,0,0,1,0,0,0,0,0,0,0,0,1,0,0,0,0,1,0,0,0,0,0,0,0,0,0,0,0,0,0,0,0,0,0,0,0,1,0,0,0,0,0,0,0,0,0,0,0,0,0,0,0,1,0,0,0,1,0,1,0,0,0,0,0,0,1,0,0,0,0,0,0,0,0,1,0,0,0,0,0,1,0,0,0,0,0,0,0,0,0,1,0,0,0,0,1,0
3.9889840465642745,8.305484017727691,4,3,7,5,2006,2006,3.828641396489095,4,3,4,3,3,6,6.976348070447749,1,0.0,5.659482215759621,1356.0,5,1,7.313886831633462,0.0,0.0,7.313886831633462,1.0,0.0,2,0,2,1,4,6,8,1,4,2006.0,3,3.0,648.0,3,3,2,5.087596335232384,3.044522437723423,0.0,0.0,0.0,0,0.0,10,2006,7.957527402230773,3.0,0,0,1,1,1,1,0,0,0,0,0,0,0,0,0,0,0,0,0,0,0,0,0,0,1,0,0,1,0,0,0,1,1,0,0,0,0,0,1,1,0,0,0,0,0,0,0,0,0,0,0,0,0,0,0,0,0,0,0,0,0,0,0,0,0,0,1,0,0,0,0,0,0,0,0,1,0,0,0,0,0,0,0,0,0,1,0,0,1,0,0,0,0,0,0,0,0,1,0,0,1,0,0,0,0,0,0,0,0,0,0,0,0,0,0,0,0,0,0,1,0,0,0,0,0,0,0,0,0,0,0,0,0,0,0,1,0,0,0,1,0,0,0,0,1,0,0,0,0,1,0,0,0,0,0,0,0,0,1,0,1,0,0,0,0,0,0,0,0,0,0,0,1,0,0,0,0,0,0,0,1
4.48863636973214,9.446676517076376,3,3,8,5,2005,2006,5.5053315359323625,4,3,4,4,4,1,0.0,1,0.0,6.9985096422506015,1094.0,5,1,7.033506484287697,7.2078598714324755,0.0,7.817222785508166,0.0,0.0,2,1,4,1,4,9,8,1,4,2005.0,3,3.0,642.0,3,3,2,4.976733742420574,3.6888794541139363,0.0,0.0,0.0,0,0.0,2,2007,8.182279739259018,2.5,2,1,1,1,1,0,0,0,0,0,0,0,0,0,0,1,0,0,0,0,0,0,0,0,1,0,0,1,0,0,0,1,1,0,0,0,0,0,1,0,0,0,0,0,0,0,0,0,0,0,0,0,0,0,0,0,0,0,0,0,0,0,1,0,0,0,1,0,0,0,0,0,0,0,0,1,0,0,0,0,0,1,0,0,0,0,0,0,0,0,0,1,0,0,0,0,0,1,0,0,1,0,0,0,0,0,0,0,0,0,0,0,0,0,0,0,0,0,0,1,0,0,0,0,0,0,0,0,0,0,0,0,0,0,0,1,0,0,0,1,0,0,0,0,1,0,0,0,0,1,0,0,0,0,0,0,0,0,1,0,0,0,1,0,0,0,0,0,0,0,0,0,0,0,1,0,0,0,0,1,0
4.454347296253507,10.954326659732555,3,1,5,5,1948,1950,0.0,3,3,3,3,3,4,5.869296913133774,3,5.814130531825066,4.110873864173311,747.0,3,1,7.431299675155903,0.0,0.0,7.431299675155903,1.0,0.0,1,0,3,1,3,7,7,2,3,1966.0,1,2.0,572.0,3,3,0,0.0,0.0,3.9318256327243257,0.0,0.0,0,0.0,6,2010,7.79770203551669,2.0,62,60,1,1,1,0,0,0,0,0,1,0,0,0,0,0,0,0,0,0,0,0,0,0,1,0,0,1,1,0,0,0,1,0,0,0,0,0,1,0,0,0,0,0,0,0,0,0,0,0,0,0,0,0,0,0,0,0,0,0,0,0,1,0,0,0,1,0,0,0,0,0,0,0,0,1,0,0,0,0,0,1,0,0,0,0,0,0,1,0,0,0,0,0,0,1,0,0,0,0,1,0,0,0,0,0,0,0,0,0,0,0,0,0,0,0,0,0,0,0,1,0,0,0,0,0,0,0,0,0,0,0,0,0,0,0,1,0,0,0,1,0,0,1,0,0,0,0,0,1,0,0,0,0,0,0,0,0,1,0,0,0,0,0,1,0,0,0,0,0,0,0,0,0,1,0,0,0,0,1,0
3.9512437185814275,8.71948076085107,4,3,5,8,1920,2004,0.0,3,3,3,3,2,1,0.0,1,0.0,6.84587987526405,939.0,5,1,6.84587987526405,6.354370040797351,0.0,7.322510433997394,0.0,0.0,1,1,4,1,3,8,8,0,0,1933.0,1,1.0,180.0,2,2,0,3.2188758248682006,0.0,5.017279836814924,0.0,0.0,0,0.0,5,2007,7.8050670442584895,1.5,87,3,1,1,0,0,0,0,0,0,0,0,0,0,0,0,1,0,0,0,0,0,0,0,0,1,0,1,0,0,0,1,1,0,0,0,0,0,1,0,0,0,1,0,0,0,0,0,0,0,0,0,0,0,0,0,0,0,0,0,0,0,0,0,0,0,1,0,0,0,0,0,0,0,0,1,0,0,0,0,0,1,0,0,0,0,0,0,0,0,0,1,0,0,0,1,0,0,0,0,1,0,0,0,0,0,0,0,0,0,0,0,0,0,0,1,0,0,0,0,0,0,0,0,0,0,0,0,0,0,1,0,0,0,0,0,0,0,0,0,1,0,1,0,0,0,0,0,0,1,0,0,0,0,0,0,0,0,1,0,0,0,0,0,1,0,0,0,0,0,0,0,0,0,1,0,0,0,0,1,0
4.110873864173311,8.881975184248867,4,3,5,4,1950,1982,0.0,3,3,3,3,1,3,5.198497031265826,4,5.8664680569332965,6.517671272912275,1208.0,4,1,7.036148493750536,6.645090969505644,0.0,7.552237287560802,1.0,0.0,1,1,3,1,3,7,7,0,0,1950.0,1,1.0,240.0,3,3,2,0.0,0.0,5.1298987149230735,0.0,0.0,0,0.0,5,2009,8.043342170441608,2.5,59,27,1,1,0,0,0,0,0,0,0,0,0,0,1,0,0,0,0,0,0,0,0,0,1,0,0,1,0,0,0,1,1,0,0,0,0,0,1,0,0,0,0,0,0,0,0,0,0,0,0,1,0,0,0,0,0,0,0,0,0,0,0,0,0,0,1,0,0,0,0,0,0,0,0,1,0,0,0,0,0,1,0,0,0,0,1,0,0,0,0,0,0,0,0,1,0,0,0,0,1,0,0,0,0,0,0,0,0,0,0,0,0,0,0,0,0,0,0,1,0,0,0,0,0,0,0,0,0,0,0,0,0,0,0,0,1,0,0,0,1,0,0,1,0,0,0,0,0,1,0,0,0,0,1,0,0,0,0,0,1,0,0,0,0,0,0,0,0,0,0,0,0,0,1,0,0,0,0,1,0
3.9512437185814275,8.72777821348305,4,3,6,6,1925,1990,0.0,3,3,3,3,1,4,5.579729825986222,1,0.0,6.569481420414296,976.0,5,1,7.057036981697891,6.1070228877422545,0.0,7.3833681469923835,0.0,0.0,2,1,3,1,4,7,8,1,4,1925.0,1,1.0,216.0,2,3,2,4.997212273764115,2.833213344056216,0.0,0.0,0.0,0,0.0,10,2009,7.85748078694253,2.5,84,19,1,1,1,0,0,0,0,0,0,0,0,0,1,0,0,0,0,0,0,0,0,0,1,0,0,1,0,0,0,1,1,0,0,0,0,0,1,0,0,0,0,0,0,0,0,0,0,0,0,0,0,0,0,0,0,1,0,0,0,0,0,0,0,0,1,0,0,0,0,0,0,0,0,1,0,0,0,0,0,1,0,0,0,0,1,0,0,0,0,0,0,0,0,1,0,0,0,0,1,0,0,0,0,0,0,0,0,0,0,0,0,0,0,0,0,0,0,0,0,1,0,0,0,0,0,0,0,0,0,0,0,0,0,0,0,1,0,0,1,0,1,0,0,0,0,0,0,1,0,0,0,0,0,0,0,0,1,0,0,0,0,0,1,0,0,0,0,0,0,0,0,0,1,0,0,0,0,1,0
3.9318256327243257,8.699681400989514,4,3,6,7,1929,1950,0.0,3,3,3,3,1,1,0.0,1,0.0,6.760414691083428,862.0,3,1,6.85751406254539,5.342334251964811,0.0,7.055312843339752,0.0,0.0,1,0,3,1,3,5,8,1,4,1929.0,2,1.0,208.0,3,3,2,0.0,0.0,4.727387818712341,0.0,0.0,0,0.0,7,2008,7.611347717403621,1.0,79,58,1,1,1,0,0,0,0,0,0,0,0,0,1,0,0,0,0,0,0,0,0,0,0,1,0,1,0,0,0,1,1,0,1,0,0,0,0,0,0,0,1,0,0,0,0,0,0,0,0,0,0,0,0,0,0,0,0,0,0,0,0,0,0,0,1,0,0,0,0,0,0,0,0,1,0,0,0,0,0,1,0,0,0,0,1,0,0,0,0,0,0,0,0,1,0,0,0,0,1,0,0,0,0,0,0,0,0,0,0,0,0,0,0,0,0,0,0,0,0,1,0,0,0,0,0,0,0,0,0,0,0,0,0,0,0,1,0,0,1,0,1,0,0,0,0,0,0,1,0,0,0,0,0,0,0,0,1,0,0,0,1,0,0,0,0,0,0,0,0,0,0,0,1,0,0,0,0,1,0
4.143134726391533,8.91139510724569,3,3,6,5,2004,2004,0.0,3,3,3,3,1,6,6.633318433280377,1,0.0,4.394449154672439,839.0,5,1,6.762729506931879,6.593044534142437,0.0,7.374001859350161,1.0,0.0,2,1,3,1,3,8,8,1,3,2004.0,3,2.0,398.0,3,3,2,4.61512051684126,4.330733340286331,0.0,0.0,0.0,0,0.0,4,2008,7.796880342783522,3.5,4,4,1,1,1,0,0,0,0,0,0,0,0,0,0,1,0,0,0,0,0,0,0,0,1,0,0,1,0,0,0,1,1,0,0,0,0,0,1,0,0,0,0,0,0,0,0,1,0,0,0,0,0,0,0,0,0,0,0,0,0,0,0,0,0,0,1,0,0,0,0,0,0,0,0,1,0,0,0,0,0,1,0,0,0,0,0,0,0,0,0,1,0,0,0,1,0,0,0,0,1,0,0,0,0,0,0,0,0,0,0,0,0,0,0,0,0,0,0,1,0,0,0,0,0,0,0,0,0,0,0,0,0,0,0,1,0,0,0,0,1,0,0,0,1,0,0,0,0,1,0,0,0,0,0,0,0,0,1,0,1,0,0,0,0,0,0,0,0,0,0,0,0,0,1,0,0,0,0,1,0
4.174387269895637,8.81922185757494,4,3,7,5,2006,2006,0.0,4,3,4,4,3,1,0.0,1,0.0,7.160069207596127,1286.0,5,1,7.166265974133638,0.0,0.0,7.166265974133638,0.0,0.0,2,0,2,1,4,6,8,1,4,2006.0,2,2.0,662.0,3,3,2,5.1298987149230735,4.02535169073515,0.0,0.0,0.0,0,0.0,7,2006,7.855932199718614,2.0,0,0,1,1,1,0,0,0,0,0,1,0,0,0,0,0,0,0,0,0,0,0,0,0,1,0,0,1,0,0,0,1,1,0,0,0,0,0,1,0,0,0,0,0,1,0,0,0,0,0,0,0,0,0,0,0,0,0,0,0,0,0,0,0,0,0,1,0,0,0,0,0,0,0,0,1,0,0,0,0,0,1,0,0,0,0,0,0,1,0,0,0,0,0,0,1,0,0,0,0,1,0,0,0,0,0,0,0,0,0,0,0,0,0,0,0,0,0,0,1,0,0,0,0,0,0,0,0,0,0,0,0,0,0,0,1,0,0,0,0,1,0,0,0,1,0,0,0,0,1,0,0,0,0,0,0,0,0,1,0,1,0,0,0,0,0,0,0,0,0,0,0,1,0,0,0,0,0,0,0,1
3.912023005428146,9.632793693113202,3,3,8,5,2007,2007,4.442651256490317,4,3,4,3,4,6,6.835184586147301,1,0.0,6.322565239927284,1485.0,5,1,7.289610521451167,0.0,0.0,7.289610521451167,1.0,0.0,2,0,3,1,4,6,8,0,0,2007.0,1,3.0,754.0,3,3,2,5.1298987149230735,5.081404364984463,0.0,0.0,0.0,0,0.0,8,2007,7.989560449333865,3.0,0,0,1,1,0,0,0,0,0,0,1,0,0,0,0,0,0,0,0,0,0,0,0,0,1,0,0,1,0,0,0,1,1,0,0,1,0,0,0,0,0,0,0,0,0,0,0,0,0,0,0,0,0,0,0,0,0,0,0,0,1,0,0,0,0,0,0,0,0,0,1,0,0,0,0,1,0,0,0,0,0,1,0,0,0,0,0,0,1,0,0,0,0,0,0,1,0,0,0,0,1,0,0,0,0,0,0,0,0,0,0,0,0,0,0,0,0,0,0,1,0,0,0,0,0,0,0,0,0,0,0,0,0,0,0,1,0,0,0,0,0,1,0,0,1,0,0,0,0,1,0,0,0,0,0,0,0,0,1,0,1,0,0,0,0,0,0,0,0,0,0,0,0,0,1,0,0,0,0,1,0
4.110873864173311,9.250618218474752,4,3,3,4,1915,1950,0.0,3,3,3,3,1,1,0.0,1,0.0,6.511745329644728,672.0,3,1,6.543911845564792,6.255750041753367,0.0,7.102499355774649,0.0,0.0,1,0,3,1,3,6,8,0,0,1998.0,1,3.0,936.0,3,3,2,5.37989735354046,0.0,5.081404364984463,0.0,0.0,0,0.0,1,2006,7.54274354536855,1.0,91,56,1,1,0,0,0,0,0,0,0,0,0,0,1,0,0,0,0,0,0,0,0,0,1,0,0,1,0,0,0,1,1,0,1,0,0,0,0,0,0,0,0,0,0,0,0,0,0,0,0,0,0,0,0,0,1,0,0,0,0,0,0,0,1,0,0,0,0,0,0,0,0,0,0,1,0,0,0,0,0,1,0,0,0,0,1,0,0,0,0,0,0,0,0,1,0,0,0,0,1,0,0,0,0,0,0,0,0,0,0,0,0,0,0,0,0,0,0,0,1,0,0,0,0,0,0,0,0,0,0,0,0,0,0,0,1,0,0,0,1,0,0,0,1,0,0,0,0,1,0,0,0,0,0,0,0,0,1,0,0,0,0,0,1,0,0,0,0,0,0,0,0,0,1,0,0,0,1,0,0
3.8066624897703196,8.254008590564844,3,2,8,5,2004,2005,5.1647859739235145,4,3,5,3,4,6,7.2254814727822945,1,0.0,5.402677381872279,1594.0,5,1,7.4067107301776405,0.0,0.0,7.4067107301776405,1.0,1.0,2,0,2,1,4,5,8,1,4,2004.0,3,2.0,482.0,3,3,2,4.859812404361672,3.9889840465642745,0.0,0.0,5.049856007249537,0,0.0,1,2008,8.083637203141548,3.5,4,3,1,1,1,1,0,0,0,0,0,0,0,0,0,0,0,0,0,0,0,0,0,0,0,1,0,1,0,1,0,0,1,0,0,0,0,0,1,0,0,0,0,0,0,1,0,0,0,0,0,0,0,0,0,0,0,0,0,0,0,0,0,0,0,0,1,0,0,0,0,0,0,0,0,1,0,0,0,0,0,0,0,0,0,1,0,0,1,0,0,0,0,0,0,0,0,1,0,0,1,0,0,0,0,0,0,0,0,0,0,0,1,0,0,0,0,0,0,0,0,0,0,0,0,0,0,1,0,0,0,0,0,0,0,0,0,0,0,0,0,1,0,0,1,0,0,0,0,1,0,0,0,0,0,0,0,0,1,0,1,0,0,0,0,0,0,0,0,0,0,0,0,0,1,0,0,0,0,1,0
4.2626798770413155,9.041448235493888,4,3,5,7,1972,2007,0.0,3,3,4,3,3,6,6.48768401848461,1,0.0,4.727387818712341,768.0,3,1,6.645090969505644,0.0,0.0,6.645090969505644,1.0,0.0,1,0,2,1,3,5,8,0,0,1988.0,1,2.0,396.0,3,3,2,4.07753744390572,0.0,0.0,0.0,0.0,0,0.0,3,2009,7.337587743538596,2.0,37,2,1,1,0,0,0,0,0,0,0,0,0,0,0,0,0,0,0,1,0,0,0,0,1,0,0,1,0,0,0,1,1,0,1,0,0,0,0,0,0,0,0,0,1,0,0,0,0,0,0,0,0,0,0,0,0,0,0,0,0,0,0,0,0,0,1,0,0,0,0,0,0,0,0,1,0,0,0,0,0,1,0,0,0,0,0,0,0,0,0,0,1,0,0,1,0,0,0,0,1,0,0,0,0,0,0,0,0,0,0,0,0,1,0,0,0,0,0,0,0,0,0,0,0,0,0,0,0,0,0,0,0,0,0,0,0,1,0,0,1,0,0,1,0,0,0,0,0,1,0,0,0,0,0,0,0,0,1,0,0,0,0,0,1,0,0,0,0,0,0,0,0,0,1,0,0,0,0,1,0
4.30406509320417,9.080345575359996,3,3,5,5,1985,1985,0.0,3,3,3,3,1,5,6.439350371100098,1,0.0,5.342334251964811,833.0,5,1,6.726233402358747,0.0,0.0,6.726233402358747,1.0,0.0,1,0,3,1,3,5,8,0,0,0.0,0,0.0,0.0,0,0,2,0.0,0.0,0.0,0.0,0.0,0,0.0,3,2009,7.418780882750794,2.0,24,24,0,1,0,0,0,0,0,0,1,0,0,0,0,0,0,0,0,0,0,0,0,0,1,0,0,1,0,0,0,1,1,0,1,0,0,0,0,0,0,0,0,0,0,0,0,0,0,0,1,0,0,0,0,0,0,0,0,0,0,0,0,0,0,0,1,0,0,0,0,0,0,0,0,1,0,0,0,0,0,1,0,0,0,0,0,0,1,0,0,0,0,0,0,1,0,0,0,0,1,0,0,0,0,0,0,0,0,0,0,0,0,1,0,0,0,0,0,0,0,0,0,0,0,0,0,0,0,0,0,0,1,0,0,0,0,0,0,0,1,0,0,1,0,0,0,0,0,1,0,0,0,0,0,0,0,0,1,0,0,0,0,0,0,1,0,0,0,0,0,0,0,0,1,0,0,0,0,1,0
4.110873864173311,8.954286157204713,4,3,4,7,1910,1950,0.0,3,3,2,3,1,1,0.0,1,0.0,6.434546518787453,622.0,4,1,6.60934924316738,6.434546518787453,0.0,7.218176838403408,0.0,0.0,1,0,3,1,3,6,8,0,0,1966.0,1,2.0,528.0,3,3,2,0.0,0.0,0.0,0.0,5.1298987149230735,0,0.0,6,2010,7.593877844605118,1.0,100,60,1,1,0,0,0,0,0,0,0,0,0,0,0,0,1,0,0,0,0,0,0,0,0,1,0,1,0,0,0,1,1,0,0,0,0,0,1,0,0,0,0,0,0,0,0,0,0,0,0,0,0,0,0,0,1,0,0,0,0,0,0,0,0,0,1,0,0,0,0,0,0,0,0,1,0,0,0,0,0,1,0,0,0,0,0,0,0,0,0,1,0,0,0,1,0,0,0,0,1,0,0,0,0,0,0,0,0,0,0,0,0,0,0,0,0,0,0,1,0,0,0,0,0,0,0,0,0,0,0,0,0,0,0,1,0,0,0,0,1,0,0,1,0,0,0,0,0,1,0,0,0,0,0,0,0,0,1,0,0,0,0,0,1,0,0,0,0,0,0,0,0,0,1,0,0,0,0,1,0
3.8501476017100584,9.93037288131751,3,3,7,6,1986,1991,4.820281565605037,3,4,4,3,1,1,0.0,1,0.0,6.674561391814426,791.0,4,1,7.1204443723924875,6.754604099487962,0.0,7.646831391430482,0.0,0.0,2,1,3,1,3,7,8,1,3,1986.0,3,2.0,542.0,3,3,2,5.8998973535824915,4.1588830833596715,0.0,0.0,0.0,0,0.0,11,2008,7.9672801789422,2.5,22,17,1,1,1,0,0,0,0,0,0,0,0,0,0,1,0,0,0,0,0,0,0,0,1,0,0,1,0,0,0,1,1,0,0,1,0,0,0,0,0,0,0,0,0,0,0,0,0,0,0,0,0,1,0,0,0,0,0,0,0,0,0,0,0,0,1,0,0,0,0,0,0,0,0,1,0,0,0,0,0,1,0,0,0,0,0,0,0,0,0,1,0,0,0,1,0,0,0,0,1,0,0,0,0,0,0,0,0,0,0,0,0,0,0,0,1,0,0,0,0,0,0,0,0,0,0,0,0,0,0,0,1,0,0,0,0,0,0,1,0,0,0,1,0,0,0,0,0,1,0,0,0,0,0,0,0,0,1,0,1,0,0,0,0,0,0,0,0,0,0,0,0,0,1,0,0,0,0,1,0
4.382026634673881,9.427143867544194,4,3,7,5,2001,2001,0.0,4,3,4,3,1,6,6.502790045915623,1,0.0,5.631211781821365,944.0,5,1,6.851184927493743,6.799055862058796,0.0,7.518064181233078,1.0,0.0,2,1,3,1,4,6,8,0,0,2001.0,2,2.0,622.0,3,3,2,0.0,3.828641396489095,0.0,0.0,0.0,0,0.0,6,2009,7.932003152361385,3.5,8,8,1,1,0,0,0,0,0,0,0,0,0,0,0,1,0,0,0,0,0,0,0,0,1,0,0,1,0,0,0,1,1,0,0,0,0,0,1,0,0,0,0,0,1,0,0,0,0,0,0,0,0,0,0,0,0,0,0,0,0,0,0,0,0,0,1,0,0,0,0,0,0,0,0,1,0,0,0,0,0,1,0,0,0,0,0,0,0,0,0,1,0,0,0,1,0,0,0,0,1,0,0,0,0,0,0,0,0,0,0,0,0,0,0,0,0,0,0,1,0,0,0,0,0,0,0,0,0,0,0,0,0,0,0,1,0,0,0,0,1,0,0,0,1,0,0,0,0,1,0,0,0,0,0,0,0,0,1,0,1,0,0,0,0,0,0,0,0,0,0,0,0,0,1,0,0,0,0,1,0
4.394449154672439,9.169622538697624,4,3,6,8,1950,2005,0.0,3,4,3,3,1,4,4.795790545596741,1,0.0,6.602587892189336,856.0,5,1,7.014814351275545,6.322565239927284,0.0,7.419979923661835,0.0,0.0,1,1,3,1,3,6,6,0,0,1950.0,1,1.0,271.0,3,3,2,0.0,0.0,0.0,0.0,0.0,0,0.0,9,2009,7.83399634170946,1.5,59,4,1,1,0,0,0,0,0,0,0,0,0,0,1,0,0,0,0,0,0,0,0,0,1,0,0,1,0,0,0,1,1,0,0,0,0,0,1,0,0,0,0,0,0,0,0,0,0,0,0,1,0,0,0,0,0,0,0,0,0,0,0,0,0,0,1,0,0,0,0,0,0,0,0,1,0,0,0,0,0,1,0,0,0,0,1,0,0,0,0,0,0,0,0,1,0,0,0,0,1,0,0,0,0,0,0,0,0,0,0,0,0,0,0,0,0,0,0,1,0,0,0,0,0,0,0,0,0,0,0,0,0,0,0,1,0,0,0,0,1,0,0,1,0,0,0,0,0,1,0,0,0,0,0,0,0,0,1,0,1,0,0,0,0,0,0,0,0,0,0,0,0,0,1,0,0,0,0,1,0
4.110873864173311,8.881975184248867,4,3,4,5,1949,1950,0.0,3,3,0,0,0,0,0.0,0,0.0,0.0,0.0,2,0,6.947937068614969,0.0,0.0,6.947937068614969,0.0,0.0,2,0,2,2,3,6,8,0,0,1956.0,1,2.0,420.0,3,3,2,0.0,0.0,0.0,0.0,0.0,0,0.0,6,2009,6.947937068614969,2.0,60,59,1,0,0,0,0,0,0,0,0,0,0,0,0,0,0,0,0,0,1,0,0,0,1,0,0,1,0,0,0,1,1,0,0,0,0,0,1,0,0,0,0,0,0,0,0,0,0,0,0,1,0,0,0,0,0,0,0,0,0,0,0,0,0,0,1,0,0,0,0,0,0,0,0,1,0,0,0,0,0,0,0,1,0,0,0,0,1,0,0,0,0,0,0,1,0,0,0,0,1,0,0,0,0,0,0,0,0,0,1,0,0,0,0,0,0,0,0,0,0,0,0,0,0,0,0,0,0,0,0,0,0,1,0,0,0,0,0,0,1,0,0,0,0,1,0,0,0,0,0,0,0,1,0,1,0,0,0,0,0,0,0,0,1,0,0,0,0,0,0,0,0,0,1,0,0,0,0,1,0
4.48863636973214,9.305195902988862,3,3,8,5,2005,2006,5.905361848054571,4,3,4,4,1,6,6.884486652042782,1,0.0,6.767343125265392,1844.0,5,1,7.520234556474628,0.0,0.0,7.520234556474628,1.0,0.0,2,0,2,1,4,7,8,1,4,2005.0,3,2.0,620.0,3,3,2,5.111987788356544,3.8066624897703196,0.0,0.0,0.0,0,0.0,9,2009,8.213110697596676,3.0,4,3,1,1,1,0,0,0,0,0,1,0,0,0,0,0,0,0,0,0,0,0,0,0,1,0,0,1,0,0,0,1,1,0,1,0,0,0,0,0,0,0,0,0,0,0,0,0,0,0,0,0,0,0,0,0,0,0,0,1,0,0,0,0,0,0,1,0,0,0,0,0,0,0,0,1,0,0,0,0,0,1,0,0,0,0,0,0,1,0,0,0,0,0,0,1,0,0,0,0,1,0,0,0,0,0,0,0,0,0,0,0,0,0,0,0,0,0,0,1,0,0,0,0,0,0,0,0,0,0,0,0,0,0,0,1,0,0,0,0,0,1,0,0,1,0,0,0,0,1,0,0,0,0,0,0,0,0,1,0,1,0,0,0,0,0,1,0,0,0,0,0,0,0,0,1,0,0,0,0,0
4.174387269895637,9.476849879195163,4,3,6,7,1923,2000,0.0,3,3,3,3,1,1,0.0,1,0.0,6.726233402358747,833.0,4,1,6.960347729101308,6.679599185844383,0.0,7.522400231387125,0.0,0.0,1,1,4,1,4,8,8,1,4,1922.0,1,2.0,370.0,3,3,0,0.0,0.0,0.0,0.0,5.3981627015177525,0,0.0,6,2008,7.894318063841624,1.5,85,8,1,1,1,0,0,0,0,0,0,0,0,0,1,0,0,0,0,0,0,0,0,0,1,0,0,1,1,0,0,0,1,0,0,0,0,0,1,0,0,0,1,0,0,0,0,0,0,0,0,0,0,0,0,0,0,0,0,0,0,0,0,0,0,0,1,0,0,0,0,0,0,0,0,1,0,0,0,0,0,1,0,0,0,0,1,0,0,0,0,0,0,0,0,0,1,0,0,0,1,0,0,0,0,0,0,0,0,0,0,0,0,0,0,0,0,0,0,0,1,0,0,0,0,0,0,0,0,0,0,0,0,0,0,0,1,0,0,0,1,0,1,0,0,0,0,0,0,1,0,0,0,0,0,0,0,0,1,0,0,0,0,0,1,0,0,0,0,0,0,0,0,0,1,0,0,0,0,1,0
3.9512437185814275,8.19863945529737,4,3,7,5,2007,2007,4.875197323201151,4,3,4,3,1,5,6.8966943316227125,1,0.0,5.988961416889864,1386.0,5,1,7.358830898342354,0.0,0.0,7.358830898342354,0.0,1.0,2,0,1,1,4,7,8,1,3,2007.0,2,3.0,660.0,3,3,2,4.969813299576001,3.044522437723423,0.0,0.0,0.0,0,0.0,5,2009,7.991592282068092,2.5,2,2,1,1,1,1,0,0,0,0,0,0,0,0,0,0,0,0,0,0,0,0,0,0,1,0,0,1,0,0,0,1,1,0,0,0,0,0,1,1,0,0,0,0,0,0,0,0,0,0,0,0,0,0,0,0,0,0,0,0,0,0,0,0,0,0,1,0,0,0,0,0,0,0,0,1,0,0,0,0,0,0,0,0,0,1,0,0,1,0,0,0,0,0,0,0,0,1,0,0,1,0,0,0,0,0,0,0,0,0,0,0,0,0,0,0,0,0,0,1,0,0,0,0,0,0,0,0,0,0,0,0,0,0,0,1,0,0,0,1,0,0,0,0,1,0,0,0,0,1,0,0,0,0,0,0,0,0,1,0,1,0,0,0,0,0,0,0,0,0,0,0,0,0,1,0,0,0,0,1,0
4.110873864173311,9.33617975681533,4,3,4,6,1885,1950,0.0,3,3,3,3,1,1,0.0,1,0.0,6.656726524178391,777.0,4,1,7.1284959456800365,6.951772164398911,0.0,7.736743682453495,0.0,0.0,2,0,4,2,3,11,8,0,0,1971.0,1,2.0,560.0,3,3,0,0.0,0.0,4.74493212836325,0.0,0.0,0,0.0,4,2010,8.028781162487148,2.0,125,60,1,1,0,0,0,0,0,1,0,0,0,0,0,0,0,0,0,0,0,0,0,0,0,1,0,1,0,0,0,1,1,0,0,0,0,0,1,0,0,0,0,0,0,0,0,0,0,0,0,0,0,0,0,0,1,0,0,0,0,0,0,0,0,0,1,0,0,0,0,0,0,0,0,1,0,0,0,0,0,0,1,0,0,0,0,0,0,0,0,1,0,0,0,1,0,0,0,0,1,0,0,0,0,0,0,0,0,0,0,0,0,0,0,0,0,0,0,1,0,0,1,0,0,0,0,0,0,0,0,0,0,0,0,0,0,0,0,0,1,0,0,0,1,0,0,0,0,1,0,0,0,0,0,0,0,0,1,0,0,0,0,0,1,0,0,0,0,0,0,0,0,0,1,0,0,0,0,1,0
4.5217885770490405,9.713899659750128,3,3,8,5,1998,1998,6.595780513961311,4,3,4,3,2,6,6.661854740545311,1,0.0,6.222576268071369,1284.0,5,1,7.1785454837637,7.039660349862076,0.0,7.804251383528112,1.0,0.0,2,1,3,1,4,7,8,1,3,1998.0,3,3.0,1069.0,3,3,2,0.0,4.844187086458591,0.0,0.0,0.0,0,0.0,5,2009,8.225503097566918,3.5,11,11,1,1,1,0,0,0,0,0,0,0,0,0,0,1,0,0,0,0,0,0,0,0,1,0,0,1,0,0,0,1,1,0,0,0,0,0,1,0,0,0,0,0,0,0,0,0,0,0,0,0,0,0,1,0,0,0,0,0,0,0,0,0,0,0,1,0,0,0,0,0,0,0,0,1,0,0,0,0,0,1,0,0,0,0,0,0,0,0,0,1,0,0,0,1,0,0,0,0,1,0,0,0,0,0,0,0,0,0,0,0,0,0,0,0,0,0,0,1,0,0,0,0,0,0,0,0,0,0,0,0,0,0,0,1,0,0,0,1,0,0,0,0,1,0,0,0,0,1,0,0,0,0,0,0,0,0,1,0,1,0,0,0,0,0,0,0,0,0,0,0,0,0,1,0,0,0,0,1,0
4.276666119016055,9.127502093667179,4,3,5,5,1963,1963,0.0,3,3,3,3,1,4,3.258096538021482,3,6.771935555839602,5.5134287461649825,1144.0,3,1,7.0431599159883405,0.0,0.0,7.0431599159883405,1.0,0.0,1,1,3,1,3,6,8,0,0,1962.0,1,1.0,336.0,3,3,2,0.0,4.48863636973214,0.0,0.0,0.0,0,0.0,8,2008,7.735870319952567,2.5,45,45,1,1,0,0,0,0,0,0,1,0,0,0,0,0,0,0,0,0,0,0,0,0,1,0,0,1,0,0,0,1,1,0,0,0,0,0,1,0,0,0,0,0,0,0,0,0,0,0,0,1,0,0,0,0,0,0,0,0,0,0,0,0,0,0,1,0,0,0,0,0,0,0,0,1,0,0,0,0,0,1,0,0,0,0,0,0,1,0,0,0,0,0,0,1,0,0,0,0,1,0,0,0,0,0,0,0,0,0,0,0,0,1,0,0,0,0,0,0,0,0,0,0,0,0,0,0,1,0,0,0,0,0,0,0,0,0,0,0,1,0,0,1,0,0,0,0,0,1,0,0,0,0,0,0,0,0,1,0,0,0,0,0,1,0,1,0,0,0,0,0,0,0,0,0,0,0,0,1,0
4.31748811353631,9.703938450075547,3,3,6,5,1969,1969,5.746203190540153,4,4,3,3,3,3,7.01301578963963,1,0.0,6.5998704992128365,1844.0,4,1,7.520234556474628,0.0,0.0,7.520234556474628,1.0,0.0,2,0,3,1,4,7,8,1,3,1969.0,2,2.0,540.0,3,3,2,0.0,4.30406509320417,5.37989735354046,0.0,0.0,0,0.0,12,2006,8.213110697596676,3.0,37,37,1,1,1,0,0,0,0,0,1,0,0,0,0,0,0,0,0,0,0,0,0,0,1,0,0,1,0,0,0,1,1,0,0,0,0,0,1,0,0,0,0,0,0,1,0,0,0,0,0,0,0,0,0,0,0,0,0,0,0,0,0,0,0,0,1,0,0,0,0,0,0,0,0,1,0,0,0,0,0,1,0,0,0,0,0,0,1,0,0,0,0,0,0,1,0,0,0,0,1,0,0,0,0,0,0,0,0,0,0,0,0,0,0,0,1,0,0,0,0,0,0,0,0,0,0,0,0,0,0,0,1,0,0,0,0,0,0,1,0,0,0,1,0,0,0,0,0,1,0,0,0,0,0,0,0,0,1,0,1,0,0,0,0,0,0,0,0,0,0,0,0,0,1,0,0,0,0,1,0
4.51085950651685,9.367429587218957,4,3,6,6,1968,1968,6.042632833682381,3,3,3,3,1,5,6.003887067106539,1,0.0,5.720311776607412,708.0,4,1,6.5638555265321274,6.5638555265321274,0.0,7.256297239690681,0.0,0.0,2,1,3,1,3,7,8,1,3,1968.0,2,2.0,776.0,3,3,2,0.0,5.135798437050262,0.0,0.0,4.787491742782046,0,0.0,5,2006,7.661527081358517,2.5,38,38,1,1,1,0,0,0,0,0,0,0,0,0,0,1,0,0,0,0,0,0,0,0,1,0,0,1,0,0,0,1,1,0,1,0,0,0,0,0,0,0,0,0,0,0,0,0,0,0,0,0,0,1,0,0,0,0,0,0,0,0,0,0,0,0,1,0,0,0,0,0,0,0,0,1,0,0,0,0,0,1,0,0,0,0,0,0,0,0,0,1,0,0,0,1,0,0,0,0,1,0,0,0,0,0,0,0,0,0,0,0,0,1,0,0,0,0,0,0,0,0,0,0,0,0,0,0,1,0,0,0,0,0,0,0,0,0,0,1,0,0,0,1,0,0,0,0,0,1,0,0,0,0,0,0,0,0,1,0,1,0,0,0,0,0,0,0,0,0,0,0,0,0,1,0,0,0,0,1,0
3.9889840465642745,8.304989580140361,4,3,6,5,1977,1977,0.0,3,3,4,3,1,5,5.8888779583328805,1,0.0,6.565264970035361,1069.0,3,1,6.975413927455952,0.0,0.0,6.975413927455952,0.0,0.0,2,0,2,1,3,4,8,1,2,1977.0,2,2.0,440.0,3,3,2,0.0,4.02535169073515,0.0,0.0,5.111987788356544,0,0.0,7,2010,7.668093709082406,2.0,33,33,1,1,1,1,0,0,0,0,0,0,0,0,0,0,0,0,0,0,0,0,0,0,1,0,0,1,0,0,0,1,1,0,0,0,0,0,1,0,0,0,0,0,0,0,0,0,0,0,0,0,1,0,0,0,0,0,0,0,0,0,0,0,0,0,1,0,0,0,0,0,0,0,0,1,0,0,0,0,0,0,0,0,0,1,0,0,1,0,0,0,0,0,0,1,0,0,0,0,1,0,0,0,0,0,0,0,0,0,0,0,0,0,0,0,1,0,0,0,0,0,0,0,0,0,0,0,0,0,0,0,1,0,0,0,0,0,0,0,1,0,0,1,0,0,0,0,0,1,0,0,0,0,0,0,0,0,1,0,1,0,0,0,0,0,0,0,0,0,0,0,0,0,1,0,0,0,0,1,0
3.6375861597263857,8.397508348470257,4,3,6,5,2003,2003,5.14166355650266,4,3,4,3,3,6,6.532334292222349,1,0.0,5.093750200806762,848.0,5,1,6.744059186311348,0.0,0.0,6.744059186311348,1.0,0.0,1,0,1,1,4,3,8,0,0,2003.0,3,2.0,420.0,3,3,2,4.948759890378168,0.0,0.0,0.0,0.0,0,0.0,3,2008,7.436617265234227,2.0,5,5,1,1,0,1,0,0,0,0,0,0,0,0,0,0,0,0,0,0,0,0,0,0,0,1,0,1,0,0,0,1,1,0,0,0,0,0,1,0,0,0,0,0,1,0,0,0,0,0,0,0,0,0,0,0,0,0,0,0,0,0,0,0,0,0,1,0,0,0,0,0,0,0,0,1,0,0,0,0,0,0,0,0,0,1,0,0,1,0,0,0,0,0,0,1,0,0,0,0,1,0,0,0,0,0,0,0,0,0,0,0,0,0,0,0,0,0,0,1,0,0,0,0,0,0,0,0,0,0,0,0,0,0,0,1,0,0,0,1,0,0,0,0,1,0,0,0,0,1,0,0,0,0,0,0,0,0,1,0,1,0,0,0,0,0,0,0,0,0,0,0,0,0,1,0,0,0,0,1,0
4.182050142641207,9.88791695754517,3,3,6,7,1966,1966,0.0,4,4,4,3,3,1,0.0,1,0.0,6.548219102762372,697.0,3,1,7.362645270417825,6.440946540632921,0.0,7.697121317282625,0.0,0.0,2,0,4,1,4,8,8,1,4,1966.0,1,2.0,432.0,4,4,2,6.375024819828097,5.4680601411351315,0.0,0.0,0.0,738,0.0,8,2006,7.972121128921655,2.0,40,40,1,1,1,0,0,0,0,0,0,0,0,0,0,0,0,0,1,0,0,0,0,0,1,0,0,1,0,0,0,1,1,0,0,1,0,0,0,0,0,0,0,0,0,0,1,0,0,0,0,0,0,0,0,0,0,0,0,0,0,0,0,0,0,0,1,0,0,0,0,0,0,0,0,1,0,0,0,0,0,1,0,0,0,0,0,0,0,0,0,0,0,1,1,0,0,0,0,0,0,0,0,0,1,0,0,0,0,0,0,0,0,0,0,0,1,0,0,0,0,0,0,0,0,0,0,0,0,0,0,0,1,0,0,0,0,0,0,0,1,0,0,1,0,0,0,0,0,1,0,0,0,0,0,0,0,0,1,0,1,0,0,0,0,0,0,0,0,0,0,0,0,0,1,0,0,1,0,0,0
4.30406509320417,9.159468041602427,4,3,5,5,1958,1983,0.0,3,3,3,3,1,5,6.126869184114185,3,5.926926025970411,5.267858159063328,1024.0,3,1,7.20414929203594,0.0,0.0,7.20414929203594,1.0,0.0,1,0,2,1,3,6,7,1,3,1970.0,1,1.0,484.0,3,3,2,5.75890177387728,3.367295829986474,0.0,0.0,0.0,0,0.0,6,2007,7.7702232041587855,2.0,49,24,1,1,1,0,0,0,0,0,1,0,0,0,0,0,0,0,0,0,0,0,0,0,1,0,0,1,0,0,0,1,1,0,0,0,0,0,1,0,0,0,0,0,0,0,0,0,0,0,0,1,0,0,0,0,0,0,0,0,0,0,0,0,0,0,1,0,0,0,0,0,0,0,0,1,0,0,0,0,0,1,0,0,0,0,0,0,1,0,0,0,0,0,0,0,0,1,0,0,1,0,0,0,0,0,0,0,0,0,0,0,0,1,0,0,0,0,0,0,0,0,0,0,0,0,0,0,1,0,0,0,0,0,0,0,0,0,0,0,1,0,0,1,0,0,0,0,0,1,0,0,0,0,0,0,0,0,1,0,0,0,0,0,1,0,0,0,0,0,0,0,0,0,1,0,0,0,0,1,0
4.394449154672439,9.280052984387483,3,3,6,6,1959,1959,5.497168225293202,4,3,3,3,1,1,0.0,1,0.0,7.133295954896068,1252.0,5,1,7.133295954896068,0.0,0.0,7.133295954896068,0.0,0.0,1,0,3,1,4,7,8,0,0,1960.0,1,2.0,528.0,3,3,2,0.0,3.6888794541139363,0.0,0.0,0.0,0,0.0,10,2008,7.826044013518965,1.0,49,49,1,1,0,0,0,0,0,0,1,0,0,0,0,0,0,0,0,0,0,0,0,0,1,0,0,1,0,0,0,1,1,0,0,0,0,0,1,0,0,0,0,0,0,0,0,0,0,0,0,1,0,0,0,0,0,0,0,0,0,0,0,0,0,0,1,0,0,0,0,0,0,0,0,1,0,0,0,0,0,1,0,0,0,0,0,0,1,0,0,0,0,0,0,0,0,1,0,0,1,0,0,0,0,0,0,0,0,0,0,0,0,1,0,0,0,0,0,0,0,0,0,0,0,0,0,0,1,0,0,0,0,0,0,0,0,0,0,0,0,1,0,1,0,0,0,0,0,1,0,0,0,0,0,0,0,0,1,0,0,0,0,0,1,0,0,0,0,0,0,0,0,0,1,0,0,0,0,1,0
4.406719247264253,9.300638009956963,3,3,7,5,1994,1994,6.1070228877422545,4,3,4,3,1,6,6.90875477931522,1,0.0,5.4116460518550396,1223.0,5,1,7.1098794630722715,6.807934943699926,0.0,7.662937850461535,1.0,0.0,2,1,3,1,4,5,8,2,3,1994.0,2,2.0,525.0,3,3,2,5.147494476813453,4.890349128221754,0.0,0.0,0.0,0,0.0,8,2008,8.11701408773731,3.5,14,14,1,1,1,0,0,0,0,0,0,0,0,0,0,1,0,0,0,0,0,0,0,0,1,0,0,1,0,0,0,1,1,0,0,0,0,0,1,0,0,0,0,0,0,0,0,0,0,0,0,0,0,0,1,0,0,0,0,0,0,0,0,0,0,0,1,0,0,0,0,0,0,0,0,1,0,0,0,0,0,1,0,0,0,0,0,0,0,0,0,1,0,0,0,1,0,0,0,0,1,0,0,0,0,0,0,0,0,0,0,0,0,0,0,0,0,0,0,1,0,0,0,0,0,0,0,0,0,0,0,0,0,0,0,1,0,0,0,1,0,0,0,0,1,0,0,0,0,1,0,0,0,0,0,0,0,0,1,0,1,0,0,0,0,0,0,0,0,0,0,0,0,0,1,0,0,0,0,1,0
4.110873864173311,9.299358068293836,4,3,5,6,1945,1950,0.0,3,3,3,3,1,4,6.364750756851911,1,0.0,5.811140992976701,913.0,3,1,6.955592608396297,6.236369590203704,0.0,7.351799869057777,1.0,0.0,1,1,3,1,3,6,8,1,3,1962.0,1,1.0,288.0,3,3,2,0.0,0.0,0.0,0.0,0.0,0,0.0,4,2008,7.812782818577581,2.5,63,58,1,1,1,0,0,0,0,0,0,0,0,0,1,0,0,0,0,0,0,0,0,0,1,0,0,1,1,0,0,0,1,0,0,0,0,0,1,0,0,0,0,0,0,0,0,0,0,0,0,1,0,0,0,0,0,0,0,0,0,0,0,0,1,0,0,0,0,0,0,0,0,0,0,1,0,0,0,0,0,1,0,0,0,0,1,0,0,0,0,0,0,0,0,1,0,0,0,0,1,0,0,0,0,0,0,0,0,0,0,0,0,0,0,1,0,0,0,0,0,0,0,0,0,0,0,0,0,0,1,0,0,0,0,0,0,0,0,0,1,0,0,1,0,0,0,0,0,1,0,0,0,0,1,0,0,0,0,0,1,0,0,0,0,0,0,0,0,0,0,0,0,0,1,0,0,0,0,1,0
4.110873864173311,8.881975184248867,4,3,5,7,1940,1992,5.68697535633982,3,4,3,3,1,4,6.236369590203704,1,0.0,5.631211781821365,788.0,3,1,6.690842277418564,0.0,0.0,6.690842277418564,1.0,0.0,1,0,2,1,4,4,8,2,4,1940.0,1,1.0,240.0,3,3,2,0.0,0.0,5.043425116919247,0.0,0.0,0,0.0,2,2010,7.373374309910049,2.0,70,18,1,1,1,0,0,0,0,0,0,1,0,0,0,0,0,0,0,0,0,0,0,0,0,1,0,1,0,0,0,1,1,0,1,0,0,0,0,0,0,0,0,0,0,0,0,0,0,0,0,0,0,0,0,0,1,0,0,0,0,0,0,0,0,0,1,0,0,0,0,0,0,0,0,1,0,0,0,0,0,1,0,0,0,0,0,0,1,0,0,0,0,0,0,1,0,0,0,0,1,0,0,0,0,0,0,0,0,0,0,0,0,0,0,1,0,0,0,0,0,0,0,0,0,0,0,0,0,0,1,0,0,0,0,0,0,0,0,0,0,1,0,1,0,0,0,0,0,1,0,0,0,0,0,0,0,0,1,0,1,0,0,0,0,0,0,0,0,0,0,0,0,0,1,1,0,0,0,0,0
4.394449154672439,9.4372368721597,3,3,6,7,1981,1981,5.739792912179234,4,4,4,3,1,4,6.520621127558696,1,0.0,6.637258031284457,1440.0,5,1,7.273092595999522,0.0,0.0,7.273092595999522,0.0,0.0,2,0,3,1,4,7,8,1,3,1981.0,3,2.0,467.0,3,3,2,0.0,0.0,4.605170185988092,0.0,0.0,0,0.0,4,2007,7.9658927350845286,2.0,26,26,1,1,1,0,0,0,0,0,1,0,0,0,0,0,0,0,0,0,0,0,0,0,1,0,0,1,0,0,0,1,1,0,1,0,0,0,0,0,0,0,0,0,0,0,0,0,0,0,0,0,0,1,0,0,0,0,0,0,0,0,0,0,0,0,1,0,0,0,0,0,0,0,0,1,0,0,0,0,0,1,0,0,0,0,0,0,1,0,0,0,0,0,0,1,0,0,0,0,1,0,0,0,0,0,0,0,0,0,0,0,0,0,0,1,0,0,0,0,0,0,0,0,0,0,0,0,0,0,1,0,0,0,0,0,0,0,0,1,0,0,0,1,0,0,0,0,0,1,0,0,0,0,0,0,0,0,1,0,1,0,0,0,0,0,0,0,0,0,0,0,0,0,1,0,0,0,0,1,0
4.110873864173311,9.995656440007505,1,3,5,5,2005,2005,0.0,4,3,4,4,3,1,0.0,1,0.0,6.597145701886651,732.0,5,1,6.5998704992128365,7.007600613951853,0.0,7.516977224604321,0.0,0.0,2,1,4,1,3,7,8,1,4,2005.0,3,2.0,372.0,3,3,2,4.61512051684126,3.713572066704308,0.0,0.0,0.0,0,0.0,7,2006,7.852050207265889,2.5,1,1,1,1,1,0,0,0,0,0,0,0,0,0,0,1,0,0,0,0,0,0,0,0,1,0,0,1,0,0,0,1,1,0,0,0,0,0,1,0,0,0,0,0,0,0,0,1,0,0,0,0,0,0,0,0,0,0,0,0,0,0,0,0,0,0,0,0,0,0,1,0,0,0,0,1,0,0,0,0,0,1,0,0,0,0,0,0,0,0,0,1,0,0,0,1,0,0,0,0,1,0,0,0,0,0,0,0,0,0,0,0,0,0,0,0,0,0,0,1,0,0,0,0,0,0,0,0,0,0,0,0,0,0,0,1,0,0,0,0,1,0,0,0,1,0,0,0,0,1,0,0,0,0,0,0,0,0,1,0,0,0,1,0,0,0,0,0,0,0,0,0,0,0,1,0,0,0,0,1,0
3.2188758248682006,8.502891406705377,3,3,6,6,1976,1976,0.0,3,3,4,3,1,2,6.8658910748834385,1,0.0,0.0,958.0,3,1,6.8658910748834385,0.0,0.0,6.8658910748834385,0.0,0.0,2,0,2,1,3,5,8,0,0,1976.0,2,2.0,440.0,3,3,2,0.0,4.110873864173311,0.0,0.0,0.0,0,0.0,10,2009,7.558516743045645,2.0,33,33,1,1,0,1,0,0,0,0,0,0,0,0,0,0,0,0,0,0,0,0,0,0,1,0,0,1,0,0,0,1,1,0,0,0,0,0,1,0,0,0,0,0,0,0,0,0,0,0,0,0,1,0,0,0,0,0,0,0,0,0,0,0,0,0,1,0,0,0,0,0,0,0,0,1,0,0,0,0,0,0,0,0,0,1,0,0,1,0,0,0,0,0,0,1,0,0,0,0,1,0,0,0,0,0,0,0,0,0,0,0,0,0,0,0,1,0,0,0,0,0,0,0,0,0,0,0,0,0,0,0,1,0,0,0,0,0,0,0,1,0,0,1,0,0,0,0,0,1,0,0,0,0,0,0,0,0,1,0,1,0,0,0,0,0,0,0,0,0,0,0,0,0,1,0,0,0,0,1,0
4.110873864173311,9.287394001418473,4,3,4,6,1927,2007,0.0,3,3,3,3,1,1,0.0,1,0.0,6.48768401848461,656.0,3,1,6.876264611890766,0.0,0.0,6.876264611890766,0.0,0.0,2,0,4,1,3,5,8,0,0,1928.0,1,1.0,216.0,2,2,2,0.0,0.0,0.0,0.0,0.0,0,0.0,8,2007,7.393263094763838,2.0,80,0,1,1,0,0,0,0,0,0,0,1,0,0,0,0,0,0,0,0,0,0,0,0,1,0,0,1,0,0,0,1,1,0,0,0,0,0,1,0,0,0,0,0,0,0,0,0,0,0,0,0,0,0,0,0,1,0,0,0,0,0,0,0,0,0,1,0,0,0,0,0,0,0,0,1,0,0,0,0,0,1,0,0,0,0,0,0,1,0,0,0,0,0,0,1,0,0,0,0,1,0,0,0,0,0,0,0,0,0,0,0,0,0,0,0,0,0,0,0,1,0,0,0,0,0,0,0,0,0,0,0,0,0,0,0,1,0,0,0,1,0,1,0,0,0,0,0,0,1,0,0,0,0,0,0,0,0,1,0,0,0,0,0,1,0,0,0,0,0,0,0,0,0,1,0,0,0,0,1,0
4.543294782270004,9.23620303150191,3,3,6,5,2000,2000,5.765191102784844,3,3,4,3,1,1,0.0,1,0.0,6.842683282238422,936.0,5,1,6.870053411798126,6.7226297948554485,0.0,7.491645473605133,1.0,0.0,2,1,3,1,3,8,8,1,3,2000.0,3,2.0,451.0,3,3,2,0.0,0.0,0.0,0.0,0.0,0,0.0,5,2008,7.911690520708339,3.5,8,8,1,1,1,0,0,0,0,0,0,0,0,0,0,1,0,0,0,0,0,0,0,0,1,0,0,1,0,0,0,1,1,0,0,0,0,0,1,0,0,0,0,0,0,0,0,1,0,0,0,0,0,0,0,0,0,0,0,0,0,0,0,0,0,0,1,0,0,0,0,0,0,0,0,1,0,0,0,0,0,1,0,0,0,0,0,0,0,0,0,1,0,0,0,1,0,0,0,0,1,0,0,0,0,0,0,0,0,0,0,0,0,0,0,0,0,0,0,1,0,0,0,0,0,0,0,0,0,0,0,0,0,0,0,1,0,0,0,1,0,0,0,0,1,0,0,0,0,1,0,0,0,0,0,0,0,0,1,0,1,0,0,0,0,0,0,0,0,0,0,0,0,0,1,0,0,0,0,1,0
4.394449154672439,9.76428295481558,4,2,5,5,1977,1977,0.0,3,3,3,3,1,5,6.842683282238422,1,0.0,5.25227342804663,1126.0,2,1,7.027314514039777,0.0,0.0,7.027314514039777,1.0,0.0,2,0,3,1,3,5,8,1,4,1977.0,2,2.0,484.0,3,3,1,5.69035945432406,3.7376696182833684,0.0,0.0,0.0,0,0.0,5,2006,7.720017940432244,3.0,29,29,1,1,1,0,0,0,0,0,1,0,0,0,0,0,0,0,0,0,0,0,0,0,1,0,0,1,0,0,1,0,1,0,0,0,0,0,1,0,0,0,0,0,0,0,0,0,0,0,1,0,0,0,0,0,0,0,0,0,0,0,0,0,0,0,1,0,0,0,0,0,0,0,0,1,0,0,0,0,0,1,0,0,0,0,0,0,1,0,0,0,0,0,0,1,0,0,0,0,1,0,0,0,0,0,0,0,0,0,1,0,0,0,0,0,0,0,0,0,0,0,0,0,0,1,0,0,0,0,0,0,0,0,0,0,0,0,0,0,1,0,0,1,0,0,0,0,0,1,0,0,0,0,0,0,0,0,1,0,1,0,0,0,0,0,0,0,0,0,0,0,0,0,1,0,0,0,0,1,0
4.394449154672439,9.036106025364846,4,3,6,9,1962,2005,5.472270673671475,4,4,3,3,1,1,0.0,1,0.0,7.1853870155804165,1319.0,3,1,7.338238150065589,0.0,0.0,7.338238150065589,1.0,0.0,1,1,3,1,4,7,8,1,4,1962.0,2,2.0,462.0,3,3,2,0.0,3.6109179126442243,0.0,0.0,0.0,0,0.0,7,2008,7.957527402230773,2.5,46,3,1,1,1,0,0,0,0,0,1,0,0,0,0,0,0,0,0,0,0,0,0,0,1,0,0,1,0,0,0,1,1,0,0,0,0,0,1,0,0,0,0,0,0,0,0,0,0,0,0,1,0,0,0,0,0,0,0,0,0,0,0,0,0,0,1,0,0,0,0,0,0,0,0,1,0,0,0,0,0,1,0,0,0,0,0,0,1,0,0,0,0,0,0,1,0,0,0,0,1,0,0,0,0,0,0,0,0,0,0,0,0,0,0,0,0,0,0,0,1,0,0,0,0,0,0,0,0,0,0,0,0,0,0,0,1,0,0,1,0,0,0,1,0,0,0,0,0,1,0,0,0,0,0,0,0,0,1,0,1,0,0,0,0,0,1,0,0,0,0,0,0,0,0,1,0,0,0,0,0
4.110873864173311,9.105090961257085,4,3,4,6,1971,1971,0.0,3,3,3,3,1,5,6.424869023905388,1,0.0,5.517452896464707,864.0,3,1,6.762729506931879,0.0,0.0,6.762729506931879,0.0,0.0,1,0,3,1,3,5,8,0,0,1974.0,1,2.0,528.0,3,3,2,0.0,0.0,0.0,0.0,0.0,0,0.0,5,2007,7.455298485683291,1.0,36,36,1,1,0,0,0,0,0,0,1,0,0,0,0,0,0,0,0,0,0,0,0,0,1,0,0,1,0,0,0,1,1,0,0,0,1,0,0,0,0,0,0,0,0,0,0,0,0,0,0,1,0,0,0,0,0,0,0,0,0,0,0,0,0,0,1,0,0,0,0,0,0,0,0,1,0,0,0,0,0,1,0,0,0,0,0,0,1,0,0,0,0,0,0,1,0,0,0,0,1,0,0,0,0,0,0,0,0,0,0,0,0,1,0,0,0,0,0,0,0,0,0,0,0,0,0,0,1,0,0,0,0,0,0,0,0,0,0,0,1,0,0,0,1,0,0,0,0,1,0,0,0,0,0,0,0,0,1,0,0,0,0,0,1,0,0,0,0,0,0,0,0,0,1,0,0,0,0,1,0
4.574710978503383,9.429074214801693,4,3,8,5,2008,2008,6.056784013228625,5,3,5,3,3,6,7.198183577101943,1,0.0,6.391917113392602,1932.0,5,1,7.566828479208331,0.0,0.0,7.566828479208331,1.0,0.0,2,0,2,1,5,7,8,1,4,2008.0,3,3.0,774.0,3,3,2,0.0,4.204692619390966,0.0,5.720311776607412,0.0,0,0.0,11,2008,8.259716961021523,3.0,0,0,1,1,1,0,0,0,0,0,1,0,0,0,0,0,0,0,0,0,0,0,0,0,1,0,0,1,0,0,0,1,1,0,0,0,1,0,0,0,0,0,0,0,0,0,0,0,0,0,0,0,0,0,0,1,0,0,0,0,0,0,0,0,0,0,1,0,0,0,0,0,0,0,0,1,0,0,0,0,0,1,0,0,0,0,0,0,1,0,0,0,0,0,0,0,0,1,0,0,1,0,0,0,0,0,0,0,0,0,0,0,0,0,0,0,0,0,0,1,0,0,0,0,0,0,0,0,0,0,0,0,0,0,0,1,0,0,0,0,0,1,0,0,1,0,0,0,0,1,0,0,0,0,0,0,0,0,1,0,1,0,0,0,0,0,0,0,0,0,0,0,1,0,0,0,0,0,0,0,1
4.51085950651685,8.910315776326016,4,3,6,7,1957,1996,0.0,3,3,3,3,1,6,6.398594934535208,1,0.0,5.746203190540153,912.0,3,1,7.1204443723924875,0.0,0.0,7.1204443723924875,1.0,0.0,1,0,2,1,3,6,8,0,0,1957.0,1,2.0,923.0,3,3,2,0.0,5.0689042022202315,5.0689042022202315,0.0,0.0,0,0.0,4,2010,7.67275789664251,2.0,53,14,1,1,0,0,0,0,0,0,1,0,0,0,0,0,0,0,0,0,0,0,0,0,0,1,0,1,0,0,0,1,1,0,0,0,0,0,1,0,0,0,0,0,0,0,0,0,0,0,0,0,0,0,0,0,1,0,0,0,0,0,0,0,1,0,0,0,0,0,0,0,0,0,0,1,0,0,0,0,0,1,0,0,0,0,0,0,1,0,0,0,0,0,0,1,0,0,0,0,1,0,0,0,0,0,0,0,0,0,0,0,0,0,0,1,0,0,0,0,0,0,0,0,0,0,0,0,0,0,1,0,0,0,0,0,0,0,0,0,1,0,0,1,0,0,0,0,0,1,0,0,0,0,1,0,0,0,0,0,1,0,0,0,0,0,0,0,0,0,0,0,0,0,1,0,0,0,0,1,0
4.394449154672439,9.357466436866476,4,3,7,6,1979,1979,4.574710978503383,3,3,3,3,1,6,5.755742213586912,3,4.709530201312334,4.74493212836325,539.0,3,1,6.947937068614969,6.530877627725885,0.0,7.453561871643373,0.0,0.0,2,1,3,1,3,6,8,1,3,1979.0,2,2.0,550.0,3,3,2,0.0,4.48863636973214,5.37989735354046,0.0,0.0,0,0.0,11,2007,7.725330037917135,2.5,28,28,1,1,1,0,0,0,0,0,0,0,0,0,0,1,0,0,0,0,0,0,0,0,1,0,0,1,0,0,0,1,1,0,0,0,0,0,1,0,0,0,0,0,0,0,0,0,0,0,0,0,0,1,0,0,0,0,0,0,0,0,0,0,0,0,1,0,0,0,0,0,0,0,0,1,0,0,0,0,0,1,0,0,0,0,0,0,0,0,0,0,0,1,0,0,0,1,0,0,1,0,0,0,0,0,0,0,0,0,0,0,0,1,0,0,0,0,0,0,0,0,0,0,0,0,0,0,1,0,0,0,0,0,0,0,0,0,0,1,0,0,0,1,0,0,0,0,0,1,0,0,0,0,0,0,0,0,1,0,1,0,0,0,0,0,0,0,0,0,0,0,0,0,1,0,0,0,0,1,0
4.382026634673881,9.352447388601012,3,2,6,7,1922,1994,0.0,3,3,5,3,1,1,0.0,1,0.0,6.3784261836515865,588.0,2,1,7.261225091971921,6.618738983517219,5.953243334287785,7.846198815497425,0.0,0.0,2,0,3,1,3,11,7,1,4,1993.0,3,2.0,672.0,3,3,2,6.068425588244111,0.0,0.0,0.0,0.0,0,0.0,9,2008,7.9229859587111955,2.0,86,14,1,1,1,0,0,0,0,0,0,0,0,0,0,0,1,0,0,0,0,0,0,0,1,0,0,1,1,0,0,0,1,0,0,0,0,0,1,0,0,0,0,0,0,1,0,0,0,0,0,0,0,0,0,0,0,0,0,0,0,0,0,0,0,0,1,0,0,0,0,0,0,0,0,1,0,0,0,0,0,1,0,0,0,0,0,0,0,1,0,0,0,0,0,1,0,0,0,0,1,0,0,0,0,0,0,0,0,0,0,0,0,0,0,1,0,0,0,0,0,0,0,0,0,0,0,0,0,0,1,0,0,0,0,0,0,0,0,0,1,0,1,0,0,0,0,0,0,1,0,0,0,0,0,0,0,0,1,0,0,0,0,0,1,0,0,0,0,0,0,0,0,0,1,0,0,0,0,1,0
4.2626798770413155,8.395477432732141,4,3,6,5,2004,2004,4.997212273764115,4,3,4,3,3,6,6.548219102762372,1,0.0,5.0238805208462765,848.0,5,1,6.744059186311348,0.0,0.0,6.744059186311348,1.0,0.0,1,0,1,1,4,3,8,1,3,2004.0,2,2.0,420.0,3,3,2,5.0106352940962555,0.0,0.0,0.0,0.0,0,0.0,5,2008,7.436617265234227,2.0,4,4,1,1,1,1,0,0,0,0,0,0,0,0,0,0,0,0,0,0,0,0,0,0,0,1,0,1,0,0,0,1,1,0,0,0,0,0,1,0,0,0,0,0,1,0,0,0,0,0,0,0,0,0,0,0,0,0,0,0,0,0,0,0,0,0,1,0,0,0,0,0,0,0,0,1,0,0,0,0,0,0,0,0,0,1,0,0,1,0,0,0,0,0,0,1,0,0,0,0,1,0,0,0,0,0,0,0,0,0,0,0,0,0,0,0,0,0,0,1,0,0,0,0,0,0,0,0,0,0,0,0,0,0,0,1,0,0,0,1,0,0,0,0,1,0,0,0,0,1,0,0,0,0,0,0,0,0,1,0,1,0,0,0,0,0,0,0,0,0,0,0,0,0,1,0,0,0,0,1,0
4.454347296253507,9.306014122044465,4,3,10,5,2008,2008,5.081404364984463,5,3,5,3,3,6,6.641182169740591,1,0.0,5.53338948872752,1017.0,5,1,6.934397209928558,6.889591308354466,0.0,7.60489448081162,1.0,0.0,2,1,3,1,5,10,8,1,5,2008.0,3,3.0,812.0,3,3,2,5.1298987149230735,3.970291913552122,0.0,0.0,0.0,0,0.0,4,2009,8.014666370464942,3.5,1,1,1,1,1,0,0,0,0,0,0,0,0,0,0,1,0,0,0,0,0,0,1,0,0,0,0,1,0,0,0,1,1,0,0,0,0,0,1,0,0,0,0,0,0,0,0,0,0,0,0,0,0,0,0,0,0,0,0,0,1,0,0,0,0,0,1,0,0,0,0,0,0,0,0,1,0,0,0,0,0,1,0,0,0,0,0,0,0,0,0,1,0,0,0,1,0,0,0,0,1,0,0,0,0,0,0,0,0,0,0,0,0,0,0,0,0,0,0,1,0,0,0,0,0,0,0,0,0,0,0,0,0,0,0,1,0,0,0,0,0,1,0,0,1,0,0,0,0,1,0,0,0,0,0,0,0,0,1,0,1,0,0,0,0,0,0,0,0,0,0,0,0,0,1,0,0,0,0,1,0
3.970291913552122,9.088737550216933,4,3,6,6,1916,1950,0.0,3,3,3,3,1,1,0.0,1,0.0,6.859614903654202,952.0,2,0,6.859614903654202,0.0,0.0,6.859614903654202,0.0,0.0,1,0,2,1,2,4,8,1,4,1916.0,1,1.0,192.0,2,1,1,0.0,4.59511985013459,0.0,0.0,3.713572066704308,0,0.0,5,2009,7.552237287560802,1.0,93,59,1,1,1,0,0,0,0,0,0,1,0,0,0,0,0,0,0,0,0,0,0,0,1,0,0,1,0,0,0,1,1,0,0,0,0,0,1,0,0,0,1,0,0,0,0,0,0,0,0,0,0,0,0,0,0,0,0,0,0,0,0,0,0,0,1,0,0,0,0,0,0,0,0,1,0,0,0,0,0,1,0,0,0,0,0,1,0,0,0,0,0,0,0,1,0,0,0,0,1,0,0,0,0,0,0,0,0,0,0,0,0,0,0,0,0,0,0,0,1,0,0,0,0,0,0,0,0,0,0,0,0,0,0,0,1,0,0,0,1,0,1,0,0,0,0,0,0,0,0,1,0,0,0,1,0,0,0,0,0,0,0,0,1,0,0,0,0,0,0,0,0,0,1,0,0,0,0,1,0
4.1588830833596715,9.04793908261736,4,3,7,5,2004,2004,4.672828834461906,4,3,4,3,3,1,0.0,1,0.0,7.260522598089852,1422.0,5,1,7.260522598089852,0.0,0.0,7.260522598089852,0.0,0.0,2,0,3,1,4,7,8,0,0,2004.0,2,2.0,626.0,3,3,2,5.262690188904886,4.110873864173311,0.0,0.0,0.0,0,0.0,11,2007,7.953318346560431,2.0,3,3,1,1,0,0,0,0,0,0,1,0,0,0,0,0,0,0,0,0,0,0,0,0,1,0,0,1,0,0,0,1,1,0,0,0,1,0,0,0,0,0,0,0,1,0,0,0,0,0,0,0,0,0,0,0,0,0,0,0,0,0,0,0,0,0,1,0,0,0,0,0,0,0,0,1,0,0,0,0,0,1,0,0,0,0,0,0,1,0,0,0,0,0,0,1,0,0,0,0,1,0,0,0,0,0,0,0,0,0,0,0,0,0,0,0,0,0,0,1,0,0,0,0,0,0,0,0,0,0,0,0,0,0,0,1,0,0,0,1,0,0,0,0,1,0,0,0,0,1,0,0,0,0,0,0,0,0,1,0,1,0,0,0,0,0,0,0,0,0,0,0,0,0,1,0,0,0,0,1,0
4.2626798770413155,9.036106025364846,4,3,6,5,1966,1966,0.0,3,3,3,3,4,2,5.236441962829949,3,6.4425401664681985,0.0,814.0,4,1,6.81783057145415,0.0,0.0,6.81783057145415,1.0,0.0,1,0,3,1,3,6,8,0,0,1990.0,1,1.0,240.0,3,3,2,0.0,0.0,5.53338948872752,0.0,0.0,0,0.0,5,2007,7.454719949364001,2.0,41,41,1,1,0,0,0,0,0,0,0,0,0,0,0,0,0,0,0,1,0,0,0,0,1,0,0,1,0,0,0,1,1,0,0,0,0,0,1,0,0,0,0,0,0,0,0,0,0,0,0,0,0,0,0,0,0,0,1,0,0,0,0,0,0,0,1,0,0,0,0,0,0,0,0,1,0,0,0,0,0,1,0,0,0,0,0,0,0,0,0,0,1,0,0,1,0,0,0,0,1,0,0,0,0,0,0,0,0,0,0,0,0,0,0,0,0,0,0,1,0,0,0,0,0,0,0,0,0,0,0,0,0,0,0,1,0,0,0,0,1,0,0,1,0,0,0,0,0,1,0,0,0,0,0,0,0,0,1,0,0,0,0,0,1,0,0,0,0,0,0,0,0,0,1,0,0,0,0,1,0
4.30406509320417,10.17133674723419,3,3,5,7,1962,1962,5.247024072160486,3,3,3,3,1,3,6.386879319362645,1,0.0,6.39024066706535,1188.0,3,1,7.080867896690782,0.0,0.0,7.080867896690782,0.0,0.0,1,0,3,1,3,6,8,0,0,1962.0,1,1.0,312.0,3,3,1,5.568344503761097,3.6888794541139363,0.0,0.0,0.0,0,0.0,4,2010,7.773594467360194,1.0,48,48,1,1,0,0,0,0,0,0,1,0,0,0,0,0,0,0,0,0,0,0,0,0,1,0,0,1,0,0,0,1,1,0,0,1,0,0,0,0,0,0,0,0,0,0,0,0,0,0,1,0,0,0,0,0,0,0,0,0,0,0,0,0,0,0,1,0,0,0,0,0,0,0,0,1,0,0,0,0,0,1,0,0,0,0,0,0,1,0,0,0,0,0,0,1,0,0,0,0,1,0,0,0,0,0,0,0,0,0,0,0,0,1,0,0,0,0,0,0,0,0,0,0,0,0,0,0,1,0,0,0,0,0,0,0,0,0,0,1,0,0,0,1,0,0,0,0,0,1,0,0,0,0,0,0,0,0,1,0,1,0,0,0,0,0,0,0,0,0,0,0,0,0,1,0,0,0,0,1,0
4.394449154672439,9.210440366976517,4,3,8,5,1995,1996,6.0844994130751715,4,3,4,3,1,6,6.984716320118266,1,0.0,4.955827057601261,1220.0,5,1,7.107425474110705,6.769641976852503,0.0,7.645397699428633,1.0,0.0,2,1,3,1,4,8,8,1,3,1995.0,2,2.0,556.0,3,3,2,0.0,4.189654742026425,0.0,0.0,0.0,0,0.0,12,2007,8.105005537547246,3.5,12,11,1,1,1,0,0,0,0,0,0,0,0,0,0,1,0,0,0,0,0,0,0,0,1,0,0,1,0,0,0,1,1,0,0,0,0,0,1,0,0,0,0,0,1,0,0,0,0,0,0,0,0,0,0,0,0,0,0,0,0,0,0,0,0,0,1,0,0,0,0,0,0,0,0,1,0,0,0,0,0,1,0,0,0,0,0,0,0,0,0,1,0,0,0,1,0,0,0,0,1,0,0,0,0,0,0,0,0,0,0,0,0,0,0,0,0,0,0,1,0,0,0,0,0,0,0,0,0,0,0,0,0,0,0,1,0,0,0,1,0,0,0,0,1,0,0,0,0,1,0,0,0,0,0,0,0,0,1,0,1,0,0,0,0,0,0,0,0,0,0,0,0,0,1,0,0,0,0,1,0
4.2626798770413155,9.373139262281274,4,3,4,7,1910,2000,0.0,3,3,2,3,1,1,0.0,1,0.0,6.329720905522696,560.0,4,0,6.680854678790215,6.311734809152915,0.0,7.205635176410364,0.0,0.0,1,1,2,1,3,6,6,0,0,1950.0,1,1.0,384.0,2,3,2,5.1298987149230735,3.2188758248682006,0.0,0.0,0.0,0,0.0,5,2007,7.553286605600419,1.5,97,7,1,1,0,0,0,0,0,0,0,0,0,0,1,0,0,0,0,0,0,0,0,0,1,0,0,1,0,0,0,1,1,0,0,0,0,0,1,0,0,0,0,0,0,0,1,0,0,0,0,0,0,0,0,0,0,0,0,0,0,0,0,0,0,0,1,0,0,0,0,0,0,0,0,1,0,0,0,0,0,1,0,0,0,0,0,0,0,0,0,1,0,0,0,1,0,0,0,0,1,0,0,0,0,0,0,0,0,0,0,0,0,0,0,1,0,0,0,0,0,0,0,0,0,0,0,0,1,0,0,0,0,0,0,0,0,0,0,0,1,0,0,1,0,0,0,0,0,1,0,0,0,0,0,0,0,0,1,0,0,0,0,0,1,0,0,0,0,0,0,0,0,0,1,0,0,0,0,1,0
3.091042453358316,7.335633981927201,4,3,5,7,1970,1970,0.0,3,3,4,3,3,6,6.317164686747284,1,0.0,4.356708826689592,630.0,5,1,6.447305862541213,0.0,0.0,6.447305862541213,1.0,0.0,1,0,1,1,5,3,8,0,0,0.0,0,0.0,0.0,0,0,2,0.0,0.0,0.0,0.0,0.0,0,0.0,8,2006,7.13966033596492,2.0,36,36,0,1,0,0,0,0,1,0,0,0,0,0,0,0,0,0,0,0,0,0,0,0,0,1,0,1,0,0,0,1,1,0,0,0,0,0,1,0,0,0,0,0,0,0,0,0,0,1,0,0,0,0,0,0,0,0,0,0,0,0,0,0,0,0,1,0,0,0,0,0,0,0,0,1,0,0,0,0,0,0,0,0,1,0,0,0,0,0,0,0,1,0,0,1,0,0,0,0,1,0,0,0,0,0,0,0,0,0,0,0,1,0,0,0,0,0,0,0,0,0,0,0,0,0,0,1,0,0,0,0,0,0,0,0,0,0,0,0,1,0,0,1,0,0,0,0,0,1,0,0,0,0,0,0,0,0,1,0,0,0,0,0,0,1,0,0,0,0,0,0,0,0,1,1,0,0,0,0,0
4.110873864173311,9.105090961257085,4,3,5,5,1974,1974,0.0,3,3,4,3,1,1,0.0,1,0.0,6.799055862058796,896.0,3,1,6.799055862058796,6.799055862058796,0.0,7.491645473605133,0.0,0.0,2,2,4,2,3,8,8,0,0,0.0,0,0.0,0.0,0,0,2,3.4965075614664802,3.828641396489095,0.0,0.0,0.0,0,0.0,9,2009,7.896924656268864,3.0,35,35,0,1,0,0,0,0,0,0,0,0,0,0,0,0,0,0,0,0,1,0,0,0,1,0,0,1,0,0,0,1,1,0,0,0,1,0,0,0,0,0,0,0,0,0,0,0,0,0,0,1,0,0,0,0,0,0,0,0,0,0,0,0,0,0,1,0,0,0,0,0,0,0,0,1,0,0,0,0,0,0,0,1,0,0,0,0,0,0,0,1,0,0,0,1,0,0,0,0,1,0,0,0,0,0,0,0,0,0,0,0,0,0,0,0,0,0,0,1,0,0,0,0,0,0,0,0,0,0,0,0,0,0,0,1,0,0,0,0,1,0,0,1,0,0,0,0,0,1,0,0,0,0,0,0,0,0,1,0,0,0,0,0,0,1,0,0,0,0,0,0,0,0,1,0,0,0,0,1,0
4.3694478524670215,9.133783249254028,4,3,8,5,2008,2009,5.272999558563747,4,3,4,3,1,1,0.0,1,0.0,7.3613754289773485,1573.0,5,1,7.364547014255642,0.0,0.0,7.364547014255642,0.0,0.0,2,0,3,1,5,7,8,1,4,2008.0,3,3.0,840.0,3,3,2,0.0,3.6109179126442243,0.0,0.0,0.0,0,0.0,5,2009,8.05579245097777,2.0,1,0,1,1,1,0,0,0,0,0,1,0,0,0,0,0,0,0,0,0,0,0,0,0,1,0,0,1,0,0,0,1,1,0,0,0,0,0,1,0,0,0,0,0,0,0,0,0,0,0,0,0,0,0,0,0,0,0,0,0,1,0,0,0,0,0,1,0,0,0,0,0,0,0,0,1,0,0,0,0,0,1,0,0,0,0,0,0,1,0,0,0,0,0,0,1,0,0,0,0,1,0,0,0,0,0,0,0,0,0,0,0,1,0,0,0,0,0,0,0,0,0,0,0,0,0,0,1,0,0,0,0,0,0,0,0,0,0,0,0,0,1,0,0,1,0,0,0,0,1,0,0,0,0,0,0,0,0,1,0,1,0,0,0,0,0,0,0,0,0,0,0,1,0,0,0,0,0,0,0,1
3.58351893845611,8.209580483475577,4,3,5,5,2005,2005,4.394449154672439,3,3,4,3,4,6,6.306275286948016,1,0.0,0.0,547.0,4,1,6.9782137426306985,0.0,0.0,6.9782137426306985,1.0,0.0,1,0,2,1,3,5,8,0,0,2005.0,3,2.0,525.0,3,3,2,0.0,3.367295829986474,0.0,0.0,0.0,0,0.0,5,2006,7.3901814282264295,2.0,1,1,1,1,0,0,0,0,1,0,0,0,0,0,0,0,0,0,0,0,0,0,0,0,0,1,0,1,0,0,0,1,1,0,0,0,0,0,1,0,0,0,0,0,0,0,1,0,0,0,0,0,0,0,0,0,0,0,0,0,0,0,0,0,0,0,1,0,0,0,0,0,0,0,0,1,0,0,0,0,0,0,0,0,0,1,0,0,0,0,0,0,0,1,0,1,0,0,0,0,1,0,0,0,0,0,0,0,0,0,0,0,0,0,0,0,0,0,0,1,0,0,0,0,0,0,0,0,0,0,0,0,0,0,0,1,0,0,0,1,0,0,0,0,1,0,0,0,0,1,0,0,0,0,0,0,0,0,1,0,0,1,0,0,0,0,0,0,0,0,0,0,0,0,1,0,0,0,0,1,0
4.51085950651685,9.7537106272179,4,3,5,5,2006,2006,0.0,3,3,4,3,1,1,0.0,1,0.0,7.039660349862076,1140.0,5,1,7.039660349862076,0.0,0.0,7.039660349862076,0.0,0.0,1,0,3,1,3,6,8,0,0,0.0,0,0.0,0.0,0,0,2,3.6109179126442243,4.04305126783455,0.0,0.0,0.0,0,0.0,7,2006,7.732369222284388,1.0,0,0,0,1,0,0,0,0,0,0,1,0,0,0,0,0,0,0,0,0,0,0,0,0,1,0,0,1,0,0,0,1,1,0,0,0,0,0,1,0,0,0,0,0,0,0,0,0,0,0,1,0,0,0,0,0,0,0,0,0,0,0,0,0,0,0,1,0,0,0,0,0,0,0,0,1,0,0,0,0,0,1,0,0,0,0,0,0,1,0,0,0,0,0,0,1,0,0,0,0,1,0,0,0,0,0,0,0,0,0,0,0,0,0,0,0,0,0,0,1,0,0,0,0,0,0,0,0,0,0,0,0,0,0,0,1,0,0,0,0,1,0,0,0,1,0,0,0,0,1,0,0,0,0,0,0,0,0,1,0,0,0,0,0,0,1,0,0,0,0,0,0,0,0,1,1,0,0,0,0,0
4.143134726391533,8.922791623969637,4,3,7,5,2004,2005,0.0,4,3,4,3,1,6,6.018593214496234,1,0.0,6.699500340161678,1221.0,5,1,7.108244139731541,0.0,0.0,7.108244139731541,1.0,0.0,2,0,2,1,4,6,8,0,0,2004.0,2,2.0,400.0,3,3,2,0.0,4.736198448394496,0.0,0.0,0.0,0,0.0,10,2009,7.8009820712577405,3.0,5,4,1,1,0,0,0,0,0,0,1,0,0,0,0,0,0,0,0,0,0,0,1,0,0,0,0,1,0,0,0,1,1,0,0,0,0,0,1,0,0,0,0,0,0,0,0,0,0,0,0,0,0,0,0,0,0,0,0,0,1,0,0,0,0,0,1,0,0,0,0,0,0,0,0,1,0,0,0,0,0,1,0,0,0,0,0,0,1,0,0,0,0,0,0,1,0,0,0,0,1,0,0,0,0,0,0,0,0,0,0,0,0,0,0,0,0,0,0,1,0,0,0,0,0,0,0,0,0,0,0,0,0,0,0,1,0,0,0,0,1,0,0,0,1,0,0,0,0,1,0,0,0,0,0,0,0,0,1,0,1,0,0,0,0,0,0,0,0,0,0,0,0,0,1,0,0,0,0,1,0
4.143134726391533,8.976893927666076,4,3,6,5,1999,2000,0.0,3,3,4,3,1,1,0.0,1,0.0,6.860663671448287,953.0,5,1,6.860663671448287,6.543911845564792,0.0,7.4073177104694174,0.0,0.0,2,1,3,1,3,7,8,1,3,1999.0,2,2.0,460.0,3,3,2,0.0,3.713572066704308,0.0,0.0,0.0,0,0.0,8,2007,7.8636512654486515,2.5,8,7,1,1,1,0,0,0,0,0,0,0,0,0,0,1,0,0,0,0,0,0,0,0,1,0,0,1,0,0,0,1,1,0,0,0,0,0,1,0,0,0,0,0,0,0,0,1,0,0,0,0,0,0,0,0,0,0,0,0,0,0,0,0,0,0,1,0,0,0,0,0,0,0,0,1,0,0,0,0,0,1,0,0,0,0,0,0,0,0,0,1,0,0,0,1,0,0,0,0,1,0,0,0,0,0,0,0,0,0,0,0,0,0,0,0,0,0,0,1,0,0,0,0,0,0,0,0,0,0,0,0,0,0,0,1,0,0,0,0,1,0,0,0,1,0,0,0,0,1,0,0,0,0,0,0,0,0,1,0,1,0,0,0,0,0,0,0,0,0,0,0,0,0,1,0,0,0,0,1,0
4.454347296253507,9.486152271857476,4,3,6,6,1978,1988,4.787491742782046,3,3,4,3,1,5,6.673297967767654,3,5.099866427824199,6.380122536899765,1542.0,3,1,7.637234388789473,0.0,0.0,7.637234388789473,1.0,0.0,2,0,3,1,3,7,7,2,3,1978.0,1,2.0,500.0,3,3,2,5.857933154483459,0.0,0.0,0.0,0.0,0,0.0,2,2010,8.193123721512068,3.0,32,22,1,1,1,0,0,0,0,0,1,0,0,0,0,0,0,0,0,0,0,0,0,0,1,0,0,1,0,0,0,1,1,0,0,0,0,0,1,0,0,0,0,0,0,0,0,0,0,0,0,0,0,1,0,0,0,0,0,0,0,0,0,0,0,0,1,0,0,0,0,0,0,0,0,1,0,0,0,0,0,1,0,0,0,0,0,0,1,0,0,0,0,0,0,1,0,0,0,0,1,0,0,0,0,0,0,0,0,0,0,0,0,0,0,0,1,0,0,0,0,0,0,0,0,0,0,0,0,0,0,0,1,0,0,0,0,0,0,0,0,1,0,1,0,0,0,0,0,1,0,0,0,0,0,0,0,0,1,0,1,0,0,0,0,0,0,0,0,0,0,0,0,0,1,0,0,0,0,1,0
4.204692619390966,9.10974625674048,4,3,7,9,1941,2006,0.0,5,4,3,4,1,6,5.62040086571715,1,0.0,6.777646593635117,1152.0,5,1,7.080867896690782,7.050122520269059,0.0,7.75833346749091,0.0,0.0,2,0,4,1,4,9,8,2,4,1941.0,2,1.0,252.0,3,3,2,0.0,4.110873864173311,0.0,0.0,0.0,0,7.824445930877619,5,2010,8.158516244806831,2.0,69,4,1,1,1,0,0,0,0,0,0,0,0,0,0,0,1,0,0,0,0,0,0,0,1,0,0,1,0,0,0,1,1,0,0,0,0,0,1,0,0,0,0,0,0,1,0,0,0,0,0,0,0,0,0,0,0,0,0,0,0,0,0,0,0,0,1,0,0,0,0,0,0,0,0,1,0,0,0,0,0,1,0,0,0,0,0,0,0,0,0,1,0,0,0,1,0,0,0,0,1,0,0,0,0,0,0,0,0,0,0,0,1,0,0,0,0,0,0,0,0,0,0,0,0,0,0,1,0,0,0,0,0,0,0,0,0,0,0,0,1,0,0,0,0,0,1,0,0,1,0,0,0,0,0,0,0,0,1,0,1,0,0,0,0,0,0,0,0,0,0,0,0,0,1,0,0,0,0,1,0
4.23410650459726,9.181735114965848,4,3,5,6,1950,1996,0.0,3,3,3,3,2,6,3.912023005428146,3,6.937314081223682,0.0,1078.0,4,1,6.983789965258135,0.0,0.0,6.983789965258135,1.0,0.0,1,0,2,1,4,5,8,0,0,1950.0,1,1.0,240.0,3,3,2,5.905361848054571,0.0,4.727387818712341,0.0,0.0,0,0.0,4,2010,7.676473646389156,2.0,60,14,1,1,0,0,0,0,0,0,1,0,0,0,0,0,0,0,0,0,0,0,0,0,1,0,0,1,0,0,0,1,1,0,0,0,0,0,1,0,0,0,0,0,0,0,0,0,0,0,0,1,0,0,0,0,0,0,0,0,0,0,0,0,0,0,1,0,0,0,0,0,0,0,0,1,0,0,0,0,0,1,0,0,0,0,0,0,1,0,0,0,0,0,0,0,0,1,0,0,1,0,0,0,0,0,0,0,0,0,0,0,0,0,0,1,0,0,0,0,0,0,0,0,0,0,0,0,0,0,1,0,0,0,0,0,0,0,0,0,1,0,0,1,0,0,0,0,0,1,0,0,0,0,1,0,0,0,0,0,1,0,0,0,0,0,0,0,0,0,0,0,0,0,1,0,0,0,0,1,0
4.330733340286331,9.204121072162266,4,3,5,6,1965,1965,0.0,4,3,3,3,1,4,6.7226297948554485,2,5.673323267171493,4.919980925828125,1256.0,4,1,7.136483208590247,0.0,0.0,7.136483208590247,1.0,0.0,1,1,3,1,3,6,8,0,0,1965.0,3,1.0,276.0,3,3,2,6.602587892189336,4.23410650459726,0.0,0.0,0.0,0,0.0,6,2008,7.829232537543592,2.5,43,43,1,1,0,0,0,0,0,0,1,0,0,0,0,0,0,0,0,0,0,0,0,0,1,0,0,1,0,0,0,1,1,0,0,0,0,0,1,0,0,0,0,0,0,0,1,0,0,0,0,0,0,0,0,0,0,0,0,0,0,0,0,0,0,0,1,0,0,0,0,0,0,0,0,1,0,0,0,0,0,1,0,0,0,0,0,0,1,0,0,0,0,0,0,1,0,0,0,0,1,0,0,0,0,0,0,0,0,0,0,0,0,1,0,0,0,0,0,0,0,0,0,0,0,0,0,0,1,0,0,0,0,0,0,0,0,0,0,0,1,0,0,1,0,0,0,0,0,1,0,0,0,0,0,0,0,0,1,0,1,0,0,0,0,0,0,0,0,0,0,0,0,0,1,0,0,0,0,1,0
